/usr/local/lib/python3.12/dist-packages/torch/utils/data/dataloader.py:424: UserWarning: This DataLoader will create 6 worker processes in total. Our suggested max number of worker in current system is 2, which is smaller than what this DataLoader is going to create. Please be aware that excessive worker creation might get DataLoader running slow or even freeze, lower the worker number to avoid potential slowness/freeze if necessary.
  self.check_worker_number_rationality()
Global seed set to 264
Global seed set to 264
GPU available: True, used: True
TPU available: False, using: 0 TPU cores
/usr/local/lib/python3.12/dist-packages/pytorch_lightning/utilities/distributed.py:68: UserWarning: you defined a validation_step but have no val_dataloader. Skipping validation loop
  warnings.warn(*args, **kwargs)
LOCAL_RANK: 0 - CUDA_VISIBLE_DEVICES: [0]

  | Name              | Type              | Params
--------------------------------------------------------
0 | cluster_net       | MLP_Classifier    | 601   
1 | subclustering_net | Subclustering_net | 652   
--------------------------------------------------------
1.3 K     Trainable params
0         Non-trainable params
1.3 K     Total params
0.005     Total estimated model params size (MB)
Test data not found! running only with train data
Sequential()

Training: 0it [00:00, ?it/s]
Training:   0%|          | 0/19 [00:00<?, ?it/s]
Epoch 0:   0%|          | 0/19 [00:00<?, ?it/s] /usr/local/lib/python3.12/dist-packages/torch/utils/data/dataloader.py:432: UserWarning: This DataLoader will create 6 worker processes in total. Our suggested max number of worker in current system is 2, which is smaller than what this DataLoader is going to create. Please be aware that excessive worker creation might get DataLoader running slow or even freeze, lower the worker number to avoid potential slowness/freeze if necessary.
  self.check_worker_number_rationality()
/usr/local/lib/python3.12/dist-packages/pytorch_lightning/utilities/distributed.py:68: UserWarning: training_step returned None if it was on purpose, ignore this warning...
  warnings.warn(*args, **kwargs)

Epoch 0: 100%|██████████| 19/19 [00:00<00:00, 46.91it/s]
Epoch 0: 100%|██████████| 19/19 [00:00<00:00, 46.84it/s, loss=nan, v_num=]Initializing clusters params using Kmeans...

Epoch 0:   0%|          | 0/19 [00:00<?, ?it/s, loss=nan, v_num=]         
Epoch 1:   0%|          | 0/19 [00:00<?, ?it/s, loss=nan, v_num=]/usr/local/lib/python3.12/dist-packages/torch/utils/data/dataloader.py:432: UserWarning: This DataLoader will create 6 worker processes in total. Our suggested max number of worker in current system is 2, which is smaller than what this DataLoader is going to create. Please be aware that excessive worker creation might get DataLoader running slow or even freeze, lower the worker number to avoid potential slowness/freeze if necessary.
  self.check_worker_number_rationality()

Epoch 1: 100%|██████████| 19/19 [00:00<00:00, 22.86it/s, loss=nan, v_num=]
Epoch 1: 100%|██████████| 19/19 [00:00<00:00, 22.85it/s, loss=0, v_num=]  
Epoch 1:   0%|          | 0/19 [00:00<?, ?it/s, loss=0, v_num=]         
Epoch 2:   0%|          | 0/19 [00:00<?, ?it/s, loss=0, v_num=]
Epoch 2: 100%|██████████| 19/19 [00:00<00:00, 28.15it/s, loss=0, v_num=]
Epoch 2: 100%|██████████| 19/19 [00:00<00:00, 28.13it/s, loss=0, v_num=]
Epoch 2:   0%|          | 0/19 [00:00<?, ?it/s, loss=0, v_num=]         
Epoch 3:   0%|          | 0/19 [00:00<?, ?it/s, loss=0, v_num=]
Epoch 3: 100%|██████████| 19/19 [00:00<00:00, 24.22it/s, loss=0, v_num=]
Epoch 3: 100%|██████████| 19/19 [00:00<00:00, 24.20it/s, loss=0, v_num=]
Epoch 3:   0%|          | 0/19 [00:00<?, ?it/s, loss=0, v_num=]         
Epoch 4:   0%|          | 0/19 [00:00<?, ?it/s, loss=0, v_num=]
Epoch 4: 100%|██████████| 19/19 [00:00<00:00, 24.50it/s, loss=0, v_num=]
Epoch 4: 100%|██████████| 19/19 [00:00<00:00, 24.49it/s, loss=0, v_num=]
Epoch 4:   0%|          | 0/19 [00:00<?, ?it/s, loss=0, v_num=]         
Epoch 5:   0%|          | 0/19 [00:00<?, ?it/s, loss=0, v_num=]
Epoch 5: 100%|██████████| 19/19 [00:00<00:00, 24.01it/s, loss=0, v_num=]
Epoch 5: 100%|██████████| 19/19 [00:00<00:00, 24.00it/s, loss=0, v_num=]Evaluating...
NMI : 0.0, ARI: 0.0, ACC: 0.08333, current K: 1

Epoch 5:   0%|          | 0/19 [00:00<?, ?it/s, loss=0, v_num=]         
Epoch 6:   0%|          | 0/19 [00:00<?, ?it/s, loss=0, v_num=]/usr/local/lib/python3.12/dist-packages/torch/utils/data/dataloader.py:432: UserWarning: This DataLoader will create 6 worker processes in total. Our suggested max number of worker in current system is 2, which is smaller than what this DataLoader is going to create. Please be aware that excessive worker creation might get DataLoader running slow or even freeze, lower the worker number to avoid potential slowness/freeze if necessary.
  self.check_worker_number_rationality()

Epoch 6: 100%|██████████| 19/19 [00:00<00:00, 27.90it/s, loss=0, v_num=]
Epoch 6: 100%|██████████| 19/19 [00:00<00:00, 27.88it/s, loss=0, v_num=]
Epoch 6:   0%|          | 0/19 [00:00<?, ?it/s, loss=0, v_num=]         
Epoch 7:   0%|          | 0/19 [00:00<?, ?it/s, loss=0, v_num=]
Epoch 7: 100%|██████████| 19/19 [00:00<00:00, 32.10it/s, loss=0, v_num=]
Epoch 7: 100%|██████████| 19/19 [00:00<00:00, 32.07it/s, loss=0, v_num=]
Epoch 7:   0%|          | 0/19 [00:00<?, ?it/s, loss=0, v_num=]         
Epoch 8:   0%|          | 0/19 [00:00<?, ?it/s, loss=0, v_num=]
Epoch 8: 100%|██████████| 19/19 [00:00<00:00, 34.36it/s, loss=0, v_num=]
Epoch 8: 100%|██████████| 19/19 [00:00<00:00, 34.33it/s, loss=0, v_num=]
Epoch 8:   0%|          | 0/19 [00:00<?, ?it/s, loss=0, v_num=]         
Epoch 9:   0%|          | 0/19 [00:00<?, ?it/s, loss=0, v_num=]
Epoch 9: 100%|██████████| 19/19 [00:00<00:00, 36.01it/s, loss=0, v_num=]
Epoch 9: 100%|██████████| 19/19 [00:00<00:00, 35.99it/s, loss=0, v_num=]
Epoch 9:   0%|          | 0/19 [00:00<?, ?it/s, loss=0, v_num=]         
Epoch 10:   0%|          | 0/19 [00:00<?, ?it/s, loss=0, v_num=]
Epoch 10: 100%|██████████| 19/19 [00:00<00:00, 34.48it/s, loss=0, v_num=]
Epoch 10: 100%|██████████| 19/19 [00:00<00:00, 34.45it/s, loss=0, v_num=]Evaluating...
NMI : 0.0, ARI: 0.0, ACC: 0.08333, current K: 1

Epoch 10:   0%|          | 0/19 [00:00<?, ?it/s, loss=0, v_num=]         
Epoch 11:   0%|          | 0/19 [00:00<?, ?it/s, loss=0, v_num=]/usr/local/lib/python3.12/dist-packages/torch/utils/data/dataloader.py:432: UserWarning: This DataLoader will create 6 worker processes in total. Our suggested max number of worker in current system is 2, which is smaller than what this DataLoader is going to create. Please be aware that excessive worker creation might get DataLoader running slow or even freeze, lower the worker number to avoid potential slowness/freeze if necessary.
  self.check_worker_number_rationality()

Epoch 11: 100%|██████████| 19/19 [00:00<00:00, 35.11it/s, loss=0, v_num=]
Epoch 11: 100%|██████████| 19/19 [00:00<00:00, 35.08it/s, loss=0, v_num=]
Epoch 11:   0%|          | 0/19 [00:00<?, ?it/s, loss=0, v_num=]         
Epoch 12:   0%|          | 0/19 [00:00<?, ?it/s, loss=0, v_num=]
Epoch 12: 100%|██████████| 19/19 [00:00<00:00, 36.46it/s, loss=0, v_num=]
Epoch 12: 100%|██████████| 19/19 [00:00<00:00, 36.42it/s, loss=0, v_num=]
Epoch 12:   0%|          | 0/19 [00:00<?, ?it/s, loss=0, v_num=]         
Epoch 13:   0%|          | 0/19 [00:00<?, ?it/s, loss=0, v_num=]
Epoch 13: 100%|██████████| 19/19 [00:00<00:00, 35.36it/s, loss=0, v_num=]
Epoch 13: 100%|██████████| 19/19 [00:00<00:00, 35.33it/s, loss=0, v_num=]
Epoch 13:   0%|          | 0/19 [00:00<?, ?it/s, loss=0, v_num=]         
Epoch 14:   0%|          | 0/19 [00:00<?, ?it/s, loss=0, v_num=]
Epoch 14: 100%|██████████| 19/19 [00:00<00:00, 37.68it/s, loss=0, v_num=]
Epoch 14: 100%|██████████| 19/19 [00:00<00:00, 37.64it/s, loss=0, v_num=]
Epoch 14:   0%|          | 0/19 [00:00<?, ?it/s, loss=0, v_num=]         
Epoch 15:   0%|          | 0/19 [00:00<?, ?it/s, loss=0, v_num=]
Epoch 15: 100%|██████████| 19/19 [00:00<00:00, 35.57it/s, loss=0, v_num=]
Epoch 15: 100%|██████████| 19/19 [00:00<00:00, 35.54it/s, loss=0, v_num=]Evaluating...
NMI : 0.0, ARI: 0.0, ACC: 0.08333, current K: 1

Epoch 15:   0%|          | 0/19 [00:00<?, ?it/s, loss=0, v_num=]         
Epoch 16:   0%|          | 0/19 [00:00<?, ?it/s, loss=0, v_num=]/usr/local/lib/python3.12/dist-packages/torch/utils/data/dataloader.py:432: UserWarning: This DataLoader will create 6 worker processes in total. Our suggested max number of worker in current system is 2, which is smaller than what this DataLoader is going to create. Please be aware that excessive worker creation might get DataLoader running slow or even freeze, lower the worker number to avoid potential slowness/freeze if necessary.
  self.check_worker_number_rationality()

Epoch 16: 100%|██████████| 19/19 [00:00<00:00, 36.67it/s, loss=0, v_num=]
Epoch 16: 100%|██████████| 19/19 [00:00<00:00, 36.64it/s, loss=0, v_num=]
Epoch 16:   0%|          | 0/19 [00:00<?, ?it/s, loss=0, v_num=]         
Epoch 17:   0%|          | 0/19 [00:00<?, ?it/s, loss=0, v_num=]
Epoch 17: 100%|██████████| 19/19 [00:00<00:00, 35.52it/s, loss=0, v_num=]
Epoch 17: 100%|██████████| 19/19 [00:00<00:00, 35.49it/s, loss=0, v_num=]
Epoch 17:   0%|          | 0/19 [00:00<?, ?it/s, loss=0, v_num=]         
Epoch 18:   0%|          | 0/19 [00:00<?, ?it/s, loss=0, v_num=]
Epoch 18: 100%|██████████| 19/19 [00:00<00:00, 37.25it/s, loss=0, v_num=]
Epoch 18: 100%|██████████| 19/19 [00:00<00:00, 37.22it/s, loss=0, v_num=]
Epoch 18:   0%|          | 0/19 [00:00<?, ?it/s, loss=0, v_num=]         
Epoch 19:   0%|          | 0/19 [00:00<?, ?it/s, loss=0, v_num=]
Epoch 19: 100%|██████████| 19/19 [00:00<00:00, 35.62it/s, loss=0, v_num=]
Epoch 19: 100%|██████████| 19/19 [00:00<00:00, 35.59it/s, loss=0, v_num=]
Epoch 19:   0%|          | 0/19 [00:00<?, ?it/s, loss=0, v_num=]         
Epoch 20:   0%|          | 0/19 [00:00<?, ?it/s, loss=0, v_num=]
Epoch 20: 100%|██████████| 19/19 [00:00<00:00, 37.27it/s, loss=0, v_num=]
Epoch 20: 100%|██████████| 19/19 [00:00<00:00, 37.24it/s, loss=0, v_num=]Evaluating...
NMI : 0.0, ARI: 0.0, ACC: 0.08333, current K: 1

Epoch 20:   0%|          | 0/19 [00:00<?, ?it/s, loss=0, v_num=]         
Epoch 21:   0%|          | 0/19 [00:00<?, ?it/s, loss=0, v_num=]/usr/local/lib/python3.12/dist-packages/torch/utils/data/dataloader.py:432: UserWarning: This DataLoader will create 6 worker processes in total. Our suggested max number of worker in current system is 2, which is smaller than what this DataLoader is going to create. Please be aware that excessive worker creation might get DataLoader running slow or even freeze, lower the worker number to avoid potential slowness/freeze if necessary.
  self.check_worker_number_rationality()

Epoch 21: 100%|██████████| 19/19 [00:00<00:00, 35.16it/s, loss=0, v_num=]
Epoch 21: 100%|██████████| 19/19 [00:00<00:00, 35.13it/s, loss=0, v_num=]
Epoch 21:   0%|          | 0/19 [00:00<?, ?it/s, loss=0, v_num=]         
Epoch 22:   0%|          | 0/19 [00:00<?, ?it/s, loss=0, v_num=]
Epoch 22: 100%|██████████| 19/19 [00:00<00:00, 36.08it/s, loss=0, v_num=]
Epoch 22: 100%|██████████| 19/19 [00:00<00:00, 36.05it/s, loss=0, v_num=]
Epoch 22:   0%|          | 0/19 [00:00<?, ?it/s, loss=0, v_num=]         
Epoch 23:   0%|          | 0/19 [00:00<?, ?it/s, loss=0, v_num=]
Epoch 23: 100%|██████████| 19/19 [00:00<00:00, 36.54it/s, loss=0, v_num=]
Epoch 23: 100%|██████████| 19/19 [00:00<00:00, 36.51it/s, loss=0, v_num=]
Epoch 23:   0%|          | 0/19 [00:00<?, ?it/s, loss=0, v_num=]         
Epoch 24:   0%|          | 0/19 [00:00<?, ?it/s, loss=0, v_num=]
Epoch 24: 100%|██████████| 19/19 [00:00<00:00, 32.68it/s, loss=0, v_num=]
Epoch 24: 100%|██████████| 19/19 [00:00<00:00, 32.64it/s, loss=0, v_num=]
Epoch 24:   0%|          | 0/19 [00:00<?, ?it/s, loss=0, v_num=]         
Epoch 25:   0%|          | 0/19 [00:00<?, ?it/s, loss=0, v_num=]
Epoch 25: 100%|██████████| 19/19 [00:00<00:00, 23.70it/s, loss=0, v_num=]
Epoch 25: 100%|██████████| 19/19 [00:00<00:00, 23.68it/s, loss=0, v_num=]Evaluating...
NMI : 0.0, ARI: 0.0, ACC: 0.08333, current K: 1

Epoch 25:   0%|          | 0/19 [00:00<?, ?it/s, loss=0, v_num=]         
Epoch 26:   0%|          | 0/19 [00:00<?, ?it/s, loss=0, v_num=]/usr/local/lib/python3.12/dist-packages/torch/utils/data/dataloader.py:432: UserWarning: This DataLoader will create 6 worker processes in total. Our suggested max number of worker in current system is 2, which is smaller than what this DataLoader is going to create. Please be aware that excessive worker creation might get DataLoader running slow or even freeze, lower the worker number to avoid potential slowness/freeze if necessary.
  self.check_worker_number_rationality()

Epoch 26: 100%|██████████| 19/19 [00:00<00:00, 23.39it/s, loss=0, v_num=]
Epoch 26: 100%|██████████| 19/19 [00:00<00:00, 23.37it/s, loss=0, v_num=]
Epoch 26:   0%|          | 0/19 [00:00<?, ?it/s, loss=0, v_num=]         
Epoch 27:   0%|          | 0/19 [00:00<?, ?it/s, loss=0, v_num=]
Epoch 27: 100%|██████████| 19/19 [00:00<00:00, 23.86it/s, loss=0, v_num=]
Epoch 27: 100%|██████████| 19/19 [00:00<00:00, 23.83it/s, loss=0, v_num=]
Epoch 27:   0%|          | 0/19 [00:00<?, ?it/s, loss=0, v_num=]         
Epoch 28:   0%|          | 0/19 [00:00<?, ?it/s, loss=0, v_num=]
Epoch 28: 100%|██████████| 19/19 [00:00<00:00, 25.09it/s, loss=0, v_num=]
Epoch 28: 100%|██████████| 19/19 [00:00<00:00, 25.07it/s, loss=0, v_num=]
Epoch 28:   0%|          | 0/19 [00:00<?, ?it/s, loss=0, v_num=]         
Epoch 29:   0%|          | 0/19 [00:00<?, ?it/s, loss=0, v_num=]
Epoch 29: 100%|██████████| 19/19 [00:00<00:00, 32.20it/s, loss=0, v_num=]
Epoch 29: 100%|██████████| 19/19 [00:00<00:00, 32.18it/s, loss=0, v_num=]
Epoch 29:   0%|          | 0/19 [00:00<?, ?it/s, loss=0, v_num=]         
Epoch 30:   0%|          | 0/19 [00:00<?, ?it/s, loss=0, v_num=]
Epoch 30: 100%|██████████| 19/19 [00:00<00:00, 36.64it/s, loss=0, v_num=]
Epoch 30: 100%|██████████| 19/19 [00:00<00:00, 36.61it/s, loss=0, v_num=]Evaluating...
NMI : 0.0, ARI: 0.0, ACC: 0.08333, current K: 1

Epoch 30:   0%|          | 0/19 [00:00<?, ?it/s, loss=0, v_num=]         
Epoch 31:   0%|          | 0/19 [00:00<?, ?it/s, loss=0, v_num=]/usr/local/lib/python3.12/dist-packages/torch/utils/data/dataloader.py:432: UserWarning: This DataLoader will create 6 worker processes in total. Our suggested max number of worker in current system is 2, which is smaller than what this DataLoader is going to create. Please be aware that excessive worker creation might get DataLoader running slow or even freeze, lower the worker number to avoid potential slowness/freeze if necessary.
  self.check_worker_number_rationality()

Epoch 31: 100%|██████████| 19/19 [00:00<00:00, 35.77it/s, loss=0, v_num=]
Epoch 31: 100%|██████████| 19/19 [00:00<00:00, 35.74it/s, loss=0, v_num=]
Epoch 31:   0%|          | 0/19 [00:00<?, ?it/s, loss=0, v_num=]         
Epoch 32:   0%|          | 0/19 [00:00<?, ?it/s, loss=0, v_num=]
Epoch 32: 100%|██████████| 19/19 [00:00<00:00, 36.41it/s, loss=0, v_num=]
Epoch 32: 100%|██████████| 19/19 [00:00<00:00, 36.38it/s, loss=0, v_num=]
Epoch 32:   0%|          | 0/19 [00:00<?, ?it/s, loss=0, v_num=]         
Epoch 33:   0%|          | 0/19 [00:00<?, ?it/s, loss=0, v_num=]
Epoch 33: 100%|██████████| 19/19 [00:00<00:00, 35.46it/s, loss=0, v_num=]
Epoch 33: 100%|██████████| 19/19 [00:00<00:00, 35.44it/s, loss=0, v_num=]
Epoch 33:   0%|          | 0/19 [00:00<?, ?it/s, loss=0, v_num=]         
Epoch 34:   0%|          | 0/19 [00:00<?, ?it/s, loss=0, v_num=]
Epoch 34: 100%|██████████| 19/19 [00:00<00:00, 36.47it/s, loss=0, v_num=]
Epoch 34: 100%|██████████| 19/19 [00:00<00:00, 36.44it/s, loss=0, v_num=]
Epoch 34:   0%|          | 0/19 [00:00<?, ?it/s, loss=0, v_num=]         
Epoch 35:   0%|          | 0/19 [00:00<?, ?it/s, loss=0, v_num=]
Epoch 35: 100%|██████████| 19/19 [00:00<00:00, 35.52it/s, loss=0, v_num=]
Epoch 35: 100%|██████████| 19/19 [00:00<00:00, 35.50it/s, loss=0, v_num=]Evaluating...
NMI : 0.0, ARI: 0.0, ACC: 0.08333, current K: 1

Epoch 35:   0%|          | 0/19 [00:00<?, ?it/s, loss=0, v_num=]         
Epoch 36:   0%|          | 0/19 [00:00<?, ?it/s, loss=0, v_num=]/usr/local/lib/python3.12/dist-packages/torch/utils/data/dataloader.py:432: UserWarning: This DataLoader will create 6 worker processes in total. Our suggested max number of worker in current system is 2, which is smaller than what this DataLoader is going to create. Please be aware that excessive worker creation might get DataLoader running slow or even freeze, lower the worker number to avoid potential slowness/freeze if necessary.
  self.check_worker_number_rationality()

Epoch 36: 100%|██████████| 19/19 [00:00<00:00, 36.32it/s, loss=0, v_num=]
Epoch 36: 100%|██████████| 19/19 [00:00<00:00, 36.29it/s, loss=0, v_num=]
Epoch 36:   0%|          | 0/19 [00:00<?, ?it/s, loss=0, v_num=]         
Epoch 37:   0%|          | 0/19 [00:00<?, ?it/s, loss=0, v_num=]
Epoch 37: 100%|██████████| 19/19 [00:00<00:00, 33.79it/s, loss=0, v_num=]
Epoch 37: 100%|██████████| 19/19 [00:00<00:00, 33.76it/s, loss=0, v_num=]
Epoch 37:   0%|          | 0/19 [00:00<?, ?it/s, loss=0, v_num=]         
Epoch 38:   0%|          | 0/19 [00:00<?, ?it/s, loss=0, v_num=]
Epoch 38: 100%|██████████| 19/19 [00:00<00:00, 36.51it/s, loss=0, v_num=]
Epoch 38: 100%|██████████| 19/19 [00:00<00:00, 36.48it/s, loss=0, v_num=]
Epoch 38:   0%|          | 0/19 [00:00<?, ?it/s, loss=0, v_num=]         
Epoch 39:   0%|          | 0/19 [00:00<?, ?it/s, loss=0, v_num=]
Epoch 39: 100%|██████████| 19/19 [00:00<00:00, 33.62it/s, loss=0, v_num=]
Epoch 39: 100%|██████████| 19/19 [00:00<00:00, 33.60it/s, loss=0, v_num=]
Epoch 39:   0%|          | 0/19 [00:00<?, ?it/s, loss=0, v_num=]         
Epoch 40:   0%|          | 0/19 [00:00<?, ?it/s, loss=0, v_num=]
Epoch 40: 100%|██████████| 19/19 [00:00<00:00, 34.64it/s, loss=0, v_num=]
Epoch 40: 100%|██████████| 19/19 [00:00<00:00, 34.61it/s, loss=0, v_num=]Evaluating...
NMI : 0.0, ARI: 0.0, ACC: 0.08333, current K: 1

Epoch 40:   0%|          | 0/19 [00:00<?, ?it/s, loss=0, v_num=]         
Epoch 41:   0%|          | 0/19 [00:00<?, ?it/s, loss=0, v_num=]/usr/local/lib/python3.12/dist-packages/torch/utils/data/dataloader.py:432: UserWarning: This DataLoader will create 6 worker processes in total. Our suggested max number of worker in current system is 2, which is smaller than what this DataLoader is going to create. Please be aware that excessive worker creation might get DataLoader running slow or even freeze, lower the worker number to avoid potential slowness/freeze if necessary.
  self.check_worker_number_rationality()

Epoch 41: 100%|██████████| 19/19 [00:00<00:00, 24.47it/s, loss=0, v_num=]
Epoch 41: 100%|██████████| 19/19 [00:00<00:00, 24.45it/s, loss=0, v_num=]
Epoch 41:   0%|          | 0/19 [00:00<?, ?it/s, loss=0, v_num=]         
Epoch 42:   0%|          | 0/19 [00:00<?, ?it/s, loss=0, v_num=]
Epoch 42: 100%|██████████| 19/19 [00:01<00:00, 18.89it/s, loss=0, v_num=]
Epoch 42: 100%|██████████| 19/19 [00:01<00:00, 18.88it/s, loss=0, v_num=]
Epoch 42:   0%|          | 0/19 [00:00<?, ?it/s, loss=0, v_num=]         
Epoch 43:   0%|          | 0/19 [00:00<?, ?it/s, loss=0, v_num=]
Epoch 43: 100%|██████████| 19/19 [00:01<00:00, 11.45it/s, loss=0, v_num=]
Epoch 43: 100%|██████████| 19/19 [00:01<00:00, 11.45it/s, loss=0, v_num=]
Epoch 43:   0%|          | 0/19 [00:00<?, ?it/s, loss=0, v_num=]         
Epoch 44:   0%|          | 0/19 [00:00<?, ?it/s, loss=0, v_num=]
Epoch 44: 100%|██████████| 19/19 [00:01<00:00, 11.41it/s, loss=0, v_num=]
Epoch 44: 100%|██████████| 19/19 [00:01<00:00, 11.38it/s, loss=0, v_num=]
Epoch 44:   0%|          | 0/19 [00:00<?, ?it/s, loss=0, v_num=]         
Epoch 45:   0%|          | 0/19 [00:00<?, ?it/s, loss=0, v_num=]/usr/local/lib/python3.12/dist-packages/torch/utils/data/dataloader.py:432: UserWarning: This DataLoader will create 6 worker processes in total. Our suggested max number of worker in current system is 2, which is smaller than what this DataLoader is going to create. Please be aware that excessive worker creation might get DataLoader running slow or even freeze, lower the worker number to avoid potential slowness/freeze if necessary.
  self.check_worker_number_rationality()

Epoch 45: 100%|██████████| 19/19 [00:01<00:00, 11.73it/s, loss=0, v_num=]
Epoch 45: 100%|██████████| 19/19 [00:01<00:00, 11.72it/s, loss=0.389, v_num=]Evaluating...
NMI : 0.0, ARI: 0.0, ACC: 0.08333, current K: 1

Epoch 45:   0%|          | 0/19 [00:00<?, ?it/s, loss=0.389, v_num=]         
Epoch 46:   0%|          | 0/19 [00:00<?, ?it/s, loss=0.389, v_num=]/usr/local/lib/python3.12/dist-packages/torch/utils/data/dataloader.py:432: UserWarning: This DataLoader will create 6 worker processes in total. Our suggested max number of worker in current system is 2, which is smaller than what this DataLoader is going to create. Please be aware that excessive worker creation might get DataLoader running slow or even freeze, lower the worker number to avoid potential slowness/freeze if necessary.
  self.check_worker_number_rationality()

Epoch 46: 100%|██████████| 19/19 [00:01<00:00, 17.66it/s, loss=0.389, v_num=]
Epoch 46: 100%|██████████| 19/19 [00:01<00:00, 17.61it/s, loss=0.323, v_num=]
Epoch 46:   0%|          | 0/19 [00:00<?, ?it/s, loss=0.323, v_num=]         
Epoch 47:   0%|          | 0/19 [00:00<?, ?it/s, loss=0.323, v_num=]
Epoch 47: 100%|██████████| 19/19 [00:00<00:00, 28.73it/s, loss=0.323, v_num=]
Epoch 47: 100%|██████████| 19/19 [00:00<00:00, 28.71it/s, loss=0.257, v_num=]
Epoch 47:   0%|          | 0/19 [00:00<?, ?it/s, loss=0.257, v_num=]         
Epoch 48:   0%|          | 0/19 [00:00<?, ?it/s, loss=0.257, v_num=]
Epoch 48: 100%|██████████| 19/19 [00:00<00:00, 31.31it/s, loss=0.257, v_num=]
Epoch 48: 100%|██████████| 19/19 [00:00<00:00, 31.29it/s, loss=0.241, v_num=]
Epoch 48:   0%|          | 0/19 [00:00<?, ?it/s, loss=0.241, v_num=]         
Epoch 49:   0%|          | 0/19 [00:00<?, ?it/s, loss=0.241, v_num=]
Epoch 49: 100%|██████████| 19/19 [00:00<00:00, 30.25it/s, loss=0.241, v_num=]
Epoch 49: 100%|██████████| 19/19 [00:00<00:00, 30.23it/s, loss=0.238, v_num=]
Epoch 49:   0%|          | 0/19 [00:00<?, ?it/s, loss=0.238, v_num=]         
Epoch 50:   0%|          | 0/19 [00:00<?, ?it/s, loss=0.238, v_num=]
Epoch 50: 100%|██████████| 19/19 [00:00<00:00, 31.96it/s, loss=0.238, v_num=]
Epoch 50: 100%|██████████| 19/19 [00:00<00:00, 31.94it/s, loss=0.238, v_num=]Evaluating...
NMI : 0.0, ARI: 0.0, ACC: 0.08333, current K: 1
Epoch 50 | NMI: 0.0000, ARI: 0.0000, ACC: 0.0833, current K: 1
Confusion Matrix:
[[200   0   0   0   0   0   0   0   0   0   0   0]
 [200   0   0   0   0   0   0   0   0   0   0   0]
 [200   0   0   0   0   0   0   0   0   0   0   0]
 [200   0   0   0   0   0   0   0   0   0   0   0]
 [200   0   0   0   0   0   0   0   0   0   0   0]
 [200   0   0   0   0   0   0   0   0   0   0   0]
 [200   0   0   0   0   0   0   0   0   0   0   0]
 [200   0   0   0   0   0   0   0   0   0   0   0]
 [200   0   0   0   0   0   0   0   0   0   0   0]
 [200   0   0   0   0   0   0   0   0   0   0   0]
 [200   0   0   0   0   0   0   0   0   0   0   0]
 [200   0   0   0   0   0   0   0   0   0   0   0]]

Epoch 50:   0%|          | 0/19 [00:00<?, ?it/s, loss=0.238, v_num=]         
Epoch 51:   0%|          | 0/19 [00:00<?, ?it/s, loss=0.238, v_num=]/usr/local/lib/python3.12/dist-packages/torch/utils/data/dataloader.py:432: UserWarning: This DataLoader will create 6 worker processes in total. Our suggested max number of worker in current system is 2, which is smaller than what this DataLoader is going to create. Please be aware that excessive worker creation might get DataLoader running slow or even freeze, lower the worker number to avoid potential slowness/freeze if necessary.
  self.check_worker_number_rationality()

Epoch 51: 100%|██████████| 19/19 [00:00<00:00, 29.98it/s, loss=0.238, v_num=]
Epoch 51: 100%|██████████| 19/19 [00:00<00:00, 29.97it/s, loss=0.238, v_num=]
Epoch 51:   0%|          | 0/19 [00:00<?, ?it/s, loss=0.238, v_num=]         
Epoch 52:   0%|          | 0/19 [00:00<?, ?it/s, loss=0.238, v_num=]
Epoch 52: 100%|██████████| 19/19 [00:00<00:00, 30.75it/s, loss=0.238, v_num=]
Epoch 52: 100%|██████████| 19/19 [00:00<00:00, 30.73it/s, loss=0.231, v_num=]
Epoch 52:   0%|          | 0/19 [00:00<?, ?it/s, loss=0.231, v_num=]         
Epoch 53:   0%|          | 0/19 [00:00<?, ?it/s, loss=0.231, v_num=]
Epoch 53: 100%|██████████| 19/19 [00:00<00:00, 31.25it/s, loss=0.231, v_num=]
Epoch 53: 100%|██████████| 19/19 [00:00<00:00, 31.23it/s, loss=0.238, v_num=]
Epoch 53:   0%|          | 0/19 [00:00<?, ?it/s, loss=0.238, v_num=]         
Epoch 54:   0%|          | 0/19 [00:00<?, ?it/s, loss=0.238, v_num=]
Epoch 54: 100%|██████████| 19/19 [00:00<00:00, 29.92it/s, loss=0.238, v_num=]
Epoch 54: 100%|██████████| 19/19 [00:00<00:00, 29.91it/s, loss=0.235, v_num=]
Epoch 54:   0%|          | 0/19 [00:00<?, ?it/s, loss=0.235, v_num=]         
Epoch 55:   0%|          | 0/19 [00:00<?, ?it/s, loss=0.235, v_num=]
Epoch 55: 100%|██████████| 19/19 [00:00<00:00, 30.95it/s, loss=0.235, v_num=]
Epoch 55: 100%|██████████| 19/19 [00:00<00:00, 30.93it/s, loss=0.241, v_num=]/content/DeepDPM-New/src/clustering_models/clusternet_modules/clusternetasmodel.py:672: UserWarning: To copy construct from a tensor, it is recommended to use sourceTensor.detach().clone() or sourceTensor.detach().clone().requires_grad_(True), rather than torch.tensor(sourceTensor).
  mus_ind_to_split = torch.nonzero(torch.tensor(split_decisions), as_tuple=False)
Splitting clusters [0]
Evaluating...
NMI : 0.0, ARI: 0.0, ACC: 0.08333, current K: 1
[Split] K updated → 2 clusters
  [Epoch 55] losses at split → cluster_loss=0.0000, subcluster_loss=0.4735

Epoch 55:   0%|          | 0/19 [00:00<?, ?it/s, loss=0.241, v_num=]         
Epoch 56:   0%|          | 0/19 [00:00<?, ?it/s, loss=0.241, v_num=]/usr/local/lib/python3.12/dist-packages/torch/utils/data/dataloader.py:432: UserWarning: This DataLoader will create 6 worker processes in total. Our suggested max number of worker in current system is 2, which is smaller than what this DataLoader is going to create. Please be aware that excessive worker creation might get DataLoader running slow or even freeze, lower the worker number to avoid potential slowness/freeze if necessary.
  self.check_worker_number_rationality()

Epoch 56: 100%|██████████| 19/19 [00:00<00:00, 27.63it/s, loss=0.241, v_num=]
Epoch 56: 100%|██████████| 19/19 [00:00<00:00, 27.61it/s, loss=0.737, v_num=]
Epoch 56:   0%|          | 0/19 [00:00<?, ?it/s, loss=0.737, v_num=]         
Epoch 57:   0%|          | 0/19 [00:00<?, ?it/s, loss=0.737, v_num=]
Epoch 57: 100%|██████████| 19/19 [00:00<00:00, 26.75it/s, loss=0.737, v_num=]
Epoch 57: 100%|██████████| 19/19 [00:00<00:00, 26.73it/s, loss=0.476, v_num=]
Epoch 57:   0%|          | 0/19 [00:00<?, ?it/s, loss=0.476, v_num=]         
Epoch 58:   0%|          | 0/19 [00:00<?, ?it/s, loss=0.476, v_num=]
Epoch 58: 100%|██████████| 19/19 [00:00<00:00, 28.92it/s, loss=0.476, v_num=]
Epoch 58: 100%|██████████| 19/19 [00:00<00:00, 28.90it/s, loss=0.352, v_num=]
Epoch 58:   0%|          | 0/19 [00:00<?, ?it/s, loss=0.352, v_num=]         
Epoch 59:   0%|          | 0/19 [00:00<?, ?it/s, loss=0.352, v_num=]
Epoch 59: 100%|██████████| 19/19 [00:00<00:00, 28.33it/s, loss=0.352, v_num=]
Epoch 59: 100%|██████████| 19/19 [00:00<00:00, 28.31it/s, loss=0.281, v_num=]
Epoch 59:   0%|          | 0/19 [00:00<?, ?it/s, loss=0.281, v_num=]         
Epoch 60:   0%|          | 0/19 [00:00<?, ?it/s, loss=0.281, v_num=]
Epoch 60: 100%|██████████| 19/19 [00:00<00:00, 28.56it/s, loss=0.281, v_num=]
Epoch 60: 100%|██████████| 19/19 [00:00<00:00, 28.55it/s, loss=0.23, v_num=] Evaluating...
NMI : 0.40600768484679456, ARI: 0.13466060259896231, ACC: 0.16667, current K: 2
Epoch 60 | NMI: 0.4060, ARI: 0.1347, ACC: 0.1667, current K: 2
Confusion Matrix:
[[200   0   0   0   0   0   0   0   0   0   0   0]
 [200   0   0   0   0   0   0   0   0   0   0   0]
 [200   0   0   0   0   0   0   0   0   0   0   0]
 [200   0   0   0   0   0   0   0   0   0   0   0]
 [  0 200   0   0   0   0   0   0   0   0   0   0]
 [  1 199   0   0   0   0   0   0   0   0   0   0]
 [  0 200   0   0   0   0   0   0   0   0   0   0]
 [  0 200   0   0   0   0   0   0   0   0   0   0]
 [200   0   0   0   0   0   0   0   0   0   0   0]
 [200   0   0   0   0   0   0   0   0   0   0   0]
 [200   0   0   0   0   0   0   0   0   0   0   0]
 [200   0   0   0   0   0   0   0   0   0   0   0]]

Epoch 60:   0%|          | 0/19 [00:00<?, ?it/s, loss=0.23, v_num=]         
Epoch 61:   0%|          | 0/19 [00:00<?, ?it/s, loss=0.23, v_num=]/usr/local/lib/python3.12/dist-packages/torch/utils/data/dataloader.py:432: UserWarning: This DataLoader will create 6 worker processes in total. Our suggested max number of worker in current system is 2, which is smaller than what this DataLoader is going to create. Please be aware that excessive worker creation might get DataLoader running slow or even freeze, lower the worker number to avoid potential slowness/freeze if necessary.
  self.check_worker_number_rationality()

Epoch 61: 100%|██████████| 19/19 [00:00<00:00, 19.69it/s, loss=0.23, v_num=]
Epoch 61: 100%|██████████| 19/19 [00:00<00:00, 19.68it/s, loss=0.194, v_num=]
Epoch 61:   0%|          | 0/19 [00:00<?, ?it/s, loss=0.194, v_num=]         
Epoch 62:   0%|          | 0/19 [00:00<?, ?it/s, loss=0.194, v_num=]
Epoch 62: 100%|██████████| 19/19 [00:00<00:00, 20.76it/s, loss=0.194, v_num=]
Epoch 62: 100%|██████████| 19/19 [00:00<00:00, 20.74it/s, loss=0.132, v_num=]
Epoch 62:   0%|          | 0/19 [00:00<?, ?it/s, loss=0.132, v_num=]         
Epoch 63:   0%|          | 0/19 [00:00<?, ?it/s, loss=0.132, v_num=]
Epoch 63: 100%|██████████| 19/19 [00:01<00:00, 18.39it/s, loss=0.132, v_num=]
Epoch 63: 100%|██████████| 19/19 [00:01<00:00, 18.38it/s, loss=0.142, v_num=]
Epoch 63:   0%|          | 0/19 [00:00<?, ?it/s, loss=0.142, v_num=]         
Epoch 64:   0%|          | 0/19 [00:00<?, ?it/s, loss=0.142, v_num=]
Epoch 64: 100%|██████████| 19/19 [00:00<00:00, 27.67it/s, loss=0.142, v_num=]
Epoch 64: 100%|██████████| 19/19 [00:00<00:00, 27.66it/s, loss=0.141, v_num=]
Epoch 64:   0%|          | 0/19 [00:00<?, ?it/s, loss=0.141, v_num=]         
Epoch 65:   0%|          | 0/19 [00:00<?, ?it/s, loss=0.141, v_num=]
Epoch 65: 100%|██████████| 19/19 [00:00<00:00, 28.58it/s, loss=0.141, v_num=]
Epoch 65: 100%|██████████| 19/19 [00:00<00:00, 28.57it/s, loss=0.137, v_num=]Evaluating...
NMI : 0.40783617806826944, ARI: 0.13505546011749486, ACC: 0.16667, current K: 2

Epoch 65:   0%|          | 0/19 [00:00<?, ?it/s, loss=0.137, v_num=]         
Epoch 66:   0%|          | 0/19 [00:00<?, ?it/s, loss=0.137, v_num=]/usr/local/lib/python3.12/dist-packages/torch/utils/data/dataloader.py:432: UserWarning: This DataLoader will create 6 worker processes in total. Our suggested max number of worker in current system is 2, which is smaller than what this DataLoader is going to create. Please be aware that excessive worker creation might get DataLoader running slow or even freeze, lower the worker number to avoid potential slowness/freeze if necessary.
  self.check_worker_number_rationality()

Epoch 66: 100%|██████████| 19/19 [00:00<00:00, 28.31it/s, loss=0.137, v_num=]
Epoch 66: 100%|██████████| 19/19 [00:00<00:00, 28.29it/s, loss=0.135, v_num=]
Epoch 66:   0%|          | 0/19 [00:00<?, ?it/s, loss=0.135, v_num=]         
Epoch 67:   0%|          | 0/19 [00:00<?, ?it/s, loss=0.135, v_num=]
Epoch 67: 100%|██████████| 19/19 [00:00<00:00, 28.93it/s, loss=0.135, v_num=]
Epoch 67: 100%|██████████| 19/19 [00:00<00:00, 28.91it/s, loss=0.129, v_num=]
Epoch 67:   0%|          | 0/19 [00:00<?, ?it/s, loss=0.129, v_num=]         
Epoch 68:   0%|          | 0/19 [00:00<?, ?it/s, loss=0.129, v_num=]
Epoch 68: 100%|██████████| 19/19 [00:00<00:00, 28.51it/s, loss=0.129, v_num=]
Epoch 68: 100%|██████████| 19/19 [00:00<00:00, 28.49it/s, loss=0.129, v_num=]
Epoch 68:   0%|          | 0/19 [00:00<?, ?it/s, loss=0.129, v_num=]         
Epoch 69:   0%|          | 0/19 [00:00<?, ?it/s, loss=0.129, v_num=]
Epoch 69: 100%|██████████| 19/19 [00:00<00:00, 29.10it/s, loss=0.129, v_num=]
Epoch 69: 100%|██████████| 19/19 [00:00<00:00, 29.08it/s, loss=0.126, v_num=]
Epoch 69:   0%|          | 0/19 [00:00<?, ?it/s, loss=0.126, v_num=]         
Epoch 70:   0%|          | 0/19 [00:00<?, ?it/s, loss=0.126, v_num=]
Epoch 70: 100%|██████████| 19/19 [00:00<00:00, 28.89it/s, loss=0.126, v_num=]
Epoch 70: 100%|██████████| 19/19 [00:00<00:00, 28.88it/s, loss=0.123, v_num=]Evaluating...
NMI : 0.40783617806826944, ARI: 0.13505546011749486, ACC: 0.16667, current K: 2
Epoch 70 | NMI: 0.4078, ARI: 0.1351, ACC: 0.1667, current K: 2
Confusion Matrix:
[[200   0   0   0   0   0   0   0   0   0   0   0]
 [200   0   0   0   0   0   0   0   0   0   0   0]
 [200   0   0   0   0   0   0   0   0   0   0   0]
 [200   0   0   0   0   0   0   0   0   0   0   0]
 [  0 200   0   0   0   0   0   0   0   0   0   0]
 [  0 200   0   0   0   0   0   0   0   0   0   0]
 [  0 200   0   0   0   0   0   0   0   0   0   0]
 [  0 200   0   0   0   0   0   0   0   0   0   0]
 [200   0   0   0   0   0   0   0   0   0   0   0]
 [200   0   0   0   0   0   0   0   0   0   0   0]
 [200   0   0   0   0   0   0   0   0   0   0   0]
 [200   0   0   0   0   0   0   0   0   0   0   0]]

Epoch 70:   0%|          | 0/19 [00:00<?, ?it/s, loss=0.123, v_num=]         
Epoch 71:   0%|          | 0/19 [00:00<?, ?it/s, loss=0.123, v_num=]/usr/local/lib/python3.12/dist-packages/torch/utils/data/dataloader.py:432: UserWarning: This DataLoader will create 6 worker processes in total. Our suggested max number of worker in current system is 2, which is smaller than what this DataLoader is going to create. Please be aware that excessive worker creation might get DataLoader running slow or even freeze, lower the worker number to avoid potential slowness/freeze if necessary.
  self.check_worker_number_rationality()

Epoch 71: 100%|██████████| 19/19 [00:00<00:00, 28.07it/s, loss=0.123, v_num=]
Epoch 71: 100%|██████████| 19/19 [00:00<00:00, 28.06it/s, loss=0.12, v_num=] 
Epoch 71:   0%|          | 0/19 [00:00<?, ?it/s, loss=0.12, v_num=]         
Epoch 72:   0%|          | 0/19 [00:00<?, ?it/s, loss=0.12, v_num=]
Epoch 72: 100%|██████████| 19/19 [00:00<00:00, 27.66it/s, loss=0.12, v_num=]
Epoch 72: 100%|██████████| 19/19 [00:00<00:00, 27.64it/s, loss=0.12, v_num=]
Epoch 72:   0%|          | 0/19 [00:00<?, ?it/s, loss=0.12, v_num=]         
Epoch 73:   0%|          | 0/19 [00:00<?, ?it/s, loss=0.12, v_num=]
Epoch 73: 100%|██████████| 19/19 [00:00<00:00, 28.08it/s, loss=0.12, v_num=]
Epoch 73: 100%|██████████| 19/19 [00:00<00:00, 28.06it/s, loss=0.121, v_num=]
Epoch 73:   0%|          | 0/19 [00:00<?, ?it/s, loss=0.121, v_num=]         
Epoch 74:   0%|          | 0/19 [00:00<?, ?it/s, loss=0.121, v_num=]
Epoch 74: 100%|██████████| 19/19 [00:00<00:00, 27.48it/s, loss=0.121, v_num=]
Epoch 74: 100%|██████████| 19/19 [00:00<00:00, 27.46it/s, loss=0.118, v_num=]
Epoch 74:   0%|          | 0/19 [00:00<?, ?it/s, loss=0.118, v_num=]         
Epoch 75:   0%|          | 0/19 [00:00<?, ?it/s, loss=0.118, v_num=]
Epoch 75: 100%|██████████| 19/19 [00:00<00:00, 27.14it/s, loss=0.118, v_num=]
Epoch 75: 100%|██████████| 19/19 [00:00<00:00, 27.13it/s, loss=0.117, v_num=]Evaluating...
NMI : 0.40783617806826944, ARI: 0.13505546011749486, ACC: 0.16667, current K: 2

Epoch 75:   0%|          | 0/19 [00:00<?, ?it/s, loss=0.117, v_num=]         
Epoch 76:   0%|          | 0/19 [00:00<?, ?it/s, loss=0.117, v_num=]/usr/local/lib/python3.12/dist-packages/torch/utils/data/dataloader.py:432: UserWarning: This DataLoader will create 6 worker processes in total. Our suggested max number of worker in current system is 2, which is smaller than what this DataLoader is going to create. Please be aware that excessive worker creation might get DataLoader running slow or even freeze, lower the worker number to avoid potential slowness/freeze if necessary.
  self.check_worker_number_rationality()

Epoch 76: 100%|██████████| 19/19 [00:00<00:00, 27.95it/s, loss=0.117, v_num=]
Epoch 76: 100%|██████████| 19/19 [00:00<00:00, 27.93it/s, loss=0.115, v_num=]
Epoch 76:   0%|          | 0/19 [00:00<?, ?it/s, loss=0.115, v_num=]         
Epoch 77:   0%|          | 0/19 [00:00<?, ?it/s, loss=0.115, v_num=]
Epoch 77: 100%|██████████| 19/19 [00:00<00:00, 28.18it/s, loss=0.115, v_num=]
Epoch 77: 100%|██████████| 19/19 [00:00<00:00, 28.17it/s, loss=0.117, v_num=]
Epoch 77:   0%|          | 0/19 [00:00<?, ?it/s, loss=0.117, v_num=]         
Epoch 78:   0%|          | 0/19 [00:00<?, ?it/s, loss=0.117, v_num=]
Epoch 78: 100%|██████████| 19/19 [00:00<00:00, 24.08it/s, loss=0.117, v_num=]
Epoch 78: 100%|██████████| 19/19 [00:00<00:00, 24.07it/s, loss=0.115, v_num=]
Epoch 78:   0%|          | 0/19 [00:00<?, ?it/s, loss=0.115, v_num=]         
Epoch 79:   0%|          | 0/19 [00:00<?, ?it/s, loss=0.115, v_num=]
Epoch 79: 100%|██████████| 19/19 [00:00<00:00, 19.03it/s, loss=0.115, v_num=]
Epoch 79: 100%|██████████| 19/19 [00:00<00:00, 19.02it/s, loss=0.115, v_num=]
Epoch 79:   0%|          | 0/19 [00:00<?, ?it/s, loss=0.115, v_num=]         
Epoch 80:   0%|          | 0/19 [00:00<?, ?it/s, loss=0.115, v_num=]
Epoch 80: 100%|██████████| 19/19 [00:00<00:00, 19.07it/s, loss=0.115, v_num=]
Epoch 80: 100%|██████████| 19/19 [00:00<00:00, 19.05it/s, loss=0.115, v_num=]Evaluating...
NMI : 0.40783617806826944, ARI: 0.13505546011749486, ACC: 0.16667, current K: 2
Epoch 80 | NMI: 0.4078, ARI: 0.1351, ACC: 0.1667, current K: 2
Confusion Matrix:
[[200   0   0   0   0   0   0   0   0   0   0   0]
 [200   0   0   0   0   0   0   0   0   0   0   0]
 [200   0   0   0   0   0   0   0   0   0   0   0]
 [200   0   0   0   0   0   0   0   0   0   0   0]
 [  0 200   0   0   0   0   0   0   0   0   0   0]
 [  0 200   0   0   0   0   0   0   0   0   0   0]
 [  0 200   0   0   0   0   0   0   0   0   0   0]
 [  0 200   0   0   0   0   0   0   0   0   0   0]
 [200   0   0   0   0   0   0   0   0   0   0   0]
 [200   0   0   0   0   0   0   0   0   0   0   0]
 [200   0   0   0   0   0   0   0   0   0   0   0]
 [200   0   0   0   0   0   0   0   0   0   0   0]]

Epoch 80:   0%|          | 0/19 [00:00<?, ?it/s, loss=0.115, v_num=]         
Epoch 81:   0%|          | 0/19 [00:00<?, ?it/s, loss=0.115, v_num=]/usr/local/lib/python3.12/dist-packages/torch/utils/data/dataloader.py:432: UserWarning: This DataLoader will create 6 worker processes in total. Our suggested max number of worker in current system is 2, which is smaller than what this DataLoader is going to create. Please be aware that excessive worker creation might get DataLoader running slow or even freeze, lower the worker number to avoid potential slowness/freeze if necessary.
  self.check_worker_number_rationality()

Epoch 81: 100%|██████████| 19/19 [00:00<00:00, 20.91it/s, loss=0.115, v_num=]
Epoch 81: 100%|██████████| 19/19 [00:00<00:00, 20.90it/s, loss=0.115, v_num=]
Epoch 81:   0%|          | 0/19 [00:00<?, ?it/s, loss=0.115, v_num=]         
Epoch 82:   0%|          | 0/19 [00:00<?, ?it/s, loss=0.115, v_num=]
Epoch 82: 100%|██████████| 19/19 [00:00<00:00, 25.17it/s, loss=0.115, v_num=]
Epoch 82: 100%|██████████| 19/19 [00:00<00:00, 25.15it/s, loss=0.114, v_num=]
Epoch 82:   0%|          | 0/19 [00:00<?, ?it/s, loss=0.114, v_num=]         
Epoch 83:   0%|          | 0/19 [00:00<?, ?it/s, loss=0.114, v_num=]
Epoch 83: 100%|██████████| 19/19 [00:00<00:00, 29.18it/s, loss=0.114, v_num=]
Epoch 83: 100%|██████████| 19/19 [00:00<00:00, 29.16it/s, loss=0.114, v_num=]
Epoch 83:   0%|          | 0/19 [00:00<?, ?it/s, loss=0.114, v_num=]         
Epoch 84:   0%|          | 0/19 [00:00<?, ?it/s, loss=0.114, v_num=]
Epoch 84: 100%|██████████| 19/19 [00:00<00:00, 28.78it/s, loss=0.114, v_num=]
Epoch 84: 100%|██████████| 19/19 [00:00<00:00, 28.76it/s, loss=0.115, v_num=]
Epoch 84:   0%|          | 0/19 [00:00<?, ?it/s, loss=0.115, v_num=]         
Epoch 85:   0%|          | 0/19 [00:00<?, ?it/s, loss=0.115, v_num=]
Epoch 85: 100%|██████████| 19/19 [00:00<00:00, 28.75it/s, loss=0.115, v_num=]
Epoch 85: 100%|██████████| 19/19 [00:00<00:00, 28.74it/s, loss=0.113, v_num=]Evaluating...
NMI : 0.40783617806826944, ARI: 0.13505546011749486, ACC: 0.16667, current K: 2

Epoch 85:   0%|          | 0/19 [00:00<?, ?it/s, loss=0.113, v_num=]         
Epoch 86:   0%|          | 0/19 [00:00<?, ?it/s, loss=0.113, v_num=]/usr/local/lib/python3.12/dist-packages/torch/utils/data/dataloader.py:432: UserWarning: This DataLoader will create 6 worker processes in total. Our suggested max number of worker in current system is 2, which is smaller than what this DataLoader is going to create. Please be aware that excessive worker creation might get DataLoader running slow or even freeze, lower the worker number to avoid potential slowness/freeze if necessary.
  self.check_worker_number_rationality()

Epoch 86: 100%|██████████| 19/19 [00:00<00:00, 28.11it/s, loss=0.113, v_num=]
Epoch 86: 100%|██████████| 19/19 [00:00<00:00, 28.09it/s, loss=0.114, v_num=]
Epoch 86:   0%|          | 0/19 [00:00<?, ?it/s, loss=0.114, v_num=]         
Epoch 87:   0%|          | 0/19 [00:00<?, ?it/s, loss=0.114, v_num=]
Epoch 87: 100%|██████████| 19/19 [00:00<00:00, 29.34it/s, loss=0.114, v_num=]
Epoch 87: 100%|██████████| 19/19 [00:00<00:00, 29.32it/s, loss=0.113, v_num=]
Epoch 87:   0%|          | 0/19 [00:00<?, ?it/s, loss=0.113, v_num=]         
Epoch 88:   0%|          | 0/19 [00:00<?, ?it/s, loss=0.113, v_num=]
Epoch 88: 100%|██████████| 19/19 [00:00<00:00, 27.73it/s, loss=0.113, v_num=]
Epoch 88: 100%|██████████| 19/19 [00:00<00:00, 27.71it/s, loss=0.115, v_num=]
Epoch 88:   0%|          | 0/19 [00:00<?, ?it/s, loss=0.115, v_num=]         
Epoch 89:   0%|          | 0/19 [00:00<?, ?it/s, loss=0.115, v_num=]
Epoch 89: 100%|██████████| 19/19 [00:00<00:00, 29.18it/s, loss=0.115, v_num=]
Epoch 89: 100%|██████████| 19/19 [00:00<00:00, 29.16it/s, loss=0.113, v_num=]
Epoch 89:   0%|          | 0/19 [00:00<?, ?it/s, loss=0.113, v_num=]         
Epoch 90:   0%|          | 0/19 [00:00<?, ?it/s, loss=0.113, v_num=]
Epoch 90: 100%|██████████| 19/19 [00:00<00:00, 28.04it/s, loss=0.113, v_num=]
Epoch 90: 100%|██████████| 19/19 [00:00<00:00, 28.02it/s, loss=0.113, v_num=]Evaluating...
NMI : 0.40783617806826944, ARI: 0.13505546011749486, ACC: 0.16667, current K: 2
Epoch 90 | NMI: 0.4078, ARI: 0.1351, ACC: 0.1667, current K: 2
Confusion Matrix:
[[200   0   0   0   0   0   0   0   0   0   0   0]
 [200   0   0   0   0   0   0   0   0   0   0   0]
 [200   0   0   0   0   0   0   0   0   0   0   0]
 [200   0   0   0   0   0   0   0   0   0   0   0]
 [  0 200   0   0   0   0   0   0   0   0   0   0]
 [  0 200   0   0   0   0   0   0   0   0   0   0]
 [  0 200   0   0   0   0   0   0   0   0   0   0]
 [  0 200   0   0   0   0   0   0   0   0   0   0]
 [200   0   0   0   0   0   0   0   0   0   0   0]
 [200   0   0   0   0   0   0   0   0   0   0   0]
 [200   0   0   0   0   0   0   0   0   0   0   0]
 [200   0   0   0   0   0   0   0   0   0   0   0]]

Epoch 90:   0%|          | 0/19 [00:00<?, ?it/s, loss=0.113, v_num=]         
Epoch 91:   0%|          | 0/19 [00:00<?, ?it/s, loss=0.113, v_num=]/usr/local/lib/python3.12/dist-packages/torch/utils/data/dataloader.py:432: UserWarning: This DataLoader will create 6 worker processes in total. Our suggested max number of worker in current system is 2, which is smaller than what this DataLoader is going to create. Please be aware that excessive worker creation might get DataLoader running slow or even freeze, lower the worker number to avoid potential slowness/freeze if necessary.
  self.check_worker_number_rationality()

Epoch 91: 100%|██████████| 19/19 [00:00<00:00, 27.73it/s, loss=0.113, v_num=]
Epoch 91: 100%|██████████| 19/19 [00:00<00:00, 27.72it/s, loss=0.115, v_num=]
Epoch 91:   0%|          | 0/19 [00:00<?, ?it/s, loss=0.115, v_num=]         
Epoch 92:   0%|          | 0/19 [00:00<?, ?it/s, loss=0.115, v_num=]
Epoch 92: 100%|██████████| 19/19 [00:00<00:00, 24.64it/s, loss=0.115, v_num=]
Epoch 92: 100%|██████████| 19/19 [00:00<00:00, 24.57it/s, loss=0.113, v_num=]
Epoch 92:   0%|          | 0/19 [00:00<?, ?it/s, loss=0.113, v_num=]         
Epoch 93:   0%|          | 0/19 [00:00<?, ?it/s, loss=0.113, v_num=]
Epoch 93: 100%|██████████| 19/19 [00:01<00:00, 16.24it/s, loss=0.113, v_num=]
Epoch 93: 100%|██████████| 19/19 [00:01<00:00, 16.19it/s, loss=0.111, v_num=]
Epoch 93:   0%|          | 0/19 [00:00<?, ?it/s, loss=0.111, v_num=]         
Epoch 94:   0%|          | 0/19 [00:00<?, ?it/s, loss=0.111, v_num=]
Epoch 94: 100%|██████████| 19/19 [00:01<00:00, 16.18it/s, loss=0.111, v_num=]
Epoch 94: 100%|██████████| 19/19 [00:01<00:00, 16.17it/s, loss=0.112, v_num=]
Epoch 94:   0%|          | 0/19 [00:00<?, ?it/s, loss=0.112, v_num=]         
Epoch 95:   0%|          | 0/19 [00:00<?, ?it/s, loss=0.112, v_num=]
Epoch 95: 100%|██████████| 19/19 [00:01<00:00, 11.54it/s, loss=0.112, v_num=]
Epoch 95: 100%|██████████| 19/19 [00:01<00:00, 11.53it/s, loss=0.112, v_num=]Evaluating...
NMI : 0.40783617806826944, ARI: 0.13505546011749486, ACC: 0.16667, current K: 2

Epoch 95:   0%|          | 0/19 [00:00<?, ?it/s, loss=0.112, v_num=]         
Epoch 96:   0%|          | 0/19 [00:00<?, ?it/s, loss=0.112, v_num=]/usr/local/lib/python3.12/dist-packages/torch/utils/data/dataloader.py:432: UserWarning: This DataLoader will create 6 worker processes in total. Our suggested max number of worker in current system is 2, which is smaller than what this DataLoader is going to create. Please be aware that excessive worker creation might get DataLoader running slow or even freeze, lower the worker number to avoid potential slowness/freeze if necessary.
  self.check_worker_number_rationality()

Epoch 96: 100%|██████████| 19/19 [00:01<00:00, 11.15it/s, loss=0.112, v_num=]
Epoch 96: 100%|██████████| 19/19 [00:01<00:00, 11.15it/s, loss=0.113, v_num=]
Epoch 96:   0%|          | 0/19 [00:00<?, ?it/s, loss=0.113, v_num=]         
Epoch 97:   0%|          | 0/19 [00:00<?, ?it/s, loss=0.113, v_num=]
Epoch 97: 100%|██████████| 19/19 [00:01<00:00, 18.76it/s, loss=0.113, v_num=]
Epoch 97: 100%|██████████| 19/19 [00:01<00:00, 18.75it/s, loss=0.112, v_num=]
Epoch 97:   0%|          | 0/19 [00:00<?, ?it/s, loss=0.112, v_num=]         
Epoch 98:   0%|          | 0/19 [00:00<?, ?it/s, loss=0.112, v_num=]
Epoch 98: 100%|██████████| 19/19 [00:01<00:00, 18.27it/s, loss=0.112, v_num=]
Epoch 98: 100%|██████████| 19/19 [00:01<00:00, 18.26it/s, loss=0.113, v_num=]
Epoch 98:   0%|          | 0/19 [00:00<?, ?it/s, loss=0.113, v_num=]         
Epoch 99:   0%|          | 0/19 [00:00<?, ?it/s, loss=0.113, v_num=]
Epoch 99: 100%|██████████| 19/19 [00:00<00:00, 26.37it/s, loss=0.113, v_num=]
Epoch 99: 100%|██████████| 19/19 [00:00<00:00, 26.36it/s, loss=0.113, v_num=]
Epoch 99:   0%|          | 0/19 [00:00<?, ?it/s, loss=0.113, v_num=]         
Epoch 100:   0%|          | 0/19 [00:00<?, ?it/s, loss=0.113, v_num=]
Epoch 100: 100%|██████████| 19/19 [00:00<00:00, 27.99it/s, loss=0.113, v_num=]
Epoch 100: 100%|██████████| 19/19 [00:00<00:00, 27.97it/s, loss=0.112, v_num=]Evaluating...
NMI : 0.40783617806826944, ARI: 0.13505546011749486, ACC: 0.16667, current K: 2
Epoch 100 | NMI: 0.4078, ARI: 0.1351, ACC: 0.1667, current K: 2
Confusion Matrix:
[[200   0   0   0   0   0   0   0   0   0   0   0]
 [200   0   0   0   0   0   0   0   0   0   0   0]
 [200   0   0   0   0   0   0   0   0   0   0   0]
 [200   0   0   0   0   0   0   0   0   0   0   0]
 [  0 200   0   0   0   0   0   0   0   0   0   0]
 [  0 200   0   0   0   0   0   0   0   0   0   0]
 [  0 200   0   0   0   0   0   0   0   0   0   0]
 [  0 200   0   0   0   0   0   0   0   0   0   0]
 [200   0   0   0   0   0   0   0   0   0   0   0]
 [200   0   0   0   0   0   0   0   0   0   0   0]
 [200   0   0   0   0   0   0   0   0   0   0   0]
 [200   0   0   0   0   0   0   0   0   0   0   0]]

Epoch 100:   0%|          | 0/19 [00:00<?, ?it/s, loss=0.112, v_num=]         
Epoch 101:   0%|          | 0/19 [00:00<?, ?it/s, loss=0.112, v_num=]/usr/local/lib/python3.12/dist-packages/torch/utils/data/dataloader.py:432: UserWarning: This DataLoader will create 6 worker processes in total. Our suggested max number of worker in current system is 2, which is smaller than what this DataLoader is going to create. Please be aware that excessive worker creation might get DataLoader running slow or even freeze, lower the worker number to avoid potential slowness/freeze if necessary.
  self.check_worker_number_rationality()

Epoch 101: 100%|██████████| 19/19 [00:00<00:00, 29.17it/s, loss=0.112, v_num=]
Epoch 101: 100%|██████████| 19/19 [00:00<00:00, 29.15it/s, loss=0.112, v_num=]
Epoch 101:   0%|          | 0/19 [00:00<?, ?it/s, loss=0.112, v_num=]         
Epoch 102:   0%|          | 0/19 [00:00<?, ?it/s, loss=0.112, v_num=]
Epoch 102: 100%|██████████| 19/19 [00:00<00:00, 28.87it/s, loss=0.112, v_num=]
Epoch 102: 100%|██████████| 19/19 [00:00<00:00, 28.85it/s, loss=0.111, v_num=]
Epoch 102:   0%|          | 0/19 [00:00<?, ?it/s, loss=0.111, v_num=]         
Epoch 103:   0%|          | 0/19 [00:00<?, ?it/s, loss=0.111, v_num=]
Epoch 103: 100%|██████████| 19/19 [00:00<00:00, 28.08it/s, loss=0.111, v_num=]
Epoch 103: 100%|██████████| 19/19 [00:00<00:00, 28.05it/s, loss=0.111, v_num=]
Epoch 103:   0%|          | 0/19 [00:00<?, ?it/s, loss=0.111, v_num=]         
Epoch 104:   0%|          | 0/19 [00:00<?, ?it/s, loss=0.111, v_num=]
Epoch 104: 100%|██████████| 19/19 [00:00<00:00, 28.76it/s, loss=0.111, v_num=]
Epoch 104: 100%|██████████| 19/19 [00:00<00:00, 28.74it/s, loss=0.113, v_num=]
Epoch 104:   0%|          | 0/19 [00:00<?, ?it/s, loss=0.113, v_num=]         
Epoch 105:   0%|          | 0/19 [00:00<?, ?it/s, loss=0.113, v_num=]
Epoch 105: 100%|██████████| 19/19 [00:00<00:00, 25.96it/s, loss=0.113, v_num=]
Epoch 105: 100%|██████████| 19/19 [00:00<00:00, 25.95it/s, loss=0.112, v_num=]Evaluating...
NMI : 0.40783617806826944, ARI: 0.13505546011749486, ACC: 0.16667, current K: 2

Epoch 105:   0%|          | 0/19 [00:00<?, ?it/s, loss=0.112, v_num=]         
Epoch 106:   0%|          | 0/19 [00:00<?, ?it/s, loss=0.112, v_num=]/usr/local/lib/python3.12/dist-packages/torch/utils/data/dataloader.py:432: UserWarning: This DataLoader will create 6 worker processes in total. Our suggested max number of worker in current system is 2, which is smaller than what this DataLoader is going to create. Please be aware that excessive worker creation might get DataLoader running slow or even freeze, lower the worker number to avoid potential slowness/freeze if necessary.
  self.check_worker_number_rationality()

Epoch 106: 100%|██████████| 19/19 [00:00<00:00, 27.99it/s, loss=0.112, v_num=]
Epoch 106: 100%|██████████| 19/19 [00:00<00:00, 27.97it/s, loss=0.112, v_num=]
Epoch 106:   0%|          | 0/19 [00:00<?, ?it/s, loss=0.112, v_num=]         
Epoch 107:   0%|          | 0/19 [00:00<?, ?it/s, loss=0.112, v_num=]
Epoch 107: 100%|██████████| 19/19 [00:00<00:00, 29.01it/s, loss=0.112, v_num=]
Epoch 107: 100%|██████████| 19/19 [00:00<00:00, 28.99it/s, loss=0.111, v_num=]
Epoch 107:   0%|          | 0/19 [00:00<?, ?it/s, loss=0.111, v_num=]         
Epoch 108:   0%|          | 0/19 [00:00<?, ?it/s, loss=0.111, v_num=]
Epoch 108: 100%|██████████| 19/19 [00:00<00:00, 28.95it/s, loss=0.111, v_num=]
Epoch 108: 100%|██████████| 19/19 [00:00<00:00, 28.93it/s, loss=0.111, v_num=]
Epoch 108:   0%|          | 0/19 [00:00<?, ?it/s, loss=0.111, v_num=]         
Epoch 109:   0%|          | 0/19 [00:00<?, ?it/s, loss=0.111, v_num=]
Epoch 109: 100%|██████████| 19/19 [00:00<00:00, 29.01it/s, loss=0.111, v_num=]
Epoch 109: 100%|██████████| 19/19 [00:00<00:00, 28.99it/s, loss=0.113, v_num=]
Epoch 109:   0%|          | 0/19 [00:00<?, ?it/s, loss=0.113, v_num=]         
Epoch 110:   0%|          | 0/19 [00:00<?, ?it/s, loss=0.113, v_num=]
Epoch 110: 100%|██████████| 19/19 [00:00<00:00, 19.88it/s, loss=0.113, v_num=]
Epoch 110: 100%|██████████| 19/19 [00:00<00:00, 19.87it/s, loss=0.112, v_num=]Evaluating...
NMI : 0.40783617806826944, ARI: 0.13505546011749486, ACC: 0.16667, current K: 2
Epoch 110 | NMI: 0.4078, ARI: 0.1351, ACC: 0.1667, current K: 2
Confusion Matrix:
[[200   0   0   0   0   0   0   0   0   0   0   0]
 [200   0   0   0   0   0   0   0   0   0   0   0]
 [200   0   0   0   0   0   0   0   0   0   0   0]
 [200   0   0   0   0   0   0   0   0   0   0   0]
 [  0 200   0   0   0   0   0   0   0   0   0   0]
 [  0 200   0   0   0   0   0   0   0   0   0   0]
 [  0 200   0   0   0   0   0   0   0   0   0   0]
 [  0 200   0   0   0   0   0   0   0   0   0   0]
 [200   0   0   0   0   0   0   0   0   0   0   0]
 [200   0   0   0   0   0   0   0   0   0   0   0]
 [200   0   0   0   0   0   0   0   0   0   0   0]
 [200   0   0   0   0   0   0   0   0   0   0   0]]

Epoch 110:   0%|          | 0/19 [00:00<?, ?it/s, loss=0.112, v_num=]         
Epoch 111:   0%|          | 0/19 [00:00<?, ?it/s, loss=0.112, v_num=]/usr/local/lib/python3.12/dist-packages/torch/utils/data/dataloader.py:432: UserWarning: This DataLoader will create 6 worker processes in total. Our suggested max number of worker in current system is 2, which is smaller than what this DataLoader is going to create. Please be aware that excessive worker creation might get DataLoader running slow or even freeze, lower the worker number to avoid potential slowness/freeze if necessary.
  self.check_worker_number_rationality()

Epoch 111: 100%|██████████| 19/19 [00:00<00:00, 19.94it/s, loss=0.112, v_num=]
Epoch 111: 100%|██████████| 19/19 [00:00<00:00, 19.92it/s, loss=0.112, v_num=]
Epoch 111:   0%|          | 0/19 [00:00<?, ?it/s, loss=0.112, v_num=]         
Epoch 112:   0%|          | 0/19 [00:00<?, ?it/s, loss=0.112, v_num=]
Epoch 112: 100%|██████████| 19/19 [00:01<00:00, 18.59it/s, loss=0.112, v_num=]
Epoch 112: 100%|██████████| 19/19 [00:01<00:00, 18.58it/s, loss=0.111, v_num=]
Epoch 112:   0%|          | 0/19 [00:00<?, ?it/s, loss=0.111, v_num=]         
Epoch 113:   0%|          | 0/19 [00:00<?, ?it/s, loss=0.111, v_num=]
Epoch 113: 100%|██████████| 19/19 [00:00<00:00, 25.41it/s, loss=0.111, v_num=]
Epoch 113: 100%|██████████| 19/19 [00:00<00:00, 25.39it/s, loss=0.113, v_num=]
Epoch 113:   0%|          | 0/19 [00:00<?, ?it/s, loss=0.113, v_num=]         
Epoch 114:   0%|          | 0/19 [00:00<?, ?it/s, loss=0.113, v_num=]
Epoch 114: 100%|██████████| 19/19 [00:00<00:00, 27.66it/s, loss=0.113, v_num=]
Epoch 114: 100%|██████████| 19/19 [00:00<00:00, 27.64it/s, loss=0.11, v_num=] 
Epoch 114:   0%|          | 0/19 [00:00<?, ?it/s, loss=0.11, v_num=]         
Epoch 115:   0%|          | 0/19 [00:00<?, ?it/s, loss=0.11, v_num=]
Epoch 115: 100%|██████████| 19/19 [00:00<00:00, 28.28it/s, loss=0.11, v_num=]
Epoch 115: 100%|██████████| 19/19 [00:00<00:00, 28.26it/s, loss=0.111, v_num=]/content/DeepDPM-New/src/clustering_models/clusternet_modules/clusternetasmodel.py:672: UserWarning: To copy construct from a tensor, it is recommended to use sourceTensor.detach().clone() or sourceTensor.detach().clone().requires_grad_(True), rather than torch.tensor(sourceTensor).
  mus_ind_to_split = torch.nonzero(torch.tensor(split_decisions), as_tuple=False)
Splitting clusters [0 1]
Evaluating...
NMI : 0.40783617806826944, ARI: 0.13505546011749486, ACC: 0.16667, current K: 2
[Split] K updated → 4 clusters
  [Epoch 115] losses at split → cluster_loss=0.0018, subcluster_loss=0.2217

Epoch 115:   0%|          | 0/19 [00:00<?, ?it/s, loss=0.111, v_num=]         
Epoch 116:   0%|          | 0/19 [00:00<?, ?it/s, loss=0.111, v_num=]/usr/local/lib/python3.12/dist-packages/torch/utils/data/dataloader.py:432: UserWarning: This DataLoader will create 6 worker processes in total. Our suggested max number of worker in current system is 2, which is smaller than what this DataLoader is going to create. Please be aware that excessive worker creation might get DataLoader running slow or even freeze, lower the worker number to avoid potential slowness/freeze if necessary.
  self.check_worker_number_rationality()

Epoch 116: 100%|██████████| 19/19 [00:00<00:00, 24.39it/s, loss=0.111, v_num=]
Epoch 116: 100%|██████████| 19/19 [00:00<00:00, 24.38it/s, loss=0.452, v_num=]
Epoch 116:   0%|          | 0/19 [00:00<?, ?it/s, loss=0.452, v_num=]         
Epoch 117:   0%|          | 0/19 [00:00<?, ?it/s, loss=0.452, v_num=]
Epoch 117: 100%|██████████| 19/19 [00:00<00:00, 21.99it/s, loss=0.452, v_num=]
Epoch 117: 100%|██████████| 19/19 [00:00<00:00, 21.98it/s, loss=0.404, v_num=]
Epoch 117:   0%|          | 0/19 [00:00<?, ?it/s, loss=0.404, v_num=]         
Epoch 118:   0%|          | 0/19 [00:00<?, ?it/s, loss=0.404, v_num=]
Epoch 118: 100%|██████████| 19/19 [00:00<00:00, 24.07it/s, loss=0.404, v_num=]
Epoch 118: 100%|██████████| 19/19 [00:00<00:00, 24.05it/s, loss=0.363, v_num=]
Epoch 118:   0%|          | 0/19 [00:00<?, ?it/s, loss=0.363, v_num=]         
Epoch 119:   0%|          | 0/19 [00:00<?, ?it/s, loss=0.363, v_num=]
Epoch 119: 100%|██████████| 19/19 [00:00<00:00, 24.70it/s, loss=0.363, v_num=]
Epoch 119: 100%|██████████| 19/19 [00:00<00:00, 24.68it/s, loss=0.324, v_num=]
Epoch 119:   0%|          | 0/19 [00:00<?, ?it/s, loss=0.324, v_num=]         
Epoch 120:   0%|          | 0/19 [00:00<?, ?it/s, loss=0.324, v_num=]
Epoch 120: 100%|██████████| 19/19 [00:00<00:00, 24.11it/s, loss=0.324, v_num=]
Epoch 120: 100%|██████████| 19/19 [00:00<00:00, 24.10it/s, loss=0.289, v_num=]Evaluating...
NMI : 0.6131471927654584, ARI: 0.3067141893844524, ACC: 0.25, current K: 3
Epoch 120 | NMI: 0.6131, ARI: 0.3067, ACC: 0.2500, current K: 3
Confusion Matrix:
[[  0 200   0   0   0   0   0   0   0   0   0   0]
 [  0 200   0   0   0   0   0   0   0   0   0   0]
 [  0 200   0   0   0   0   0   0   0   0   0   0]
 [  0 200   0   0   0   0   0   0   0   0   0   0]
 [  0   0 200   0   0   0   0   0   0   0   0   0]
 [  0   0 200   0   0   0   0   0   0   0   0   0]
 [  0   0 200   0   0   0   0   0   0   0   0   0]
 [  0   0 200   0   0   0   0   0   0   0   0   0]
 [200   0   0   0   0   0   0   0   0   0   0   0]
 [200   0   0   0   0   0   0   0   0   0   0   0]
 [200   0   0   0   0   0   0   0   0   0   0   0]
 [200   0   0   0   0   0   0   0   0   0   0   0]]

Epoch 120:   0%|          | 0/19 [00:00<?, ?it/s, loss=0.289, v_num=]         
Epoch 121:   0%|          | 0/19 [00:00<?, ?it/s, loss=0.289, v_num=]/usr/local/lib/python3.12/dist-packages/torch/utils/data/dataloader.py:432: UserWarning: This DataLoader will create 6 worker processes in total. Our suggested max number of worker in current system is 2, which is smaller than what this DataLoader is going to create. Please be aware that excessive worker creation might get DataLoader running slow or even freeze, lower the worker number to avoid potential slowness/freeze if necessary.
  self.check_worker_number_rationality()

Epoch 121: 100%|██████████| 19/19 [00:00<00:00, 24.24it/s, loss=0.289, v_num=]
Epoch 121: 100%|██████████| 19/19 [00:00<00:00, 24.23it/s, loss=0.266, v_num=]
Epoch 121:   0%|          | 0/19 [00:00<?, ?it/s, loss=0.266, v_num=]         
Epoch 122:   0%|          | 0/19 [00:00<?, ?it/s, loss=0.266, v_num=]/usr/local/lib/python3.12/dist-packages/torch/utils/data/dataloader.py:432: UserWarning: This DataLoader will create 6 worker processes in total. Our suggested max number of worker in current system is 2, which is smaller than what this DataLoader is going to create. Please be aware that excessive worker creation might get DataLoader running slow or even freeze, lower the worker number to avoid potential slowness/freeze if necessary.
  self.check_worker_number_rationality()

Epoch 122: 100%|██████████| 19/19 [00:00<00:00, 24.24it/s, loss=0.266, v_num=]
Epoch 122: 100%|██████████| 19/19 [00:00<00:00, 24.23it/s, loss=0.105, v_num=]
Epoch 122:   0%|          | 0/19 [00:00<?, ?it/s, loss=0.105, v_num=]         
Epoch 123:   0%|          | 0/19 [00:00<?, ?it/s, loss=0.105, v_num=]/usr/local/lib/python3.12/dist-packages/torch/utils/data/dataloader.py:432: UserWarning: This DataLoader will create 6 worker processes in total. Our suggested max number of worker in current system is 2, which is smaller than what this DataLoader is going to create. Please be aware that excessive worker creation might get DataLoader running slow or even freeze, lower the worker number to avoid potential slowness/freeze if necessary.
  self.check_worker_number_rationality()

Epoch 123: 100%|██████████| 19/19 [00:00<00:00, 24.15it/s, loss=0.105, v_num=]
Epoch 123: 100%|██████████| 19/19 [00:00<00:00, 24.14it/s, loss=0.108, v_num=]
Epoch 123:   0%|          | 0/19 [00:00<?, ?it/s, loss=0.108, v_num=]         
Epoch 124:   0%|          | 0/19 [00:00<?, ?it/s, loss=0.108, v_num=]/usr/local/lib/python3.12/dist-packages/torch/utils/data/dataloader.py:432: UserWarning: This DataLoader will create 6 worker processes in total. Our suggested max number of worker in current system is 2, which is smaller than what this DataLoader is going to create. Please be aware that excessive worker creation might get DataLoader running slow or even freeze, lower the worker number to avoid potential slowness/freeze if necessary.
  self.check_worker_number_rationality()

Epoch 124: 100%|██████████| 19/19 [00:00<00:00, 24.82it/s, loss=0.108, v_num=]
Epoch 124: 100%|██████████| 19/19 [00:00<00:00, 24.81it/s, loss=0.109, v_num=]
Epoch 124:   0%|          | 0/19 [00:00<?, ?it/s, loss=0.109, v_num=]         
Epoch 125:   0%|          | 0/19 [00:00<?, ?it/s, loss=0.109, v_num=]/usr/local/lib/python3.12/dist-packages/torch/utils/data/dataloader.py:432: UserWarning: This DataLoader will create 6 worker processes in total. Our suggested max number of worker in current system is 2, which is smaller than what this DataLoader is going to create. Please be aware that excessive worker creation might get DataLoader running slow or even freeze, lower the worker number to avoid potential slowness/freeze if necessary.
  self.check_worker_number_rationality()

Epoch 125: 100%|██████████| 19/19 [00:00<00:00, 23.80it/s, loss=0.109, v_num=]
Epoch 125: 100%|██████████| 19/19 [00:00<00:00, 23.79it/s, loss=0.112, v_num=]Evaluating...
NMI : 0.6131471927654584, ARI: 0.3067141893844524, ACC: 0.25, current K: 3

Epoch 125:   0%|          | 0/19 [00:00<?, ?it/s, loss=0.112, v_num=]         
Epoch 126:   0%|          | 0/19 [00:00<?, ?it/s, loss=0.112, v_num=]/usr/local/lib/python3.12/dist-packages/torch/utils/data/dataloader.py:432: UserWarning: This DataLoader will create 6 worker processes in total. Our suggested max number of worker in current system is 2, which is smaller than what this DataLoader is going to create. Please be aware that excessive worker creation might get DataLoader running slow or even freeze, lower the worker number to avoid potential slowness/freeze if necessary.
  self.check_worker_number_rationality()

Epoch 126: 100%|██████████| 19/19 [00:01<00:00, 16.72it/s, loss=0.112, v_num=]
Epoch 126: 100%|██████████| 19/19 [00:01<00:00, 16.71it/s, loss=0.112, v_num=]
Epoch 126:   0%|          | 0/19 [00:00<?, ?it/s, loss=0.112, v_num=]         
Epoch 127:   0%|          | 0/19 [00:00<?, ?it/s, loss=0.112, v_num=]/usr/local/lib/python3.12/dist-packages/torch/utils/data/dataloader.py:432: UserWarning: This DataLoader will create 6 worker processes in total. Our suggested max number of worker in current system is 2, which is smaller than what this DataLoader is going to create. Please be aware that excessive worker creation might get DataLoader running slow or even freeze, lower the worker number to avoid potential slowness/freeze if necessary.
  self.check_worker_number_rationality()

Epoch 127: 100%|██████████| 19/19 [00:01<00:00, 17.24it/s, loss=0.112, v_num=]
Epoch 127: 100%|██████████| 19/19 [00:01<00:00, 17.23it/s, loss=0.11, v_num=] 
Epoch 127:   0%|          | 0/19 [00:00<?, ?it/s, loss=0.11, v_num=]         
Epoch 128:   0%|          | 0/19 [00:00<?, ?it/s, loss=0.11, v_num=]
Epoch 128: 100%|██████████| 19/19 [00:01<00:00, 17.82it/s, loss=0.11, v_num=]
Epoch 128: 100%|██████████| 19/19 [00:01<00:00, 17.81it/s, loss=0.106, v_num=]
Epoch 128:   0%|          | 0/19 [00:00<?, ?it/s, loss=0.106, v_num=]         
Epoch 129:   0%|          | 0/19 [00:00<?, ?it/s, loss=0.106, v_num=]/usr/local/lib/python3.12/dist-packages/torch/utils/data/dataloader.py:432: UserWarning: This DataLoader will create 6 worker processes in total. Our suggested max number of worker in current system is 2, which is smaller than what this DataLoader is going to create. Please be aware that excessive worker creation might get DataLoader running slow or even freeze, lower the worker number to avoid potential slowness/freeze if necessary.
  self.check_worker_number_rationality()

Epoch 129: 100%|██████████| 19/19 [00:00<00:00, 24.54it/s, loss=0.106, v_num=]
Epoch 129: 100%|██████████| 19/19 [00:00<00:00, 24.53it/s, loss=0.105, v_num=]
Epoch 129:   0%|          | 0/19 [00:00<?, ?it/s, loss=0.105, v_num=]         
Epoch 130:   0%|          | 0/19 [00:00<?, ?it/s, loss=0.105, v_num=]/usr/local/lib/python3.12/dist-packages/torch/utils/data/dataloader.py:432: UserWarning: This DataLoader will create 6 worker processes in total. Our suggested max number of worker in current system is 2, which is smaller than what this DataLoader is going to create. Please be aware that excessive worker creation might get DataLoader running slow or even freeze, lower the worker number to avoid potential slowness/freeze if necessary.
  self.check_worker_number_rationality()

Epoch 130: 100%|██████████| 19/19 [00:00<00:00, 24.42it/s, loss=0.105, v_num=]
Epoch 130: 100%|██████████| 19/19 [00:00<00:00, 24.40it/s, loss=0.104, v_num=]Evaluating...
NMI : 0.6338248889735424, ARI: 0.3342835065921168, ACC: 0.31792, current K: 4
Epoch 130 | NMI: 0.6338, ARI: 0.3343, ACC: 0.3179, current K: 4
Confusion Matrix:
[[  0 200   0   0   0   0   0   0   0   0   0   0]
 [  0 200   0   0   0   0   0   0   0   0   0   0]
 [  0 200   0   0   0   0   0   0   0   0   0   0]
 [  0 200   0   0   0   0   0   0   0   0   0   0]
 [  0   0 170  30   0   0   0   0   0   0   0   0]
 [  0   0 192   8   0   0   0   0   0   0   0   0]
 [  0   0  35 165   0   0   0   0   0   0   0   0]
 [  0   0 198   2   0   0   0   0   0   0   0   0]
 [200   0   0   0   0   0   0   0   0   0   0   0]
 [200   0   0   0   0   0   0   0   0   0   0   0]
 [200   0   0   0   0   0   0   0   0   0   0   0]
 [200   0   0   0   0   0   0   0   0   0   0   0]]

Epoch 130:   0%|          | 0/19 [00:00<?, ?it/s, loss=0.104, v_num=]         
Epoch 131:   0%|          | 0/19 [00:00<?, ?it/s, loss=0.104, v_num=]/usr/local/lib/python3.12/dist-packages/torch/utils/data/dataloader.py:432: UserWarning: This DataLoader will create 6 worker processes in total. Our suggested max number of worker in current system is 2, which is smaller than what this DataLoader is going to create. Please be aware that excessive worker creation might get DataLoader running slow or even freeze, lower the worker number to avoid potential slowness/freeze if necessary.
  self.check_worker_number_rationality()

Epoch 131: 100%|██████████| 19/19 [00:00<00:00, 24.90it/s, loss=0.104, v_num=]
Epoch 131: 100%|██████████| 19/19 [00:00<00:00, 24.89it/s, loss=0.106, v_num=]
Epoch 131:   0%|          | 0/19 [00:00<?, ?it/s, loss=0.106, v_num=]         
Epoch 132:   0%|          | 0/19 [00:00<?, ?it/s, loss=0.106, v_num=]/usr/local/lib/python3.12/dist-packages/torch/utils/data/dataloader.py:432: UserWarning: This DataLoader will create 6 worker processes in total. Our suggested max number of worker in current system is 2, which is smaller than what this DataLoader is going to create. Please be aware that excessive worker creation might get DataLoader running slow or even freeze, lower the worker number to avoid potential slowness/freeze if necessary.
  self.check_worker_number_rationality()

Epoch 132: 100%|██████████| 19/19 [00:00<00:00, 25.04it/s, loss=0.106, v_num=]
Epoch 132: 100%|██████████| 19/19 [00:00<00:00, 25.03it/s, loss=0.106, v_num=]
Epoch 132:   0%|          | 0/19 [00:00<?, ?it/s, loss=0.106, v_num=]         
Epoch 133:   0%|          | 0/19 [00:00<?, ?it/s, loss=0.106, v_num=]/usr/local/lib/python3.12/dist-packages/torch/utils/data/dataloader.py:432: UserWarning: This DataLoader will create 6 worker processes in total. Our suggested max number of worker in current system is 2, which is smaller than what this DataLoader is going to create. Please be aware that excessive worker creation might get DataLoader running slow or even freeze, lower the worker number to avoid potential slowness/freeze if necessary.
  self.check_worker_number_rationality()

Epoch 133: 100%|██████████| 19/19 [00:00<00:00, 23.88it/s, loss=0.106, v_num=]
Epoch 133: 100%|██████████| 19/19 [00:00<00:00, 23.86it/s, loss=0.101, v_num=]
Epoch 133:   0%|          | 0/19 [00:00<?, ?it/s, loss=0.101, v_num=]         
Epoch 134:   0%|          | 0/19 [00:00<?, ?it/s, loss=0.101, v_num=]/usr/local/lib/python3.12/dist-packages/torch/utils/data/dataloader.py:432: UserWarning: This DataLoader will create 6 worker processes in total. Our suggested max number of worker in current system is 2, which is smaller than what this DataLoader is going to create. Please be aware that excessive worker creation might get DataLoader running slow or even freeze, lower the worker number to avoid potential slowness/freeze if necessary.
  self.check_worker_number_rationality()

Epoch 134: 100%|██████████| 19/19 [00:00<00:00, 24.26it/s, loss=0.101, v_num=]
Epoch 134: 100%|██████████| 19/19 [00:00<00:00, 24.25it/s, loss=0.101, v_num=]
Epoch 134:   0%|          | 0/19 [00:00<?, ?it/s, loss=0.101, v_num=]         
Epoch 135:   0%|          | 0/19 [00:00<?, ?it/s, loss=0.101, v_num=]/usr/local/lib/python3.12/dist-packages/torch/utils/data/dataloader.py:432: UserWarning: This DataLoader will create 6 worker processes in total. Our suggested max number of worker in current system is 2, which is smaller than what this DataLoader is going to create. Please be aware that excessive worker creation might get DataLoader running slow or even freeze, lower the worker number to avoid potential slowness/freeze if necessary.
  self.check_worker_number_rationality()

Epoch 135: 100%|██████████| 19/19 [00:00<00:00, 24.35it/s, loss=0.101, v_num=]
Epoch 135: 100%|██████████| 19/19 [00:00<00:00, 24.33it/s, loss=0.105, v_num=]Evaluating...
NMI : 0.6255765796415165, ARI: 0.33627864750617714, ACC: 0.32, current K: 4

Epoch 135:   0%|          | 0/19 [00:00<?, ?it/s, loss=0.105, v_num=]         
Epoch 136:   0%|          | 0/19 [00:00<?, ?it/s, loss=0.105, v_num=]/usr/local/lib/python3.12/dist-packages/torch/utils/data/dataloader.py:432: UserWarning: This DataLoader will create 6 worker processes in total. Our suggested max number of worker in current system is 2, which is smaller than what this DataLoader is going to create. Please be aware that excessive worker creation might get DataLoader running slow or even freeze, lower the worker number to avoid potential slowness/freeze if necessary.
  self.check_worker_number_rationality()

Epoch 136: 100%|██████████| 19/19 [00:00<00:00, 24.73it/s, loss=0.105, v_num=]
Epoch 136: 100%|██████████| 19/19 [00:00<00:00, 24.71it/s, loss=0.107, v_num=]
Epoch 136:   0%|          | 0/19 [00:00<?, ?it/s, loss=0.107, v_num=]         
Epoch 137:   0%|          | 0/19 [00:00<?, ?it/s, loss=0.107, v_num=]/usr/local/lib/python3.12/dist-packages/torch/utils/data/dataloader.py:432: UserWarning: This DataLoader will create 6 worker processes in total. Our suggested max number of worker in current system is 2, which is smaller than what this DataLoader is going to create. Please be aware that excessive worker creation might get DataLoader running slow or even freeze, lower the worker number to avoid potential slowness/freeze if necessary.
  self.check_worker_number_rationality()

Epoch 137: 100%|██████████| 19/19 [00:00<00:00, 22.15it/s, loss=0.107, v_num=]
Epoch 137: 100%|██████████| 19/19 [00:00<00:00, 22.14it/s, loss=0.102, v_num=]
Epoch 137:   0%|          | 0/19 [00:00<?, ?it/s, loss=0.102, v_num=]         
Epoch 138:   0%|          | 0/19 [00:00<?, ?it/s, loss=0.102, v_num=]/usr/local/lib/python3.12/dist-packages/torch/utils/data/dataloader.py:432: UserWarning: This DataLoader will create 6 worker processes in total. Our suggested max number of worker in current system is 2, which is smaller than what this DataLoader is going to create. Please be aware that excessive worker creation might get DataLoader running slow or even freeze, lower the worker number to avoid potential slowness/freeze if necessary.
  self.check_worker_number_rationality()

Epoch 138: 100%|██████████| 19/19 [00:00<00:00, 23.50it/s, loss=0.102, v_num=]
Epoch 138: 100%|██████████| 19/19 [00:00<00:00, 23.48it/s, loss=0.101, v_num=]
Epoch 138:   0%|          | 0/19 [00:00<?, ?it/s, loss=0.101, v_num=]         
Epoch 139:   0%|          | 0/19 [00:00<?, ?it/s, loss=0.101, v_num=]/usr/local/lib/python3.12/dist-packages/torch/utils/data/dataloader.py:432: UserWarning: This DataLoader will create 6 worker processes in total. Our suggested max number of worker in current system is 2, which is smaller than what this DataLoader is going to create. Please be aware that excessive worker creation might get DataLoader running slow or even freeze, lower the worker number to avoid potential slowness/freeze if necessary.
  self.check_worker_number_rationality()

Epoch 139: 100%|██████████| 19/19 [00:00<00:00, 24.32it/s, loss=0.101, v_num=]
Epoch 139: 100%|██████████| 19/19 [00:00<00:00, 24.30it/s, loss=0.104, v_num=]
Epoch 139:   0%|          | 0/19 [00:00<?, ?it/s, loss=0.104, v_num=]         
Epoch 140:   0%|          | 0/19 [00:00<?, ?it/s, loss=0.104, v_num=]/usr/local/lib/python3.12/dist-packages/torch/utils/data/dataloader.py:432: UserWarning: This DataLoader will create 6 worker processes in total. Our suggested max number of worker in current system is 2, which is smaller than what this DataLoader is going to create. Please be aware that excessive worker creation might get DataLoader running slow or even freeze, lower the worker number to avoid potential slowness/freeze if necessary.
  self.check_worker_number_rationality()

Epoch 140: 100%|██████████| 19/19 [00:00<00:00, 24.38it/s, loss=0.104, v_num=]
Epoch 140: 100%|██████████| 19/19 [00:00<00:00, 24.37it/s, loss=0.1, v_num=]  Evaluating...
NMI : 0.6195893205417121, ARI: 0.3309259947476196, ACC: 0.31458, current K: 4
Epoch 140 | NMI: 0.6196, ARI: 0.3309, ACC: 0.3146, current K: 4
Confusion Matrix:
[[  0 200   0   0   0   0   0   0   0   0   0   0]
 [  0 200   0   0   0   0   0   0   0   0   0   0]
 [  0 200   0   0   0   0   0   0   0   0   0   0]
 [  0 200   0   0   0   0   0   0   0   0   0   0]
 [  0   0  42 158   0   0   0   0   0   0   0   0]
 [  0   0 143  57   0   0   0   0   0   0   0   0]
 [  0   0   8 192   0   0   0   0   0   0   0   0]
 [  0   0 163  37   0   0   0   0   0   0   0   0]
 [200   0   0   0   0   0   0   0   0   0   0   0]
 [200   0   0   0   0   0   0   0   0   0   0   0]
 [200   0   0   0   0   0   0   0   0   0   0   0]
 [200   0   0   0   0   0   0   0   0   0   0   0]]

Epoch 140:   0%|          | 0/19 [00:00<?, ?it/s, loss=0.1, v_num=]         
Epoch 141:   0%|          | 0/19 [00:00<?, ?it/s, loss=0.1, v_num=]/usr/local/lib/python3.12/dist-packages/torch/utils/data/dataloader.py:432: UserWarning: This DataLoader will create 6 worker processes in total. Our suggested max number of worker in current system is 2, which is smaller than what this DataLoader is going to create. Please be aware that excessive worker creation might get DataLoader running slow or even freeze, lower the worker number to avoid potential slowness/freeze if necessary.
  self.check_worker_number_rationality()

Epoch 141: 100%|██████████| 19/19 [00:01<00:00, 17.75it/s, loss=0.1, v_num=]
Epoch 141: 100%|██████████| 19/19 [00:01<00:00, 17.75it/s, loss=0.101, v_num=]
Epoch 141:   0%|          | 0/19 [00:00<?, ?it/s, loss=0.101, v_num=]         
Epoch 142:   0%|          | 0/19 [00:00<?, ?it/s, loss=0.101, v_num=]/usr/local/lib/python3.12/dist-packages/torch/utils/data/dataloader.py:432: UserWarning: This DataLoader will create 6 worker processes in total. Our suggested max number of worker in current system is 2, which is smaller than what this DataLoader is going to create. Please be aware that excessive worker creation might get DataLoader running slow or even freeze, lower the worker number to avoid potential slowness/freeze if necessary.
  self.check_worker_number_rationality()

Epoch 142: 100%|██████████| 19/19 [00:01<00:00, 17.69it/s, loss=0.101, v_num=]
Epoch 142: 100%|██████████| 19/19 [00:01<00:00, 17.68it/s, loss=0.101, v_num=]
Epoch 142:   0%|          | 0/19 [00:00<?, ?it/s, loss=0.101, v_num=]         
Epoch 143:   0%|          | 0/19 [00:00<?, ?it/s, loss=0.101, v_num=]/usr/local/lib/python3.12/dist-packages/torch/utils/data/dataloader.py:432: UserWarning: This DataLoader will create 6 worker processes in total. Our suggested max number of worker in current system is 2, which is smaller than what this DataLoader is going to create. Please be aware that excessive worker creation might get DataLoader running slow or even freeze, lower the worker number to avoid potential slowness/freeze if necessary.
  self.check_worker_number_rationality()

Epoch 143: 100%|██████████| 19/19 [00:01<00:00, 17.28it/s, loss=0.101, v_num=]
Epoch 143: 100%|██████████| 19/19 [00:01<00:00, 17.27it/s, loss=0.103, v_num=]
Epoch 143:   0%|          | 0/19 [00:00<?, ?it/s, loss=0.103, v_num=]         
Epoch 144:   0%|          | 0/19 [00:00<?, ?it/s, loss=0.103, v_num=]/usr/local/lib/python3.12/dist-packages/torch/utils/data/dataloader.py:432: UserWarning: This DataLoader will create 6 worker processes in total. Our suggested max number of worker in current system is 2, which is smaller than what this DataLoader is going to create. Please be aware that excessive worker creation might get DataLoader running slow or even freeze, lower the worker number to avoid potential slowness/freeze if necessary.
  self.check_worker_number_rationality()

Epoch 144: 100%|██████████| 19/19 [00:00<00:00, 24.71it/s, loss=0.103, v_num=]
Epoch 144: 100%|██████████| 19/19 [00:00<00:00, 24.70it/s, loss=0.1, v_num=]  
Epoch 144:   0%|          | 0/19 [00:00<?, ?it/s, loss=0.1, v_num=]         
Epoch 145:   0%|          | 0/19 [00:00<?, ?it/s, loss=0.1, v_num=]/usr/local/lib/python3.12/dist-packages/torch/utils/data/dataloader.py:432: UserWarning: This DataLoader will create 6 worker processes in total. Our suggested max number of worker in current system is 2, which is smaller than what this DataLoader is going to create. Please be aware that excessive worker creation might get DataLoader running slow or even freeze, lower the worker number to avoid potential slowness/freeze if necessary.
  self.check_worker_number_rationality()

Epoch 145: 100%|██████████| 19/19 [00:00<00:00, 24.29it/s, loss=0.1, v_num=]
Epoch 145: 100%|██████████| 19/19 [00:00<00:00, 24.28it/s, loss=0.105, v_num=]/content/DeepDPM-New/src/clustering_models/clusternet_modules/models/Classifiers.py:351: UserWarning: To copy construct from a tensor, it is recommended to use sourceTensor.detach().clone() or sourceTensor.detach().clone().requires_grad_(True), rather than torch.tensor(sourceTensor).
  mus_ind_not_merged = torch.nonzero(torch.logical_not(torch.tensor(merge_decisions)), as_tuple=False)
/content/DeepDPM-New/src/clustering_models/clusternet_modules/models/Classifiers.py:359: UserWarning: To copy construct from a tensor, it is recommended to use sourceTensor.detach().clone() or sourceTensor.detach().clone().requires_grad_(True), rather than torch.tensor(sourceTensor).
  fc1_weights_not_merged = class_fc1.weight.data[torch.logical_not(torch.tensor(merge_decisions)).repeat_interleave(self.hidden_dim), :]
Merging clusters [[2, 3]]
Evaluating...
NMI : 0.6171657278223784, ARI: 0.32812043511311834, ACC: 0.31, current K: 4
[Merge] K updated → 3 clusters
  [Epoch 145] losses at merge → cluster_loss=0.0080, subcluster_loss=0.2013

Epoch 145:   0%|          | 0/19 [00:00<?, ?it/s, loss=0.105, v_num=]         
Epoch 146:   0%|          | 0/19 [00:00<?, ?it/s, loss=0.105, v_num=]/usr/local/lib/python3.12/dist-packages/torch/utils/data/dataloader.py:432: UserWarning: This DataLoader will create 6 worker processes in total. Our suggested max number of worker in current system is 2, which is smaller than what this DataLoader is going to create. Please be aware that excessive worker creation might get DataLoader running slow or even freeze, lower the worker number to avoid potential slowness/freeze if necessary.
  self.check_worker_number_rationality()

Epoch 146: 100%|██████████| 19/19 [00:00<00:00, 25.82it/s, loss=0.105, v_num=]
Epoch 146: 100%|██████████| 19/19 [00:00<00:00, 25.80it/s, loss=0.111, v_num=]
Epoch 146:   0%|          | 0/19 [00:00<?, ?it/s, loss=0.111, v_num=]         
Epoch 147:   0%|          | 0/19 [00:00<?, ?it/s, loss=0.111, v_num=]
Epoch 147: 100%|██████████| 19/19 [00:00<00:00, 26.41it/s, loss=0.111, v_num=]
Epoch 147: 100%|██████████| 19/19 [00:00<00:00, 26.39it/s, loss=0.109, v_num=]
Epoch 147:   0%|          | 0/19 [00:00<?, ?it/s, loss=0.109, v_num=]         
Epoch 148:   0%|          | 0/19 [00:00<?, ?it/s, loss=0.109, v_num=]
Epoch 148: 100%|██████████| 19/19 [00:00<00:00, 25.56it/s, loss=0.109, v_num=]
Epoch 148: 100%|██████████| 19/19 [00:00<00:00, 25.55it/s, loss=0.107, v_num=]
Epoch 148:   0%|          | 0/19 [00:00<?, ?it/s, loss=0.107, v_num=]         
Epoch 149:   0%|          | 0/19 [00:00<?, ?it/s, loss=0.107, v_num=]
Epoch 149: 100%|██████████| 19/19 [00:00<00:00, 23.73it/s, loss=0.107, v_num=]
Epoch 149: 100%|██████████| 19/19 [00:00<00:00, 23.72it/s, loss=0.107, v_num=]
Epoch 149:   0%|          | 0/19 [00:00<?, ?it/s, loss=0.107, v_num=]         
Epoch 150:   0%|          | 0/19 [00:00<?, ?it/s, loss=0.107, v_num=]
Epoch 150: 100%|██████████| 19/19 [00:00<00:00, 25.72it/s, loss=0.107, v_num=]
Epoch 150: 100%|██████████| 19/19 [00:00<00:00, 25.71it/s, loss=0.106, v_num=]Evaluating...
NMI : 0.6131471927654584, ARI: 0.3067141893844524, ACC: 0.25, current K: 3
Epoch 150 | NMI: 0.6131, ARI: 0.3067, ACC: 0.2500, current K: 3
Confusion Matrix:
[[  0 200   0   0   0   0   0   0   0   0   0   0]
 [  0 200   0   0   0   0   0   0   0   0   0   0]
 [  0 200   0   0   0   0   0   0   0   0   0   0]
 [  0 200   0   0   0   0   0   0   0   0   0   0]
 [  0   0 200   0   0   0   0   0   0   0   0   0]
 [  0   0 200   0   0   0   0   0   0   0   0   0]
 [  0   0 200   0   0   0   0   0   0   0   0   0]
 [  0   0 200   0   0   0   0   0   0   0   0   0]
 [200   0   0   0   0   0   0   0   0   0   0   0]
 [200   0   0   0   0   0   0   0   0   0   0   0]
 [200   0   0   0   0   0   0   0   0   0   0   0]
 [200   0   0   0   0   0   0   0   0   0   0   0]]

Epoch 150:   0%|          | 0/19 [00:00<?, ?it/s, loss=0.106, v_num=]         
Epoch 151:   0%|          | 0/19 [00:00<?, ?it/s, loss=0.106, v_num=]/usr/local/lib/python3.12/dist-packages/torch/utils/data/dataloader.py:432: UserWarning: This DataLoader will create 6 worker processes in total. Our suggested max number of worker in current system is 2, which is smaller than what this DataLoader is going to create. Please be aware that excessive worker creation might get DataLoader running slow or even freeze, lower the worker number to avoid potential slowness/freeze if necessary.
  self.check_worker_number_rationality()

Epoch 151: 100%|██████████| 19/19 [00:00<00:00, 26.12it/s, loss=0.106, v_num=]
Epoch 151: 100%|██████████| 19/19 [00:00<00:00, 26.10it/s, loss=0.107, v_num=]
Epoch 151:   0%|          | 0/19 [00:00<?, ?it/s, loss=0.107, v_num=]         
Epoch 152:   0%|          | 0/19 [00:00<?, ?it/s, loss=0.107, v_num=]/usr/local/lib/python3.12/dist-packages/torch/utils/data/dataloader.py:432: UserWarning: This DataLoader will create 6 worker processes in total. Our suggested max number of worker in current system is 2, which is smaller than what this DataLoader is going to create. Please be aware that excessive worker creation might get DataLoader running slow or even freeze, lower the worker number to avoid potential slowness/freeze if necessary.
  self.check_worker_number_rationality()

Epoch 152: 100%|██████████| 19/19 [00:00<00:00, 22.71it/s, loss=0.107, v_num=]
Epoch 152: 100%|██████████| 19/19 [00:00<00:00, 22.70it/s, loss=0.107, v_num=]
Epoch 152:   0%|          | 0/19 [00:00<?, ?it/s, loss=0.107, v_num=]         
Epoch 153:   0%|          | 0/19 [00:00<?, ?it/s, loss=0.107, v_num=]/usr/local/lib/python3.12/dist-packages/torch/utils/data/dataloader.py:432: UserWarning: This DataLoader will create 6 worker processes in total. Our suggested max number of worker in current system is 2, which is smaller than what this DataLoader is going to create. Please be aware that excessive worker creation might get DataLoader running slow or even freeze, lower the worker number to avoid potential slowness/freeze if necessary.
  self.check_worker_number_rationality()

Epoch 153: 100%|██████████| 19/19 [00:00<00:00, 26.04it/s, loss=0.107, v_num=]
Epoch 153: 100%|██████████| 19/19 [00:00<00:00, 26.02it/s, loss=0.107, v_num=]
Epoch 153:   0%|          | 0/19 [00:00<?, ?it/s, loss=0.107, v_num=]         
Epoch 154:   0%|          | 0/19 [00:00<?, ?it/s, loss=0.107, v_num=]/usr/local/lib/python3.12/dist-packages/torch/utils/data/dataloader.py:432: UserWarning: This DataLoader will create 6 worker processes in total. Our suggested max number of worker in current system is 2, which is smaller than what this DataLoader is going to create. Please be aware that excessive worker creation might get DataLoader running slow or even freeze, lower the worker number to avoid potential slowness/freeze if necessary.
  self.check_worker_number_rationality()

Epoch 154: 100%|██████████| 19/19 [00:00<00:00, 26.24it/s, loss=0.107, v_num=]
Epoch 154: 100%|██████████| 19/19 [00:00<00:00, 26.22it/s, loss=0.114, v_num=]
Epoch 154:   0%|          | 0/19 [00:00<?, ?it/s, loss=0.114, v_num=]         
Epoch 155:   0%|          | 0/19 [00:00<?, ?it/s, loss=0.114, v_num=]/usr/local/lib/python3.12/dist-packages/torch/utils/data/dataloader.py:432: UserWarning: This DataLoader will create 6 worker processes in total. Our suggested max number of worker in current system is 2, which is smaller than what this DataLoader is going to create. Please be aware that excessive worker creation might get DataLoader running slow or even freeze, lower the worker number to avoid potential slowness/freeze if necessary.
  self.check_worker_number_rationality()

Epoch 155: 100%|██████████| 19/19 [00:00<00:00, 26.71it/s, loss=0.114, v_num=]
Epoch 155: 100%|██████████| 19/19 [00:00<00:00, 26.69it/s, loss=0.108, v_num=]Evaluating...
NMI : 0.6131471927654584, ARI: 0.3067141893844524, ACC: 0.25, current K: 3

Epoch 155:   0%|          | 0/19 [00:00<?, ?it/s, loss=0.108, v_num=]         
Epoch 156:   0%|          | 0/19 [00:00<?, ?it/s, loss=0.108, v_num=]/usr/local/lib/python3.12/dist-packages/torch/utils/data/dataloader.py:432: UserWarning: This DataLoader will create 6 worker processes in total. Our suggested max number of worker in current system is 2, which is smaller than what this DataLoader is going to create. Please be aware that excessive worker creation might get DataLoader running slow or even freeze, lower the worker number to avoid potential slowness/freeze if necessary.
  self.check_worker_number_rationality()

Epoch 156: 100%|██████████| 19/19 [00:00<00:00, 24.04it/s, loss=0.108, v_num=]
Epoch 156: 100%|██████████| 19/19 [00:00<00:00, 24.02it/s, loss=0.107, v_num=]
Epoch 156:   0%|          | 0/19 [00:00<?, ?it/s, loss=0.107, v_num=]         
Epoch 157:   0%|          | 0/19 [00:00<?, ?it/s, loss=0.107, v_num=]/usr/local/lib/python3.12/dist-packages/torch/utils/data/dataloader.py:432: UserWarning: This DataLoader will create 6 worker processes in total. Our suggested max number of worker in current system is 2, which is smaller than what this DataLoader is going to create. Please be aware that excessive worker creation might get DataLoader running slow or even freeze, lower the worker number to avoid potential slowness/freeze if necessary.
  self.check_worker_number_rationality()

Epoch 157: 100%|██████████| 19/19 [00:01<00:00, 18.63it/s, loss=0.107, v_num=]
Epoch 157: 100%|██████████| 19/19 [00:01<00:00, 18.62it/s, loss=0.112, v_num=]
Epoch 157:   0%|          | 0/19 [00:00<?, ?it/s, loss=0.112, v_num=]         
Epoch 158:   0%|          | 0/19 [00:00<?, ?it/s, loss=0.112, v_num=]/usr/local/lib/python3.12/dist-packages/torch/utils/data/dataloader.py:432: UserWarning: This DataLoader will create 6 worker processes in total. Our suggested max number of worker in current system is 2, which is smaller than what this DataLoader is going to create. Please be aware that excessive worker creation might get DataLoader running slow or even freeze, lower the worker number to avoid potential slowness/freeze if necessary.
  self.check_worker_number_rationality()

Epoch 158: 100%|██████████| 19/19 [00:01<00:00, 18.85it/s, loss=0.112, v_num=]
Epoch 158: 100%|██████████| 19/19 [00:01<00:00, 18.84it/s, loss=0.113, v_num=]
Epoch 158:   0%|          | 0/19 [00:00<?, ?it/s, loss=0.113, v_num=]         
Epoch 159:   0%|          | 0/19 [00:00<?, ?it/s, loss=0.113, v_num=]/usr/local/lib/python3.12/dist-packages/torch/utils/data/dataloader.py:432: UserWarning: This DataLoader will create 6 worker processes in total. Our suggested max number of worker in current system is 2, which is smaller than what this DataLoader is going to create. Please be aware that excessive worker creation might get DataLoader running slow or even freeze, lower the worker number to avoid potential slowness/freeze if necessary.
  self.check_worker_number_rationality()

Epoch 159: 100%|██████████| 19/19 [00:01<00:00, 18.88it/s, loss=0.113, v_num=]
Epoch 159: 100%|██████████| 19/19 [00:01<00:00, 18.87it/s, loss=0.109, v_num=]
Epoch 159:   0%|          | 0/19 [00:00<?, ?it/s, loss=0.109, v_num=]         
Epoch 160:   0%|          | 0/19 [00:00<?, ?it/s, loss=0.109, v_num=]/usr/local/lib/python3.12/dist-packages/torch/utils/data/dataloader.py:432: UserWarning: This DataLoader will create 6 worker processes in total. Our suggested max number of worker in current system is 2, which is smaller than what this DataLoader is going to create. Please be aware that excessive worker creation might get DataLoader running slow or even freeze, lower the worker number to avoid potential slowness/freeze if necessary.
  self.check_worker_number_rationality()

Epoch 160: 100%|██████████| 19/19 [00:00<00:00, 26.40it/s, loss=0.109, v_num=]
Epoch 160: 100%|██████████| 19/19 [00:00<00:00, 26.39it/s, loss=0.112, v_num=]Evaluating...
NMI : 0.6131471927654584, ARI: 0.3067141893844524, ACC: 0.25, current K: 3
Epoch 160 | NMI: 0.6131, ARI: 0.3067, ACC: 0.2500, current K: 3
Confusion Matrix:
[[  0 200   0   0   0   0   0   0   0   0   0   0]
 [  0 200   0   0   0   0   0   0   0   0   0   0]
 [  0 200   0   0   0   0   0   0   0   0   0   0]
 [  0 200   0   0   0   0   0   0   0   0   0   0]
 [  0   0 200   0   0   0   0   0   0   0   0   0]
 [  0   0 200   0   0   0   0   0   0   0   0   0]
 [  0   0 200   0   0   0   0   0   0   0   0   0]
 [  0   0 200   0   0   0   0   0   0   0   0   0]
 [200   0   0   0   0   0   0   0   0   0   0   0]
 [200   0   0   0   0   0   0   0   0   0   0   0]
 [200   0   0   0   0   0   0   0   0   0   0   0]
 [200   0   0   0   0   0   0   0   0   0   0   0]]

Epoch 160:   0%|          | 0/19 [00:00<?, ?it/s, loss=0.112, v_num=]         
Epoch 161:   0%|          | 0/19 [00:00<?, ?it/s, loss=0.112, v_num=]/usr/local/lib/python3.12/dist-packages/torch/utils/data/dataloader.py:432: UserWarning: This DataLoader will create 6 worker processes in total. Our suggested max number of worker in current system is 2, which is smaller than what this DataLoader is going to create. Please be aware that excessive worker creation might get DataLoader running slow or even freeze, lower the worker number to avoid potential slowness/freeze if necessary.
  self.check_worker_number_rationality()

Epoch 161: 100%|██████████| 19/19 [00:00<00:00, 23.11it/s, loss=0.112, v_num=]
Epoch 161: 100%|██████████| 19/19 [00:00<00:00, 23.10it/s, loss=0.113, v_num=]
Epoch 161:   0%|          | 0/19 [00:00<?, ?it/s, loss=0.113, v_num=]         
Epoch 162:   0%|          | 0/19 [00:00<?, ?it/s, loss=0.113, v_num=]/usr/local/lib/python3.12/dist-packages/torch/utils/data/dataloader.py:432: UserWarning: This DataLoader will create 6 worker processes in total. Our suggested max number of worker in current system is 2, which is smaller than what this DataLoader is going to create. Please be aware that excessive worker creation might get DataLoader running slow or even freeze, lower the worker number to avoid potential slowness/freeze if necessary.
  self.check_worker_number_rationality()

Epoch 162: 100%|██████████| 19/19 [00:00<00:00, 26.51it/s, loss=0.113, v_num=]
Epoch 162: 100%|██████████| 19/19 [00:00<00:00, 26.49it/s, loss=0.106, v_num=]
Epoch 162:   0%|          | 0/19 [00:00<?, ?it/s, loss=0.106, v_num=]         
Epoch 163:   0%|          | 0/19 [00:00<?, ?it/s, loss=0.106, v_num=]/usr/local/lib/python3.12/dist-packages/torch/utils/data/dataloader.py:432: UserWarning: This DataLoader will create 6 worker processes in total. Our suggested max number of worker in current system is 2, which is smaller than what this DataLoader is going to create. Please be aware that excessive worker creation might get DataLoader running slow or even freeze, lower the worker number to avoid potential slowness/freeze if necessary.
  self.check_worker_number_rationality()

Epoch 163: 100%|██████████| 19/19 [00:00<00:00, 26.04it/s, loss=0.106, v_num=]
Epoch 163: 100%|██████████| 19/19 [00:00<00:00, 26.02it/s, loss=0.112, v_num=]
Epoch 163:   0%|          | 0/19 [00:00<?, ?it/s, loss=0.112, v_num=]         
Epoch 164:   0%|          | 0/19 [00:00<?, ?it/s, loss=0.112, v_num=]/usr/local/lib/python3.12/dist-packages/torch/utils/data/dataloader.py:432: UserWarning: This DataLoader will create 6 worker processes in total. Our suggested max number of worker in current system is 2, which is smaller than what this DataLoader is going to create. Please be aware that excessive worker creation might get DataLoader running slow or even freeze, lower the worker number to avoid potential slowness/freeze if necessary.
  self.check_worker_number_rationality()

Epoch 164: 100%|██████████| 19/19 [00:00<00:00, 26.78it/s, loss=0.112, v_num=]
Epoch 164: 100%|██████████| 19/19 [00:00<00:00, 26.76it/s, loss=0.11, v_num=] 
Epoch 164:   0%|          | 0/19 [00:00<?, ?it/s, loss=0.11, v_num=]         
Epoch 165:   0%|          | 0/19 [00:00<?, ?it/s, loss=0.11, v_num=]/usr/local/lib/python3.12/dist-packages/torch/utils/data/dataloader.py:432: UserWarning: This DataLoader will create 6 worker processes in total. Our suggested max number of worker in current system is 2, which is smaller than what this DataLoader is going to create. Please be aware that excessive worker creation might get DataLoader running slow or even freeze, lower the worker number to avoid potential slowness/freeze if necessary.
  self.check_worker_number_rationality()

Epoch 165: 100%|██████████| 19/19 [00:00<00:00, 26.06it/s, loss=0.11, v_num=]
Epoch 165: 100%|██████████| 19/19 [00:00<00:00, 26.05it/s, loss=0.114, v_num=]Evaluating...
NMI : 0.6131471927654584, ARI: 0.3067141893844524, ACC: 0.25, current K: 3

Epoch 165:   0%|          | 0/19 [00:00<?, ?it/s, loss=0.114, v_num=]         
Epoch 166:   0%|          | 0/19 [00:00<?, ?it/s, loss=0.114, v_num=]/usr/local/lib/python3.12/dist-packages/torch/utils/data/dataloader.py:432: UserWarning: This DataLoader will create 6 worker processes in total. Our suggested max number of worker in current system is 2, which is smaller than what this DataLoader is going to create. Please be aware that excessive worker creation might get DataLoader running slow or even freeze, lower the worker number to avoid potential slowness/freeze if necessary.
  self.check_worker_number_rationality()

Epoch 166: 100%|██████████| 19/19 [00:00<00:00, 27.58it/s, loss=0.114, v_num=]
Epoch 166: 100%|██████████| 19/19 [00:00<00:00, 27.56it/s, loss=0.105, v_num=]
Epoch 166:   0%|          | 0/19 [00:00<?, ?it/s, loss=0.105, v_num=]         
Epoch 167:   0%|          | 0/19 [00:00<?, ?it/s, loss=0.105, v_num=]/usr/local/lib/python3.12/dist-packages/torch/utils/data/dataloader.py:432: UserWarning: This DataLoader will create 6 worker processes in total. Our suggested max number of worker in current system is 2, which is smaller than what this DataLoader is going to create. Please be aware that excessive worker creation might get DataLoader running slow or even freeze, lower the worker number to avoid potential slowness/freeze if necessary.
  self.check_worker_number_rationality()

Epoch 167: 100%|██████████| 19/19 [00:00<00:00, 24.13it/s, loss=0.105, v_num=]
Epoch 167: 100%|██████████| 19/19 [00:00<00:00, 24.11it/s, loss=0.113, v_num=]
Epoch 167:   0%|          | 0/19 [00:00<?, ?it/s, loss=0.113, v_num=]         
Epoch 168:   0%|          | 0/19 [00:00<?, ?it/s, loss=0.113, v_num=]/usr/local/lib/python3.12/dist-packages/torch/utils/data/dataloader.py:432: UserWarning: This DataLoader will create 6 worker processes in total. Our suggested max number of worker in current system is 2, which is smaller than what this DataLoader is going to create. Please be aware that excessive worker creation might get DataLoader running slow or even freeze, lower the worker number to avoid potential slowness/freeze if necessary.
  self.check_worker_number_rationality()

Epoch 168: 100%|██████████| 19/19 [00:01<00:00, 17.35it/s, loss=0.113, v_num=]
Epoch 168: 100%|██████████| 19/19 [00:01<00:00, 17.34it/s, loss=0.112, v_num=]
Epoch 168:   0%|          | 0/19 [00:00<?, ?it/s, loss=0.112, v_num=]         
Epoch 169:   0%|          | 0/19 [00:00<?, ?it/s, loss=0.112, v_num=]/usr/local/lib/python3.12/dist-packages/torch/utils/data/dataloader.py:432: UserWarning: This DataLoader will create 6 worker processes in total. Our suggested max number of worker in current system is 2, which is smaller than what this DataLoader is going to create. Please be aware that excessive worker creation might get DataLoader running slow or even freeze, lower the worker number to avoid potential slowness/freeze if necessary.
  self.check_worker_number_rationality()

Epoch 169: 100%|██████████| 19/19 [00:00<00:00, 26.51it/s, loss=0.112, v_num=]
Epoch 169: 100%|██████████| 19/19 [00:00<00:00, 26.50it/s, loss=0.114, v_num=]
Epoch 169:   0%|          | 0/19 [00:00<?, ?it/s, loss=0.114, v_num=]         
Epoch 170:   0%|          | 0/19 [00:00<?, ?it/s, loss=0.114, v_num=]/usr/local/lib/python3.12/dist-packages/torch/utils/data/dataloader.py:432: UserWarning: This DataLoader will create 6 worker processes in total. Our suggested max number of worker in current system is 2, which is smaller than what this DataLoader is going to create. Please be aware that excessive worker creation might get DataLoader running slow or even freeze, lower the worker number to avoid potential slowness/freeze if necessary.
  self.check_worker_number_rationality()

Epoch 170: 100%|██████████| 19/19 [00:00<00:00, 27.21it/s, loss=0.114, v_num=]
Epoch 170: 100%|██████████| 19/19 [00:00<00:00, 27.19it/s, loss=0.106, v_num=]Evaluating...
NMI : 0.6131471927654584, ARI: 0.3067141893844524, ACC: 0.25, current K: 3
Epoch 170 | NMI: 0.6131, ARI: 0.3067, ACC: 0.2500, current K: 3
Confusion Matrix:
[[  0 200   0   0   0   0   0   0   0   0   0   0]
 [  0 200   0   0   0   0   0   0   0   0   0   0]
 [  0 200   0   0   0   0   0   0   0   0   0   0]
 [  0 200   0   0   0   0   0   0   0   0   0   0]
 [  0   0 200   0   0   0   0   0   0   0   0   0]
 [  0   0 200   0   0   0   0   0   0   0   0   0]
 [  0   0 200   0   0   0   0   0   0   0   0   0]
 [  0   0 200   0   0   0   0   0   0   0   0   0]
 [200   0   0   0   0   0   0   0   0   0   0   0]
 [200   0   0   0   0   0   0   0   0   0   0   0]
 [200   0   0   0   0   0   0   0   0   0   0   0]
 [200   0   0   0   0   0   0   0   0   0   0   0]]

Epoch 170:   0%|          | 0/19 [00:00<?, ?it/s, loss=0.106, v_num=]         
Epoch 171:   0%|          | 0/19 [00:00<?, ?it/s, loss=0.106, v_num=]/usr/local/lib/python3.12/dist-packages/torch/utils/data/dataloader.py:432: UserWarning: This DataLoader will create 6 worker processes in total. Our suggested max number of worker in current system is 2, which is smaller than what this DataLoader is going to create. Please be aware that excessive worker creation might get DataLoader running slow or even freeze, lower the worker number to avoid potential slowness/freeze if necessary.
  self.check_worker_number_rationality()

Epoch 171: 100%|██████████| 19/19 [00:00<00:00, 26.69it/s, loss=0.106, v_num=]
Epoch 171: 100%|██████████| 19/19 [00:00<00:00, 26.67it/s, loss=0.107, v_num=]
Epoch 171:   0%|          | 0/19 [00:00<?, ?it/s, loss=0.107, v_num=]         
Epoch 172:   0%|          | 0/19 [00:00<?, ?it/s, loss=0.107, v_num=]/usr/local/lib/python3.12/dist-packages/torch/utils/data/dataloader.py:432: UserWarning: This DataLoader will create 6 worker processes in total. Our suggested max number of worker in current system is 2, which is smaller than what this DataLoader is going to create. Please be aware that excessive worker creation might get DataLoader running slow or even freeze, lower the worker number to avoid potential slowness/freeze if necessary.
  self.check_worker_number_rationality()

Epoch 172: 100%|██████████| 19/19 [00:00<00:00, 20.52it/s, loss=0.107, v_num=]
Epoch 172: 100%|██████████| 19/19 [00:00<00:00, 20.51it/s, loss=0.113, v_num=]
Epoch 172:   0%|          | 0/19 [00:00<?, ?it/s, loss=0.113, v_num=]         
Epoch 173:   0%|          | 0/19 [00:00<?, ?it/s, loss=0.113, v_num=]/usr/local/lib/python3.12/dist-packages/torch/utils/data/dataloader.py:432: UserWarning: This DataLoader will create 6 worker processes in total. Our suggested max number of worker in current system is 2, which is smaller than what this DataLoader is going to create. Please be aware that excessive worker creation might get DataLoader running slow or even freeze, lower the worker number to avoid potential slowness/freeze if necessary.
  self.check_worker_number_rationality()

Epoch 173: 100%|██████████| 19/19 [00:01<00:00, 18.62it/s, loss=0.113, v_num=]
Epoch 173: 100%|██████████| 19/19 [00:01<00:00, 18.61it/s, loss=0.114, v_num=]
Epoch 173:   0%|          | 0/19 [00:00<?, ?it/s, loss=0.114, v_num=]         
Epoch 174:   0%|          | 0/19 [00:00<?, ?it/s, loss=0.114, v_num=]/usr/local/lib/python3.12/dist-packages/torch/utils/data/dataloader.py:432: UserWarning: This DataLoader will create 6 worker processes in total. Our suggested max number of worker in current system is 2, which is smaller than what this DataLoader is going to create. Please be aware that excessive worker creation might get DataLoader running slow or even freeze, lower the worker number to avoid potential slowness/freeze if necessary.
  self.check_worker_number_rationality()

Epoch 174: 100%|██████████| 19/19 [00:01<00:00, 18.31it/s, loss=0.114, v_num=]
Epoch 174: 100%|██████████| 19/19 [00:01<00:00, 18.31it/s, loss=0.113, v_num=]
Epoch 174:   0%|          | 0/19 [00:00<?, ?it/s, loss=0.113, v_num=]         
Epoch 175:   0%|          | 0/19 [00:00<?, ?it/s, loss=0.113, v_num=]/usr/local/lib/python3.12/dist-packages/torch/utils/data/dataloader.py:432: UserWarning: This DataLoader will create 6 worker processes in total. Our suggested max number of worker in current system is 2, which is smaller than what this DataLoader is going to create. Please be aware that excessive worker creation might get DataLoader running slow or even freeze, lower the worker number to avoid potential slowness/freeze if necessary.
  self.check_worker_number_rationality()

Epoch 175: 100%|██████████| 19/19 [00:00<00:00, 22.80it/s, loss=0.113, v_num=]
Epoch 175: 100%|██████████| 19/19 [00:00<00:00, 22.79it/s, loss=0.107, v_num=]/content/DeepDPM-New/src/clustering_models/clusternet_modules/clusternetasmodel.py:672: UserWarning: To copy construct from a tensor, it is recommended to use sourceTensor.detach().clone() or sourceTensor.detach().clone().requires_grad_(True), rather than torch.tensor(sourceTensor).
  mus_ind_to_split = torch.nonzero(torch.tensor(split_decisions), as_tuple=False)
Splitting clusters [0 1]
Evaluating...
NMI : 0.6131471927654584, ARI: 0.3067141893844524, ACC: 0.25, current K: 3
[Split] K updated → 5 clusters
  [Epoch 175] losses at split → cluster_loss=0.0002, subcluster_loss=0.2122

Epoch 175:   0%|          | 0/19 [00:00<?, ?it/s, loss=0.107, v_num=]         
Epoch 176:   0%|          | 0/19 [00:00<?, ?it/s, loss=0.107, v_num=]/usr/local/lib/python3.12/dist-packages/torch/utils/data/dataloader.py:432: UserWarning: This DataLoader will create 6 worker processes in total. Our suggested max number of worker in current system is 2, which is smaller than what this DataLoader is going to create. Please be aware that excessive worker creation might get DataLoader running slow or even freeze, lower the worker number to avoid potential slowness/freeze if necessary.
  self.check_worker_number_rationality()

Epoch 176: 100%|██████████| 19/19 [00:00<00:00, 22.98it/s, loss=0.107, v_num=]
Epoch 176: 100%|██████████| 19/19 [00:00<00:00, 22.96it/s, loss=0.343, v_num=]
Epoch 176:   0%|          | 0/19 [00:00<?, ?it/s, loss=0.343, v_num=]         
Epoch 177:   0%|          | 0/19 [00:00<?, ?it/s, loss=0.343, v_num=]
Epoch 177: 100%|██████████| 19/19 [00:00<00:00, 23.11it/s, loss=0.343, v_num=]
Epoch 177: 100%|██████████| 19/19 [00:00<00:00, 23.10it/s, loss=0.321, v_num=]
Epoch 177:   0%|          | 0/19 [00:00<?, ?it/s, loss=0.321, v_num=]         
Epoch 178:   0%|          | 0/19 [00:00<?, ?it/s, loss=0.321, v_num=]
Epoch 178: 100%|██████████| 19/19 [00:00<00:00, 23.73it/s, loss=0.321, v_num=]
Epoch 178: 100%|██████████| 19/19 [00:00<00:00, 23.72it/s, loss=0.315, v_num=]
Epoch 178:   0%|          | 0/19 [00:00<?, ?it/s, loss=0.315, v_num=]         
Epoch 179:   0%|          | 0/19 [00:00<?, ?it/s, loss=0.315, v_num=]
Epoch 179: 100%|██████████| 19/19 [00:00<00:00, 23.68it/s, loss=0.315, v_num=]
Epoch 179: 100%|██████████| 19/19 [00:00<00:00, 23.67it/s, loss=0.316, v_num=]
Epoch 179:   0%|          | 0/19 [00:00<?, ?it/s, loss=0.316, v_num=]         
Epoch 180:   0%|          | 0/19 [00:00<?, ?it/s, loss=0.316, v_num=]
Epoch 180: 100%|██████████| 19/19 [00:00<00:00, 23.59it/s, loss=0.316, v_num=]
Epoch 180: 100%|██████████| 19/19 [00:00<00:00, 23.58it/s, loss=0.303, v_num=]Evaluating...
NMI : 0.6194660085859199, ARI: 0.33005083132242385, ACC: 0.30958, current K: 4
Epoch 180 | NMI: 0.6195, ARI: 0.3301, ACC: 0.3096, current K: 4
Confusion Matrix:
[[  0   0   0  11 189   0   0   0   0   0   0   0]
 [  0   0   0 134  66   0   0   0   0   0   0   0]
 [  0   0   0  21 179   0   0   0   0   0   0   0]
 [  0   0   0 154  46   0   0   0   0   0   0   0]
 [200   0   0   0   0   0   0   0   0   0   0   0]
 [200   0   0   0   0   0   0   0   0   0   0   0]
 [200   0   0   0   0   0   0   0   0   0   0   0]
 [200   0   0   0   0   0   0   0   0   0   0   0]
 [  0 200   0   0   0   0   0   0   0   0   0   0]
 [  0 200   0   0   0   0   0   0   0   0   0   0]
 [  0 200   0   0   0   0   0   0   0   0   0   0]
 [  0 200   0   0   0   0   0   0   0   0   0   0]]

Epoch 180:   0%|          | 0/19 [00:00<?, ?it/s, loss=0.303, v_num=]         
Epoch 181:   0%|          | 0/19 [00:00<?, ?it/s, loss=0.303, v_num=]/usr/local/lib/python3.12/dist-packages/torch/utils/data/dataloader.py:432: UserWarning: This DataLoader will create 6 worker processes in total. Our suggested max number of worker in current system is 2, which is smaller than what this DataLoader is going to create. Please be aware that excessive worker creation might get DataLoader running slow or even freeze, lower the worker number to avoid potential slowness/freeze if necessary.
  self.check_worker_number_rationality()

Epoch 181: 100%|██████████| 19/19 [00:00<00:00, 23.36it/s, loss=0.303, v_num=]
Epoch 181: 100%|██████████| 19/19 [00:00<00:00, 23.34it/s, loss=0.301, v_num=]
Epoch 181:   0%|          | 0/19 [00:00<?, ?it/s, loss=0.301, v_num=]         
Epoch 182:   0%|          | 0/19 [00:00<?, ?it/s, loss=0.301, v_num=]/usr/local/lib/python3.12/dist-packages/torch/utils/data/dataloader.py:432: UserWarning: This DataLoader will create 6 worker processes in total. Our suggested max number of worker in current system is 2, which is smaller than what this DataLoader is going to create. Please be aware that excessive worker creation might get DataLoader running slow or even freeze, lower the worker number to avoid potential slowness/freeze if necessary.
  self.check_worker_number_rationality()

Epoch 182: 100%|██████████| 19/19 [00:00<00:00, 23.81it/s, loss=0.301, v_num=]
Epoch 182: 100%|██████████| 19/19 [00:00<00:00, 23.79it/s, loss=0.0924, v_num=]
Epoch 182:   0%|          | 0/19 [00:00<?, ?it/s, loss=0.0924, v_num=]         
Epoch 183:   0%|          | 0/19 [00:00<?, ?it/s, loss=0.0924, v_num=]/usr/local/lib/python3.12/dist-packages/torch/utils/data/dataloader.py:432: UserWarning: This DataLoader will create 6 worker processes in total. Our suggested max number of worker in current system is 2, which is smaller than what this DataLoader is going to create. Please be aware that excessive worker creation might get DataLoader running slow or even freeze, lower the worker number to avoid potential slowness/freeze if necessary.
  self.check_worker_number_rationality()

Epoch 183: 100%|██████████| 19/19 [00:00<00:00, 23.61it/s, loss=0.0924, v_num=]
Epoch 183: 100%|██████████| 19/19 [00:00<00:00, 23.60it/s, loss=0.0873, v_num=]
Epoch 183:   0%|          | 0/19 [00:00<?, ?it/s, loss=0.0873, v_num=]         
Epoch 184:   0%|          | 0/19 [00:00<?, ?it/s, loss=0.0873, v_num=]/usr/local/lib/python3.12/dist-packages/torch/utils/data/dataloader.py:432: UserWarning: This DataLoader will create 6 worker processes in total. Our suggested max number of worker in current system is 2, which is smaller than what this DataLoader is going to create. Please be aware that excessive worker creation might get DataLoader running slow or even freeze, lower the worker number to avoid potential slowness/freeze if necessary.
  self.check_worker_number_rationality()

Epoch 184: 100%|██████████| 19/19 [00:00<00:00, 23.07it/s, loss=0.0873, v_num=]
Epoch 184: 100%|██████████| 19/19 [00:00<00:00, 23.06it/s, loss=0.0905, v_num=]
Epoch 184:   0%|          | 0/19 [00:00<?, ?it/s, loss=0.0905, v_num=]         
Epoch 185:   0%|          | 0/19 [00:00<?, ?it/s, loss=0.0905, v_num=]/usr/local/lib/python3.12/dist-packages/torch/utils/data/dataloader.py:432: UserWarning: This DataLoader will create 6 worker processes in total. Our suggested max number of worker in current system is 2, which is smaller than what this DataLoader is going to create. Please be aware that excessive worker creation might get DataLoader running slow or even freeze, lower the worker number to avoid potential slowness/freeze if necessary.
  self.check_worker_number_rationality()

Epoch 185: 100%|██████████| 19/19 [00:00<00:00, 22.96it/s, loss=0.0905, v_num=]
Epoch 185: 100%|██████████| 19/19 [00:00<00:00, 22.95it/s, loss=0.0927, v_num=]Evaluating...
NMI : 0.6329667280648115, ARI: 0.34078876840450656, ACC: 0.33208, current K: 5

Epoch 185:   0%|          | 0/19 [00:00<?, ?it/s, loss=0.0927, v_num=]         
Epoch 186:   0%|          | 0/19 [00:00<?, ?it/s, loss=0.0927, v_num=]/usr/local/lib/python3.12/dist-packages/torch/utils/data/dataloader.py:432: UserWarning: This DataLoader will create 6 worker processes in total. Our suggested max number of worker in current system is 2, which is smaller than what this DataLoader is going to create. Please be aware that excessive worker creation might get DataLoader running slow or even freeze, lower the worker number to avoid potential slowness/freeze if necessary.
  self.check_worker_number_rationality()

Epoch 186: 100%|██████████| 19/19 [00:00<00:00, 21.75it/s, loss=0.0927, v_num=]
Epoch 186: 100%|██████████| 19/19 [00:00<00:00, 21.74it/s, loss=0.0838, v_num=]
Epoch 186:   0%|          | 0/19 [00:00<?, ?it/s, loss=0.0838, v_num=]         
Epoch 187:   0%|          | 0/19 [00:00<?, ?it/s, loss=0.0838, v_num=]/usr/local/lib/python3.12/dist-packages/torch/utils/data/dataloader.py:432: UserWarning: This DataLoader will create 6 worker processes in total. Our suggested max number of worker in current system is 2, which is smaller than what this DataLoader is going to create. Please be aware that excessive worker creation might get DataLoader running slow or even freeze, lower the worker number to avoid potential slowness/freeze if necessary.
  self.check_worker_number_rationality()

Epoch 187: 100%|██████████| 19/19 [00:01<00:00, 17.65it/s, loss=0.0838, v_num=]
Epoch 187: 100%|██████████| 19/19 [00:01<00:00, 17.64it/s, loss=0.0836, v_num=]
Epoch 187:   0%|          | 0/19 [00:00<?, ?it/s, loss=0.0836, v_num=]         
Epoch 188:   0%|          | 0/19 [00:00<?, ?it/s, loss=0.0836, v_num=]/usr/local/lib/python3.12/dist-packages/torch/utils/data/dataloader.py:432: UserWarning: This DataLoader will create 6 worker processes in total. Our suggested max number of worker in current system is 2, which is smaller than what this DataLoader is going to create. Please be aware that excessive worker creation might get DataLoader running slow or even freeze, lower the worker number to avoid potential slowness/freeze if necessary.
  self.check_worker_number_rationality()

Epoch 188: 100%|██████████| 19/19 [00:01<00:00, 13.50it/s, loss=0.0836, v_num=]
Epoch 188: 100%|██████████| 19/19 [00:01<00:00, 13.50it/s, loss=0.0825, v_num=]
Epoch 188:   0%|          | 0/19 [00:00<?, ?it/s, loss=0.0825, v_num=]         
Epoch 189:   0%|          | 0/19 [00:00<?, ?it/s, loss=0.0825, v_num=]/usr/local/lib/python3.12/dist-packages/torch/utils/data/dataloader.py:432: UserWarning: This DataLoader will create 6 worker processes in total. Our suggested max number of worker in current system is 2, which is smaller than what this DataLoader is going to create. Please be aware that excessive worker creation might get DataLoader running slow or even freeze, lower the worker number to avoid potential slowness/freeze if necessary.
  self.check_worker_number_rationality()

Epoch 189: 100%|██████████| 19/19 [00:01<00:00, 16.82it/s, loss=0.0825, v_num=]
Epoch 189: 100%|██████████| 19/19 [00:01<00:00, 16.81it/s, loss=0.0899, v_num=]
Epoch 189:   0%|          | 0/19 [00:00<?, ?it/s, loss=0.0899, v_num=]         
Epoch 190:   0%|          | 0/19 [00:00<?, ?it/s, loss=0.0899, v_num=]/usr/local/lib/python3.12/dist-packages/torch/utils/data/dataloader.py:432: UserWarning: This DataLoader will create 6 worker processes in total. Our suggested max number of worker in current system is 2, which is smaller than what this DataLoader is going to create. Please be aware that excessive worker creation might get DataLoader running slow or even freeze, lower the worker number to avoid potential slowness/freeze if necessary.
  self.check_worker_number_rationality()

Epoch 190: 100%|██████████| 19/19 [00:00<00:00, 23.43it/s, loss=0.0899, v_num=]
Epoch 190: 100%|██████████| 19/19 [00:00<00:00, 23.42it/s, loss=0.0813, v_num=]Evaluating...
NMI : 0.6627635744234033, ARI: 0.3923249312228493, ACC: 0.40208, current K: 5
Epoch 190 | NMI: 0.6628, ARI: 0.3923, ACC: 0.4021, current K: 5
Confusion Matrix:
[[  0   0   0  16 184   0   0   0   0   0   0   0]
 [  0   0   0 183  17   0   0   0   0   0   0   0]
 [  0   0   0  72 128   0   0   0   0   0   0   0]
 [  0   0   0 189  11   0   0   0   0   0   0   0]
 [200   0   0   0   0   0   0   0   0   0   0   0]
 [200   0   0   0   0   0   0   0   0   0   0   0]
 [200   0   0   0   0   0   0   0   0   0   0   0]
 [200   0   0   0   0   0   0   0   0   0   0   0]
 [  0   3 197   0   0   0   0   0   0   0   0   0]
 [  0 195   5   0   0   0   0   0   0   0   0   0]
 [  0 142  58   0   0   0   0   0   0   0   0   0]
 [  0 187  13   0   0   0   0   0   0   0   0   0]]

Epoch 190:   0%|          | 0/19 [00:00<?, ?it/s, loss=0.0813, v_num=]         
Epoch 191:   0%|          | 0/19 [00:00<?, ?it/s, loss=0.0813, v_num=]/usr/local/lib/python3.12/dist-packages/torch/utils/data/dataloader.py:432: UserWarning: This DataLoader will create 6 worker processes in total. Our suggested max number of worker in current system is 2, which is smaller than what this DataLoader is going to create. Please be aware that excessive worker creation might get DataLoader running slow or even freeze, lower the worker number to avoid potential slowness/freeze if necessary.
  self.check_worker_number_rationality()

Epoch 191: 100%|██████████| 19/19 [00:00<00:00, 22.76it/s, loss=0.0813, v_num=]
Epoch 191: 100%|██████████| 19/19 [00:00<00:00, 22.75it/s, loss=0.0818, v_num=]
Epoch 191:   0%|          | 0/19 [00:00<?, ?it/s, loss=0.0818, v_num=]         
Epoch 192:   0%|          | 0/19 [00:00<?, ?it/s, loss=0.0818, v_num=]
Epoch 192: 100%|██████████| 19/19 [00:00<00:00, 23.07it/s, loss=0.0818, v_num=]
Epoch 192: 100%|██████████| 19/19 [00:00<00:00, 23.05it/s, loss=0.0811, v_num=]
Epoch 192:   0%|          | 0/19 [00:00<?, ?it/s, loss=0.0811, v_num=]         
Epoch 193:   0%|          | 0/19 [00:00<?, ?it/s, loss=0.0811, v_num=]
Epoch 193: 100%|██████████| 19/19 [00:00<00:00, 22.69it/s, loss=0.0811, v_num=]
Epoch 193: 100%|██████████| 19/19 [00:00<00:00, 22.68it/s, loss=0.0798, v_num=]
Epoch 193:   0%|          | 0/19 [00:00<?, ?it/s, loss=0.0798, v_num=]         
Epoch 194:   0%|          | 0/19 [00:00<?, ?it/s, loss=0.0798, v_num=]
Epoch 194: 100%|██████████| 19/19 [00:00<00:00, 23.06it/s, loss=0.0798, v_num=]
Epoch 194: 100%|██████████| 19/19 [00:00<00:00, 23.05it/s, loss=0.0807, v_num=]
Epoch 194:   0%|          | 0/19 [00:00<?, ?it/s, loss=0.0807, v_num=]         
Epoch 195:   0%|          | 0/19 [00:00<?, ?it/s, loss=0.0807, v_num=]
Epoch 195: 100%|██████████| 19/19 [00:00<00:00, 22.97it/s, loss=0.0807, v_num=]
Epoch 195: 100%|██████████| 19/19 [00:00<00:00, 22.95it/s, loss=0.0808, v_num=]Evaluating...
NMI : 0.6585383715168908, ARI: 0.3904448501089663, ACC: 0.40208, current K: 5

Epoch 195:   0%|          | 0/19 [00:00<?, ?it/s, loss=0.0808, v_num=]         
Epoch 196:   0%|          | 0/19 [00:00<?, ?it/s, loss=0.0808, v_num=]/usr/local/lib/python3.12/dist-packages/torch/utils/data/dataloader.py:432: UserWarning: This DataLoader will create 6 worker processes in total. Our suggested max number of worker in current system is 2, which is smaller than what this DataLoader is going to create. Please be aware that excessive worker creation might get DataLoader running slow or even freeze, lower the worker number to avoid potential slowness/freeze if necessary.
  self.check_worker_number_rationality()

Epoch 196: 100%|██████████| 19/19 [00:01<00:00, 14.02it/s, loss=0.0808, v_num=]
Epoch 196: 100%|██████████| 19/19 [00:01<00:00, 14.01it/s, loss=0.0819, v_num=]
Epoch 196:   0%|          | 0/19 [00:00<?, ?it/s, loss=0.0819, v_num=]         
Epoch 197:   0%|          | 0/19 [00:00<?, ?it/s, loss=0.0819, v_num=]
Epoch 197: 100%|██████████| 19/19 [00:00<00:00, 23.78it/s, loss=0.0819, v_num=]
Epoch 197: 100%|██████████| 19/19 [00:00<00:00, 23.76it/s, loss=0.0805, v_num=]
Epoch 197:   0%|          | 0/19 [00:00<?, ?it/s, loss=0.0805, v_num=]         
Epoch 198:   0%|          | 0/19 [00:00<?, ?it/s, loss=0.0805, v_num=]
Epoch 198: 100%|██████████| 19/19 [00:00<00:00, 22.82it/s, loss=0.0805, v_num=]
Epoch 198: 100%|██████████| 19/19 [00:00<00:00, 22.81it/s, loss=0.0832, v_num=]
Epoch 198:   0%|          | 0/19 [00:00<?, ?it/s, loss=0.0832, v_num=]         
Epoch 199:   0%|          | 0/19 [00:00<?, ?it/s, loss=0.0832, v_num=]
Epoch 199: 100%|██████████| 19/19 [00:00<00:00, 23.30it/s, loss=0.0832, v_num=]
Epoch 199: 100%|██████████| 19/19 [00:00<00:00, 23.29it/s, loss=0.0829, v_num=]
Epoch 199:   0%|          | 0/19 [00:00<?, ?it/s, loss=0.0829, v_num=]         
Epoch 200:   0%|          | 0/19 [00:00<?, ?it/s, loss=0.0829, v_num=]
Epoch 200: 100%|██████████| 19/19 [00:00<00:00, 22.20it/s, loss=0.0829, v_num=]
Epoch 200: 100%|██████████| 19/19 [00:00<00:00, 22.18it/s, loss=0.0819, v_num=]Evaluating...
NMI : 0.6631066128693797, ARI: 0.3935484614870203, ACC: 0.40542, current K: 5
Epoch 200 | NMI: 0.6631, ARI: 0.3935, ACC: 0.4054, current K: 5
Confusion Matrix:
[[  0   0   0   6 194   0   0   0   0   0   0   0]
 [  0   0   0 182  18   0   0   0   0   0   0   0]
 [  0   0   0  89 111   0   0   0   0   0   0   0]
 [  0   0   0 191   9   0   0   0   0   0   0   0]
 [200   0   0   0   0   0   0   0   0   0   0   0]
 [200   0   0   0   0   0   0   0   0   0   0   0]
 [200   0   0   0   0   0   0   0   0   0   0   0]
 [200   0   0   0   0   0   0   0   0   0   0   0]
 [  0   3 197   0   0   0   0   0   0   0   0   0]
 [  0 191   9   0   0   0   0   0   0   0   0   0]
 [  0 101  99   0   0   0   0   0   0   0   0   0]
 [  0 184  16   0   0   0   0   0   0   0   0   0]]

Epoch 200:   0%|          | 0/19 [00:00<?, ?it/s, loss=0.0819, v_num=]         
Epoch 201:   0%|          | 0/19 [00:00<?, ?it/s, loss=0.0819, v_num=]/usr/local/lib/python3.12/dist-packages/torch/utils/data/dataloader.py:432: UserWarning: This DataLoader will create 6 worker processes in total. Our suggested max number of worker in current system is 2, which is smaller than what this DataLoader is going to create. Please be aware that excessive worker creation might get DataLoader running slow or even freeze, lower the worker number to avoid potential slowness/freeze if necessary.
  self.check_worker_number_rationality()

Epoch 201: 100%|██████████| 19/19 [00:01<00:00, 16.44it/s, loss=0.0819, v_num=]
Epoch 201: 100%|██████████| 19/19 [00:01<00:00, 16.43it/s, loss=0.0846, v_num=]
Epoch 201:   0%|          | 0/19 [00:00<?, ?it/s, loss=0.0846, v_num=]         
Epoch 202:   0%|          | 0/19 [00:00<?, ?it/s, loss=0.0846, v_num=]
Epoch 202: 100%|██████████| 19/19 [00:01<00:00, 16.25it/s, loss=0.0846, v_num=]
Epoch 202: 100%|██████████| 19/19 [00:01<00:00, 16.25it/s, loss=0.0851, v_num=]
Epoch 202:   0%|          | 0/19 [00:00<?, ?it/s, loss=0.0851, v_num=]         
Epoch 203:   0%|          | 0/19 [00:00<?, ?it/s, loss=0.0851, v_num=]
Epoch 203: 100%|██████████| 19/19 [00:00<00:00, 19.27it/s, loss=0.0851, v_num=]
Epoch 203: 100%|██████████| 19/19 [00:00<00:00, 19.26it/s, loss=0.0848, v_num=]
Epoch 203:   0%|          | 0/19 [00:00<?, ?it/s, loss=0.0848, v_num=]         
Epoch 204:   0%|          | 0/19 [00:00<?, ?it/s, loss=0.0848, v_num=]
Epoch 204: 100%|██████████| 19/19 [00:00<00:00, 23.27it/s, loss=0.0848, v_num=]
Epoch 204: 100%|██████████| 19/19 [00:00<00:00, 23.25it/s, loss=0.0853, v_num=]
Epoch 204:   0%|          | 0/19 [00:00<?, ?it/s, loss=0.0853, v_num=]         
Epoch 205:   0%|          | 0/19 [00:00<?, ?it/s, loss=0.0853, v_num=]
Epoch 205: 100%|██████████| 19/19 [00:00<00:00, 22.53it/s, loss=0.0853, v_num=]
Epoch 205: 100%|██████████| 19/19 [00:00<00:00, 22.52it/s, loss=0.0852, v_num=]/content/DeepDPM-New/src/clustering_models/clusternet_modules/models/Classifiers.py:351: UserWarning: To copy construct from a tensor, it is recommended to use sourceTensor.detach().clone() or sourceTensor.detach().clone().requires_grad_(True), rather than torch.tensor(sourceTensor).
  mus_ind_not_merged = torch.nonzero(torch.logical_not(torch.tensor(merge_decisions)), as_tuple=False)
/content/DeepDPM-New/src/clustering_models/clusternet_modules/models/Classifiers.py:359: UserWarning: To copy construct from a tensor, it is recommended to use sourceTensor.detach().clone() or sourceTensor.detach().clone().requires_grad_(True), rather than torch.tensor(sourceTensor).
  fc1_weights_not_merged = class_fc1.weight.data[torch.logical_not(torch.tensor(merge_decisions)).repeat_interleave(self.hidden_dim), :]
Merging clusters [[1, 2], [3, 4]]
Evaluating...
NMI : 0.6684427073248226, ARI: 0.39611653408740677, ACC: 0.40833, current K: 5
[Merge] K updated → 3 clusters
  [Epoch 205] losses at merge → cluster_loss=0.0161, subcluster_loss=0.1558

Epoch 205:   0%|          | 0/19 [00:00<?, ?it/s, loss=0.0852, v_num=]         
Epoch 206:   0%|          | 0/19 [00:00<?, ?it/s, loss=0.0852, v_num=]/usr/local/lib/python3.12/dist-packages/torch/utils/data/dataloader.py:432: UserWarning: This DataLoader will create 6 worker processes in total. Our suggested max number of worker in current system is 2, which is smaller than what this DataLoader is going to create. Please be aware that excessive worker creation might get DataLoader running slow or even freeze, lower the worker number to avoid potential slowness/freeze if necessary.
  self.check_worker_number_rationality()

Epoch 206: 100%|██████████| 19/19 [00:00<00:00, 24.10it/s, loss=0.0852, v_num=]
Epoch 206: 100%|██████████| 19/19 [00:00<00:00, 24.08it/s, loss=0.131, v_num=] 
Epoch 206:   0%|          | 0/19 [00:00<?, ?it/s, loss=0.131, v_num=]         
Epoch 207:   0%|          | 0/19 [00:00<?, ?it/s, loss=0.131, v_num=]
Epoch 207: 100%|██████████| 19/19 [00:00<00:00, 25.70it/s, loss=0.131, v_num=]
Epoch 207: 100%|██████████| 19/19 [00:00<00:00, 25.68it/s, loss=0.128, v_num=]
Epoch 207:   0%|          | 0/19 [00:00<?, ?it/s, loss=0.128, v_num=]         
Epoch 208:   0%|          | 0/19 [00:00<?, ?it/s, loss=0.128, v_num=]
Epoch 208: 100%|██████████| 19/19 [00:00<00:00, 26.53it/s, loss=0.128, v_num=]
Epoch 208: 100%|██████████| 19/19 [00:00<00:00, 26.51it/s, loss=0.117, v_num=]
Epoch 208:   0%|          | 0/19 [00:00<?, ?it/s, loss=0.117, v_num=]         
Epoch 209:   0%|          | 0/19 [00:00<?, ?it/s, loss=0.117, v_num=]
Epoch 209: 100%|██████████| 19/19 [00:00<00:00, 26.71it/s, loss=0.117, v_num=]
Epoch 209: 100%|██████████| 19/19 [00:00<00:00, 26.70it/s, loss=0.111, v_num=]
Epoch 209:   0%|          | 0/19 [00:00<?, ?it/s, loss=0.111, v_num=]         
Epoch 210:   0%|          | 0/19 [00:00<?, ?it/s, loss=0.111, v_num=]
Epoch 210: 100%|██████████| 19/19 [00:00<00:00, 26.20it/s, loss=0.111, v_num=]
Epoch 210: 100%|██████████| 19/19 [00:00<00:00, 26.19it/s, loss=0.111, v_num=]Evaluating...
NMI : 0.6131471927654584, ARI: 0.3067141893844524, ACC: 0.25, current K: 3
Epoch 210 | NMI: 0.6131, ARI: 0.3067, ACC: 0.2500, current K: 3
Confusion Matrix:
[[  0   0 200   0   0   0   0   0   0   0   0   0]
 [  0   0 200   0   0   0   0   0   0   0   0   0]
 [  0   0 200   0   0   0   0   0   0   0   0   0]
 [  0   0 200   0   0   0   0   0   0   0   0   0]
 [200   0   0   0   0   0   0   0   0   0   0   0]
 [200   0   0   0   0   0   0   0   0   0   0   0]
 [200   0   0   0   0   0   0   0   0   0   0   0]
 [200   0   0   0   0   0   0   0   0   0   0   0]
 [  0 200   0   0   0   0   0   0   0   0   0   0]
 [  0 200   0   0   0   0   0   0   0   0   0   0]
 [  0 200   0   0   0   0   0   0   0   0   0   0]
 [  0 200   0   0   0   0   0   0   0   0   0   0]]

Epoch 210:   0%|          | 0/19 [00:00<?, ?it/s, loss=0.111, v_num=]         
Epoch 211:   0%|          | 0/19 [00:00<?, ?it/s, loss=0.111, v_num=]/usr/local/lib/python3.12/dist-packages/torch/utils/data/dataloader.py:432: UserWarning: This DataLoader will create 6 worker processes in total. Our suggested max number of worker in current system is 2, which is smaller than what this DataLoader is going to create. Please be aware that excessive worker creation might get DataLoader running slow or even freeze, lower the worker number to avoid potential slowness/freeze if necessary.
  self.check_worker_number_rationality()

Epoch 211: 100%|██████████| 19/19 [00:00<00:00, 25.65it/s, loss=0.111, v_num=]
Epoch 211: 100%|██████████| 19/19 [00:00<00:00, 25.64it/s, loss=0.11, v_num=] 
Epoch 211:   0%|          | 0/19 [00:00<?, ?it/s, loss=0.11, v_num=]         
Epoch 212:   0%|          | 0/19 [00:00<?, ?it/s, loss=0.11, v_num=]
Epoch 212: 100%|██████████| 19/19 [00:00<00:00, 25.98it/s, loss=0.11, v_num=]
Epoch 212: 100%|██████████| 19/19 [00:00<00:00, 25.97it/s, loss=0.0987, v_num=]
Epoch 212:   0%|          | 0/19 [00:00<?, ?it/s, loss=0.0987, v_num=]         
Epoch 213:   0%|          | 0/19 [00:00<?, ?it/s, loss=0.0987, v_num=]
Epoch 213: 100%|██████████| 19/19 [00:00<00:00, 26.67it/s, loss=0.0987, v_num=]
Epoch 213: 100%|██████████| 19/19 [00:00<00:00, 26.65it/s, loss=0.0978, v_num=]
Epoch 213:   0%|          | 0/19 [00:00<?, ?it/s, loss=0.0978, v_num=]         
Epoch 214:   0%|          | 0/19 [00:00<?, ?it/s, loss=0.0978, v_num=]
Epoch 214: 100%|██████████| 19/19 [00:00<00:00, 26.41it/s, loss=0.0978, v_num=]
Epoch 214: 100%|██████████| 19/19 [00:00<00:00, 26.39it/s, loss=0.0962, v_num=]
Epoch 214:   0%|          | 0/19 [00:00<?, ?it/s, loss=0.0962, v_num=]         
Epoch 215:   0%|          | 0/19 [00:00<?, ?it/s, loss=0.0962, v_num=]
Epoch 215: 100%|██████████| 19/19 [00:00<00:00, 26.42it/s, loss=0.0962, v_num=]
Epoch 215: 100%|██████████| 19/19 [00:00<00:00, 26.40it/s, loss=0.0957, v_num=]Evaluating...
NMI : 0.6131471927654584, ARI: 0.3067141893844524, ACC: 0.25, current K: 3

Epoch 215:   0%|          | 0/19 [00:00<?, ?it/s, loss=0.0957, v_num=]         
Epoch 216:   0%|          | 0/19 [00:00<?, ?it/s, loss=0.0957, v_num=]/usr/local/lib/python3.12/dist-packages/torch/utils/data/dataloader.py:432: UserWarning: This DataLoader will create 6 worker processes in total. Our suggested max number of worker in current system is 2, which is smaller than what this DataLoader is going to create. Please be aware that excessive worker creation might get DataLoader running slow or even freeze, lower the worker number to avoid potential slowness/freeze if necessary.
  self.check_worker_number_rationality()

Epoch 216: 100%|██████████| 19/19 [00:00<00:00, 21.29it/s, loss=0.0957, v_num=]
Epoch 216: 100%|██████████| 19/19 [00:00<00:00, 21.28it/s, loss=0.0963, v_num=]
Epoch 216:   0%|          | 0/19 [00:00<?, ?it/s, loss=0.0963, v_num=]         
Epoch 217:   0%|          | 0/19 [00:00<?, ?it/s, loss=0.0963, v_num=]
Epoch 217: 100%|██████████| 19/19 [00:01<00:00, 18.76it/s, loss=0.0963, v_num=]
Epoch 217: 100%|██████████| 19/19 [00:01<00:00, 18.75it/s, loss=0.0939, v_num=]
Epoch 217:   0%|          | 0/19 [00:00<?, ?it/s, loss=0.0939, v_num=]         
Epoch 218:   0%|          | 0/19 [00:00<?, ?it/s, loss=0.0939, v_num=]
Epoch 218: 100%|██████████| 19/19 [00:01<00:00, 18.55it/s, loss=0.0939, v_num=]
Epoch 218: 100%|██████████| 19/19 [00:01<00:00, 18.53it/s, loss=0.0962, v_num=]
Epoch 218:   0%|          | 0/19 [00:00<?, ?it/s, loss=0.0962, v_num=]         
Epoch 219:   0%|          | 0/19 [00:00<?, ?it/s, loss=0.0962, v_num=]
Epoch 219: 100%|██████████| 19/19 [00:00<00:00, 19.57it/s, loss=0.0962, v_num=]
Epoch 219: 100%|██████████| 19/19 [00:00<00:00, 19.56it/s, loss=0.0942, v_num=]
Epoch 219:   0%|          | 0/19 [00:00<?, ?it/s, loss=0.0942, v_num=]         
Epoch 220:   0%|          | 0/19 [00:00<?, ?it/s, loss=0.0942, v_num=]
Epoch 220: 100%|██████████| 19/19 [00:00<00:00, 25.71it/s, loss=0.0942, v_num=]
Epoch 220: 100%|██████████| 19/19 [00:00<00:00, 25.69it/s, loss=0.0949, v_num=]Evaluating...
NMI : 0.6131471927654584, ARI: 0.3067141893844524, ACC: 0.25, current K: 3
Epoch 220 | NMI: 0.6131, ARI: 0.3067, ACC: 0.2500, current K: 3
Confusion Matrix:
[[  0   0 200   0   0   0   0   0   0   0   0   0]
 [  0   0 200   0   0   0   0   0   0   0   0   0]
 [  0   0 200   0   0   0   0   0   0   0   0   0]
 [  0   0 200   0   0   0   0   0   0   0   0   0]
 [200   0   0   0   0   0   0   0   0   0   0   0]
 [200   0   0   0   0   0   0   0   0   0   0   0]
 [200   0   0   0   0   0   0   0   0   0   0   0]
 [200   0   0   0   0   0   0   0   0   0   0   0]
 [  0 200   0   0   0   0   0   0   0   0   0   0]
 [  0 200   0   0   0   0   0   0   0   0   0   0]
 [  0 200   0   0   0   0   0   0   0   0   0   0]
 [  0 200   0   0   0   0   0   0   0   0   0   0]]

Epoch 220:   0%|          | 0/19 [00:00<?, ?it/s, loss=0.0949, v_num=]         
Epoch 221:   0%|          | 0/19 [00:00<?, ?it/s, loss=0.0949, v_num=]/usr/local/lib/python3.12/dist-packages/torch/utils/data/dataloader.py:432: UserWarning: This DataLoader will create 6 worker processes in total. Our suggested max number of worker in current system is 2, which is smaller than what this DataLoader is going to create. Please be aware that excessive worker creation might get DataLoader running slow or even freeze, lower the worker number to avoid potential slowness/freeze if necessary.
  self.check_worker_number_rationality()

Epoch 221: 100%|██████████| 19/19 [00:00<00:00, 26.22it/s, loss=0.0949, v_num=]
Epoch 221: 100%|██████████| 19/19 [00:00<00:00, 26.20it/s, loss=0.0951, v_num=]
Epoch 221:   0%|          | 0/19 [00:00<?, ?it/s, loss=0.0951, v_num=]         
Epoch 222:   0%|          | 0/19 [00:00<?, ?it/s, loss=0.0951, v_num=]
Epoch 222: 100%|██████████| 19/19 [00:00<00:00, 25.79it/s, loss=0.0951, v_num=]
Epoch 222: 100%|██████████| 19/19 [00:00<00:00, 25.77it/s, loss=0.0963, v_num=]
Epoch 222:   0%|          | 0/19 [00:00<?, ?it/s, loss=0.0963, v_num=]         
Epoch 223:   0%|          | 0/19 [00:00<?, ?it/s, loss=0.0963, v_num=]
Epoch 223: 100%|██████████| 19/19 [00:00<00:00, 26.23it/s, loss=0.0963, v_num=]
Epoch 223: 100%|██████████| 19/19 [00:00<00:00, 26.21it/s, loss=0.0946, v_num=]
Epoch 223:   0%|          | 0/19 [00:00<?, ?it/s, loss=0.0946, v_num=]         
Epoch 224:   0%|          | 0/19 [00:00<?, ?it/s, loss=0.0946, v_num=]
Epoch 224: 100%|██████████| 19/19 [00:00<00:00, 25.80it/s, loss=0.0946, v_num=]
Epoch 224: 100%|██████████| 19/19 [00:00<00:00, 25.78it/s, loss=0.0948, v_num=]
Epoch 224:   0%|          | 0/19 [00:00<?, ?it/s, loss=0.0948, v_num=]         
Epoch 225:   0%|          | 0/19 [00:00<?, ?it/s, loss=0.0948, v_num=]
Epoch 225: 100%|██████████| 19/19 [00:00<00:00, 26.03it/s, loss=0.0948, v_num=]
Epoch 225: 100%|██████████| 19/19 [00:00<00:00, 26.01it/s, loss=0.0955, v_num=]Evaluating...
NMI : 0.6131471927654584, ARI: 0.3067141893844524, ACC: 0.25, current K: 3

Epoch 225:   0%|          | 0/19 [00:00<?, ?it/s, loss=0.0955, v_num=]         
Epoch 226:   0%|          | 0/19 [00:00<?, ?it/s, loss=0.0955, v_num=]/usr/local/lib/python3.12/dist-packages/torch/utils/data/dataloader.py:432: UserWarning: This DataLoader will create 6 worker processes in total. Our suggested max number of worker in current system is 2, which is smaller than what this DataLoader is going to create. Please be aware that excessive worker creation might get DataLoader running slow or even freeze, lower the worker number to avoid potential slowness/freeze if necessary.
  self.check_worker_number_rationality()

Epoch 226: 100%|██████████| 19/19 [00:00<00:00, 26.08it/s, loss=0.0955, v_num=]
Epoch 226: 100%|██████████| 19/19 [00:00<00:00, 26.07it/s, loss=0.0963, v_num=]
Epoch 226:   0%|          | 0/19 [00:00<?, ?it/s, loss=0.0963, v_num=]         
Epoch 227:   0%|          | 0/19 [00:00<?, ?it/s, loss=0.0963, v_num=]
Epoch 227: 100%|██████████| 19/19 [00:00<00:00, 26.31it/s, loss=0.0963, v_num=]
Epoch 227: 100%|██████████| 19/19 [00:00<00:00, 26.29it/s, loss=0.0946, v_num=]
Epoch 227:   0%|          | 0/19 [00:00<?, ?it/s, loss=0.0946, v_num=]         
Epoch 228:   0%|          | 0/19 [00:00<?, ?it/s, loss=0.0946, v_num=]
Epoch 228: 100%|██████████| 19/19 [00:00<00:00, 25.87it/s, loss=0.0946, v_num=]
Epoch 228: 100%|██████████| 19/19 [00:00<00:00, 25.85it/s, loss=0.0937, v_num=]
Epoch 228:   0%|          | 0/19 [00:00<?, ?it/s, loss=0.0937, v_num=]         
Epoch 229:   0%|          | 0/19 [00:00<?, ?it/s, loss=0.0937, v_num=]
Epoch 229: 100%|██████████| 19/19 [00:00<00:00, 26.43it/s, loss=0.0937, v_num=]
Epoch 229: 100%|██████████| 19/19 [00:00<00:00, 26.42it/s, loss=0.0945, v_num=]
Epoch 229:   0%|          | 0/19 [00:00<?, ?it/s, loss=0.0945, v_num=]         
Epoch 230:   0%|          | 0/19 [00:00<?, ?it/s, loss=0.0945, v_num=]
Epoch 230: 100%|██████████| 19/19 [00:00<00:00, 26.44it/s, loss=0.0945, v_num=]
Epoch 230: 100%|██████████| 19/19 [00:00<00:00, 26.43it/s, loss=0.0945, v_num=]Evaluating...
NMI : 0.6131471927654584, ARI: 0.3067141893844524, ACC: 0.25, current K: 3
Epoch 230 | NMI: 0.6131, ARI: 0.3067, ACC: 0.2500, current K: 3
Confusion Matrix:
[[  0   0 200   0   0   0   0   0   0   0   0   0]
 [  0   0 200   0   0   0   0   0   0   0   0   0]
 [  0   0 200   0   0   0   0   0   0   0   0   0]
 [  0   0 200   0   0   0   0   0   0   0   0   0]
 [200   0   0   0   0   0   0   0   0   0   0   0]
 [200   0   0   0   0   0   0   0   0   0   0   0]
 [200   0   0   0   0   0   0   0   0   0   0   0]
 [200   0   0   0   0   0   0   0   0   0   0   0]
 [  0 200   0   0   0   0   0   0   0   0   0   0]
 [  0 200   0   0   0   0   0   0   0   0   0   0]
 [  0 200   0   0   0   0   0   0   0   0   0   0]
 [  0 200   0   0   0   0   0   0   0   0   0   0]]

Epoch 230:   0%|          | 0/19 [00:00<?, ?it/s, loss=0.0945, v_num=]         
Epoch 231:   0%|          | 0/19 [00:00<?, ?it/s, loss=0.0945, v_num=]/usr/local/lib/python3.12/dist-packages/torch/utils/data/dataloader.py:432: UserWarning: This DataLoader will create 6 worker processes in total. Our suggested max number of worker in current system is 2, which is smaller than what this DataLoader is going to create. Please be aware that excessive worker creation might get DataLoader running slow or even freeze, lower the worker number to avoid potential slowness/freeze if necessary.
  self.check_worker_number_rationality()

Epoch 231: 100%|██████████| 19/19 [00:00<00:00, 22.50it/s, loss=0.0945, v_num=]
Epoch 231: 100%|██████████| 19/19 [00:00<00:00, 22.48it/s, loss=0.0961, v_num=]
Epoch 231:   0%|          | 0/19 [00:00<?, ?it/s, loss=0.0961, v_num=]         
Epoch 232:   0%|          | 0/19 [00:00<?, ?it/s, loss=0.0961, v_num=]
Epoch 232: 100%|██████████| 19/19 [00:01<00:00, 18.82it/s, loss=0.0961, v_num=]
Epoch 232: 100%|██████████| 19/19 [00:01<00:00, 18.82it/s, loss=0.095, v_num=] 
Epoch 232:   0%|          | 0/19 [00:00<?, ?it/s, loss=0.095, v_num=]         
Epoch 233:   0%|          | 0/19 [00:00<?, ?it/s, loss=0.095, v_num=]
Epoch 233: 100%|██████████| 19/19 [00:01<00:00, 18.62it/s, loss=0.095, v_num=]
Epoch 233: 100%|██████████| 19/19 [00:01<00:00, 18.61it/s, loss=0.095, v_num=]
Epoch 233:   0%|          | 0/19 [00:00<?, ?it/s, loss=0.095, v_num=]         
Epoch 234:   0%|          | 0/19 [00:00<?, ?it/s, loss=0.095, v_num=]
Epoch 234: 100%|██████████| 19/19 [00:01<00:00, 16.68it/s, loss=0.095, v_num=]
Epoch 234: 100%|██████████| 19/19 [00:01<00:00, 16.67it/s, loss=0.0947, v_num=]
Epoch 234:   0%|          | 0/19 [00:00<?, ?it/s, loss=0.0947, v_num=]         
Epoch 235:   0%|          | 0/19 [00:00<?, ?it/s, loss=0.0947, v_num=]
Epoch 235: 100%|██████████| 19/19 [00:00<00:00, 24.05it/s, loss=0.0947, v_num=]
Epoch 235: 100%|██████████| 19/19 [00:00<00:00, 24.04it/s, loss=0.0958, v_num=]/content/DeepDPM-New/src/clustering_models/clusternet_modules/clusternetasmodel.py:672: UserWarning: To copy construct from a tensor, it is recommended to use sourceTensor.detach().clone() or sourceTensor.detach().clone().requires_grad_(True), rather than torch.tensor(sourceTensor).
  mus_ind_to_split = torch.nonzero(torch.tensor(split_decisions), as_tuple=False)
Splitting clusters [0 1 2]
Evaluating...
NMI : 0.6131471927654584, ARI: 0.3067141893844524, ACC: 0.25, current K: 3
[Split] K updated → 6 clusters
  [Epoch 235] losses at split → cluster_loss=0.0000, subcluster_loss=0.1908

Epoch 235:   0%|          | 0/19 [00:00<?, ?it/s, loss=0.0958, v_num=]         
Epoch 236:   0%|          | 0/19 [00:00<?, ?it/s, loss=0.0958, v_num=]/usr/local/lib/python3.12/dist-packages/torch/utils/data/dataloader.py:432: UserWarning: This DataLoader will create 6 worker processes in total. Our suggested max number of worker in current system is 2, which is smaller than what this DataLoader is going to create. Please be aware that excessive worker creation might get DataLoader running slow or even freeze, lower the worker number to avoid potential slowness/freeze if necessary.
  self.check_worker_number_rationality()

Epoch 236: 100%|██████████| 19/19 [00:00<00:00, 21.54it/s, loss=0.0958, v_num=]
Epoch 236: 100%|██████████| 19/19 [00:00<00:00, 21.53it/s, loss=0.437, v_num=] 
Epoch 236:   0%|          | 0/19 [00:00<?, ?it/s, loss=0.437, v_num=]         
Epoch 237:   0%|          | 0/19 [00:00<?, ?it/s, loss=0.437, v_num=]
Epoch 237: 100%|██████████| 19/19 [00:00<00:00, 21.46it/s, loss=0.437, v_num=]
Epoch 237: 100%|██████████| 19/19 [00:00<00:00, 21.45it/s, loss=0.42, v_num=] 
Epoch 237:   0%|          | 0/19 [00:00<?, ?it/s, loss=0.42, v_num=]         
Epoch 238:   0%|          | 0/19 [00:00<?, ?it/s, loss=0.42, v_num=]
Epoch 238: 100%|██████████| 19/19 [00:00<00:00, 21.49it/s, loss=0.42, v_num=]
Epoch 238: 100%|██████████| 19/19 [00:00<00:00, 21.48it/s, loss=0.411, v_num=]
Epoch 238:   0%|          | 0/19 [00:00<?, ?it/s, loss=0.411, v_num=]         
Epoch 239:   0%|          | 0/19 [00:00<?, ?it/s, loss=0.411, v_num=]
Epoch 239: 100%|██████████| 19/19 [00:00<00:00, 21.89it/s, loss=0.411, v_num=]
Epoch 239: 100%|██████████| 19/19 [00:00<00:00, 21.88it/s, loss=0.398, v_num=]
Epoch 239:   0%|          | 0/19 [00:00<?, ?it/s, loss=0.398, v_num=]         
Epoch 240:   0%|          | 0/19 [00:00<?, ?it/s, loss=0.398, v_num=]
Epoch 240: 100%|██████████| 19/19 [00:00<00:00, 21.85it/s, loss=0.398, v_num=]
Epoch 240: 100%|██████████| 19/19 [00:00<00:00, 21.84it/s, loss=0.359, v_num=]Evaluating...
NMI : 0.6131471927654584, ARI: 0.3067141893844524, ACC: 0.25, current K: 3
Epoch 240 | NMI: 0.6131, ARI: 0.3067, ACC: 0.2500, current K: 3
Confusion Matrix:
[[  0   0   0   0   0 200   0   0   0   0   0   0]
 [  0   0   0   0   0 200   0   0   0   0   0   0]
 [  0   0   0   0   0 200   0   0   0   0   0   0]
 [  0   0   0   0   0 200   0   0   0   0   0   0]
 [200   0   0   0   0   0   0   0   0   0   0   0]
 [200   0   0   0   0   0   0   0   0   0   0   0]
 [200   0   0   0   0   0   0   0   0   0   0   0]
 [200   0   0   0   0   0   0   0   0   0   0   0]
 [  0   0   0 200   0   0   0   0   0   0   0   0]
 [  0   0   0 200   0   0   0   0   0   0   0   0]
 [  0   0   0 200   0   0   0   0   0   0   0   0]
 [  0   0   0 200   0   0   0   0   0   0   0   0]]

Epoch 240:   0%|          | 0/19 [00:00<?, ?it/s, loss=0.359, v_num=]         
Epoch 241:   0%|          | 0/19 [00:00<?, ?it/s, loss=0.359, v_num=]/usr/local/lib/python3.12/dist-packages/torch/utils/data/dataloader.py:432: UserWarning: This DataLoader will create 6 worker processes in total. Our suggested max number of worker in current system is 2, which is smaller than what this DataLoader is going to create. Please be aware that excessive worker creation might get DataLoader running slow or even freeze, lower the worker number to avoid potential slowness/freeze if necessary.
  self.check_worker_number_rationality()

Epoch 241: 100%|██████████| 19/19 [00:00<00:00, 21.34it/s, loss=0.359, v_num=]
Epoch 241: 100%|██████████| 19/19 [00:00<00:00, 21.33it/s, loss=0.36, v_num=] 
Epoch 241:   0%|          | 0/19 [00:00<?, ?it/s, loss=0.36, v_num=]         
Epoch 242:   0%|          | 0/19 [00:00<?, ?it/s, loss=0.36, v_num=]/usr/local/lib/python3.12/dist-packages/torch/utils/data/dataloader.py:432: UserWarning: This DataLoader will create 6 worker processes in total. Our suggested max number of worker in current system is 2, which is smaller than what this DataLoader is going to create. Please be aware that excessive worker creation might get DataLoader running slow or even freeze, lower the worker number to avoid potential slowness/freeze if necessary.
  self.check_worker_number_rationality()

Epoch 242: 100%|██████████| 19/19 [00:01<00:00, 12.76it/s, loss=0.36, v_num=]
Epoch 242: 100%|██████████| 19/19 [00:01<00:00, 12.76it/s, loss=0.104, v_num=]
Epoch 242:   0%|          | 0/19 [00:00<?, ?it/s, loss=0.104, v_num=]         
Epoch 243:   0%|          | 0/19 [00:00<?, ?it/s, loss=0.104, v_num=]/usr/local/lib/python3.12/dist-packages/torch/utils/data/dataloader.py:432: UserWarning: This DataLoader will create 6 worker processes in total. Our suggested max number of worker in current system is 2, which is smaller than what this DataLoader is going to create. Please be aware that excessive worker creation might get DataLoader running slow or even freeze, lower the worker number to avoid potential slowness/freeze if necessary.
  self.check_worker_number_rationality()

Epoch 243: 100%|██████████| 19/19 [00:00<00:00, 21.39it/s, loss=0.104, v_num=]
Epoch 243: 100%|██████████| 19/19 [00:00<00:00, 21.38it/s, loss=0.1, v_num=]  
Epoch 243:   0%|          | 0/19 [00:00<?, ?it/s, loss=0.1, v_num=]         
Epoch 244:   0%|          | 0/19 [00:00<?, ?it/s, loss=0.1, v_num=]/usr/local/lib/python3.12/dist-packages/torch/utils/data/dataloader.py:432: UserWarning: This DataLoader will create 6 worker processes in total. Our suggested max number of worker in current system is 2, which is smaller than what this DataLoader is going to create. Please be aware that excessive worker creation might get DataLoader running slow or even freeze, lower the worker number to avoid potential slowness/freeze if necessary.
  self.check_worker_number_rationality()

Epoch 244: 100%|██████████| 19/19 [00:00<00:00, 21.86it/s, loss=0.1, v_num=]
Epoch 244: 100%|██████████| 19/19 [00:00<00:00, 21.85it/s, loss=0.104, v_num=]
Epoch 244:   0%|          | 0/19 [00:00<?, ?it/s, loss=0.104, v_num=]         
Epoch 245:   0%|          | 0/19 [00:00<?, ?it/s, loss=0.104, v_num=]/usr/local/lib/python3.12/dist-packages/torch/utils/data/dataloader.py:432: UserWarning: This DataLoader will create 6 worker processes in total. Our suggested max number of worker in current system is 2, which is smaller than what this DataLoader is going to create. Please be aware that excessive worker creation might get DataLoader running slow or even freeze, lower the worker number to avoid potential slowness/freeze if necessary.
  self.check_worker_number_rationality()

Epoch 245: 100%|██████████| 19/19 [00:01<00:00, 18.42it/s, loss=0.104, v_num=]
Epoch 245: 100%|██████████| 19/19 [00:01<00:00, 18.41it/s, loss=0.096, v_num=]Evaluating...
NMI : 0.6823889048679829, ARI: 0.4097001313286472, ACC: 0.43875, current K: 6

Epoch 245:   0%|          | 0/19 [00:00<?, ?it/s, loss=0.096, v_num=]         
Epoch 246:   0%|          | 0/19 [00:00<?, ?it/s, loss=0.096, v_num=]/usr/local/lib/python3.12/dist-packages/torch/utils/data/dataloader.py:432: UserWarning: This DataLoader will create 6 worker processes in total. Our suggested max number of worker in current system is 2, which is smaller than what this DataLoader is going to create. Please be aware that excessive worker creation might get DataLoader running slow or even freeze, lower the worker number to avoid potential slowness/freeze if necessary.
  self.check_worker_number_rationality()

Epoch 246: 100%|██████████| 19/19 [00:01<00:00, 15.52it/s, loss=0.096, v_num=]
Epoch 246: 100%|██████████| 19/19 [00:01<00:00, 15.52it/s, loss=0.0956, v_num=]
Epoch 246:   0%|          | 0/19 [00:00<?, ?it/s, loss=0.0956, v_num=]         
Epoch 247:   0%|          | 0/19 [00:00<?, ?it/s, loss=0.0956, v_num=]/usr/local/lib/python3.12/dist-packages/torch/utils/data/dataloader.py:432: UserWarning: This DataLoader will create 6 worker processes in total. Our suggested max number of worker in current system is 2, which is smaller than what this DataLoader is going to create. Please be aware that excessive worker creation might get DataLoader running slow or even freeze, lower the worker number to avoid potential slowness/freeze if necessary.
  self.check_worker_number_rationality()

Epoch 247: 100%|██████████| 19/19 [00:01<00:00, 14.48it/s, loss=0.0956, v_num=]
Epoch 247: 100%|██████████| 19/19 [00:01<00:00, 14.48it/s, loss=0.0872, v_num=]
Epoch 247:   0%|          | 0/19 [00:00<?, ?it/s, loss=0.0872, v_num=]         
Epoch 248:   0%|          | 0/19 [00:00<?, ?it/s, loss=0.0872, v_num=]/usr/local/lib/python3.12/dist-packages/torch/utils/data/dataloader.py:432: UserWarning: This DataLoader will create 6 worker processes in total. Our suggested max number of worker in current system is 2, which is smaller than what this DataLoader is going to create. Please be aware that excessive worker creation might get DataLoader running slow or even freeze, lower the worker number to avoid potential slowness/freeze if necessary.
  self.check_worker_number_rationality()

Epoch 248: 100%|██████████| 19/19 [00:00<00:00, 21.29it/s, loss=0.0872, v_num=]
Epoch 248: 100%|██████████| 19/19 [00:00<00:00, 21.28it/s, loss=0.09, v_num=]  
Epoch 248:   0%|          | 0/19 [00:00<?, ?it/s, loss=0.09, v_num=]         
Epoch 249:   0%|          | 0/19 [00:00<?, ?it/s, loss=0.09, v_num=]/usr/local/lib/python3.12/dist-packages/torch/utils/data/dataloader.py:432: UserWarning: This DataLoader will create 6 worker processes in total. Our suggested max number of worker in current system is 2, which is smaller than what this DataLoader is going to create. Please be aware that excessive worker creation might get DataLoader running slow or even freeze, lower the worker number to avoid potential slowness/freeze if necessary.
  self.check_worker_number_rationality()

Epoch 249: 100%|██████████| 19/19 [00:00<00:00, 21.42it/s, loss=0.09, v_num=]
Epoch 249: 100%|██████████| 19/19 [00:00<00:00, 21.41it/s, loss=0.0942, v_num=]
Epoch 249:   0%|          | 0/19 [00:00<?, ?it/s, loss=0.0942, v_num=]         
Epoch 250:   0%|          | 0/19 [00:00<?, ?it/s, loss=0.0942, v_num=]/usr/local/lib/python3.12/dist-packages/torch/utils/data/dataloader.py:432: UserWarning: This DataLoader will create 6 worker processes in total. Our suggested max number of worker in current system is 2, which is smaller than what this DataLoader is going to create. Please be aware that excessive worker creation might get DataLoader running slow or even freeze, lower the worker number to avoid potential slowness/freeze if necessary.
  self.check_worker_number_rationality()

Epoch 250: 100%|██████████| 19/19 [00:01<00:00, 14.00it/s, loss=0.0942, v_num=]
Epoch 250: 100%|██████████| 19/19 [00:01<00:00, 13.99it/s, loss=0.0978, v_num=]Evaluating...
NMI : 0.7181589037914059, ARI: 0.49589158208950523, ACC: 0.4925, current K: 6
Epoch 250 | NMI: 0.7182, ARI: 0.4959, ACC: 0.4925, current K: 6
Confusion Matrix:
[[  0   0   0   0   3 197   0   0   0   0   0   0]
 [  0   0   0   0 190  10   0   0   0   0   0   0]
 [  0   0   0   0  72 128   0   0   0   0   0   0]
 [  0   0   0   0 195   5   0   0   0   0   0   0]
 [200   0   0   0   0   0   0   0   0   0   0   0]
 [ 53 147   0   0   0   0   0   0   0   0   0   0]
 [185  15   0   0   0   0   0   0   0   0   0   0]
 [  5 195   0   0   0   0   0   0   0   0   0   0]
 [  0   0 199   1   0   0   0   0   0   0   0   0]
 [  0   0   5 195   0   0   0   0   0   0   0   0]
 [  0   0  85 115   0   0   0   0   0   0   0   0]
 [  0   0   4 196   0   0   0   0   0   0   0   0]]

Epoch 250:   0%|          | 0/19 [00:00<?, ?it/s, loss=0.0978, v_num=]         
Epoch 251:   0%|          | 0/19 [00:00<?, ?it/s, loss=0.0978, v_num=]/usr/local/lib/python3.12/dist-packages/torch/utils/data/dataloader.py:432: UserWarning: This DataLoader will create 6 worker processes in total. Our suggested max number of worker in current system is 2, which is smaller than what this DataLoader is going to create. Please be aware that excessive worker creation might get DataLoader running slow or even freeze, lower the worker number to avoid potential slowness/freeze if necessary.
  self.check_worker_number_rationality()

Epoch 251: 100%|██████████| 19/19 [00:00<00:00, 20.07it/s, loss=0.0978, v_num=]
Epoch 251: 100%|██████████| 19/19 [00:00<00:00, 20.06it/s, loss=0.0966, v_num=]
Epoch 251:   0%|          | 0/19 [00:00<?, ?it/s, loss=0.0966, v_num=]         
Epoch 252:   0%|          | 0/19 [00:00<?, ?it/s, loss=0.0966, v_num=]/usr/local/lib/python3.12/dist-packages/torch/utils/data/dataloader.py:432: UserWarning: This DataLoader will create 6 worker processes in total. Our suggested max number of worker in current system is 2, which is smaller than what this DataLoader is going to create. Please be aware that excessive worker creation might get DataLoader running slow or even freeze, lower the worker number to avoid potential slowness/freeze if necessary.
  self.check_worker_number_rationality()

Epoch 252: 100%|██████████| 19/19 [00:00<00:00, 21.62it/s, loss=0.0966, v_num=]
Epoch 252: 100%|██████████| 19/19 [00:00<00:00, 21.60it/s, loss=0.0971, v_num=]
Epoch 252:   0%|          | 0/19 [00:00<?, ?it/s, loss=0.0971, v_num=]         
Epoch 253:   0%|          | 0/19 [00:00<?, ?it/s, loss=0.0971, v_num=]/usr/local/lib/python3.12/dist-packages/torch/utils/data/dataloader.py:432: UserWarning: This DataLoader will create 6 worker processes in total. Our suggested max number of worker in current system is 2, which is smaller than what this DataLoader is going to create. Please be aware that excessive worker creation might get DataLoader running slow or even freeze, lower the worker number to avoid potential slowness/freeze if necessary.
  self.check_worker_number_rationality()

Epoch 253: 100%|██████████| 19/19 [00:00<00:00, 21.94it/s, loss=0.0971, v_num=]
Epoch 253: 100%|██████████| 19/19 [00:00<00:00, 21.93it/s, loss=0.0958, v_num=]
Epoch 253:   0%|          | 0/19 [00:00<?, ?it/s, loss=0.0958, v_num=]         
Epoch 254:   0%|          | 0/19 [00:00<?, ?it/s, loss=0.0958, v_num=]/usr/local/lib/python3.12/dist-packages/torch/utils/data/dataloader.py:432: UserWarning: This DataLoader will create 6 worker processes in total. Our suggested max number of worker in current system is 2, which is smaller than what this DataLoader is going to create. Please be aware that excessive worker creation might get DataLoader running slow or even freeze, lower the worker number to avoid potential slowness/freeze if necessary.
  self.check_worker_number_rationality()

Epoch 254: 100%|██████████| 19/19 [00:00<00:00, 21.68it/s, loss=0.0958, v_num=]
Epoch 254: 100%|██████████| 19/19 [00:00<00:00, 21.67it/s, loss=0.095, v_num=] 
Epoch 254:   0%|          | 0/19 [00:00<?, ?it/s, loss=0.095, v_num=]         
Epoch 255:   0%|          | 0/19 [00:00<?, ?it/s, loss=0.095, v_num=]/usr/local/lib/python3.12/dist-packages/torch/utils/data/dataloader.py:432: UserWarning: This DataLoader will create 6 worker processes in total. Our suggested max number of worker in current system is 2, which is smaller than what this DataLoader is going to create. Please be aware that excessive worker creation might get DataLoader running slow or even freeze, lower the worker number to avoid potential slowness/freeze if necessary.
  self.check_worker_number_rationality()

Epoch 255: 100%|██████████| 19/19 [00:00<00:00, 21.76it/s, loss=0.095, v_num=]
Epoch 255: 100%|██████████| 19/19 [00:00<00:00, 21.75it/s, loss=0.096, v_num=]Evaluating...
NMI : 0.7248844352730953, ARI: 0.5063069687849708, ACC: 0.49333, current K: 6

Epoch 255:   0%|          | 0/19 [00:00<?, ?it/s, loss=0.096, v_num=]         
Epoch 256:   0%|          | 0/19 [00:00<?, ?it/s, loss=0.096, v_num=]/usr/local/lib/python3.12/dist-packages/torch/utils/data/dataloader.py:432: UserWarning: This DataLoader will create 6 worker processes in total. Our suggested max number of worker in current system is 2, which is smaller than what this DataLoader is going to create. Please be aware that excessive worker creation might get DataLoader running slow or even freeze, lower the worker number to avoid potential slowness/freeze if necessary.
  self.check_worker_number_rationality()

Epoch 256: 100%|██████████| 19/19 [00:00<00:00, 21.32it/s, loss=0.096, v_num=]
Epoch 256: 100%|██████████| 19/19 [00:00<00:00, 21.31it/s, loss=0.0961, v_num=]
Epoch 256:   0%|          | 0/19 [00:00<?, ?it/s, loss=0.0961, v_num=]         
Epoch 257:   0%|          | 0/19 [00:00<?, ?it/s, loss=0.0961, v_num=]/usr/local/lib/python3.12/dist-packages/torch/utils/data/dataloader.py:432: UserWarning: This DataLoader will create 6 worker processes in total. Our suggested max number of worker in current system is 2, which is smaller than what this DataLoader is going to create. Please be aware that excessive worker creation might get DataLoader running slow or even freeze, lower the worker number to avoid potential slowness/freeze if necessary.
  self.check_worker_number_rationality()

Epoch 257: 100%|██████████| 19/19 [00:00<00:00, 21.58it/s, loss=0.0961, v_num=]
Epoch 257: 100%|██████████| 19/19 [00:00<00:00, 21.57it/s, loss=0.102, v_num=] 
Epoch 257:   0%|          | 0/19 [00:00<?, ?it/s, loss=0.102, v_num=]         
Epoch 258:   0%|          | 0/19 [00:00<?, ?it/s, loss=0.102, v_num=]/usr/local/lib/python3.12/dist-packages/torch/utils/data/dataloader.py:432: UserWarning: This DataLoader will create 6 worker processes in total. Our suggested max number of worker in current system is 2, which is smaller than what this DataLoader is going to create. Please be aware that excessive worker creation might get DataLoader running slow or even freeze, lower the worker number to avoid potential slowness/freeze if necessary.
  self.check_worker_number_rationality()

Epoch 258: 100%|██████████| 19/19 [00:01<00:00, 17.03it/s, loss=0.102, v_num=]
Epoch 258: 100%|██████████| 19/19 [00:01<00:00, 17.02it/s, loss=0.102, v_num=]
Epoch 258:   0%|          | 0/19 [00:00<?, ?it/s, loss=0.102, v_num=]         
Epoch 259:   0%|          | 0/19 [00:00<?, ?it/s, loss=0.102, v_num=]/usr/local/lib/python3.12/dist-packages/torch/utils/data/dataloader.py:432: UserWarning: This DataLoader will create 6 worker processes in total. Our suggested max number of worker in current system is 2, which is smaller than what this DataLoader is going to create. Please be aware that excessive worker creation might get DataLoader running slow or even freeze, lower the worker number to avoid potential slowness/freeze if necessary.
  self.check_worker_number_rationality()

Epoch 259: 100%|██████████| 19/19 [00:01<00:00, 16.47it/s, loss=0.102, v_num=]
Epoch 259: 100%|██████████| 19/19 [00:01<00:00, 16.46it/s, loss=0.0925, v_num=]
Epoch 259:   0%|          | 0/19 [00:00<?, ?it/s, loss=0.0925, v_num=]         
Epoch 260:   0%|          | 0/19 [00:00<?, ?it/s, loss=0.0925, v_num=]
Epoch 260: 100%|██████████| 19/19 [00:01<00:00, 15.21it/s, loss=0.0925, v_num=]
Epoch 260: 100%|██████████| 19/19 [00:01<00:00, 15.20it/s, loss=0.0934, v_num=]Evaluating...
NMI : 0.7497484646972482, ARI: 0.5382828382452184, ACC: 0.49625, current K: 6
Epoch 260 | NMI: 0.7497, ARI: 0.5383, ACC: 0.4963, current K: 6
Confusion Matrix:
[[  0   0   0   0   0 200   0   0   0   0   0   0]
 [  0   0   0   0 194   6   0   0   0   0   0   0]
 [  0   0   0   0  53 147   0   0   0   0   0   0]
 [  0   0   0   0 198   2   0   0   0   0   0   0]
 [200   0   0   0   0   0   0   0   0   0   0   0]
 [ 18 182   0   0   0   0   0   0   0   0   0   0]
 [186  14   0   0   0   0   0   0   0   0   0   0]
 [  5 195   0   0   0   0   0   0   0   0   0   0]
 [  0   0 199   1   0   0   0   0   0   0   0   0]
 [  0   0   5 195   0   0   0   0   0   0   0   0]
 [  0   0 142  58   0   0   0   0   0   0   0   0]
 [  0   0   1 199   0   0   0   0   0   0   0   0]]

Epoch 260:   0%|          | 0/19 [00:00<?, ?it/s, loss=0.0934, v_num=]         
Epoch 261:   0%|          | 0/19 [00:00<?, ?it/s, loss=0.0934, v_num=]/usr/local/lib/python3.12/dist-packages/torch/utils/data/dataloader.py:432: UserWarning: This DataLoader will create 6 worker processes in total. Our suggested max number of worker in current system is 2, which is smaller than what this DataLoader is going to create. Please be aware that excessive worker creation might get DataLoader running slow or even freeze, lower the worker number to avoid potential slowness/freeze if necessary.
  self.check_worker_number_rationality()

Epoch 261: 100%|██████████| 19/19 [00:01<00:00, 17.83it/s, loss=0.0934, v_num=]
Epoch 261: 100%|██████████| 19/19 [00:01<00:00, 17.82it/s, loss=0.0905, v_num=]
Epoch 261:   0%|          | 0/19 [00:00<?, ?it/s, loss=0.0905, v_num=]         
Epoch 262:   0%|          | 0/19 [00:00<?, ?it/s, loss=0.0905, v_num=]
Epoch 262: 100%|██████████| 19/19 [00:00<00:00, 21.43it/s, loss=0.0905, v_num=]
Epoch 262: 100%|██████████| 19/19 [00:00<00:00, 21.42it/s, loss=0.09, v_num=]  
Epoch 262:   0%|          | 0/19 [00:00<?, ?it/s, loss=0.09, v_num=]         
Epoch 263:   0%|          | 0/19 [00:00<?, ?it/s, loss=0.09, v_num=]
Epoch 263: 100%|██████████| 19/19 [00:00<00:00, 21.79it/s, loss=0.09, v_num=]
Epoch 263: 100%|██████████| 19/19 [00:00<00:00, 21.78it/s, loss=0.0895, v_num=]
Epoch 263:   0%|          | 0/19 [00:00<?, ?it/s, loss=0.0895, v_num=]         
Epoch 264:   0%|          | 0/19 [00:00<?, ?it/s, loss=0.0895, v_num=]
Epoch 264: 100%|██████████| 19/19 [00:01<00:00, 13.66it/s, loss=0.0895, v_num=]
Epoch 264: 100%|██████████| 19/19 [00:01<00:00, 13.64it/s, loss=0.0885, v_num=]
Epoch 264:   0%|          | 0/19 [00:00<?, ?it/s, loss=0.0885, v_num=]         
Epoch 265:   0%|          | 0/19 [00:00<?, ?it/s, loss=0.0885, v_num=]
Epoch 265: 100%|██████████| 19/19 [00:01<00:00, 12.52it/s, loss=0.0885, v_num=]
Epoch 265: 100%|██████████| 19/19 [00:01<00:00, 12.52it/s, loss=0.0893, v_num=]Evaluating...
NMI : 0.7704283045240286, ARI: 0.5676243627968994, ACC: 0.49583, current K: 6

Epoch 265:   0%|          | 0/19 [00:00<?, ?it/s, loss=0.0893, v_num=]         
Epoch 266:   0%|          | 0/19 [00:00<?, ?it/s, loss=0.0893, v_num=]/usr/local/lib/python3.12/dist-packages/torch/utils/data/dataloader.py:432: UserWarning: This DataLoader will create 6 worker processes in total. Our suggested max number of worker in current system is 2, which is smaller than what this DataLoader is going to create. Please be aware that excessive worker creation might get DataLoader running slow or even freeze, lower the worker number to avoid potential slowness/freeze if necessary.
  self.check_worker_number_rationality()

Epoch 266: 100%|██████████| 19/19 [00:00<00:00, 21.11it/s, loss=0.0893, v_num=]
Epoch 266: 100%|██████████| 19/19 [00:00<00:00, 21.10it/s, loss=0.0894, v_num=]
Epoch 266:   0%|          | 0/19 [00:00<?, ?it/s, loss=0.0894, v_num=]         
Epoch 267:   0%|          | 0/19 [00:00<?, ?it/s, loss=0.0894, v_num=]
Epoch 267: 100%|██████████| 19/19 [00:00<00:00, 21.93it/s, loss=0.0894, v_num=]
Epoch 267: 100%|██████████| 19/19 [00:00<00:00, 21.92it/s, loss=0.0854, v_num=]
Epoch 267:   0%|          | 0/19 [00:00<?, ?it/s, loss=0.0854, v_num=]         
Epoch 268:   0%|          | 0/19 [00:00<?, ?it/s, loss=0.0854, v_num=]
Epoch 268: 100%|██████████| 19/19 [00:00<00:00, 21.41it/s, loss=0.0854, v_num=]
Epoch 268: 100%|██████████| 19/19 [00:00<00:00, 21.40it/s, loss=0.0825, v_num=]
Epoch 268:   0%|          | 0/19 [00:00<?, ?it/s, loss=0.0825, v_num=]         
Epoch 269:   0%|          | 0/19 [00:00<?, ?it/s, loss=0.0825, v_num=]
Epoch 269: 100%|██████████| 19/19 [00:00<00:00, 21.16it/s, loss=0.0825, v_num=]
Epoch 269: 100%|██████████| 19/19 [00:00<00:00, 21.15it/s, loss=0.0796, v_num=]
Epoch 269:   0%|          | 0/19 [00:00<?, ?it/s, loss=0.0796, v_num=]         
Epoch 270:   0%|          | 0/19 [00:00<?, ?it/s, loss=0.0796, v_num=]
Epoch 270: 100%|██████████| 19/19 [00:01<00:00, 16.68it/s, loss=0.0796, v_num=]
Epoch 270: 100%|██████████| 19/19 [00:01<00:00, 16.68it/s, loss=0.0767, v_num=]Evaluating...
NMI : 0.773728310019423, ARI: 0.5739800765152125, ACC: 0.49417, current K: 6
Epoch 270 | NMI: 0.7737, ARI: 0.5740, ACC: 0.4942, current K: 6
Confusion Matrix:
[[  0   0   0   0   2 198   0   0   0   0   0   0]
 [  0   0   0   0 195   5   0   0   0   0   0   0]
 [  0   0   0   0  18 182   0   0   0   0   0   0]
 [  0   0   0   0 198   2   0   0   0   0   0   0]
 [198   2   0   0   0   0   0   0   0   0   0   0]
 [  6 194   0   0   0   0   0   0   0   0   0   0]
 [189  11   0   0   0   0   0   0   0   0   0   0]
 [  5 195   0   0   0   0   0   0   0   0   0   0]
 [  0   0 199   1   0   0   0   0   0   0   0   0]
 [  0   0   5 195   0   0   0   0   0   0   0   0]
 [  0   0 174  26   0   0   0   0   0   0   0   0]
 [  0   0   2 198   0   0   0   0   0   0   0   0]]

Epoch 270:   0%|          | 0/19 [00:00<?, ?it/s, loss=0.0767, v_num=]         
Epoch 271:   0%|          | 0/19 [00:00<?, ?it/s, loss=0.0767, v_num=]/usr/local/lib/python3.12/dist-packages/torch/utils/data/dataloader.py:432: UserWarning: This DataLoader will create 6 worker processes in total. Our suggested max number of worker in current system is 2, which is smaller than what this DataLoader is going to create. Please be aware that excessive worker creation might get DataLoader running slow or even freeze, lower the worker number to avoid potential slowness/freeze if necessary.
  self.check_worker_number_rationality()

Epoch 271: 100%|██████████| 19/19 [00:01<00:00, 15.79it/s, loss=0.0767, v_num=]
Epoch 271: 100%|██████████| 19/19 [00:01<00:00, 15.78it/s, loss=0.0794, v_num=]
Epoch 271:   0%|          | 0/19 [00:00<?, ?it/s, loss=0.0794, v_num=]         
Epoch 272:   0%|          | 0/19 [00:00<?, ?it/s, loss=0.0794, v_num=]
Epoch 272: 100%|██████████| 19/19 [00:01<00:00, 14.92it/s, loss=0.0794, v_num=]
Epoch 272: 100%|██████████| 19/19 [00:01<00:00, 14.91it/s, loss=0.0875, v_num=]
Epoch 272:   0%|          | 0/19 [00:00<?, ?it/s, loss=0.0875, v_num=]         
Epoch 273:   0%|          | 0/19 [00:00<?, ?it/s, loss=0.0875, v_num=]
Epoch 273: 100%|██████████| 19/19 [00:00<00:00, 21.73it/s, loss=0.0875, v_num=]
Epoch 273: 100%|██████████| 19/19 [00:00<00:00, 21.72it/s, loss=0.0814, v_num=]
Epoch 273:   0%|          | 0/19 [00:00<?, ?it/s, loss=0.0814, v_num=]         
Epoch 274:   0%|          | 0/19 [00:00<?, ?it/s, loss=0.0814, v_num=]
Epoch 274: 100%|██████████| 19/19 [00:00<00:00, 21.24it/s, loss=0.0814, v_num=]
Epoch 274: 100%|██████████| 19/19 [00:00<00:00, 21.23it/s, loss=0.0805, v_num=]
Epoch 274:   0%|          | 0/19 [00:00<?, ?it/s, loss=0.0805, v_num=]         
Epoch 275:   0%|          | 0/19 [00:00<?, ?it/s, loss=0.0805, v_num=]
Epoch 275: 100%|██████████| 19/19 [00:00<00:00, 21.95it/s, loss=0.0805, v_num=]
Epoch 275: 100%|██████████| 19/19 [00:00<00:00, 21.94it/s, loss=0.0811, v_num=]Evaluating...
NMI : 0.7843346255572567, ARI: 0.5858869345051512, ACC: 0.49417, current K: 6

Epoch 275:   0%|          | 0/19 [00:00<?, ?it/s, loss=0.0811, v_num=]         
Epoch 276:   0%|          | 0/19 [00:00<?, ?it/s, loss=0.0811, v_num=]/usr/local/lib/python3.12/dist-packages/torch/utils/data/dataloader.py:432: UserWarning: This DataLoader will create 6 worker processes in total. Our suggested max number of worker in current system is 2, which is smaller than what this DataLoader is going to create. Please be aware that excessive worker creation might get DataLoader running slow or even freeze, lower the worker number to avoid potential slowness/freeze if necessary.
  self.check_worker_number_rationality()

Epoch 276: 100%|██████████| 19/19 [00:00<00:00, 21.78it/s, loss=0.0811, v_num=]
Epoch 276: 100%|██████████| 19/19 [00:00<00:00, 21.77it/s, loss=0.08, v_num=]  
Epoch 276:   0%|          | 0/19 [00:00<?, ?it/s, loss=0.08, v_num=]         
Epoch 277:   0%|          | 0/19 [00:00<?, ?it/s, loss=0.08, v_num=]
Epoch 277: 100%|██████████| 19/19 [00:00<00:00, 21.46it/s, loss=0.08, v_num=]
Epoch 277: 100%|██████████| 19/19 [00:00<00:00, 21.45it/s, loss=0.075, v_num=]
Epoch 277:   0%|          | 0/19 [00:00<?, ?it/s, loss=0.075, v_num=]         
Epoch 278:   0%|          | 0/19 [00:00<?, ?it/s, loss=0.075, v_num=]
Epoch 278: 100%|██████████| 19/19 [00:00<00:00, 21.27it/s, loss=0.075, v_num=]
Epoch 278: 100%|██████████| 19/19 [00:00<00:00, 21.26it/s, loss=0.0743, v_num=]
Epoch 278:   0%|          | 0/19 [00:00<?, ?it/s, loss=0.0743, v_num=]         
Epoch 279:   0%|          | 0/19 [00:00<?, ?it/s, loss=0.0743, v_num=]
Epoch 279: 100%|██████████| 19/19 [00:00<00:00, 21.18it/s, loss=0.0743, v_num=]
Epoch 279: 100%|██████████| 19/19 [00:00<00:00, 21.17it/s, loss=0.0755, v_num=]
Epoch 279:   0%|          | 0/19 [00:00<?, ?it/s, loss=0.0755, v_num=]         
Epoch 280:   0%|          | 0/19 [00:00<?, ?it/s, loss=0.0755, v_num=]
Epoch 280: 100%|██████████| 19/19 [00:00<00:00, 22.50it/s, loss=0.0755, v_num=]
Epoch 280: 100%|██████████| 19/19 [00:00<00:00, 22.49it/s, loss=0.0778, v_num=]Evaluating...
NMI : 0.7864223831069579, ARI: 0.5881607914075689, ACC: 0.49375, current K: 6
Epoch 280 | NMI: 0.7864, ARI: 0.5882, ACC: 0.4938, current K: 6
Confusion Matrix:
[[  0   0   0   0   2 198   0   0   0   0   0   0]
 [  0   0   0   0 197   3   0   0   0   0   0   0]
 [  0   0   0   0  12 188   0   0   0   0   0   0]
 [  0   0   0   0 198   2   0   0   0   0   0   0]
 [197   3   0   0   0   0   0   0   0   0   0   0]
 [  3 197   0   0   0   0   0   0   0   0   0   0]
 [191   9   0   0   0   0   0   0   0   0   0   0]
 [  6 194   0   0   0   0   0   0   0   0   0   0]
 [  0   0 199   1   0   0   0   0   0   0   0   0]
 [  0   0   4 196   0   0   0   0   0   0   0   0]
 [  0   0 191   9   0   0   0   0   0   0   0   0]
 [  0   0   5 195   0   0   0   0   0   0   0   0]]

Epoch 280:   0%|          | 0/19 [00:00<?, ?it/s, loss=0.0778, v_num=]         
Epoch 281:   0%|          | 0/19 [00:00<?, ?it/s, loss=0.0778, v_num=]/usr/local/lib/python3.12/dist-packages/torch/utils/data/dataloader.py:432: UserWarning: This DataLoader will create 6 worker processes in total. Our suggested max number of worker in current system is 2, which is smaller than what this DataLoader is going to create. Please be aware that excessive worker creation might get DataLoader running slow or even freeze, lower the worker number to avoid potential slowness/freeze if necessary.
  self.check_worker_number_rationality()

Epoch 281: 100%|██████████| 19/19 [00:00<00:00, 20.06it/s, loss=0.0778, v_num=]
Epoch 281: 100%|██████████| 19/19 [00:00<00:00, 20.05it/s, loss=0.0752, v_num=]
Epoch 281:   0%|          | 0/19 [00:00<?, ?it/s, loss=0.0752, v_num=]         
Epoch 282:   0%|          | 0/19 [00:00<?, ?it/s, loss=0.0752, v_num=]
Epoch 282: 100%|██████████| 19/19 [00:00<00:00, 21.72it/s, loss=0.0752, v_num=]
Epoch 282: 100%|██████████| 19/19 [00:00<00:00, 21.71it/s, loss=0.075, v_num=] 
Epoch 282:   0%|          | 0/19 [00:00<?, ?it/s, loss=0.075, v_num=]         
Epoch 283:   0%|          | 0/19 [00:00<?, ?it/s, loss=0.075, v_num=]
Epoch 283: 100%|██████████| 19/19 [00:00<00:00, 20.06it/s, loss=0.075, v_num=]
Epoch 283: 100%|██████████| 19/19 [00:00<00:00, 20.05it/s, loss=0.0729, v_num=]
Epoch 283:   0%|          | 0/19 [00:00<?, ?it/s, loss=0.0729, v_num=]         
Epoch 284:   0%|          | 0/19 [00:00<?, ?it/s, loss=0.0729, v_num=]
Epoch 284: 100%|██████████| 19/19 [00:01<00:00, 15.14it/s, loss=0.0729, v_num=]
Epoch 284: 100%|██████████| 19/19 [00:01<00:00, 15.13it/s, loss=0.0731, v_num=]
Epoch 284:   0%|          | 0/19 [00:00<?, ?it/s, loss=0.0731, v_num=]         
Epoch 285:   0%|          | 0/19 [00:00<?, ?it/s, loss=0.0731, v_num=]
Epoch 285: 100%|██████████| 19/19 [00:01<00:00, 14.86it/s, loss=0.0731, v_num=]
Epoch 285: 100%|██████████| 19/19 [00:01<00:00, 14.85it/s, loss=0.0704, v_num=]Evaluating...
NMI : 0.7872908647609193, ARI: 0.5892572930837039, ACC: 0.49333, current K: 6

Epoch 285:   0%|          | 0/19 [00:00<?, ?it/s, loss=0.0704, v_num=]         
Epoch 286:   0%|          | 0/19 [00:00<?, ?it/s, loss=0.0704, v_num=]/usr/local/lib/python3.12/dist-packages/torch/utils/data/dataloader.py:432: UserWarning: This DataLoader will create 6 worker processes in total. Our suggested max number of worker in current system is 2, which is smaller than what this DataLoader is going to create. Please be aware that excessive worker creation might get DataLoader running slow or even freeze, lower the worker number to avoid potential slowness/freeze if necessary.
  self.check_worker_number_rationality()

Epoch 286: 100%|██████████| 19/19 [00:00<00:00, 19.11it/s, loss=0.0704, v_num=]
Epoch 286: 100%|██████████| 19/19 [00:00<00:00, 19.10it/s, loss=0.0713, v_num=]
Epoch 286:   0%|          | 0/19 [00:00<?, ?it/s, loss=0.0713, v_num=]         
Epoch 287:   0%|          | 0/19 [00:00<?, ?it/s, loss=0.0713, v_num=]
Epoch 287: 100%|██████████| 19/19 [00:00<00:00, 22.21it/s, loss=0.0713, v_num=]
Epoch 287: 100%|██████████| 19/19 [00:00<00:00, 22.19it/s, loss=0.0715, v_num=]
Epoch 287:   0%|          | 0/19 [00:00<?, ?it/s, loss=0.0715, v_num=]         
Epoch 288:   0%|          | 0/19 [00:00<?, ?it/s, loss=0.0715, v_num=]
Epoch 288: 100%|██████████| 19/19 [00:00<00:00, 19.97it/s, loss=0.0715, v_num=]
Epoch 288: 100%|██████████| 19/19 [00:00<00:00, 19.96it/s, loss=0.07, v_num=]  
Epoch 288:   0%|          | 0/19 [00:00<?, ?it/s, loss=0.07, v_num=]         
Epoch 289:   0%|          | 0/19 [00:00<?, ?it/s, loss=0.07, v_num=]
Epoch 289: 100%|██████████| 19/19 [00:00<00:00, 21.38it/s, loss=0.07, v_num=]
Epoch 289: 100%|██████████| 19/19 [00:00<00:00, 21.37it/s, loss=0.0708, v_num=]
Epoch 289:   0%|          | 0/19 [00:00<?, ?it/s, loss=0.0708, v_num=]         
Epoch 290:   0%|          | 0/19 [00:00<?, ?it/s, loss=0.0708, v_num=]
Epoch 290: 100%|██████████| 19/19 [00:00<00:00, 21.12it/s, loss=0.0708, v_num=]
Epoch 290: 100%|██████████| 19/19 [00:00<00:00, 21.11it/s, loss=0.0699, v_num=]Evaluating...
NMI : 0.7864425568691689, ARI: 0.5886616639916135, ACC: 0.49292, current K: 6
Epoch 290 | NMI: 0.7864, ARI: 0.5887, ACC: 0.4929, current K: 6
Confusion Matrix:
[[  0   0   0   0   3 197   0   0   0   0   0   0]
 [  0   0   0   0 197   3   0   0   0   0   0   0]
 [  0   0   0   0  10 190   0   0   0   0   0   0]
 [  0   0   0   0 197   3   0   0   0   0   0   0]
 [197   3   0   0   0   0   0   0   0   0   0   0]
 [  3 197   0   0   0   0   0   0   0   0   0   0]
 [191   9   0   0   0   0   0   0   0   0   0   0]
 [  6 194   0   0   0   0   0   0   0   0   0   0]
 [  0   0 199   1   0   0   0   0   0   0   0   0]
 [  0   0   4 196   0   0   0   0   0   0   0   0]
 [  0   0 192   8   0   0   0   0   0   0   0   0]
 [  0   0   5 195   0   0   0   0   0   0   0   0]]

Epoch 290:   0%|          | 0/19 [00:00<?, ?it/s, loss=0.0699, v_num=]         
Epoch 291:   0%|          | 0/19 [00:00<?, ?it/s, loss=0.0699, v_num=]/usr/local/lib/python3.12/dist-packages/torch/utils/data/dataloader.py:432: UserWarning: This DataLoader will create 6 worker processes in total. Our suggested max number of worker in current system is 2, which is smaller than what this DataLoader is going to create. Please be aware that excessive worker creation might get DataLoader running slow or even freeze, lower the worker number to avoid potential slowness/freeze if necessary.
  self.check_worker_number_rationality()

Epoch 291: 100%|██████████| 19/19 [00:00<00:00, 19.50it/s, loss=0.0699, v_num=]
Epoch 291: 100%|██████████| 19/19 [00:00<00:00, 19.49it/s, loss=0.0697, v_num=]
Epoch 291:   0%|          | 0/19 [00:00<?, ?it/s, loss=0.0697, v_num=]         
Epoch 292:   0%|          | 0/19 [00:00<?, ?it/s, loss=0.0697, v_num=]
Epoch 292: 100%|██████████| 19/19 [00:00<00:00, 21.86it/s, loss=0.0697, v_num=]
Epoch 292: 100%|██████████| 19/19 [00:00<00:00, 21.85it/s, loss=0.0692, v_num=]
Epoch 292:   0%|          | 0/19 [00:00<?, ?it/s, loss=0.0692, v_num=]         
Epoch 293:   0%|          | 0/19 [00:00<?, ?it/s, loss=0.0692, v_num=]
Epoch 293: 100%|██████████| 19/19 [00:00<00:00, 21.85it/s, loss=0.0692, v_num=]
Epoch 293: 100%|██████████| 19/19 [00:00<00:00, 21.84it/s, loss=0.0689, v_num=]
Epoch 293:   0%|          | 0/19 [00:00<?, ?it/s, loss=0.0689, v_num=]         
Epoch 294:   0%|          | 0/19 [00:00<?, ?it/s, loss=0.0689, v_num=]
Epoch 294: 100%|██████████| 19/19 [00:00<00:00, 21.51it/s, loss=0.0689, v_num=]
Epoch 294: 100%|██████████| 19/19 [00:00<00:00, 21.50it/s, loss=0.0689, v_num=]
Epoch 294:   0%|          | 0/19 [00:00<?, ?it/s, loss=0.0689, v_num=]         
Epoch 295:   0%|          | 0/19 [00:00<?, ?it/s, loss=0.0689, v_num=]
Epoch 295: 100%|██████████| 19/19 [00:00<00:00, 21.56it/s, loss=0.0689, v_num=]
Epoch 295: 100%|██████████| 19/19 [00:00<00:00, 21.55it/s, loss=0.0685, v_num=]/content/DeepDPM-New/src/clustering_models/clusternet_modules/clusternetasmodel.py:672: UserWarning: To copy construct from a tensor, it is recommended to use sourceTensor.detach().clone() or sourceTensor.detach().clone().requires_grad_(True), rather than torch.tensor(sourceTensor).
  mus_ind_to_split = torch.nonzero(torch.tensor(split_decisions), as_tuple=False)
Splitting clusters [0 1 2 3 4 5]
Evaluating...
NMI : 0.7882283107199961, ARI: 0.5903748686397492, ACC: 0.4925, current K: 6
[Split] K updated → 12 clusters
  [Epoch 295] losses at split → cluster_loss=0.0319, subcluster_loss=0.1052

Epoch 295:   0%|          | 0/19 [00:00<?, ?it/s, loss=0.0685, v_num=]         
Epoch 296:   0%|          | 0/19 [00:00<?, ?it/s, loss=0.0685, v_num=]/usr/local/lib/python3.12/dist-packages/torch/utils/data/dataloader.py:432: UserWarning: This DataLoader will create 6 worker processes in total. Our suggested max number of worker in current system is 2, which is smaller than what this DataLoader is going to create. Please be aware that excessive worker creation might get DataLoader running slow or even freeze, lower the worker number to avoid potential slowness/freeze if necessary.
  self.check_worker_number_rationality()

Epoch 296: 100%|██████████| 19/19 [00:01<00:00, 13.99it/s, loss=0.0685, v_num=]
Epoch 296: 100%|██████████| 19/19 [00:01<00:00, 13.99it/s, loss=0.492, v_num=] 
Epoch 296:   0%|          | 0/19 [00:00<?, ?it/s, loss=0.492, v_num=]         
Epoch 297:   0%|          | 0/19 [00:00<?, ?it/s, loss=0.492, v_num=]
Epoch 297: 100%|██████████| 19/19 [00:01<00:00, 12.09it/s, loss=0.492, v_num=]
Epoch 297: 100%|██████████| 19/19 [00:01<00:00, 12.09it/s, loss=0.48, v_num=] 
Epoch 297:   0%|          | 0/19 [00:00<?, ?it/s, loss=0.48, v_num=]         
Epoch 298:   0%|          | 0/19 [00:00<?, ?it/s, loss=0.48, v_num=]
Epoch 298: 100%|██████████| 19/19 [00:01<00:00, 12.17it/s, loss=0.48, v_num=]
Epoch 298: 100%|██████████| 19/19 [00:01<00:00, 12.17it/s, loss=0.43, v_num=]
Epoch 298:   0%|          | 0/19 [00:00<?, ?it/s, loss=0.43, v_num=]         
Epoch 299:   0%|          | 0/19 [00:00<?, ?it/s, loss=0.43, v_num=]
Epoch 299: 100%|██████████| 19/19 [00:01<00:00, 15.11it/s, loss=0.43, v_num=]
Epoch 299: 100%|██████████| 19/19 [00:01<00:00, 15.11it/s, loss=0.43, v_num=]
Epoch 299:   0%|          | 0/19 [00:00<?, ?it/s, loss=0.43, v_num=]         
Epoch 300:   0%|          | 0/19 [00:00<?, ?it/s, loss=0.43, v_num=]
Epoch 300: 100%|██████████| 19/19 [00:01<00:00, 15.96it/s, loss=0.43, v_num=]
Epoch 300: 100%|██████████| 19/19 [00:01<00:00, 15.95it/s, loss=0.423, v_num=]Evaluating...
NMI : 0.8406889600783451, ARI: 0.7211981311441078, ACC: 0.79375, current K: 12
Epoch 300 | NMI: 0.8407, ARI: 0.7212, ACC: 0.7937, current K: 12
Confusion Matrix:
[[  0   0   0   0   0   0   0   0   0   3  21 176]
 [  0   0   0   0   0   0   0   0   0 197   2   1]
 [  0   0   0   0   0   0   0   0   0   4 193   3]
 [  0   0   0   0   0   0   0   0  33 163   4   0]
 [196   0   2   2   0   0   0   0   0   0   0   0]
 [  3   0 190   7   0   0   0   0   0   0   0   0]
 [  7 184   5   4   0   0   0   0   0   0   0   0]
 [  5   0  67 128   0   0   0   0   0   0   0   0]
 [  0   0   0   0 196   3   1   0   0   0   0   0]
 [  0   0   0   0   0   3 197   0   0   0   0   0]
 [  0   0   0   0  10 185   4   1   0   0   0   0]
 [  0   0   0   0   1   4 165  30   0   0   0   0]]

Epoch 300:   0%|          | 0/19 [00:00<?, ?it/s, loss=0.423, v_num=]         
Epoch 301:   0%|          | 0/19 [00:00<?, ?it/s, loss=0.423, v_num=]/usr/local/lib/python3.12/dist-packages/torch/utils/data/dataloader.py:432: UserWarning: This DataLoader will create 6 worker processes in total. Our suggested max number of worker in current system is 2, which is smaller than what this DataLoader is going to create. Please be aware that excessive worker creation might get DataLoader running slow or even freeze, lower the worker number to avoid potential slowness/freeze if necessary.
  self.check_worker_number_rationality()

Epoch 301: 100%|██████████| 19/19 [00:01<00:00, 15.80it/s, loss=0.423, v_num=]
Epoch 301: 100%|██████████| 19/19 [00:01<00:00, 15.80it/s, loss=0.392, v_num=]
Epoch 301:   0%|          | 0/19 [00:00<?, ?it/s, loss=0.392, v_num=]         
Epoch 302:   0%|          | 0/19 [00:00<?, ?it/s, loss=0.392, v_num=]/usr/local/lib/python3.12/dist-packages/torch/utils/data/dataloader.py:432: UserWarning: This DataLoader will create 6 worker processes in total. Our suggested max number of worker in current system is 2, which is smaller than what this DataLoader is going to create. Please be aware that excessive worker creation might get DataLoader running slow or even freeze, lower the worker number to avoid potential slowness/freeze if necessary.
  self.check_worker_number_rationality()

Epoch 302: 100%|██████████| 19/19 [00:01<00:00, 16.00it/s, loss=0.392, v_num=]
Epoch 302: 100%|██████████| 19/19 [00:01<00:00, 16.00it/s, loss=0.0867, v_num=]
Epoch 302:   0%|          | 0/19 [00:00<?, ?it/s, loss=0.0867, v_num=]         
Epoch 303:   0%|          | 0/19 [00:00<?, ?it/s, loss=0.0867, v_num=]
Epoch 303: 100%|██████████| 19/19 [00:01<00:00, 13.85it/s, loss=0.0867, v_num=]
Epoch 303: 100%|██████████| 19/19 [00:01<00:00, 13.84it/s, loss=0.0711, v_num=]
Epoch 303:   0%|          | 0/19 [00:00<?, ?it/s, loss=0.0711, v_num=]         
Epoch 304:   0%|          | 0/19 [00:00<?, ?it/s, loss=0.0711, v_num=]
Epoch 304: 100%|██████████| 19/19 [00:01<00:00, 14.70it/s, loss=0.0711, v_num=]
Epoch 304: 100%|██████████| 19/19 [00:01<00:00, 14.70it/s, loss=0.0718, v_num=]
Epoch 304:   0%|          | 0/19 [00:00<?, ?it/s, loss=0.0718, v_num=]         
Epoch 305:   0%|          | 0/19 [00:00<?, ?it/s, loss=0.0718, v_num=]
Epoch 305: 100%|██████████| 19/19 [00:01<00:00, 15.93it/s, loss=0.0718, v_num=]
Epoch 305: 100%|██████████| 19/19 [00:01<00:00, 15.93it/s, loss=0.0684, v_num=]Evaluating...
NMI : 0.8886522473077535, ARI: 0.8604507366750173, ACC: 0.93125, current K: 12

Epoch 305:   0%|          | 0/19 [00:00<?, ?it/s, loss=0.0684, v_num=]         
Epoch 306:   0%|          | 0/19 [00:00<?, ?it/s, loss=0.0684, v_num=]/usr/local/lib/python3.12/dist-packages/torch/utils/data/dataloader.py:432: UserWarning: This DataLoader will create 6 worker processes in total. Our suggested max number of worker in current system is 2, which is smaller than what this DataLoader is going to create. Please be aware that excessive worker creation might get DataLoader running slow or even freeze, lower the worker number to avoid potential slowness/freeze if necessary.
  self.check_worker_number_rationality()

Epoch 306: 100%|██████████| 19/19 [00:01<00:00, 13.21it/s, loss=0.0684, v_num=]
Epoch 306: 100%|██████████| 19/19 [00:01<00:00, 13.21it/s, loss=0.0698, v_num=]
Epoch 306:   0%|          | 0/19 [00:00<?, ?it/s, loss=0.0698, v_num=]         
Epoch 307:   0%|          | 0/19 [00:00<?, ?it/s, loss=0.0698, v_num=]
Epoch 307: 100%|██████████| 19/19 [00:01<00:00, 11.37it/s, loss=0.0698, v_num=]
Epoch 307: 100%|██████████| 19/19 [00:01<00:00, 11.36it/s, loss=0.068, v_num=] 
Epoch 307:   0%|          | 0/19 [00:00<?, ?it/s, loss=0.068, v_num=]         
Epoch 308:   0%|          | 0/19 [00:00<?, ?it/s, loss=0.068, v_num=]
Epoch 308: 100%|██████████| 19/19 [00:01<00:00, 13.43it/s, loss=0.068, v_num=]
Epoch 308: 100%|██████████| 19/19 [00:01<00:00, 13.42it/s, loss=0.0674, v_num=]
Epoch 308:   0%|          | 0/19 [00:00<?, ?it/s, loss=0.0674, v_num=]         
Epoch 309:   0%|          | 0/19 [00:00<?, ?it/s, loss=0.0674, v_num=]
Epoch 309: 100%|██████████| 19/19 [00:01<00:00, 16.14it/s, loss=0.0674, v_num=]
Epoch 309: 100%|██████████| 19/19 [00:01<00:00, 16.13it/s, loss=0.069, v_num=] 
Epoch 309:   0%|          | 0/19 [00:00<?, ?it/s, loss=0.069, v_num=]         
Epoch 310:   0%|          | 0/19 [00:00<?, ?it/s, loss=0.069, v_num=]
Epoch 310: 100%|██████████| 19/19 [00:01<00:00, 16.10it/s, loss=0.069, v_num=]
Epoch 310: 100%|██████████| 19/19 [00:01<00:00, 16.09it/s, loss=0.0702, v_num=]Evaluating...
NMI : 0.884855152403366, ARI: 0.8552241808264743, ACC: 0.92875, current K: 12
Epoch 310 | NMI: 0.8849, ARI: 0.8552, ACC: 0.9287, current K: 12
Confusion Matrix:
[[  0   0   0   0   0   0   0   0   3   1  13 183]
 [  0   0   0   0   0   0   0   0  14 183   2   1]
 [  0   0   0   0   0   0   0   0   1   3 194   2]
 [  0   0   0   0   0   0   0   0 181  16   1   2]
 [193   4   1   2   0   0   0   0   0   0   0   0]
 [  1   2 177  20   0   0   0   0   0   0   0   0]
 [  0 191   4   5   0   0   0   0   0   0   0   0]
 [  6   0  19 175   0   0   0   0   0   0   0   0]
 [  0   0   0   0 196   3   0   1   0   0   0   0]
 [  0   0   0   0   0   3 194   3   0   0   0   0]
 [  0   0   0   0   5 191   0   4   0   0   0   0]
 [  0   0   0   0   0   4  25 171   0   0   0   0]]

Epoch 310:   0%|          | 0/19 [00:00<?, ?it/s, loss=0.0702, v_num=]         
Epoch 311:   0%|          | 0/19 [00:00<?, ?it/s, loss=0.0702, v_num=]/usr/local/lib/python3.12/dist-packages/torch/utils/data/dataloader.py:432: UserWarning: This DataLoader will create 6 worker processes in total. Our suggested max number of worker in current system is 2, which is smaller than what this DataLoader is going to create. Please be aware that excessive worker creation might get DataLoader running slow or even freeze, lower the worker number to avoid potential slowness/freeze if necessary.
  self.check_worker_number_rationality()

Epoch 311: 100%|██████████| 19/19 [00:01<00:00, 15.99it/s, loss=0.0702, v_num=]
Epoch 311: 100%|██████████| 19/19 [00:01<00:00, 15.99it/s, loss=0.0686, v_num=]
Epoch 311:   0%|          | 0/19 [00:00<?, ?it/s, loss=0.0686, v_num=]         
Epoch 312:   0%|          | 0/19 [00:00<?, ?it/s, loss=0.0686, v_num=]
Epoch 312: 100%|██████████| 19/19 [00:01<00:00, 15.49it/s, loss=0.0686, v_num=]
Epoch 312: 100%|██████████| 19/19 [00:01<00:00, 15.48it/s, loss=0.0686, v_num=]
Epoch 312:   0%|          | 0/19 [00:00<?, ?it/s, loss=0.0686, v_num=]         
Epoch 313:   0%|          | 0/19 [00:00<?, ?it/s, loss=0.0686, v_num=]
Epoch 313: 100%|██████████| 19/19 [00:01<00:00, 12.53it/s, loss=0.0686, v_num=]
Epoch 313: 100%|██████████| 19/19 [00:01<00:00, 12.52it/s, loss=0.0697, v_num=]
Epoch 313:   0%|          | 0/19 [00:00<?, ?it/s, loss=0.0697, v_num=]         
Epoch 314:   0%|          | 0/19 [00:00<?, ?it/s, loss=0.0697, v_num=]
Epoch 314: 100%|██████████| 19/19 [00:01<00:00, 15.36it/s, loss=0.0697, v_num=]
Epoch 314: 100%|██████████| 19/19 [00:01<00:00, 15.35it/s, loss=0.0697, v_num=]
Epoch 314:   0%|          | 0/19 [00:00<?, ?it/s, loss=0.0697, v_num=]         
Epoch 315:   0%|          | 0/19 [00:00<?, ?it/s, loss=0.0697, v_num=]
Epoch 315: 100%|██████████| 19/19 [00:01<00:00, 15.49it/s, loss=0.0697, v_num=]
Epoch 315: 100%|██████████| 19/19 [00:01<00:00, 15.48it/s, loss=0.0677, v_num=]Evaluating...
NMI : 0.8897663525281981, ARI: 0.8613931225149013, ACC: 0.93167, current K: 12

Epoch 315:   0%|          | 0/19 [00:00<?, ?it/s, loss=0.0677, v_num=]         
Epoch 316:   0%|          | 0/19 [00:00<?, ?it/s, loss=0.0677, v_num=]/usr/local/lib/python3.12/dist-packages/torch/utils/data/dataloader.py:432: UserWarning: This DataLoader will create 6 worker processes in total. Our suggested max number of worker in current system is 2, which is smaller than what this DataLoader is going to create. Please be aware that excessive worker creation might get DataLoader running slow or even freeze, lower the worker number to avoid potential slowness/freeze if necessary.
  self.check_worker_number_rationality()

Epoch 316: 100%|██████████| 19/19 [00:01<00:00, 13.05it/s, loss=0.0677, v_num=]
Epoch 316: 100%|██████████| 19/19 [00:01<00:00, 13.05it/s, loss=0.0703, v_num=]
Epoch 316:   0%|          | 0/19 [00:00<?, ?it/s, loss=0.0703, v_num=]         
Epoch 317:   0%|          | 0/19 [00:00<?, ?it/s, loss=0.0703, v_num=]
Epoch 317: 100%|██████████| 19/19 [00:01<00:00, 11.21it/s, loss=0.0703, v_num=]
Epoch 317: 100%|██████████| 19/19 [00:01<00:00, 11.20it/s, loss=0.0686, v_num=]
Epoch 317:   0%|          | 0/19 [00:00<?, ?it/s, loss=0.0686, v_num=]         
Epoch 318:   0%|          | 0/19 [00:00<?, ?it/s, loss=0.0686, v_num=]
Epoch 318: 100%|██████████| 19/19 [00:01<00:00, 15.32it/s, loss=0.0686, v_num=]
Epoch 318: 100%|██████████| 19/19 [00:01<00:00, 15.31it/s, loss=0.0683, v_num=]
Epoch 318:   0%|          | 0/19 [00:00<?, ?it/s, loss=0.0683, v_num=]         
Epoch 319:   0%|          | 0/19 [00:00<?, ?it/s, loss=0.0683, v_num=]
Epoch 319: 100%|██████████| 19/19 [00:01<00:00, 16.02it/s, loss=0.0683, v_num=]
Epoch 319: 100%|██████████| 19/19 [00:01<00:00, 16.01it/s, loss=0.0683, v_num=]
Epoch 319:   0%|          | 0/19 [00:00<?, ?it/s, loss=0.0683, v_num=]         
Epoch 320:   0%|          | 0/19 [00:00<?, ?it/s, loss=0.0683, v_num=]
Epoch 320: 100%|██████████| 19/19 [00:01<00:00, 15.59it/s, loss=0.0683, v_num=]
Epoch 320: 100%|██████████| 19/19 [00:01<00:00, 15.59it/s, loss=0.0668, v_num=]Evaluating...
NMI : 0.889126683238706, ARI: 0.8578966711065622, ACC: 0.92917, current K: 12
Epoch 320 | NMI: 0.8891, ARI: 0.8579, ACC: 0.9292, current K: 12
Confusion Matrix:
[[  0   0   0   0   0   0   0   0   3   0   8 189]
 [  0   0   0   0   0   0   0   0   8 189   2   1]
 [  0   0   0   0   0   0   0   0   0   3 195   2]
 [  0   0   0   0   0   0   0   0 177  19   2   2]
 [194   3   1   2   0   0   0   0   0   0   0   0]
 [  2   1 175  22   0   0   0   0   0   0   0   0]
 [  0 193   4   3   0   0   0   0   0   0   0   0]
 [  6   0  19 175   0   0   0   0   0   0   0   0]
 [  0   0   0   0 198   1   0   1   0   0   0   0]
 [  0   0   0   0   0   4 188   8   0   0   0   0]
 [  0   0   0   0   1 195   1   3   0   0   0   0]
 [  0   0   0   0   0   4  34 162   0   0   0   0]]

Epoch 320:   0%|          | 0/19 [00:00<?, ?it/s, loss=0.0668, v_num=]         
Epoch 321:   0%|          | 0/19 [00:00<?, ?it/s, loss=0.0668, v_num=]/usr/local/lib/python3.12/dist-packages/torch/utils/data/dataloader.py:432: UserWarning: This DataLoader will create 6 worker processes in total. Our suggested max number of worker in current system is 2, which is smaller than what this DataLoader is going to create. Please be aware that excessive worker creation might get DataLoader running slow or even freeze, lower the worker number to avoid potential slowness/freeze if necessary.
  self.check_worker_number_rationality()

Epoch 321: 100%|██████████| 19/19 [00:01<00:00, 16.02it/s, loss=0.0668, v_num=]
Epoch 321: 100%|██████████| 19/19 [00:01<00:00, 16.02it/s, loss=0.0676, v_num=]
Epoch 321:   0%|          | 0/19 [00:00<?, ?it/s, loss=0.0676, v_num=]         
Epoch 322:   0%|          | 0/19 [00:00<?, ?it/s, loss=0.0676, v_num=]
Epoch 322: 100%|██████████| 19/19 [00:01<00:00, 16.06it/s, loss=0.0676, v_num=]
Epoch 322: 100%|██████████| 19/19 [00:01<00:00, 16.06it/s, loss=0.0683, v_num=]
Epoch 322:   0%|          | 0/19 [00:00<?, ?it/s, loss=0.0683, v_num=]         
Epoch 323:   0%|          | 0/19 [00:00<?, ?it/s, loss=0.0683, v_num=]
Epoch 323: 100%|██████████| 19/19 [00:01<00:00, 15.26it/s, loss=0.0683, v_num=]
Epoch 323: 100%|██████████| 19/19 [00:01<00:00, 15.25it/s, loss=0.0718, v_num=]
Epoch 323:   0%|          | 0/19 [00:00<?, ?it/s, loss=0.0718, v_num=]         
Epoch 324:   0%|          | 0/19 [00:00<?, ?it/s, loss=0.0718, v_num=]
Epoch 324: 100%|██████████| 19/19 [00:01<00:00, 16.30it/s, loss=0.0718, v_num=]
Epoch 324: 100%|██████████| 19/19 [00:01<00:00, 16.30it/s, loss=0.0678, v_num=]
Epoch 324:   0%|          | 0/19 [00:00<?, ?it/s, loss=0.0678, v_num=]         
Epoch 325:   0%|          | 0/19 [00:00<?, ?it/s, loss=0.0678, v_num=]
Epoch 325: 100%|██████████| 19/19 [00:01<00:00, 16.08it/s, loss=0.0678, v_num=]
Epoch 325: 100%|██████████| 19/19 [00:01<00:00, 16.08it/s, loss=0.0709, v_num=]/content/DeepDPM-New/src/clustering_models/clusternet_modules/models/Classifiers.py:351: UserWarning: To copy construct from a tensor, it is recommended to use sourceTensor.detach().clone() or sourceTensor.detach().clone().requires_grad_(True), rather than torch.tensor(sourceTensor).
  mus_ind_not_merged = torch.nonzero(torch.logical_not(torch.tensor(merge_decisions)), as_tuple=False)
/content/DeepDPM-New/src/clustering_models/clusternet_modules/models/Classifiers.py:359: UserWarning: To copy construct from a tensor, it is recommended to use sourceTensor.detach().clone() or sourceTensor.detach().clone().requires_grad_(True), rather than torch.tensor(sourceTensor).
  fc1_weights_not_merged = class_fc1.weight.data[torch.logical_not(torch.tensor(merge_decisions)).repeat_interleave(self.hidden_dim), :]
Merging clusters [[0, 1], [2, 3], [4, 5], [6, 7], [8, 9], [10, 11]]
Evaluating...
NMI : 0.8811899591263647, ARI: 0.8422343910504774, ACC: 0.91958, current K: 12
[Merge] K updated → 6 clusters
  [Epoch 325] losses at merge → cluster_loss=0.0438, subcluster_loss=0.0970

Epoch 325:   0%|          | 0/19 [00:00<?, ?it/s, loss=0.0709, v_num=]         
Epoch 326:   0%|          | 0/19 [00:00<?, ?it/s, loss=0.0709, v_num=]/usr/local/lib/python3.12/dist-packages/torch/utils/data/dataloader.py:432: UserWarning: This DataLoader will create 6 worker processes in total. Our suggested max number of worker in current system is 2, which is smaller than what this DataLoader is going to create. Please be aware that excessive worker creation might get DataLoader running slow or even freeze, lower the worker number to avoid potential slowness/freeze if necessary.
  self.check_worker_number_rationality()

Epoch 326: 100%|██████████| 19/19 [00:01<00:00, 16.58it/s, loss=0.0709, v_num=]
Epoch 326: 100%|██████████| 19/19 [00:01<00:00, 16.57it/s, loss=0.0938, v_num=]
Epoch 326:   0%|          | 0/19 [00:00<?, ?it/s, loss=0.0938, v_num=]         
Epoch 327:   0%|          | 0/19 [00:00<?, ?it/s, loss=0.0938, v_num=]
Epoch 327: 100%|██████████| 19/19 [00:01<00:00, 15.24it/s, loss=0.0938, v_num=]
Epoch 327: 100%|██████████| 19/19 [00:01<00:00, 15.23it/s, loss=0.0846, v_num=]
Epoch 327:   0%|          | 0/19 [00:00<?, ?it/s, loss=0.0846, v_num=]         
Epoch 328:   0%|          | 0/19 [00:00<?, ?it/s, loss=0.0846, v_num=]
Epoch 328: 100%|██████████| 19/19 [00:01<00:00, 15.84it/s, loss=0.0846, v_num=]
Epoch 328: 100%|██████████| 19/19 [00:01<00:00, 15.84it/s, loss=0.0853, v_num=]
Epoch 328:   0%|          | 0/19 [00:00<?, ?it/s, loss=0.0853, v_num=]         
Epoch 329:   0%|          | 0/19 [00:00<?, ?it/s, loss=0.0853, v_num=]
Epoch 329: 100%|██████████| 19/19 [00:00<00:00, 21.85it/s, loss=0.0853, v_num=]
Epoch 329: 100%|██████████| 19/19 [00:00<00:00, 21.84it/s, loss=0.0838, v_num=]
Epoch 329:   0%|          | 0/19 [00:00<?, ?it/s, loss=0.0838, v_num=]         
Epoch 330:   0%|          | 0/19 [00:00<?, ?it/s, loss=0.0838, v_num=]
Epoch 330: 100%|██████████| 19/19 [00:00<00:00, 21.20it/s, loss=0.0838, v_num=]
Epoch 330: 100%|██████████| 19/19 [00:00<00:00, 21.19it/s, loss=0.0819, v_num=]Evaluating...
NMI : 0.7908208485194874, ARI: 0.592737330854776, ACC: 0.49208, current K: 6
Epoch 330 | NMI: 0.7908, ARI: 0.5927, ACC: 0.4921, current K: 6
Confusion Matrix:
[[  0   0   0   0   4 196   0   0   0   0   0   0]
 [  0   0   0   0 197   3   0   0   0   0   0   0]
 [  0   0   0   0   3 197   0   0   0   0   0   0]
 [  0   0   0   0 196   4   0   0   0   0   0   0]
 [194   6   0   0   0   0   0   0   0   0   0   0]
 [  3 197   0   0   0   0   0   0   0   0   0   0]
 [193   7   0   0   0   0   0   0   0   0   0   0]
 [  5 195   0   0   0   0   0   0   0   0   0   0]
 [  0   0 199   1   0   0   0   0   0   0   0   0]
 [  0   0   3 197   0   0   0   0   0   0   0   0]
 [  0   0 192   8   0   0   0   0   0   0   0   0]
 [  0   0   4 196   0   0   0   0   0   0   0   0]]

Epoch 330:   0%|          | 0/19 [00:00<?, ?it/s, loss=0.0819, v_num=]         
Epoch 331:   0%|          | 0/19 [00:00<?, ?it/s, loss=0.0819, v_num=]/usr/local/lib/python3.12/dist-packages/torch/utils/data/dataloader.py:432: UserWarning: This DataLoader will create 6 worker processes in total. Our suggested max number of worker in current system is 2, which is smaller than what this DataLoader is going to create. Please be aware that excessive worker creation might get DataLoader running slow or even freeze, lower the worker number to avoid potential slowness/freeze if necessary.
  self.check_worker_number_rationality()

Epoch 331: 100%|██████████| 19/19 [00:00<00:00, 21.80it/s, loss=0.0819, v_num=]
Epoch 331: 100%|██████████| 19/19 [00:00<00:00, 21.79it/s, loss=0.0814, v_num=]
Epoch 331:   0%|          | 0/19 [00:00<?, ?it/s, loss=0.0814, v_num=]         
Epoch 332:   0%|          | 0/19 [00:00<?, ?it/s, loss=0.0814, v_num=]/usr/local/lib/python3.12/dist-packages/torch/utils/data/dataloader.py:432: UserWarning: This DataLoader will create 6 worker processes in total. Our suggested max number of worker in current system is 2, which is smaller than what this DataLoader is going to create. Please be aware that excessive worker creation might get DataLoader running slow or even freeze, lower the worker number to avoid potential slowness/freeze if necessary.
  self.check_worker_number_rationality()

Epoch 332: 100%|██████████| 19/19 [00:00<00:00, 20.94it/s, loss=0.0814, v_num=]
Epoch 332: 100%|██████████| 19/19 [00:00<00:00, 20.93it/s, loss=0.0783, v_num=]
Epoch 332:   0%|          | 0/19 [00:00<?, ?it/s, loss=0.0783, v_num=]         
Epoch 333:   0%|          | 0/19 [00:00<?, ?it/s, loss=0.0783, v_num=]/usr/local/lib/python3.12/dist-packages/torch/utils/data/dataloader.py:432: UserWarning: This DataLoader will create 6 worker processes in total. Our suggested max number of worker in current system is 2, which is smaller than what this DataLoader is going to create. Please be aware that excessive worker creation might get DataLoader running slow or even freeze, lower the worker number to avoid potential slowness/freeze if necessary.
  self.check_worker_number_rationality()

Epoch 333: 100%|██████████| 19/19 [00:00<00:00, 20.46it/s, loss=0.0783, v_num=]
Epoch 333: 100%|██████████| 19/19 [00:00<00:00, 20.45it/s, loss=0.0807, v_num=]
Epoch 333:   0%|          | 0/19 [00:00<?, ?it/s, loss=0.0807, v_num=]         
Epoch 334:   0%|          | 0/19 [00:00<?, ?it/s, loss=0.0807, v_num=]/usr/local/lib/python3.12/dist-packages/torch/utils/data/dataloader.py:432: UserWarning: This DataLoader will create 6 worker processes in total. Our suggested max number of worker in current system is 2, which is smaller than what this DataLoader is going to create. Please be aware that excessive worker creation might get DataLoader running slow or even freeze, lower the worker number to avoid potential slowness/freeze if necessary.
  self.check_worker_number_rationality()

Epoch 334: 100%|██████████| 19/19 [00:00<00:00, 21.66it/s, loss=0.0807, v_num=]
Epoch 334: 100%|██████████| 19/19 [00:00<00:00, 21.64it/s, loss=0.0782, v_num=]
Epoch 334:   0%|          | 0/19 [00:00<?, ?it/s, loss=0.0782, v_num=]         
Epoch 335:   0%|          | 0/19 [00:00<?, ?it/s, loss=0.0782, v_num=]/usr/local/lib/python3.12/dist-packages/torch/utils/data/dataloader.py:432: UserWarning: This DataLoader will create 6 worker processes in total. Our suggested max number of worker in current system is 2, which is smaller than what this DataLoader is going to create. Please be aware that excessive worker creation might get DataLoader running slow or even freeze, lower the worker number to avoid potential slowness/freeze if necessary.
  self.check_worker_number_rationality()

Epoch 335: 100%|██████████| 19/19 [00:00<00:00, 21.37it/s, loss=0.0782, v_num=]
Epoch 335: 100%|██████████| 19/19 [00:00<00:00, 21.36it/s, loss=0.0807, v_num=]Evaluating...
NMI : 0.7908208485194874, ARI: 0.592737330854776, ACC: 0.49208, current K: 6

Epoch 335:   0%|          | 0/19 [00:00<?, ?it/s, loss=0.0807, v_num=]         
Epoch 336:   0%|          | 0/19 [00:00<?, ?it/s, loss=0.0807, v_num=]/usr/local/lib/python3.12/dist-packages/torch/utils/data/dataloader.py:432: UserWarning: This DataLoader will create 6 worker processes in total. Our suggested max number of worker in current system is 2, which is smaller than what this DataLoader is going to create. Please be aware that excessive worker creation might get DataLoader running slow or even freeze, lower the worker number to avoid potential slowness/freeze if necessary.
  self.check_worker_number_rationality()

Epoch 336: 100%|██████████| 19/19 [00:00<00:00, 20.85it/s, loss=0.0807, v_num=]
Epoch 336: 100%|██████████| 19/19 [00:00<00:00, 20.84it/s, loss=0.0777, v_num=]
Epoch 336:   0%|          | 0/19 [00:00<?, ?it/s, loss=0.0777, v_num=]         
Epoch 337:   0%|          | 0/19 [00:00<?, ?it/s, loss=0.0777, v_num=]/usr/local/lib/python3.12/dist-packages/torch/utils/data/dataloader.py:432: UserWarning: This DataLoader will create 6 worker processes in total. Our suggested max number of worker in current system is 2, which is smaller than what this DataLoader is going to create. Please be aware that excessive worker creation might get DataLoader running slow or even freeze, lower the worker number to avoid potential slowness/freeze if necessary.
  self.check_worker_number_rationality()

Epoch 337: 100%|██████████| 19/19 [00:00<00:00, 21.11it/s, loss=0.0777, v_num=]
Epoch 337: 100%|██████████| 19/19 [00:00<00:00, 21.10it/s, loss=0.0816, v_num=]
Epoch 337:   0%|          | 0/19 [00:00<?, ?it/s, loss=0.0816, v_num=]         
Epoch 338:   0%|          | 0/19 [00:00<?, ?it/s, loss=0.0816, v_num=]/usr/local/lib/python3.12/dist-packages/torch/utils/data/dataloader.py:432: UserWarning: This DataLoader will create 6 worker processes in total. Our suggested max number of worker in current system is 2, which is smaller than what this DataLoader is going to create. Please be aware that excessive worker creation might get DataLoader running slow or even freeze, lower the worker number to avoid potential slowness/freeze if necessary.
  self.check_worker_number_rationality()

Epoch 338: 100%|██████████| 19/19 [00:00<00:00, 21.07it/s, loss=0.0816, v_num=]
Epoch 338: 100%|██████████| 19/19 [00:00<00:00, 21.06it/s, loss=0.0762, v_num=]
Epoch 338:   0%|          | 0/19 [00:00<?, ?it/s, loss=0.0762, v_num=]         
Epoch 339:   0%|          | 0/19 [00:00<?, ?it/s, loss=0.0762, v_num=]/usr/local/lib/python3.12/dist-packages/torch/utils/data/dataloader.py:432: UserWarning: This DataLoader will create 6 worker processes in total. Our suggested max number of worker in current system is 2, which is smaller than what this DataLoader is going to create. Please be aware that excessive worker creation might get DataLoader running slow or even freeze, lower the worker number to avoid potential slowness/freeze if necessary.
  self.check_worker_number_rationality()

Epoch 339: 100%|██████████| 19/19 [00:01<00:00, 17.56it/s, loss=0.0762, v_num=]
Epoch 339: 100%|██████████| 19/19 [00:01<00:00, 17.55it/s, loss=0.0784, v_num=]
Epoch 339:   0%|          | 0/19 [00:00<?, ?it/s, loss=0.0784, v_num=]         
Epoch 340:   0%|          | 0/19 [00:00<?, ?it/s, loss=0.0784, v_num=]/usr/local/lib/python3.12/dist-packages/torch/utils/data/dataloader.py:432: UserWarning: This DataLoader will create 6 worker processes in total. Our suggested max number of worker in current system is 2, which is smaller than what this DataLoader is going to create. Please be aware that excessive worker creation might get DataLoader running slow or even freeze, lower the worker number to avoid potential slowness/freeze if necessary.
  self.check_worker_number_rationality()

Epoch 340: 100%|██████████| 19/19 [00:01<00:00, 15.37it/s, loss=0.0784, v_num=]
Epoch 340: 100%|██████████| 19/19 [00:01<00:00, 15.37it/s, loss=0.0776, v_num=]Evaluating...
NMI : 0.7951881090327511, ARI: 0.5963265635660644, ACC: 0.49333, current K: 6
Epoch 340 | NMI: 0.7952, ARI: 0.5963, ACC: 0.4933, current K: 6
Confusion Matrix:
[[  0   0   0   0   4 196   0   0   0   0   0   0]
 [  0   0   0   0 197   3   0   0   0   0   0   0]
 [  0   0   0   0   3 197   0   0   0   0   0   0]
 [  0   0   0   0 196   4   0   0   0   0   0   0]
 [196   4   0   0   0   0   0   0   0   0   0   0]
 [  3 197   0   0   0   0   0   0   0   0   0   0]
 [193   7   0   0   0   0   0   0   0   0   0   0]
 [  5 195   0   0   0   0   0   0   0   0   0   0]
 [  0   0 199   1   0   0   0   0   0   0   0   0]
 [  0   0   3 197   0   0   0   0   0   0   0   0]
 [  0   0 194   6   0   0   0   0   0   0   0   0]
 [  0   0   2 198   0   0   0   0   0   0   0   0]]

Epoch 340:   0%|          | 0/19 [00:00<?, ?it/s, loss=0.0776, v_num=]         
Epoch 341:   0%|          | 0/19 [00:00<?, ?it/s, loss=0.0776, v_num=]/usr/local/lib/python3.12/dist-packages/torch/utils/data/dataloader.py:432: UserWarning: This DataLoader will create 6 worker processes in total. Our suggested max number of worker in current system is 2, which is smaller than what this DataLoader is going to create. Please be aware that excessive worker creation might get DataLoader running slow or even freeze, lower the worker number to avoid potential slowness/freeze if necessary.
  self.check_worker_number_rationality()

Epoch 341: 100%|██████████| 19/19 [00:01<00:00, 14.34it/s, loss=0.0776, v_num=]
Epoch 341: 100%|██████████| 19/19 [00:01<00:00, 14.34it/s, loss=0.0769, v_num=]
Epoch 341:   0%|          | 0/19 [00:00<?, ?it/s, loss=0.0769, v_num=]         
Epoch 342:   0%|          | 0/19 [00:00<?, ?it/s, loss=0.0769, v_num=]/usr/local/lib/python3.12/dist-packages/torch/utils/data/dataloader.py:432: UserWarning: This DataLoader will create 6 worker processes in total. Our suggested max number of worker in current system is 2, which is smaller than what this DataLoader is going to create. Please be aware that excessive worker creation might get DataLoader running slow or even freeze, lower the worker number to avoid potential slowness/freeze if necessary.
  self.check_worker_number_rationality()

Epoch 342: 100%|██████████| 19/19 [00:00<00:00, 19.07it/s, loss=0.0769, v_num=]
Epoch 342: 100%|██████████| 19/19 [00:00<00:00, 19.06it/s, loss=0.0782, v_num=]
Epoch 342:   0%|          | 0/19 [00:00<?, ?it/s, loss=0.0782, v_num=]         
Epoch 343:   0%|          | 0/19 [00:00<?, ?it/s, loss=0.0782, v_num=]/usr/local/lib/python3.12/dist-packages/torch/utils/data/dataloader.py:432: UserWarning: This DataLoader will create 6 worker processes in total. Our suggested max number of worker in current system is 2, which is smaller than what this DataLoader is going to create. Please be aware that excessive worker creation might get DataLoader running slow or even freeze, lower the worker number to avoid potential slowness/freeze if necessary.
  self.check_worker_number_rationality()

Epoch 343: 100%|██████████| 19/19 [00:00<00:00, 21.17it/s, loss=0.0782, v_num=]
Epoch 343: 100%|██████████| 19/19 [00:00<00:00, 21.16it/s, loss=0.0773, v_num=]
Epoch 343:   0%|          | 0/19 [00:00<?, ?it/s, loss=0.0773, v_num=]         
Epoch 344:   0%|          | 0/19 [00:00<?, ?it/s, loss=0.0773, v_num=]/usr/local/lib/python3.12/dist-packages/torch/utils/data/dataloader.py:432: UserWarning: This DataLoader will create 6 worker processes in total. Our suggested max number of worker in current system is 2, which is smaller than what this DataLoader is going to create. Please be aware that excessive worker creation might get DataLoader running slow or even freeze, lower the worker number to avoid potential slowness/freeze if necessary.
  self.check_worker_number_rationality()

Epoch 344: 100%|██████████| 19/19 [00:00<00:00, 21.21it/s, loss=0.0773, v_num=]
Epoch 344: 100%|██████████| 19/19 [00:00<00:00, 21.21it/s, loss=0.0789, v_num=]
Epoch 344:   0%|          | 0/19 [00:00<?, ?it/s, loss=0.0789, v_num=]         
Epoch 345:   0%|          | 0/19 [00:00<?, ?it/s, loss=0.0789, v_num=]/usr/local/lib/python3.12/dist-packages/torch/utils/data/dataloader.py:432: UserWarning: This DataLoader will create 6 worker processes in total. Our suggested max number of worker in current system is 2, which is smaller than what this DataLoader is going to create. Please be aware that excessive worker creation might get DataLoader running slow or even freeze, lower the worker number to avoid potential slowness/freeze if necessary.
  self.check_worker_number_rationality()

Epoch 345: 100%|██████████| 19/19 [00:00<00:00, 21.48it/s, loss=0.0789, v_num=]
Epoch 345: 100%|██████████| 19/19 [00:00<00:00, 21.47it/s, loss=0.077, v_num=] Evaluating...
NMI : 0.796142315112675, ARI: 0.5969387465774585, ACC: 0.49375, current K: 6

Epoch 345:   0%|          | 0/19 [00:00<?, ?it/s, loss=0.077, v_num=]         
Epoch 346:   0%|          | 0/19 [00:00<?, ?it/s, loss=0.077, v_num=]/usr/local/lib/python3.12/dist-packages/torch/utils/data/dataloader.py:432: UserWarning: This DataLoader will create 6 worker processes in total. Our suggested max number of worker in current system is 2, which is smaller than what this DataLoader is going to create. Please be aware that excessive worker creation might get DataLoader running slow or even freeze, lower the worker number to avoid potential slowness/freeze if necessary.
  self.check_worker_number_rationality()

Epoch 346: 100%|██████████| 19/19 [00:00<00:00, 21.28it/s, loss=0.077, v_num=]
Epoch 346: 100%|██████████| 19/19 [00:00<00:00, 21.27it/s, loss=0.0777, v_num=]
Epoch 346:   0%|          | 0/19 [00:00<?, ?it/s, loss=0.0777, v_num=]         
Epoch 347:   0%|          | 0/19 [00:00<?, ?it/s, loss=0.0777, v_num=]/usr/local/lib/python3.12/dist-packages/torch/utils/data/dataloader.py:432: UserWarning: This DataLoader will create 6 worker processes in total. Our suggested max number of worker in current system is 2, which is smaller than what this DataLoader is going to create. Please be aware that excessive worker creation might get DataLoader running slow or even freeze, lower the worker number to avoid potential slowness/freeze if necessary.
  self.check_worker_number_rationality()

Epoch 347: 100%|██████████| 19/19 [00:00<00:00, 21.37it/s, loss=0.0777, v_num=]
Epoch 347: 100%|██████████| 19/19 [00:00<00:00, 21.36it/s, loss=0.0774, v_num=]
Epoch 347:   0%|          | 0/19 [00:00<?, ?it/s, loss=0.0774, v_num=]         
Epoch 348:   0%|          | 0/19 [00:00<?, ?it/s, loss=0.0774, v_num=]/usr/local/lib/python3.12/dist-packages/torch/utils/data/dataloader.py:432: UserWarning: This DataLoader will create 6 worker processes in total. Our suggested max number of worker in current system is 2, which is smaller than what this DataLoader is going to create. Please be aware that excessive worker creation might get DataLoader running slow or even freeze, lower the worker number to avoid potential slowness/freeze if necessary.
  self.check_worker_number_rationality()

Epoch 348: 100%|██████████| 19/19 [00:00<00:00, 20.93it/s, loss=0.0774, v_num=]
Epoch 348: 100%|██████████| 19/19 [00:00<00:00, 20.92it/s, loss=0.0775, v_num=]
Epoch 348:   0%|          | 0/19 [00:00<?, ?it/s, loss=0.0775, v_num=]         
Epoch 349:   0%|          | 0/19 [00:00<?, ?it/s, loss=0.0775, v_num=]/usr/local/lib/python3.12/dist-packages/torch/utils/data/dataloader.py:432: UserWarning: This DataLoader will create 6 worker processes in total. Our suggested max number of worker in current system is 2, which is smaller than what this DataLoader is going to create. Please be aware that excessive worker creation might get DataLoader running slow or even freeze, lower the worker number to avoid potential slowness/freeze if necessary.
  self.check_worker_number_rationality()

Epoch 349: 100%|██████████| 19/19 [00:00<00:00, 21.24it/s, loss=0.0775, v_num=]
Epoch 349: 100%|██████████| 19/19 [00:00<00:00, 21.23it/s, loss=0.0784, v_num=]
Epoch 349:   0%|          | 0/19 [00:00<?, ?it/s, loss=0.0784, v_num=]         
Epoch 350:   0%|          | 0/19 [00:00<?, ?it/s, loss=0.0784, v_num=]/usr/local/lib/python3.12/dist-packages/torch/utils/data/dataloader.py:432: UserWarning: This DataLoader will create 6 worker processes in total. Our suggested max number of worker in current system is 2, which is smaller than what this DataLoader is going to create. Please be aware that excessive worker creation might get DataLoader running slow or even freeze, lower the worker number to avoid potential slowness/freeze if necessary.
  self.check_worker_number_rationality()

Epoch 350: 100%|██████████| 19/19 [00:00<00:00, 21.31it/s, loss=0.0784, v_num=]
Epoch 350: 100%|██████████| 19/19 [00:00<00:00, 21.29it/s, loss=0.0762, v_num=]Evaluating...
NMI : 0.7958840542847625, ARI: 0.596921996388444, ACC: 0.49333, current K: 6
Epoch 350 | NMI: 0.7959, ARI: 0.5969, ACC: 0.4933, current K: 6
Confusion Matrix:
[[  0   0   0   0   4 196   0   0   0   0   0   0]
 [  0   0   0   0 197   3   0   0   0   0   0   0]
 [  0   0   0   0   3 197   0   0   0   0   0   0]
 [  0   0   0   0 196   4   0   0   0   0   0   0]
 [196   4   0   0   0   0   0   0   0   0   0   0]
 [  3 197   0   0   0   0   0   0   0   0   0   0]
 [193   7   0   0   0   0   0   0   0   0   0   0]
 [  5 195   0   0   0   0   0   0   0   0   0   0]
 [  0   0 199   1   0   0   0   0   0   0   0   0]
 [  0   0   3 197   0   0   0   0   0   0   0   0]
 [  0   0 195   5   0   0   0   0   0   0   0   0]
 [  0   0   2 198   0   0   0   0   0   0   0   0]]

Epoch 350:   0%|          | 0/19 [00:00<?, ?it/s, loss=0.0762, v_num=]         
Epoch 351:   0%|          | 0/19 [00:00<?, ?it/s, loss=0.0762, v_num=]/usr/local/lib/python3.12/dist-packages/torch/utils/data/dataloader.py:432: UserWarning: This DataLoader will create 6 worker processes in total. Our suggested max number of worker in current system is 2, which is smaller than what this DataLoader is going to create. Please be aware that excessive worker creation might get DataLoader running slow or even freeze, lower the worker number to avoid potential slowness/freeze if necessary.
  self.check_worker_number_rationality()

Epoch 351: 100%|██████████| 19/19 [00:00<00:00, 21.85it/s, loss=0.0762, v_num=]
Epoch 351: 100%|██████████| 19/19 [00:00<00:00, 21.84it/s, loss=0.0768, v_num=]
Epoch 351:   0%|          | 0/19 [00:00<?, ?it/s, loss=0.0768, v_num=]         
Epoch 352:   0%|          | 0/19 [00:00<?, ?it/s, loss=0.0768, v_num=]/usr/local/lib/python3.12/dist-packages/torch/utils/data/dataloader.py:432: UserWarning: This DataLoader will create 6 worker processes in total. Our suggested max number of worker in current system is 2, which is smaller than what this DataLoader is going to create. Please be aware that excessive worker creation might get DataLoader running slow or even freeze, lower the worker number to avoid potential slowness/freeze if necessary.
  self.check_worker_number_rationality()

Epoch 352: 100%|██████████| 19/19 [00:00<00:00, 21.31it/s, loss=0.0768, v_num=]
Epoch 352: 100%|██████████| 19/19 [00:00<00:00, 21.30it/s, loss=0.0768, v_num=]
Epoch 352:   0%|          | 0/19 [00:00<?, ?it/s, loss=0.0768, v_num=]         
Epoch 353:   0%|          | 0/19 [00:00<?, ?it/s, loss=0.0768, v_num=]/usr/local/lib/python3.12/dist-packages/torch/utils/data/dataloader.py:432: UserWarning: This DataLoader will create 6 worker processes in total. Our suggested max number of worker in current system is 2, which is smaller than what this DataLoader is going to create. Please be aware that excessive worker creation might get DataLoader running slow or even freeze, lower the worker number to avoid potential slowness/freeze if necessary.
  self.check_worker_number_rationality()

Epoch 353: 100%|██████████| 19/19 [00:01<00:00, 15.10it/s, loss=0.0768, v_num=]
Epoch 353: 100%|██████████| 19/19 [00:01<00:00, 15.09it/s, loss=0.0733, v_num=]
Epoch 353:   0%|          | 0/19 [00:00<?, ?it/s, loss=0.0733, v_num=]         
Epoch 354:   0%|          | 0/19 [00:00<?, ?it/s, loss=0.0733, v_num=]/usr/local/lib/python3.12/dist-packages/torch/utils/data/dataloader.py:432: UserWarning: This DataLoader will create 6 worker processes in total. Our suggested max number of worker in current system is 2, which is smaller than what this DataLoader is going to create. Please be aware that excessive worker creation might get DataLoader running slow or even freeze, lower the worker number to avoid potential slowness/freeze if necessary.
  self.check_worker_number_rationality()

Epoch 354: 100%|██████████| 19/19 [00:01<00:00, 15.33it/s, loss=0.0733, v_num=]
Epoch 354: 100%|██████████| 19/19 [00:01<00:00, 15.32it/s, loss=0.0792, v_num=]
Epoch 354:   0%|          | 0/19 [00:00<?, ?it/s, loss=0.0792, v_num=]         
Epoch 355:   0%|          | 0/19 [00:00<?, ?it/s, loss=0.0792, v_num=]/usr/local/lib/python3.12/dist-packages/torch/utils/data/dataloader.py:432: UserWarning: This DataLoader will create 6 worker processes in total. Our suggested max number of worker in current system is 2, which is smaller than what this DataLoader is going to create. Please be aware that excessive worker creation might get DataLoader running slow or even freeze, lower the worker number to avoid potential slowness/freeze if necessary.
  self.check_worker_number_rationality()

Epoch 355: 100%|██████████| 19/19 [00:01<00:00, 16.85it/s, loss=0.0792, v_num=]
Epoch 355: 100%|██████████| 19/19 [00:01<00:00, 16.84it/s, loss=0.076, v_num=] /content/DeepDPM-New/src/clustering_models/clusternet_modules/clusternetasmodel.py:672: UserWarning: To copy construct from a tensor, it is recommended to use sourceTensor.detach().clone() or sourceTensor.detach().clone().requires_grad_(True), rather than torch.tensor(sourceTensor).
  mus_ind_to_split = torch.nonzero(torch.tensor(split_decisions), as_tuple=False)
Splitting clusters [0 1 2 3 5]
Evaluating...
NMI : 0.7968388466398265, ARI: 0.597536259790768, ACC: 0.49375, current K: 6
[Split] K updated → 11 clusters
  [Epoch 355] losses at split → cluster_loss=0.0201, subcluster_loss=0.1333

Epoch 355:   0%|          | 0/19 [00:00<?, ?it/s, loss=0.076, v_num=]         
Epoch 356:   0%|          | 0/19 [00:00<?, ?it/s, loss=0.076, v_num=]/usr/local/lib/python3.12/dist-packages/torch/utils/data/dataloader.py:432: UserWarning: This DataLoader will create 6 worker processes in total. Our suggested max number of worker in current system is 2, which is smaller than what this DataLoader is going to create. Please be aware that excessive worker creation might get DataLoader running slow or even freeze, lower the worker number to avoid potential slowness/freeze if necessary.
  self.check_worker_number_rationality()

Epoch 356: 100%|██████████| 19/19 [00:01<00:00, 16.84it/s, loss=0.076, v_num=]
Epoch 356: 100%|██████████| 19/19 [00:01<00:00, 16.84it/s, loss=0.394, v_num=]
Epoch 356:   0%|          | 0/19 [00:00<?, ?it/s, loss=0.394, v_num=]         
Epoch 357:   0%|          | 0/19 [00:00<?, ?it/s, loss=0.394, v_num=]
Epoch 357: 100%|██████████| 19/19 [00:01<00:00, 16.77it/s, loss=0.394, v_num=]
Epoch 357: 100%|██████████| 19/19 [00:01<00:00, 16.76it/s, loss=0.375, v_num=]
Epoch 357:   0%|          | 0/19 [00:00<?, ?it/s, loss=0.375, v_num=]         
Epoch 358:   0%|          | 0/19 [00:00<?, ?it/s, loss=0.375, v_num=]
Epoch 358: 100%|██████████| 19/19 [00:01<00:00, 16.76it/s, loss=0.375, v_num=]
Epoch 358: 100%|██████████| 19/19 [00:01<00:00, 16.76it/s, loss=0.343, v_num=]
Epoch 358:   0%|          | 0/19 [00:00<?, ?it/s, loss=0.343, v_num=]         
Epoch 359:   0%|          | 0/19 [00:00<?, ?it/s, loss=0.343, v_num=]
Epoch 359: 100%|██████████| 19/19 [00:01<00:00, 17.00it/s, loss=0.343, v_num=]
Epoch 359: 100%|██████████| 19/19 [00:01<00:00, 17.00it/s, loss=0.321, v_num=]
Epoch 359:   0%|          | 0/19 [00:00<?, ?it/s, loss=0.321, v_num=]         
Epoch 360:   0%|          | 0/19 [00:00<?, ?it/s, loss=0.321, v_num=]
Epoch 360: 100%|██████████| 19/19 [00:01<00:00, 16.98it/s, loss=0.321, v_num=]
Epoch 360: 100%|██████████| 19/19 [00:01<00:00, 16.97it/s, loss=0.307, v_num=]Evaluating...
NMI : 0.8890746334198373, ARI: 0.7999472189594181, ACC: 0.85292, current K: 11
Epoch 360 | NMI: 0.8891, ARI: 0.7999, ACC: 0.8529, current K: 11
Confusion Matrix:
[[  5   0   0   0   0   0   0   0   0   1 194   0]
 [199   0   0   0   0   0   0   0   0   1   0   0]
 [  6   0   0   0   0   0   0   0   0 190   4   0]
 [200   0   0   0   0   0   0   0   0   0   0   0]
 [  0   2 194   2   2   0   0   0   0   0   0   0]
 [  0   2   1   6 191   0   0   0   0   0   0   0]
 [  0 193   0   2   5   0   0   0   0   0   0   0]
 [  0   0   5 179  16   0   0   0   0   0   0   0]
 [  0   0   0   0   0   3 196   1   0   0   0   0]
 [  0   0   0   0   0   3   0   0 197   0   0   0]
 [  0   0   0   0   0 196   0   2   2   0   0   0]
 [  0   0   0   0   0   4   0 117  79   0   0   0]]

Epoch 360:   0%|          | 0/19 [00:00<?, ?it/s, loss=0.307, v_num=]         
Epoch 361:   0%|          | 0/19 [00:00<?, ?it/s, loss=0.307, v_num=]/usr/local/lib/python3.12/dist-packages/torch/utils/data/dataloader.py:432: UserWarning: This DataLoader will create 6 worker processes in total. Our suggested max number of worker in current system is 2, which is smaller than what this DataLoader is going to create. Please be aware that excessive worker creation might get DataLoader running slow or even freeze, lower the worker number to avoid potential slowness/freeze if necessary.
  self.check_worker_number_rationality()

Epoch 361: 100%|██████████| 19/19 [00:01<00:00, 16.88it/s, loss=0.307, v_num=]
Epoch 361: 100%|██████████| 19/19 [00:01<00:00, 16.87it/s, loss=0.288, v_num=]
Epoch 361:   0%|          | 0/19 [00:00<?, ?it/s, loss=0.288, v_num=]         
Epoch 362:   0%|          | 0/19 [00:00<?, ?it/s, loss=0.288, v_num=]/usr/local/lib/python3.12/dist-packages/torch/utils/data/dataloader.py:432: UserWarning: This DataLoader will create 6 worker processes in total. Our suggested max number of worker in current system is 2, which is smaller than what this DataLoader is going to create. Please be aware that excessive worker creation might get DataLoader running slow or even freeze, lower the worker number to avoid potential slowness/freeze if necessary.
  self.check_worker_number_rationality()

Epoch 362: 100%|██████████| 19/19 [00:01<00:00, 16.79it/s, loss=0.288, v_num=]
Epoch 362: 100%|██████████| 19/19 [00:01<00:00, 16.78it/s, loss=0.0633, v_num=]
Epoch 362:   0%|          | 0/19 [00:00<?, ?it/s, loss=0.0633, v_num=]         
Epoch 363:   0%|          | 0/19 [00:00<?, ?it/s, loss=0.0633, v_num=]/usr/local/lib/python3.12/dist-packages/torch/utils/data/dataloader.py:432: UserWarning: This DataLoader will create 6 worker processes in total. Our suggested max number of worker in current system is 2, which is smaller than what this DataLoader is going to create. Please be aware that excessive worker creation might get DataLoader running slow or even freeze, lower the worker number to avoid potential slowness/freeze if necessary.
  self.check_worker_number_rationality()

Epoch 363: 100%|██████████| 19/19 [00:01<00:00, 16.49it/s, loss=0.0633, v_num=]
Epoch 363: 100%|██████████| 19/19 [00:01<00:00, 16.49it/s, loss=0.065, v_num=] 
Epoch 363:   0%|          | 0/19 [00:00<?, ?it/s, loss=0.065, v_num=]         
Epoch 364:   0%|          | 0/19 [00:00<?, ?it/s, loss=0.065, v_num=]/usr/local/lib/python3.12/dist-packages/torch/utils/data/dataloader.py:432: UserWarning: This DataLoader will create 6 worker processes in total. Our suggested max number of worker in current system is 2, which is smaller than what this DataLoader is going to create. Please be aware that excessive worker creation might get DataLoader running slow or even freeze, lower the worker number to avoid potential slowness/freeze if necessary.
  self.check_worker_number_rationality()

Epoch 364: 100%|██████████| 19/19 [00:01<00:00, 12.51it/s, loss=0.065, v_num=]
Epoch 364: 100%|██████████| 19/19 [00:01<00:00, 12.50it/s, loss=0.0671, v_num=]
Epoch 364:   0%|          | 0/19 [00:00<?, ?it/s, loss=0.0671, v_num=]         
Epoch 365:   0%|          | 0/19 [00:00<?, ?it/s, loss=0.0671, v_num=]/usr/local/lib/python3.12/dist-packages/torch/utils/data/dataloader.py:432: UserWarning: This DataLoader will create 6 worker processes in total. Our suggested max number of worker in current system is 2, which is smaller than what this DataLoader is going to create. Please be aware that excessive worker creation might get DataLoader running slow or even freeze, lower the worker number to avoid potential slowness/freeze if necessary.
  self.check_worker_number_rationality()

Epoch 365: 100%|██████████| 19/19 [00:01<00:00, 12.04it/s, loss=0.0671, v_num=]
Epoch 365: 100%|██████████| 19/19 [00:01<00:00, 12.04it/s, loss=0.0671, v_num=]Evaluating...
NMI : 0.9105039764382037, ARI: 0.8480668511201006, ACC: 0.88458, current K: 11

Epoch 365:   0%|          | 0/19 [00:00<?, ?it/s, loss=0.0671, v_num=]         
Epoch 366:   0%|          | 0/19 [00:00<?, ?it/s, loss=0.0671, v_num=]/usr/local/lib/python3.12/dist-packages/torch/utils/data/dataloader.py:432: UserWarning: This DataLoader will create 6 worker processes in total. Our suggested max number of worker in current system is 2, which is smaller than what this DataLoader is going to create. Please be aware that excessive worker creation might get DataLoader running slow or even freeze, lower the worker number to avoid potential slowness/freeze if necessary.
  self.check_worker_number_rationality()

Epoch 366: 100%|██████████| 19/19 [00:01<00:00, 16.72it/s, loss=0.0671, v_num=]
Epoch 366: 100%|██████████| 19/19 [00:01<00:00, 16.71it/s, loss=0.0682, v_num=]
Epoch 366:   0%|          | 0/19 [00:00<?, ?it/s, loss=0.0682, v_num=]         
Epoch 367:   0%|          | 0/19 [00:00<?, ?it/s, loss=0.0682, v_num=]/usr/local/lib/python3.12/dist-packages/torch/utils/data/dataloader.py:432: UserWarning: This DataLoader will create 6 worker processes in total. Our suggested max number of worker in current system is 2, which is smaller than what this DataLoader is going to create. Please be aware that excessive worker creation might get DataLoader running slow or even freeze, lower the worker number to avoid potential slowness/freeze if necessary.
  self.check_worker_number_rationality()

Epoch 367: 100%|██████████| 19/19 [00:01<00:00, 16.99it/s, loss=0.0682, v_num=]
Epoch 367: 100%|██████████| 19/19 [00:01<00:00, 16.99it/s, loss=0.0694, v_num=]
Epoch 367:   0%|          | 0/19 [00:00<?, ?it/s, loss=0.0694, v_num=]         
Epoch 368:   0%|          | 0/19 [00:00<?, ?it/s, loss=0.0694, v_num=]/usr/local/lib/python3.12/dist-packages/torch/utils/data/dataloader.py:432: UserWarning: This DataLoader will create 6 worker processes in total. Our suggested max number of worker in current system is 2, which is smaller than what this DataLoader is going to create. Please be aware that excessive worker creation might get DataLoader running slow or even freeze, lower the worker number to avoid potential slowness/freeze if necessary.
  self.check_worker_number_rationality()

Epoch 368: 100%|██████████| 19/19 [00:01<00:00, 16.00it/s, loss=0.0694, v_num=]
Epoch 368: 100%|██████████| 19/19 [00:01<00:00, 15.99it/s, loss=0.0691, v_num=]
Epoch 368:   0%|          | 0/19 [00:00<?, ?it/s, loss=0.0691, v_num=]         
Epoch 369:   0%|          | 0/19 [00:00<?, ?it/s, loss=0.0691, v_num=]/usr/local/lib/python3.12/dist-packages/torch/utils/data/dataloader.py:432: UserWarning: This DataLoader will create 6 worker processes in total. Our suggested max number of worker in current system is 2, which is smaller than what this DataLoader is going to create. Please be aware that excessive worker creation might get DataLoader running slow or even freeze, lower the worker number to avoid potential slowness/freeze if necessary.
  self.check_worker_number_rationality()

Epoch 369: 100%|██████████| 19/19 [00:01<00:00, 16.58it/s, loss=0.0691, v_num=]
Epoch 369: 100%|██████████| 19/19 [00:01<00:00, 16.57it/s, loss=0.0676, v_num=]
Epoch 369:   0%|          | 0/19 [00:00<?, ?it/s, loss=0.0676, v_num=]         
Epoch 370:   0%|          | 0/19 [00:00<?, ?it/s, loss=0.0676, v_num=]/usr/local/lib/python3.12/dist-packages/torch/utils/data/dataloader.py:432: UserWarning: This DataLoader will create 6 worker processes in total. Our suggested max number of worker in current system is 2, which is smaller than what this DataLoader is going to create. Please be aware that excessive worker creation might get DataLoader running slow or even freeze, lower the worker number to avoid potential slowness/freeze if necessary.
  self.check_worker_number_rationality()

Epoch 370: 100%|██████████| 19/19 [00:01<00:00, 16.47it/s, loss=0.0676, v_num=]
Epoch 370: 100%|██████████| 19/19 [00:01<00:00, 16.46it/s, loss=0.0673, v_num=]Evaluating...
NMI : 0.9107334713969203, ARI: 0.8470569645000603, ACC: 0.88375, current K: 11
Epoch 370 | NMI: 0.9107, ARI: 0.8471, ACC: 0.8838, current K: 11
Confusion Matrix:
[[  4   0   0   0   0   0   0   0   0   6 190   0]
 [199   0   0   0   0   0   0   0   0   1   0   0]
 [  5   0   0   0   0   0   0   0   0 193   2   0]
 [199   0   0   0   0   0   0   0   0   1   0   0]
 [  0   2 195   2   1   0   0   0   0   0   0   0]
 [  0   2   1   5 192   0   0   0   0   0   0   0]
 [  0 193   0   2   5   0   0   0   0   0   0   0]
 [  0   0   5 189   6   0   0   0   0   0   0   0]
 [  0   0   0   0   0   1 198   1   0   0   0   0]
 [  0   0   0   0   0   3   0   2 195   0   0   0]
 [  0   0   0   0   0 196   0   3   1   0   0   0]
 [  0   0   0   0   0   2   0 181  17   0   0   0]]

Epoch 370:   0%|          | 0/19 [00:00<?, ?it/s, loss=0.0673, v_num=]         
Epoch 371:   0%|          | 0/19 [00:00<?, ?it/s, loss=0.0673, v_num=]/usr/local/lib/python3.12/dist-packages/torch/utils/data/dataloader.py:432: UserWarning: This DataLoader will create 6 worker processes in total. Our suggested max number of worker in current system is 2, which is smaller than what this DataLoader is going to create. Please be aware that excessive worker creation might get DataLoader running slow or even freeze, lower the worker number to avoid potential slowness/freeze if necessary.
  self.check_worker_number_rationality()

Epoch 371: 100%|██████████| 19/19 [00:01<00:00, 16.08it/s, loss=0.0673, v_num=]
Epoch 371: 100%|██████████| 19/19 [00:01<00:00, 16.08it/s, loss=0.0677, v_num=]
Epoch 371:   0%|          | 0/19 [00:00<?, ?it/s, loss=0.0677, v_num=]         
Epoch 372:   0%|          | 0/19 [00:00<?, ?it/s, loss=0.0677, v_num=]/usr/local/lib/python3.12/dist-packages/torch/utils/data/dataloader.py:432: UserWarning: This DataLoader will create 6 worker processes in total. Our suggested max number of worker in current system is 2, which is smaller than what this DataLoader is going to create. Please be aware that excessive worker creation might get DataLoader running slow or even freeze, lower the worker number to avoid potential slowness/freeze if necessary.
  self.check_worker_number_rationality()

Epoch 372: 100%|██████████| 19/19 [00:01<00:00, 16.34it/s, loss=0.0677, v_num=]
Epoch 372: 100%|██████████| 19/19 [00:01<00:00, 16.34it/s, loss=0.0698, v_num=]
Epoch 372:   0%|          | 0/19 [00:00<?, ?it/s, loss=0.0698, v_num=]         
Epoch 373:   0%|          | 0/19 [00:00<?, ?it/s, loss=0.0698, v_num=]/usr/local/lib/python3.12/dist-packages/torch/utils/data/dataloader.py:432: UserWarning: This DataLoader will create 6 worker processes in total. Our suggested max number of worker in current system is 2, which is smaller than what this DataLoader is going to create. Please be aware that excessive worker creation might get DataLoader running slow or even freeze, lower the worker number to avoid potential slowness/freeze if necessary.
  self.check_worker_number_rationality()

Epoch 373: 100%|██████████| 19/19 [00:01<00:00, 16.69it/s, loss=0.0698, v_num=]
Epoch 373: 100%|██████████| 19/19 [00:01<00:00, 16.68it/s, loss=0.0706, v_num=]
Epoch 373:   0%|          | 0/19 [00:00<?, ?it/s, loss=0.0706, v_num=]         
Epoch 374:   0%|          | 0/19 [00:00<?, ?it/s, loss=0.0706, v_num=]/usr/local/lib/python3.12/dist-packages/torch/utils/data/dataloader.py:432: UserWarning: This DataLoader will create 6 worker processes in total. Our suggested max number of worker in current system is 2, which is smaller than what this DataLoader is going to create. Please be aware that excessive worker creation might get DataLoader running slow or even freeze, lower the worker number to avoid potential slowness/freeze if necessary.
  self.check_worker_number_rationality()

Epoch 374: 100%|██████████| 19/19 [00:01<00:00, 13.03it/s, loss=0.0706, v_num=]
Epoch 374: 100%|██████████| 19/19 [00:01<00:00, 13.02it/s, loss=0.0714, v_num=]
Epoch 374:   0%|          | 0/19 [00:00<?, ?it/s, loss=0.0714, v_num=]         
Epoch 375:   0%|          | 0/19 [00:00<?, ?it/s, loss=0.0714, v_num=]/usr/local/lib/python3.12/dist-packages/torch/utils/data/dataloader.py:432: UserWarning: This DataLoader will create 6 worker processes in total. Our suggested max number of worker in current system is 2, which is smaller than what this DataLoader is going to create. Please be aware that excessive worker creation might get DataLoader running slow or even freeze, lower the worker number to avoid potential slowness/freeze if necessary.
  self.check_worker_number_rationality()

Epoch 375: 100%|██████████| 19/19 [00:01<00:00, 11.76it/s, loss=0.0714, v_num=]
Epoch 375: 100%|██████████| 19/19 [00:01<00:00, 11.76it/s, loss=0.0689, v_num=]Evaluating...
NMI : 0.9048130240794736, ARI: 0.8396762310355155, ACC: 0.87958, current K: 11

Epoch 375:   0%|          | 0/19 [00:00<?, ?it/s, loss=0.0689, v_num=]         
Epoch 376:   0%|          | 0/19 [00:00<?, ?it/s, loss=0.0689, v_num=]/usr/local/lib/python3.12/dist-packages/torch/utils/data/dataloader.py:432: UserWarning: This DataLoader will create 6 worker processes in total. Our suggested max number of worker in current system is 2, which is smaller than what this DataLoader is going to create. Please be aware that excessive worker creation might get DataLoader running slow or even freeze, lower the worker number to avoid potential slowness/freeze if necessary.
  self.check_worker_number_rationality()

Epoch 376: 100%|██████████| 19/19 [00:01<00:00, 17.03it/s, loss=0.0689, v_num=]
Epoch 376: 100%|██████████| 19/19 [00:01<00:00, 17.02it/s, loss=0.0714, v_num=]
Epoch 376:   0%|          | 0/19 [00:00<?, ?it/s, loss=0.0714, v_num=]         
Epoch 377:   0%|          | 0/19 [00:00<?, ?it/s, loss=0.0714, v_num=]/usr/local/lib/python3.12/dist-packages/torch/utils/data/dataloader.py:432: UserWarning: This DataLoader will create 6 worker processes in total. Our suggested max number of worker in current system is 2, which is smaller than what this DataLoader is going to create. Please be aware that excessive worker creation might get DataLoader running slow or even freeze, lower the worker number to avoid potential slowness/freeze if necessary.
  self.check_worker_number_rationality()

Epoch 377: 100%|██████████| 19/19 [00:01<00:00, 16.66it/s, loss=0.0714, v_num=]
Epoch 377: 100%|██████████| 19/19 [00:01<00:00, 16.66it/s, loss=0.0721, v_num=]
Epoch 377:   0%|          | 0/19 [00:00<?, ?it/s, loss=0.0721, v_num=]         
Epoch 378:   0%|          | 0/19 [00:00<?, ?it/s, loss=0.0721, v_num=]/usr/local/lib/python3.12/dist-packages/torch/utils/data/dataloader.py:432: UserWarning: This DataLoader will create 6 worker processes in total. Our suggested max number of worker in current system is 2, which is smaller than what this DataLoader is going to create. Please be aware that excessive worker creation might get DataLoader running slow or even freeze, lower the worker number to avoid potential slowness/freeze if necessary.
  self.check_worker_number_rationality()

Epoch 378: 100%|██████████| 19/19 [00:01<00:00, 15.72it/s, loss=0.0721, v_num=]
Epoch 378: 100%|██████████| 19/19 [00:01<00:00, 15.71it/s, loss=0.0726, v_num=]
Epoch 378:   0%|          | 0/19 [00:00<?, ?it/s, loss=0.0726, v_num=]         
Epoch 379:   0%|          | 0/19 [00:00<?, ?it/s, loss=0.0726, v_num=]/usr/local/lib/python3.12/dist-packages/torch/utils/data/dataloader.py:432: UserWarning: This DataLoader will create 6 worker processes in total. Our suggested max number of worker in current system is 2, which is smaller than what this DataLoader is going to create. Please be aware that excessive worker creation might get DataLoader running slow or even freeze, lower the worker number to avoid potential slowness/freeze if necessary.
  self.check_worker_number_rationality()

Epoch 379: 100%|██████████| 19/19 [00:01<00:00, 16.16it/s, loss=0.0726, v_num=]
Epoch 379: 100%|██████████| 19/19 [00:01<00:00, 16.15it/s, loss=0.0725, v_num=]
Epoch 379:   0%|          | 0/19 [00:00<?, ?it/s, loss=0.0725, v_num=]         
Epoch 380:   0%|          | 0/19 [00:00<?, ?it/s, loss=0.0725, v_num=]/usr/local/lib/python3.12/dist-packages/torch/utils/data/dataloader.py:432: UserWarning: This DataLoader will create 6 worker processes in total. Our suggested max number of worker in current system is 2, which is smaller than what this DataLoader is going to create. Please be aware that excessive worker creation might get DataLoader running slow or even freeze, lower the worker number to avoid potential slowness/freeze if necessary.
  self.check_worker_number_rationality()

Epoch 380: 100%|██████████| 19/19 [00:01<00:00, 16.88it/s, loss=0.0725, v_num=]
Epoch 380: 100%|██████████| 19/19 [00:01<00:00, 16.87it/s, loss=0.0746, v_num=]Evaluating...
NMI : 0.9033653694633326, ARI: 0.8358121698873391, ACC: 0.8775, current K: 11
Epoch 380 | NMI: 0.9034, ARI: 0.8358, ACC: 0.8775, current K: 11
Confusion Matrix:
[[  4   0   0   0   0   0   0   0   0   6 190   0]
 [198   0   0   0   0   0   0   0   0   1   1   0]
 [  5   0   0   0   0   0   0   0   0 193   2   0]
 [199   0   0   0   0   0   0   0   0   1   0   0]
 [  0   2 195   2   1   0   0   0   0   0   0   0]
 [  0   1   0   9 190   0   0   0   0   0   0   0]
 [  0 195   0   2   3   0   0   0   0   0   0   0]
 [  0   0   5 189   6   0   0   0   0   0   0   0]
 [  0   0   0   0   0   2 197   1   0   0   0   0]
 [  0   0   0   0   0   3   0   9 188   0   0   0]
 [  0   0   0   0   0 196   0   3   1   0   0   0]
 [  0   0   0   0   0   1   0 174  25   0   0   0]]

Epoch 380:   0%|          | 0/19 [00:00<?, ?it/s, loss=0.0746, v_num=]         
Epoch 381:   0%|          | 0/19 [00:00<?, ?it/s, loss=0.0746, v_num=]/usr/local/lib/python3.12/dist-packages/torch/utils/data/dataloader.py:432: UserWarning: This DataLoader will create 6 worker processes in total. Our suggested max number of worker in current system is 2, which is smaller than what this DataLoader is going to create. Please be aware that excessive worker creation might get DataLoader running slow or even freeze, lower the worker number to avoid potential slowness/freeze if necessary.
  self.check_worker_number_rationality()

Epoch 381: 100%|██████████| 19/19 [00:01<00:00, 16.85it/s, loss=0.0746, v_num=]
Epoch 381: 100%|██████████| 19/19 [00:01<00:00, 16.84it/s, loss=0.0734, v_num=]
Epoch 381:   0%|          | 0/19 [00:00<?, ?it/s, loss=0.0734, v_num=]         
Epoch 382:   0%|          | 0/19 [00:00<?, ?it/s, loss=0.0734, v_num=]/usr/local/lib/python3.12/dist-packages/torch/utils/data/dataloader.py:432: UserWarning: This DataLoader will create 6 worker processes in total. Our suggested max number of worker in current system is 2, which is smaller than what this DataLoader is going to create. Please be aware that excessive worker creation might get DataLoader running slow or even freeze, lower the worker number to avoid potential slowness/freeze if necessary.
  self.check_worker_number_rationality()

Epoch 382: 100%|██████████| 19/19 [00:01<00:00, 16.76it/s, loss=0.0734, v_num=]
Epoch 382: 100%|██████████| 19/19 [00:01<00:00, 16.75it/s, loss=0.0704, v_num=]
Epoch 382:   0%|          | 0/19 [00:00<?, ?it/s, loss=0.0704, v_num=]         
Epoch 383:   0%|          | 0/19 [00:00<?, ?it/s, loss=0.0704, v_num=]/usr/local/lib/python3.12/dist-packages/torch/utils/data/dataloader.py:432: UserWarning: This DataLoader will create 6 worker processes in total. Our suggested max number of worker in current system is 2, which is smaller than what this DataLoader is going to create. Please be aware that excessive worker creation might get DataLoader running slow or even freeze, lower the worker number to avoid potential slowness/freeze if necessary.
  self.check_worker_number_rationality()

Epoch 383: 100%|██████████| 19/19 [00:01<00:00, 16.87it/s, loss=0.0704, v_num=]
Epoch 383: 100%|██████████| 19/19 [00:01<00:00, 16.86it/s, loss=0.0717, v_num=]
Epoch 383:   0%|          | 0/19 [00:00<?, ?it/s, loss=0.0717, v_num=]         
Epoch 384:   0%|          | 0/19 [00:00<?, ?it/s, loss=0.0717, v_num=]/usr/local/lib/python3.12/dist-packages/torch/utils/data/dataloader.py:432: UserWarning: This DataLoader will create 6 worker processes in total. Our suggested max number of worker in current system is 2, which is smaller than what this DataLoader is going to create. Please be aware that excessive worker creation might get DataLoader running slow or even freeze, lower the worker number to avoid potential slowness/freeze if necessary.
  self.check_worker_number_rationality()

Epoch 384: 100%|██████████| 19/19 [00:01<00:00, 13.76it/s, loss=0.0717, v_num=]
Epoch 384: 100%|██████████| 19/19 [00:01<00:00, 13.76it/s, loss=0.0714, v_num=]
Epoch 384:   0%|          | 0/19 [00:00<?, ?it/s, loss=0.0714, v_num=]         
Epoch 385:   0%|          | 0/19 [00:00<?, ?it/s, loss=0.0714, v_num=]/usr/local/lib/python3.12/dist-packages/torch/utils/data/dataloader.py:432: UserWarning: This DataLoader will create 6 worker processes in total. Our suggested max number of worker in current system is 2, which is smaller than what this DataLoader is going to create. Please be aware that excessive worker creation might get DataLoader running slow or even freeze, lower the worker number to avoid potential slowness/freeze if necessary.
  self.check_worker_number_rationality()

Epoch 385: 100%|██████████| 19/19 [00:01<00:00, 12.49it/s, loss=0.0714, v_num=]
Epoch 385: 100%|██████████| 19/19 [00:01<00:00, 12.48it/s, loss=0.0697, v_num=]/content/DeepDPM-New/src/clustering_models/clusternet_modules/models/Classifiers.py:351: UserWarning: To copy construct from a tensor, it is recommended to use sourceTensor.detach().clone() or sourceTensor.detach().clone().requires_grad_(True), rather than torch.tensor(sourceTensor).
  mus_ind_not_merged = torch.nonzero(torch.logical_not(torch.tensor(merge_decisions)), as_tuple=False)
/content/DeepDPM-New/src/clustering_models/clusternet_modules/models/Classifiers.py:359: UserWarning: To copy construct from a tensor, it is recommended to use sourceTensor.detach().clone() or sourceTensor.detach().clone().requires_grad_(True), rather than torch.tensor(sourceTensor).
  fc1_weights_not_merged = class_fc1.weight.data[torch.logical_not(torch.tensor(merge_decisions)).repeat_interleave(self.hidden_dim), :]
Merging clusters [[1, 2], [3, 4], [5, 6], [7, 8], [9, 10]]
Evaluating...
NMI : 0.9049971875310466, ARI: 0.8348552738955154, ACC: 0.87583, current K: 11
[Merge] K updated → 6 clusters
  [Epoch 385] losses at merge → cluster_loss=0.0474, subcluster_loss=0.0982

Epoch 385:   0%|          | 0/19 [00:00<?, ?it/s, loss=0.0697, v_num=]         
Epoch 386:   0%|          | 0/19 [00:00<?, ?it/s, loss=0.0697, v_num=]/usr/local/lib/python3.12/dist-packages/torch/utils/data/dataloader.py:432: UserWarning: This DataLoader will create 6 worker processes in total. Our suggested max number of worker in current system is 2, which is smaller than what this DataLoader is going to create. Please be aware that excessive worker creation might get DataLoader running slow or even freeze, lower the worker number to avoid potential slowness/freeze if necessary.
  self.check_worker_number_rationality()

Epoch 386: 100%|██████████| 19/19 [00:01<00:00, 17.15it/s, loss=0.0697, v_num=]
Epoch 386: 100%|██████████| 19/19 [00:01<00:00, 17.14it/s, loss=0.14, v_num=]  
Epoch 386:   0%|          | 0/19 [00:00<?, ?it/s, loss=0.14, v_num=]         
Epoch 387:   0%|          | 0/19 [00:00<?, ?it/s, loss=0.14, v_num=]
Epoch 387: 100%|██████████| 19/19 [00:00<00:00, 21.55it/s, loss=0.14, v_num=]
Epoch 387: 100%|██████████| 19/19 [00:00<00:00, 21.54it/s, loss=0.117, v_num=]
Epoch 387:   0%|          | 0/19 [00:00<?, ?it/s, loss=0.117, v_num=]         
Epoch 388:   0%|          | 0/19 [00:00<?, ?it/s, loss=0.117, v_num=]
Epoch 388: 100%|██████████| 19/19 [00:00<00:00, 21.57it/s, loss=0.117, v_num=]
Epoch 388: 100%|██████████| 19/19 [00:00<00:00, 21.56it/s, loss=0.097, v_num=]
Epoch 388:   0%|          | 0/19 [00:00<?, ?it/s, loss=0.097, v_num=]         
Epoch 389:   0%|          | 0/19 [00:00<?, ?it/s, loss=0.097, v_num=]
Epoch 389: 100%|██████████| 19/19 [00:00<00:00, 21.63it/s, loss=0.097, v_num=]
Epoch 389: 100%|██████████| 19/19 [00:00<00:00, 21.62it/s, loss=0.1, v_num=]  
Epoch 389:   0%|          | 0/19 [00:00<?, ?it/s, loss=0.1, v_num=]         
Epoch 390:   0%|          | 0/19 [00:00<?, ?it/s, loss=0.1, v_num=]
Epoch 390: 100%|██████████| 19/19 [00:00<00:00, 21.28it/s, loss=0.1, v_num=]
Epoch 390: 100%|██████████| 19/19 [00:00<00:00, 21.27it/s, loss=0.0948, v_num=]Evaluating...
NMI : 0.792794032072036, ARI: 0.5933585775222746, ACC: 0.49292, current K: 6
Epoch 390 | NMI: 0.7928, ARI: 0.5934, ACC: 0.4929, current K: 6
Confusion Matrix:
[[  6   0   0   0   0 194   0   0   0   0   0   0]
 [199   0   0   0   0   1   0   0   0   0   0   0]
 [  5   0   0   0   0 195   0   0   0   0   0   0]
 [200   0   0   0   0   0   0   0   0   0   0   0]
 [  0 194   6   0   0   0   0   0   0   0   0   0]
 [  0   3 197   0   0   0   0   0   0   0   0   0]
 [  0 195   5   0   0   0   0   0   0   0   0   0]
 [  0   5 195   0   0   0   0   0   0   0   0   0]
 [  0   0   0 199   1   0   0   0   0   0   0   0]
 [  0   0   0   3 197   0   0   0   0   0   0   0]
 [  0   0   0 191   9   0   0   0   0   0   0   0]
 [  0   0   0   6 194   0   0   0   0   0   0   0]]

Epoch 390:   0%|          | 0/19 [00:00<?, ?it/s, loss=0.0948, v_num=]         
Epoch 391:   0%|          | 0/19 [00:00<?, ?it/s, loss=0.0948, v_num=]/usr/local/lib/python3.12/dist-packages/torch/utils/data/dataloader.py:432: UserWarning: This DataLoader will create 6 worker processes in total. Our suggested max number of worker in current system is 2, which is smaller than what this DataLoader is going to create. Please be aware that excessive worker creation might get DataLoader running slow or even freeze, lower the worker number to avoid potential slowness/freeze if necessary.
  self.check_worker_number_rationality()

Epoch 391: 100%|██████████| 19/19 [00:00<00:00, 21.59it/s, loss=0.0948, v_num=]
Epoch 391: 100%|██████████| 19/19 [00:00<00:00, 21.58it/s, loss=0.0972, v_num=]
Epoch 391:   0%|          | 0/19 [00:00<?, ?it/s, loss=0.0972, v_num=]         
Epoch 392:   0%|          | 0/19 [00:00<?, ?it/s, loss=0.0972, v_num=]/usr/local/lib/python3.12/dist-packages/torch/utils/data/dataloader.py:432: UserWarning: This DataLoader will create 6 worker processes in total. Our suggested max number of worker in current system is 2, which is smaller than what this DataLoader is going to create. Please be aware that excessive worker creation might get DataLoader running slow or even freeze, lower the worker number to avoid potential slowness/freeze if necessary.
  self.check_worker_number_rationality()

Epoch 392: 100%|██████████| 19/19 [00:00<00:00, 21.37it/s, loss=0.0972, v_num=]
Epoch 392: 100%|██████████| 19/19 [00:00<00:00, 21.36it/s, loss=0.0908, v_num=]
Epoch 392:   0%|          | 0/19 [00:00<?, ?it/s, loss=0.0908, v_num=]         
Epoch 393:   0%|          | 0/19 [00:00<?, ?it/s, loss=0.0908, v_num=]/usr/local/lib/python3.12/dist-packages/torch/utils/data/dataloader.py:432: UserWarning: This DataLoader will create 6 worker processes in total. Our suggested max number of worker in current system is 2, which is smaller than what this DataLoader is going to create. Please be aware that excessive worker creation might get DataLoader running slow or even freeze, lower the worker number to avoid potential slowness/freeze if necessary.
  self.check_worker_number_rationality()

Epoch 393: 100%|██████████| 19/19 [00:00<00:00, 21.71it/s, loss=0.0908, v_num=]
Epoch 393: 100%|██████████| 19/19 [00:00<00:00, 21.70it/s, loss=0.0907, v_num=]
Epoch 393:   0%|          | 0/19 [00:00<?, ?it/s, loss=0.0907, v_num=]         
Epoch 394:   0%|          | 0/19 [00:00<?, ?it/s, loss=0.0907, v_num=]/usr/local/lib/python3.12/dist-packages/torch/utils/data/dataloader.py:432: UserWarning: This DataLoader will create 6 worker processes in total. Our suggested max number of worker in current system is 2, which is smaller than what this DataLoader is going to create. Please be aware that excessive worker creation might get DataLoader running slow or even freeze, lower the worker number to avoid potential slowness/freeze if necessary.
  self.check_worker_number_rationality()

Epoch 394: 100%|██████████| 19/19 [00:00<00:00, 21.51it/s, loss=0.0907, v_num=]
Epoch 394: 100%|██████████| 19/19 [00:00<00:00, 21.50it/s, loss=0.09, v_num=]  
Epoch 394:   0%|          | 0/19 [00:00<?, ?it/s, loss=0.09, v_num=]         
Epoch 395:   0%|          | 0/19 [00:00<?, ?it/s, loss=0.09, v_num=]/usr/local/lib/python3.12/dist-packages/torch/utils/data/dataloader.py:432: UserWarning: This DataLoader will create 6 worker processes in total. Our suggested max number of worker in current system is 2, which is smaller than what this DataLoader is going to create. Please be aware that excessive worker creation might get DataLoader running slow or even freeze, lower the worker number to avoid potential slowness/freeze if necessary.
  self.check_worker_number_rationality()

Epoch 395: 100%|██████████| 19/19 [00:00<00:00, 19.42it/s, loss=0.09, v_num=]
Epoch 395: 100%|██████████| 19/19 [00:00<00:00, 19.41it/s, loss=0.0924, v_num=]Evaluating...
NMI : 0.7952084739060351, ARI: 0.5957899103256422, ACC: 0.49375, current K: 6

Epoch 395:   0%|          | 0/19 [00:00<?, ?it/s, loss=0.0924, v_num=]         
Epoch 396:   0%|          | 0/19 [00:00<?, ?it/s, loss=0.0924, v_num=]/usr/local/lib/python3.12/dist-packages/torch/utils/data/dataloader.py:432: UserWarning: This DataLoader will create 6 worker processes in total. Our suggested max number of worker in current system is 2, which is smaller than what this DataLoader is going to create. Please be aware that excessive worker creation might get DataLoader running slow or even freeze, lower the worker number to avoid potential slowness/freeze if necessary.
  self.check_worker_number_rationality()

Epoch 396: 100%|██████████| 19/19 [00:00<00:00, 22.11it/s, loss=0.0924, v_num=]
Epoch 396: 100%|██████████| 19/19 [00:00<00:00, 22.10it/s, loss=0.0908, v_num=]
Epoch 396:   0%|          | 0/19 [00:00<?, ?it/s, loss=0.0908, v_num=]         
Epoch 397:   0%|          | 0/19 [00:00<?, ?it/s, loss=0.0908, v_num=]/usr/local/lib/python3.12/dist-packages/torch/utils/data/dataloader.py:432: UserWarning: This DataLoader will create 6 worker processes in total. Our suggested max number of worker in current system is 2, which is smaller than what this DataLoader is going to create. Please be aware that excessive worker creation might get DataLoader running slow or even freeze, lower the worker number to avoid potential slowness/freeze if necessary.
  self.check_worker_number_rationality()

Epoch 397: 100%|██████████| 19/19 [00:01<00:00, 15.05it/s, loss=0.0908, v_num=]
Epoch 397: 100%|██████████| 19/19 [00:01<00:00, 15.04it/s, loss=0.0905, v_num=]
Epoch 397:   0%|          | 0/19 [00:00<?, ?it/s, loss=0.0905, v_num=]         
Epoch 398:   0%|          | 0/19 [00:00<?, ?it/s, loss=0.0905, v_num=]/usr/local/lib/python3.12/dist-packages/torch/utils/data/dataloader.py:432: UserWarning: This DataLoader will create 6 worker processes in total. Our suggested max number of worker in current system is 2, which is smaller than what this DataLoader is going to create. Please be aware that excessive worker creation might get DataLoader running slow or even freeze, lower the worker number to avoid potential slowness/freeze if necessary.
  self.check_worker_number_rationality()

Epoch 398: 100%|██████████| 19/19 [00:01<00:00, 15.53it/s, loss=0.0905, v_num=]
Epoch 398: 100%|██████████| 19/19 [00:01<00:00, 15.53it/s, loss=0.0917, v_num=]
Epoch 398:   0%|          | 0/19 [00:00<?, ?it/s, loss=0.0917, v_num=]         
Epoch 399:   0%|          | 0/19 [00:00<?, ?it/s, loss=0.0917, v_num=]/usr/local/lib/python3.12/dist-packages/torch/utils/data/dataloader.py:432: UserWarning: This DataLoader will create 6 worker processes in total. Our suggested max number of worker in current system is 2, which is smaller than what this DataLoader is going to create. Please be aware that excessive worker creation might get DataLoader running slow or even freeze, lower the worker number to avoid potential slowness/freeze if necessary.
  self.check_worker_number_rationality()

Epoch 399: 100%|██████████| 19/19 [00:01<00:00, 16.49it/s, loss=0.0917, v_num=]
Epoch 399: 100%|██████████| 19/19 [00:01<00:00, 16.49it/s, loss=0.0895, v_num=]
Epoch 399:   0%|          | 0/19 [00:00<?, ?it/s, loss=0.0895, v_num=]         
Epoch 400:   0%|          | 0/19 [00:00<?, ?it/s, loss=0.0895, v_num=]/usr/local/lib/python3.12/dist-packages/torch/utils/data/dataloader.py:432: UserWarning: This DataLoader will create 6 worker processes in total. Our suggested max number of worker in current system is 2, which is smaller than what this DataLoader is going to create. Please be aware that excessive worker creation might get DataLoader running slow or even freeze, lower the worker number to avoid potential slowness/freeze if necessary.
  self.check_worker_number_rationality()

Epoch 400: 100%|██████████| 19/19 [00:00<00:00, 21.65it/s, loss=0.0895, v_num=]
Epoch 400: 100%|██████████| 19/19 [00:00<00:00, 21.64it/s, loss=0.0884, v_num=]Evaluating...
NMI : 0.7978396362355967, ARI: 0.5981547374007903, ACC: 0.49417, current K: 6
Epoch 400 | NMI: 0.7978, ARI: 0.5982, ACC: 0.4942, current K: 6
Confusion Matrix:
[[  4   0   0   0   0 196   0   0   0   0   0   0]
 [197   0   0   0   0   3   0   0   0   0   0   0]
 [  3   0   0   0   0 197   0   0   0   0   0   0]
 [198   0   0   0   0   2   0   0   0   0   0   0]
 [  0 196   4   0   0   0   0   0   0   0   0   0]
 [  0   3 197   0   0   0   0   0   0   0   0   0]
 [  0 195   5   0   0   0   0   0   0   0   0   0]
 [  0   5 195   0   0   0   0   0   0   0   0   0]
 [  0   0   0 199   1   0   0   0   0   0   0   0]
 [  0   0   0   3 197   0   0   0   0   0   0   0]
 [  0   0   0 192   8   0   0   0   0   0   0   0]
 [  0   0   0   1 199   0   0   0   0   0   0   0]]

Epoch 400:   0%|          | 0/19 [00:00<?, ?it/s, loss=0.0884, v_num=]         
Epoch 401:   0%|          | 0/19 [00:00<?, ?it/s, loss=0.0884, v_num=]/usr/local/lib/python3.12/dist-packages/torch/utils/data/dataloader.py:432: UserWarning: This DataLoader will create 6 worker processes in total. Our suggested max number of worker in current system is 2, which is smaller than what this DataLoader is going to create. Please be aware that excessive worker creation might get DataLoader running slow or even freeze, lower the worker number to avoid potential slowness/freeze if necessary.
  self.check_worker_number_rationality()

Epoch 401: 100%|██████████| 19/19 [00:00<00:00, 21.38it/s, loss=0.0884, v_num=]
Epoch 401: 100%|██████████| 19/19 [00:00<00:00, 21.37it/s, loss=0.0853, v_num=]
Epoch 401:   0%|          | 0/19 [00:00<?, ?it/s, loss=0.0853, v_num=]         
Epoch 402:   0%|          | 0/19 [00:00<?, ?it/s, loss=0.0853, v_num=]/usr/local/lib/python3.12/dist-packages/torch/utils/data/dataloader.py:432: UserWarning: This DataLoader will create 6 worker processes in total. Our suggested max number of worker in current system is 2, which is smaller than what this DataLoader is going to create. Please be aware that excessive worker creation might get DataLoader running slow or even freeze, lower the worker number to avoid potential slowness/freeze if necessary.
  self.check_worker_number_rationality()

Epoch 402: 100%|██████████| 19/19 [00:00<00:00, 21.60it/s, loss=0.0853, v_num=]
Epoch 402: 100%|██████████| 19/19 [00:00<00:00, 21.59it/s, loss=0.0881, v_num=]
Epoch 402:   0%|          | 0/19 [00:00<?, ?it/s, loss=0.0881, v_num=]         
Epoch 403:   0%|          | 0/19 [00:00<?, ?it/s, loss=0.0881, v_num=]/usr/local/lib/python3.12/dist-packages/torch/utils/data/dataloader.py:432: UserWarning: This DataLoader will create 6 worker processes in total. Our suggested max number of worker in current system is 2, which is smaller than what this DataLoader is going to create. Please be aware that excessive worker creation might get DataLoader running slow or even freeze, lower the worker number to avoid potential slowness/freeze if necessary.
  self.check_worker_number_rationality()

Epoch 403: 100%|██████████| 19/19 [00:00<00:00, 21.99it/s, loss=0.0881, v_num=]
Epoch 403: 100%|██████████| 19/19 [00:00<00:00, 21.98it/s, loss=0.0924, v_num=]
Epoch 403:   0%|          | 0/19 [00:00<?, ?it/s, loss=0.0924, v_num=]         
Epoch 404:   0%|          | 0/19 [00:00<?, ?it/s, loss=0.0924, v_num=]/usr/local/lib/python3.12/dist-packages/torch/utils/data/dataloader.py:432: UserWarning: This DataLoader will create 6 worker processes in total. Our suggested max number of worker in current system is 2, which is smaller than what this DataLoader is going to create. Please be aware that excessive worker creation might get DataLoader running slow or even freeze, lower the worker number to avoid potential slowness/freeze if necessary.
  self.check_worker_number_rationality()

Epoch 404: 100%|██████████| 19/19 [00:00<00:00, 21.11it/s, loss=0.0924, v_num=]
Epoch 404: 100%|██████████| 19/19 [00:00<00:00, 21.09it/s, loss=0.0874, v_num=]
Epoch 404:   0%|          | 0/19 [00:00<?, ?it/s, loss=0.0874, v_num=]         
Epoch 405:   0%|          | 0/19 [00:00<?, ?it/s, loss=0.0874, v_num=]/usr/local/lib/python3.12/dist-packages/torch/utils/data/dataloader.py:432: UserWarning: This DataLoader will create 6 worker processes in total. Our suggested max number of worker in current system is 2, which is smaller than what this DataLoader is going to create. Please be aware that excessive worker creation might get DataLoader running slow or even freeze, lower the worker number to avoid potential slowness/freeze if necessary.
  self.check_worker_number_rationality()

Epoch 405: 100%|██████████| 19/19 [00:00<00:00, 21.04it/s, loss=0.0874, v_num=]
Epoch 405: 100%|██████████| 19/19 [00:00<00:00, 21.03it/s, loss=0.0872, v_num=]Evaluating...
NMI : 0.7991382456566793, ARI: 0.5993372251182105, ACC: 0.49417, current K: 6

Epoch 405:   0%|          | 0/19 [00:00<?, ?it/s, loss=0.0872, v_num=]         
Epoch 406:   0%|          | 0/19 [00:00<?, ?it/s, loss=0.0872, v_num=]/usr/local/lib/python3.12/dist-packages/torch/utils/data/dataloader.py:432: UserWarning: This DataLoader will create 6 worker processes in total. Our suggested max number of worker in current system is 2, which is smaller than what this DataLoader is going to create. Please be aware that excessive worker creation might get DataLoader running slow or even freeze, lower the worker number to avoid potential slowness/freeze if necessary.
  self.check_worker_number_rationality()

Epoch 406: 100%|██████████| 19/19 [00:00<00:00, 21.36it/s, loss=0.0872, v_num=]
Epoch 406: 100%|██████████| 19/19 [00:00<00:00, 21.35it/s, loss=0.0882, v_num=]
Epoch 406:   0%|          | 0/19 [00:00<?, ?it/s, loss=0.0882, v_num=]         
Epoch 407:   0%|          | 0/19 [00:00<?, ?it/s, loss=0.0882, v_num=]/usr/local/lib/python3.12/dist-packages/torch/utils/data/dataloader.py:432: UserWarning: This DataLoader will create 6 worker processes in total. Our suggested max number of worker in current system is 2, which is smaller than what this DataLoader is going to create. Please be aware that excessive worker creation might get DataLoader running slow or even freeze, lower the worker number to avoid potential slowness/freeze if necessary.
  self.check_worker_number_rationality()

Epoch 407: 100%|██████████| 19/19 [00:00<00:00, 21.47it/s, loss=0.0882, v_num=]
Epoch 407: 100%|██████████| 19/19 [00:00<00:00, 21.46it/s, loss=0.0907, v_num=]
Epoch 407:   0%|          | 0/19 [00:00<?, ?it/s, loss=0.0907, v_num=]         
Epoch 408:   0%|          | 0/19 [00:00<?, ?it/s, loss=0.0907, v_num=]/usr/local/lib/python3.12/dist-packages/torch/utils/data/dataloader.py:432: UserWarning: This DataLoader will create 6 worker processes in total. Our suggested max number of worker in current system is 2, which is smaller than what this DataLoader is going to create. Please be aware that excessive worker creation might get DataLoader running slow or even freeze, lower the worker number to avoid potential slowness/freeze if necessary.
  self.check_worker_number_rationality()

Epoch 408: 100%|██████████| 19/19 [00:00<00:00, 20.70it/s, loss=0.0907, v_num=]
Epoch 408: 100%|██████████| 19/19 [00:00<00:00, 20.69it/s, loss=0.0877, v_num=]
Epoch 408:   0%|          | 0/19 [00:00<?, ?it/s, loss=0.0877, v_num=]         
Epoch 409:   0%|          | 0/19 [00:00<?, ?it/s, loss=0.0877, v_num=]/usr/local/lib/python3.12/dist-packages/torch/utils/data/dataloader.py:432: UserWarning: This DataLoader will create 6 worker processes in total. Our suggested max number of worker in current system is 2, which is smaller than what this DataLoader is going to create. Please be aware that excessive worker creation might get DataLoader running slow or even freeze, lower the worker number to avoid potential slowness/freeze if necessary.
  self.check_worker_number_rationality()

Epoch 409: 100%|██████████| 19/19 [00:00<00:00, 21.23it/s, loss=0.0877, v_num=]
Epoch 409: 100%|██████████| 19/19 [00:00<00:00, 21.22it/s, loss=0.088, v_num=] 
Epoch 409:   0%|          | 0/19 [00:00<?, ?it/s, loss=0.088, v_num=]         
Epoch 410:   0%|          | 0/19 [00:00<?, ?it/s, loss=0.088, v_num=]/usr/local/lib/python3.12/dist-packages/torch/utils/data/dataloader.py:432: UserWarning: This DataLoader will create 6 worker processes in total. Our suggested max number of worker in current system is 2, which is smaller than what this DataLoader is going to create. Please be aware that excessive worker creation might get DataLoader running slow or even freeze, lower the worker number to avoid potential slowness/freeze if necessary.
  self.check_worker_number_rationality()

Epoch 410: 100%|██████████| 19/19 [00:01<00:00, 17.31it/s, loss=0.088, v_num=]
Epoch 410: 100%|██████████| 19/19 [00:01<00:00, 17.30it/s, loss=0.0851, v_num=]Evaluating...
NMI : 0.7988799792425747, ARI: 0.5993204999203624, ACC: 0.49375, current K: 6
Epoch 410 | NMI: 0.7989, ARI: 0.5993, ACC: 0.4938, current K: 6
Confusion Matrix:
[[  4   0   0   0   0 196   0   0   0   0   0   0]
 [197   0   0   0   0   3   0   0   0   0   0   0]
 [  3   0   0   0   0 197   0   0   0   0   0   0]
 [198   0   0   0   0   2   0   0   0   0   0   0]
 [  0 196   4   0   0   0   0   0   0   0   0   0]
 [  0   3 197   0   0   0   0   0   0   0   0   0]
 [  0 195   5   0   0   0   0   0   0   0   0   0]
 [  0   5 195   0   0   0   0   0   0   0   0   0]
 [  0   0   0 199   1   0   0   0   0   0   0   0]
 [  0   0   0   3 197   0   0   0   0   0   0   0]
 [  0   0   0 195   5   0   0   0   0   0   0   0]
 [  0   0   0   2 198   0   0   0   0   0   0   0]]

Epoch 410:   0%|          | 0/19 [00:00<?, ?it/s, loss=0.0851, v_num=]         
Epoch 411:   0%|          | 0/19 [00:00<?, ?it/s, loss=0.0851, v_num=]/usr/local/lib/python3.12/dist-packages/torch/utils/data/dataloader.py:432: UserWarning: This DataLoader will create 6 worker processes in total. Our suggested max number of worker in current system is 2, which is smaller than what this DataLoader is going to create. Please be aware that excessive worker creation might get DataLoader running slow or even freeze, lower the worker number to avoid potential slowness/freeze if necessary.
  self.check_worker_number_rationality()

Epoch 411: 100%|██████████| 19/19 [00:01<00:00, 16.11it/s, loss=0.0851, v_num=]
Epoch 411: 100%|██████████| 19/19 [00:01<00:00, 16.10it/s, loss=0.0898, v_num=]
Epoch 411:   0%|          | 0/19 [00:00<?, ?it/s, loss=0.0898, v_num=]         
Epoch 412:   0%|          | 0/19 [00:00<?, ?it/s, loss=0.0898, v_num=]/usr/local/lib/python3.12/dist-packages/torch/utils/data/dataloader.py:432: UserWarning: This DataLoader will create 6 worker processes in total. Our suggested max number of worker in current system is 2, which is smaller than what this DataLoader is going to create. Please be aware that excessive worker creation might get DataLoader running slow or even freeze, lower the worker number to avoid potential slowness/freeze if necessary.
  self.check_worker_number_rationality()

Epoch 412: 100%|██████████| 19/19 [00:01<00:00, 15.42it/s, loss=0.0898, v_num=]
Epoch 412: 100%|██████████| 19/19 [00:01<00:00, 15.42it/s, loss=0.0907, v_num=]
Epoch 412:   0%|          | 0/19 [00:00<?, ?it/s, loss=0.0907, v_num=]         
Epoch 413:   0%|          | 0/19 [00:00<?, ?it/s, loss=0.0907, v_num=]/usr/local/lib/python3.12/dist-packages/torch/utils/data/dataloader.py:432: UserWarning: This DataLoader will create 6 worker processes in total. Our suggested max number of worker in current system is 2, which is smaller than what this DataLoader is going to create. Please be aware that excessive worker creation might get DataLoader running slow or even freeze, lower the worker number to avoid potential slowness/freeze if necessary.
  self.check_worker_number_rationality()

Epoch 413: 100%|██████████| 19/19 [00:00<00:00, 21.59it/s, loss=0.0907, v_num=]
Epoch 413: 100%|██████████| 19/19 [00:00<00:00, 21.58it/s, loss=0.0874, v_num=]
Epoch 413:   0%|          | 0/19 [00:00<?, ?it/s, loss=0.0874, v_num=]         
Epoch 414:   0%|          | 0/19 [00:00<?, ?it/s, loss=0.0874, v_num=]/usr/local/lib/python3.12/dist-packages/torch/utils/data/dataloader.py:432: UserWarning: This DataLoader will create 6 worker processes in total. Our suggested max number of worker in current system is 2, which is smaller than what this DataLoader is going to create. Please be aware that excessive worker creation might get DataLoader running slow or even freeze, lower the worker number to avoid potential slowness/freeze if necessary.
  self.check_worker_number_rationality()

Epoch 414: 100%|██████████| 19/19 [00:00<00:00, 21.35it/s, loss=0.0874, v_num=]
Epoch 414: 100%|██████████| 19/19 [00:00<00:00, 21.34it/s, loss=0.0841, v_num=]
Epoch 414:   0%|          | 0/19 [00:00<?, ?it/s, loss=0.0841, v_num=]         
Epoch 415:   0%|          | 0/19 [00:00<?, ?it/s, loss=0.0841, v_num=]/usr/local/lib/python3.12/dist-packages/torch/utils/data/dataloader.py:432: UserWarning: This DataLoader will create 6 worker processes in total. Our suggested max number of worker in current system is 2, which is smaller than what this DataLoader is going to create. Please be aware that excessive worker creation might get DataLoader running slow or even freeze, lower the worker number to avoid potential slowness/freeze if necessary.
  self.check_worker_number_rationality()

Epoch 415: 100%|██████████| 19/19 [00:00<00:00, 21.49it/s, loss=0.0841, v_num=]
Epoch 415: 100%|██████████| 19/19 [00:00<00:00, 21.48it/s, loss=0.0874, v_num=]/content/DeepDPM-New/src/clustering_models/clusternet_modules/clusternetasmodel.py:672: UserWarning: To copy construct from a tensor, it is recommended to use sourceTensor.detach().clone() or sourceTensor.detach().clone().requires_grad_(True), rather than torch.tensor(sourceTensor).
  mus_ind_to_split = torch.nonzero(torch.tensor(split_decisions), as_tuple=False)
Splitting clusters [0 1 3 5]
Evaluating...
NMI : 0.7998347728565535, ARI: 0.5999347571294866, ACC: 0.49417, current K: 6
[Split] K updated → 10 clusters
  [Epoch 415] losses at split → cluster_loss=0.0172, subcluster_loss=0.1592

Epoch 415:   0%|          | 0/19 [00:00<?, ?it/s, loss=0.0874, v_num=]         
Epoch 416:   0%|          | 0/19 [00:00<?, ?it/s, loss=0.0874, v_num=]/usr/local/lib/python3.12/dist-packages/torch/utils/data/dataloader.py:432: UserWarning: This DataLoader will create 6 worker processes in total. Our suggested max number of worker in current system is 2, which is smaller than what this DataLoader is going to create. Please be aware that excessive worker creation might get DataLoader running slow or even freeze, lower the worker number to avoid potential slowness/freeze if necessary.
  self.check_worker_number_rationality()

Epoch 416: 100%|██████████| 19/19 [00:01<00:00, 17.55it/s, loss=0.0874, v_num=]
Epoch 416: 100%|██████████| 19/19 [00:01<00:00, 17.54it/s, loss=0.337, v_num=] 
Epoch 416:   0%|          | 0/19 [00:00<?, ?it/s, loss=0.337, v_num=]         
Epoch 417:   0%|          | 0/19 [00:00<?, ?it/s, loss=0.337, v_num=]
Epoch 417: 100%|██████████| 19/19 [00:01<00:00, 17.65it/s, loss=0.337, v_num=]
Epoch 417: 100%|██████████| 19/19 [00:01<00:00, 17.64it/s, loss=0.305, v_num=]
Epoch 417:   0%|          | 0/19 [00:00<?, ?it/s, loss=0.305, v_num=]         
Epoch 418:   0%|          | 0/19 [00:00<?, ?it/s, loss=0.305, v_num=]
Epoch 418: 100%|██████████| 19/19 [00:01<00:00, 17.39it/s, loss=0.305, v_num=]
Epoch 418: 100%|██████████| 19/19 [00:01<00:00, 17.38it/s, loss=0.273, v_num=]
Epoch 418:   0%|          | 0/19 [00:00<?, ?it/s, loss=0.273, v_num=]         
Epoch 419:   0%|          | 0/19 [00:00<?, ?it/s, loss=0.273, v_num=]
Epoch 419: 100%|██████████| 19/19 [00:01<00:00, 17.26it/s, loss=0.273, v_num=]
Epoch 419: 100%|██████████| 19/19 [00:01<00:00, 17.25it/s, loss=0.265, v_num=]
Epoch 419:   0%|          | 0/19 [00:00<?, ?it/s, loss=0.265, v_num=]         
Epoch 420:   0%|          | 0/19 [00:00<?, ?it/s, loss=0.265, v_num=]
Epoch 420: 100%|██████████| 19/19 [00:01<00:00, 17.43it/s, loss=0.265, v_num=]
Epoch 420: 100%|██████████| 19/19 [00:01<00:00, 17.43it/s, loss=0.25, v_num=] Evaluating...
NMI : 0.8970558603155055, ARI: 0.7897690944958449, ACC: 0.81083, current K: 10
Epoch 420 | NMI: 0.8971, ARI: 0.7898, ACC: 0.8108, current K: 10
Confusion Matrix:
[[  0   0   1   1   0   0   0   0   2 196   0   0]
 [  0   0 191   6   0   0   0   0   2   1   0   0]
 [  0   0   3   0   0   0   0   0 195   2   0   0]
 [  0   0   6 190   0   0   0   0   1   3   0   0]
 [  6   0   0   0   2 192   0   0   0   0   0   0]
 [199   0   0   0   0   1   0   0   0   0   0   0]
 [  7   0   0   0 193   0   0   0   0   0   0   0]
 [195   0   0   0   0   5   0   0   0   0   0   0]
 [  0   1   0   0   0   0   0 199   0   0   0   0]
 [  0 197   0   0   0   0   3   0   0   0   0   0]
 [  0   8   0   0   0   0 192   0   0   0   0   0]
 [  0 199   0   0   0   0   0   1   0   0   0   0]]

Epoch 420:   0%|          | 0/19 [00:00<?, ?it/s, loss=0.25, v_num=]         
Epoch 421:   0%|          | 0/19 [00:00<?, ?it/s, loss=0.25, v_num=]/usr/local/lib/python3.12/dist-packages/torch/utils/data/dataloader.py:432: UserWarning: This DataLoader will create 6 worker processes in total. Our suggested max number of worker in current system is 2, which is smaller than what this DataLoader is going to create. Please be aware that excessive worker creation might get DataLoader running slow or even freeze, lower the worker number to avoid potential slowness/freeze if necessary.
  self.check_worker_number_rationality()

Epoch 421: 100%|██████████| 19/19 [00:01<00:00, 18.01it/s, loss=0.25, v_num=]
Epoch 421: 100%|██████████| 19/19 [00:01<00:00, 18.01it/s, loss=0.237, v_num=]
Epoch 421:   0%|          | 0/19 [00:00<?, ?it/s, loss=0.237, v_num=]         
Epoch 422:   0%|          | 0/19 [00:00<?, ?it/s, loss=0.237, v_num=]/usr/local/lib/python3.12/dist-packages/torch/utils/data/dataloader.py:432: UserWarning: This DataLoader will create 6 worker processes in total. Our suggested max number of worker in current system is 2, which is smaller than what this DataLoader is going to create. Please be aware that excessive worker creation might get DataLoader running slow or even freeze, lower the worker number to avoid potential slowness/freeze if necessary.
  self.check_worker_number_rationality()

Epoch 422: 100%|██████████| 19/19 [00:01<00:00, 14.05it/s, loss=0.237, v_num=]
Epoch 422: 100%|██████████| 19/19 [00:01<00:00, 14.05it/s, loss=0.0952, v_num=]
Epoch 422:   0%|          | 0/19 [00:00<?, ?it/s, loss=0.0952, v_num=]         
Epoch 423:   0%|          | 0/19 [00:00<?, ?it/s, loss=0.0952, v_num=]/usr/local/lib/python3.12/dist-packages/torch/utils/data/dataloader.py:432: UserWarning: This DataLoader will create 6 worker processes in total. Our suggested max number of worker in current system is 2, which is smaller than what this DataLoader is going to create. Please be aware that excessive worker creation might get DataLoader running slow or even freeze, lower the worker number to avoid potential slowness/freeze if necessary.
  self.check_worker_number_rationality()

Epoch 423: 100%|██████████| 19/19 [00:01<00:00, 12.95it/s, loss=0.0952, v_num=]
Epoch 423: 100%|██████████| 19/19 [00:01<00:00, 12.94it/s, loss=0.0964, v_num=]
Epoch 423:   0%|          | 0/19 [00:00<?, ?it/s, loss=0.0964, v_num=]         
Epoch 424:   0%|          | 0/19 [00:00<?, ?it/s, loss=0.0964, v_num=]/usr/local/lib/python3.12/dist-packages/torch/utils/data/dataloader.py:432: UserWarning: This DataLoader will create 6 worker processes in total. Our suggested max number of worker in current system is 2, which is smaller than what this DataLoader is going to create. Please be aware that excessive worker creation might get DataLoader running slow or even freeze, lower the worker number to avoid potential slowness/freeze if necessary.
  self.check_worker_number_rationality()

Epoch 424: 100%|██████████| 19/19 [00:01<00:00, 13.71it/s, loss=0.0964, v_num=]
Epoch 424: 100%|██████████| 19/19 [00:01<00:00, 13.70it/s, loss=0.0979, v_num=]
Epoch 424:   0%|          | 0/19 [00:00<?, ?it/s, loss=0.0979, v_num=]         
Epoch 425:   0%|          | 0/19 [00:00<?, ?it/s, loss=0.0979, v_num=]/usr/local/lib/python3.12/dist-packages/torch/utils/data/dataloader.py:432: UserWarning: This DataLoader will create 6 worker processes in total. Our suggested max number of worker in current system is 2, which is smaller than what this DataLoader is going to create. Please be aware that excessive worker creation might get DataLoader running slow or even freeze, lower the worker number to avoid potential slowness/freeze if necessary.
  self.check_worker_number_rationality()

Epoch 425: 100%|██████████| 19/19 [00:01<00:00, 11.40it/s, loss=0.0979, v_num=]
Epoch 425: 100%|██████████| 19/19 [00:01<00:00, 11.40it/s, loss=0.0959, v_num=]Evaluating...
NMI : 0.9049662804077003, ARI: 0.7996170856827143, ACC: 0.81542, current K: 10

Epoch 425:   0%|          | 0/19 [00:00<?, ?it/s, loss=0.0959, v_num=]         
Epoch 426:   0%|          | 0/19 [00:00<?, ?it/s, loss=0.0959, v_num=]/usr/local/lib/python3.12/dist-packages/torch/utils/data/dataloader.py:432: UserWarning: This DataLoader will create 6 worker processes in total. Our suggested max number of worker in current system is 2, which is smaller than what this DataLoader is going to create. Please be aware that excessive worker creation might get DataLoader running slow or even freeze, lower the worker number to avoid potential slowness/freeze if necessary.
  self.check_worker_number_rationality()

Epoch 426: 100%|██████████| 19/19 [00:01<00:00, 17.05it/s, loss=0.0959, v_num=]
Epoch 426: 100%|██████████| 19/19 [00:01<00:00, 17.04it/s, loss=0.0921, v_num=]
Epoch 426:   0%|          | 0/19 [00:00<?, ?it/s, loss=0.0921, v_num=]         
Epoch 427:   0%|          | 0/19 [00:00<?, ?it/s, loss=0.0921, v_num=]/usr/local/lib/python3.12/dist-packages/torch/utils/data/dataloader.py:432: UserWarning: This DataLoader will create 6 worker processes in total. Our suggested max number of worker in current system is 2, which is smaller than what this DataLoader is going to create. Please be aware that excessive worker creation might get DataLoader running slow or even freeze, lower the worker number to avoid potential slowness/freeze if necessary.
  self.check_worker_number_rationality()

Epoch 427: 100%|██████████| 19/19 [00:01<00:00, 17.08it/s, loss=0.0921, v_num=]
Epoch 427: 100%|██████████| 19/19 [00:01<00:00, 17.07it/s, loss=0.0981, v_num=]
Epoch 427:   0%|          | 0/19 [00:00<?, ?it/s, loss=0.0981, v_num=]         
Epoch 428:   0%|          | 0/19 [00:00<?, ?it/s, loss=0.0981, v_num=]/usr/local/lib/python3.12/dist-packages/torch/utils/data/dataloader.py:432: UserWarning: This DataLoader will create 6 worker processes in total. Our suggested max number of worker in current system is 2, which is smaller than what this DataLoader is going to create. Please be aware that excessive worker creation might get DataLoader running slow or even freeze, lower the worker number to avoid potential slowness/freeze if necessary.
  self.check_worker_number_rationality()

Epoch 428: 100%|██████████| 19/19 [00:01<00:00, 17.28it/s, loss=0.0981, v_num=]
Epoch 428: 100%|██████████| 19/19 [00:01<00:00, 17.27it/s, loss=0.0974, v_num=]
Epoch 428:   0%|          | 0/19 [00:00<?, ?it/s, loss=0.0974, v_num=]         
Epoch 429:   0%|          | 0/19 [00:00<?, ?it/s, loss=0.0974, v_num=]/usr/local/lib/python3.12/dist-packages/torch/utils/data/dataloader.py:432: UserWarning: This DataLoader will create 6 worker processes in total. Our suggested max number of worker in current system is 2, which is smaller than what this DataLoader is going to create. Please be aware that excessive worker creation might get DataLoader running slow or even freeze, lower the worker number to avoid potential slowness/freeze if necessary.
  self.check_worker_number_rationality()

Epoch 429: 100%|██████████| 19/19 [00:01<00:00, 17.50it/s, loss=0.0974, v_num=]
Epoch 429: 100%|██████████| 19/19 [00:01<00:00, 17.49it/s, loss=0.0989, v_num=]
Epoch 429:   0%|          | 0/19 [00:00<?, ?it/s, loss=0.0989, v_num=]         
Epoch 430:   0%|          | 0/19 [00:00<?, ?it/s, loss=0.0989, v_num=]/usr/local/lib/python3.12/dist-packages/torch/utils/data/dataloader.py:432: UserWarning: This DataLoader will create 6 worker processes in total. Our suggested max number of worker in current system is 2, which is smaller than what this DataLoader is going to create. Please be aware that excessive worker creation might get DataLoader running slow or even freeze, lower the worker number to avoid potential slowness/freeze if necessary.
  self.check_worker_number_rationality()

Epoch 430: 100%|██████████| 19/19 [00:01<00:00, 13.40it/s, loss=0.0989, v_num=]
Epoch 430: 100%|██████████| 19/19 [00:01<00:00, 13.39it/s, loss=0.0965, v_num=]Evaluating...
NMI : 0.9037617725403985, ARI: 0.7991650680108712, ACC: 0.815, current K: 10
Epoch 430 | NMI: 0.9038, ARI: 0.7992, ACC: 0.8150, current K: 10
Confusion Matrix:
[[  0   0   1   1   0   0   0   0   3 195   0   0]
 [  0   0 194   3   0   0   0   0   2   1   0   0]
 [  0   0   3   0   0   0   0   0 195   2   0   0]
 [  0   0   5 193   0   0   0   0   2   0   0   0]
 [  4   0   0   0   2 194   0   0   0   0   0   0]
 [199   0   0   0   1   0   0   0   0   0   0   0]
 [  5   0   0   0 195   0   0   0   0   0   0   0]
 [195   0   0   0   0   5   0   0   0   0   0   0]
 [  0   1   0   0   0   0   1 198   0   0   0   0]
 [  0 197   0   0   0   0   3   0   0   0   0   0]
 [  0   6   0   0   0   0 194   0   0   0   0   0]
 [  0 199   0   0   0   0   1   0   0   0   0   0]]

Epoch 430:   0%|          | 0/19 [00:00<?, ?it/s, loss=0.0965, v_num=]         
Epoch 431:   0%|          | 0/19 [00:00<?, ?it/s, loss=0.0965, v_num=]/usr/local/lib/python3.12/dist-packages/torch/utils/data/dataloader.py:432: UserWarning: This DataLoader will create 6 worker processes in total. Our suggested max number of worker in current system is 2, which is smaller than what this DataLoader is going to create. Please be aware that excessive worker creation might get DataLoader running slow or even freeze, lower the worker number to avoid potential slowness/freeze if necessary.
  self.check_worker_number_rationality()

Epoch 431: 100%|██████████| 19/19 [00:01<00:00, 17.36it/s, loss=0.0965, v_num=]
Epoch 431: 100%|██████████| 19/19 [00:01<00:00, 17.35it/s, loss=0.0958, v_num=]
Epoch 431:   0%|          | 0/19 [00:00<?, ?it/s, loss=0.0958, v_num=]         
Epoch 432:   0%|          | 0/19 [00:00<?, ?it/s, loss=0.0958, v_num=]/usr/local/lib/python3.12/dist-packages/torch/utils/data/dataloader.py:432: UserWarning: This DataLoader will create 6 worker processes in total. Our suggested max number of worker in current system is 2, which is smaller than what this DataLoader is going to create. Please be aware that excessive worker creation might get DataLoader running slow or even freeze, lower the worker number to avoid potential slowness/freeze if necessary.
  self.check_worker_number_rationality()

Epoch 432: 100%|██████████| 19/19 [00:01<00:00, 14.09it/s, loss=0.0958, v_num=]
Epoch 432: 100%|██████████| 19/19 [00:01<00:00, 14.08it/s, loss=0.0987, v_num=]
Epoch 432:   0%|          | 0/19 [00:00<?, ?it/s, loss=0.0987, v_num=]         
Epoch 433:   0%|          | 0/19 [00:00<?, ?it/s, loss=0.0987, v_num=]/usr/local/lib/python3.12/dist-packages/torch/utils/data/dataloader.py:432: UserWarning: This DataLoader will create 6 worker processes in total. Our suggested max number of worker in current system is 2, which is smaller than what this DataLoader is going to create. Please be aware that excessive worker creation might get DataLoader running slow or even freeze, lower the worker number to avoid potential slowness/freeze if necessary.
  self.check_worker_number_rationality()

Epoch 433: 100%|██████████| 19/19 [00:01<00:00, 11.71it/s, loss=0.0987, v_num=]
Epoch 433: 100%|██████████| 19/19 [00:01<00:00, 11.71it/s, loss=0.0977, v_num=]
Epoch 433:   0%|          | 0/19 [00:00<?, ?it/s, loss=0.0977, v_num=]         
Epoch 434:   0%|          | 0/19 [00:00<?, ?it/s, loss=0.0977, v_num=]/usr/local/lib/python3.12/dist-packages/torch/utils/data/dataloader.py:432: UserWarning: This DataLoader will create 6 worker processes in total. Our suggested max number of worker in current system is 2, which is smaller than what this DataLoader is going to create. Please be aware that excessive worker creation might get DataLoader running slow or even freeze, lower the worker number to avoid potential slowness/freeze if necessary.
  self.check_worker_number_rationality()

Epoch 434: 100%|██████████| 19/19 [00:01<00:00, 15.18it/s, loss=0.0977, v_num=]
Epoch 434: 100%|██████████| 19/19 [00:01<00:00, 15.18it/s, loss=0.0998, v_num=]
Epoch 434:   0%|          | 0/19 [00:00<?, ?it/s, loss=0.0998, v_num=]         
Epoch 435:   0%|          | 0/19 [00:00<?, ?it/s, loss=0.0998, v_num=]/usr/local/lib/python3.12/dist-packages/torch/utils/data/dataloader.py:432: UserWarning: This DataLoader will create 6 worker processes in total. Our suggested max number of worker in current system is 2, which is smaller than what this DataLoader is going to create. Please be aware that excessive worker creation might get DataLoader running slow or even freeze, lower the worker number to avoid potential slowness/freeze if necessary.
  self.check_worker_number_rationality()

Epoch 435: 100%|██████████| 19/19 [00:01<00:00, 17.18it/s, loss=0.0998, v_num=]
Epoch 435: 100%|██████████| 19/19 [00:01<00:00, 17.17it/s, loss=0.102, v_num=] Evaluating...
NMI : 0.9043971086413891, ARI: 0.8001665675758716, ACC: 0.815, current K: 10

Epoch 435:   0%|          | 0/19 [00:00<?, ?it/s, loss=0.102, v_num=]         
Epoch 436:   0%|          | 0/19 [00:00<?, ?it/s, loss=0.102, v_num=]/usr/local/lib/python3.12/dist-packages/torch/utils/data/dataloader.py:432: UserWarning: This DataLoader will create 6 worker processes in total. Our suggested max number of worker in current system is 2, which is smaller than what this DataLoader is going to create. Please be aware that excessive worker creation might get DataLoader running slow or even freeze, lower the worker number to avoid potential slowness/freeze if necessary.
  self.check_worker_number_rationality()

Epoch 436: 100%|██████████| 19/19 [00:01<00:00, 17.76it/s, loss=0.102, v_num=]
Epoch 436: 100%|██████████| 19/19 [00:01<00:00, 17.76it/s, loss=0.0972, v_num=]
Epoch 436:   0%|          | 0/19 [00:00<?, ?it/s, loss=0.0972, v_num=]         
Epoch 437:   0%|          | 0/19 [00:00<?, ?it/s, loss=0.0972, v_num=]/usr/local/lib/python3.12/dist-packages/torch/utils/data/dataloader.py:432: UserWarning: This DataLoader will create 6 worker processes in total. Our suggested max number of worker in current system is 2, which is smaller than what this DataLoader is going to create. Please be aware that excessive worker creation might get DataLoader running slow or even freeze, lower the worker number to avoid potential slowness/freeze if necessary.
  self.check_worker_number_rationality()

Epoch 437: 100%|██████████| 19/19 [00:01<00:00, 17.22it/s, loss=0.0972, v_num=]
Epoch 437: 100%|██████████| 19/19 [00:01<00:00, 17.21it/s, loss=0.0986, v_num=]
Epoch 437:   0%|          | 0/19 [00:00<?, ?it/s, loss=0.0986, v_num=]         
Epoch 438:   0%|          | 0/19 [00:00<?, ?it/s, loss=0.0986, v_num=]/usr/local/lib/python3.12/dist-packages/torch/utils/data/dataloader.py:432: UserWarning: This DataLoader will create 6 worker processes in total. Our suggested max number of worker in current system is 2, which is smaller than what this DataLoader is going to create. Please be aware that excessive worker creation might get DataLoader running slow or even freeze, lower the worker number to avoid potential slowness/freeze if necessary.
  self.check_worker_number_rationality()

Epoch 438: 100%|██████████| 19/19 [00:01<00:00, 17.15it/s, loss=0.0986, v_num=]
Epoch 438: 100%|██████████| 19/19 [00:01<00:00, 17.14it/s, loss=0.102, v_num=] 
Epoch 438:   0%|          | 0/19 [00:00<?, ?it/s, loss=0.102, v_num=]         
Epoch 439:   0%|          | 0/19 [00:00<?, ?it/s, loss=0.102, v_num=]/usr/local/lib/python3.12/dist-packages/torch/utils/data/dataloader.py:432: UserWarning: This DataLoader will create 6 worker processes in total. Our suggested max number of worker in current system is 2, which is smaller than what this DataLoader is going to create. Please be aware that excessive worker creation might get DataLoader running slow or even freeze, lower the worker number to avoid potential slowness/freeze if necessary.
  self.check_worker_number_rationality()

Epoch 439: 100%|██████████| 19/19 [00:01<00:00, 17.43it/s, loss=0.102, v_num=]
Epoch 439: 100%|██████████| 19/19 [00:01<00:00, 17.42it/s, loss=0.0995, v_num=]
Epoch 439:   0%|          | 0/19 [00:00<?, ?it/s, loss=0.0995, v_num=]         
Epoch 440:   0%|          | 0/19 [00:00<?, ?it/s, loss=0.0995, v_num=]/usr/local/lib/python3.12/dist-packages/torch/utils/data/dataloader.py:432: UserWarning: This DataLoader will create 6 worker processes in total. Our suggested max number of worker in current system is 2, which is smaller than what this DataLoader is going to create. Please be aware that excessive worker creation might get DataLoader running slow or even freeze, lower the worker number to avoid potential slowness/freeze if necessary.
  self.check_worker_number_rationality()

Epoch 440: 100%|██████████| 19/19 [00:01<00:00, 17.63it/s, loss=0.0995, v_num=]
Epoch 440: 100%|██████████| 19/19 [00:01<00:00, 17.63it/s, loss=0.0987, v_num=]Evaluating...
NMI : 0.9034697418487867, ARI: 0.7987198044871435, ACC: 0.81417, current K: 10
Epoch 440 | NMI: 0.9035, ARI: 0.7987, ACC: 0.8142, current K: 10
Confusion Matrix:
[[  0   0   2   0   0   0   0   0   3 195   0   0]
 [  0   0 193   4   0   0   0   0   2   1   0   0]
 [  0   0   3   0   0   0   0   0 195   2   0   0]
 [  0   0  10 189   0   0   0   0   1   0   0   0]
 [  3   0   0   0   2 195   0   0   0   0   0   0]
 [199   0   0   0   1   0   0   0   0   0   0   0]
 [  5   0   0   0 195   0   0   0   0   0   0   0]
 [195   0   0   0   0   5   0   0   0   0   0   0]
 [  0   1   0   0   0   0   1 198   0   0   0   0]
 [  0 197   0   0   0   0   3   0   0   0   0   0]
 [  0   4   0   0   0   0 196   0   0   0   0   0]
 [  0 199   0   0   0   0   1   0   0   0   0   0]]

Epoch 440:   0%|          | 0/19 [00:00<?, ?it/s, loss=0.0987, v_num=]         
Epoch 441:   0%|          | 0/19 [00:00<?, ?it/s, loss=0.0987, v_num=]/usr/local/lib/python3.12/dist-packages/torch/utils/data/dataloader.py:432: UserWarning: This DataLoader will create 6 worker processes in total. Our suggested max number of worker in current system is 2, which is smaller than what this DataLoader is going to create. Please be aware that excessive worker creation might get DataLoader running slow or even freeze, lower the worker number to avoid potential slowness/freeze if necessary.
  self.check_worker_number_rationality()

Epoch 441: 100%|██████████| 19/19 [00:01<00:00, 17.31it/s, loss=0.0987, v_num=]
Epoch 441: 100%|██████████| 19/19 [00:01<00:00, 17.30it/s, loss=0.0982, v_num=]
Epoch 441:   0%|          | 0/19 [00:00<?, ?it/s, loss=0.0982, v_num=]         
Epoch 442:   0%|          | 0/19 [00:00<?, ?it/s, loss=0.0982, v_num=]/usr/local/lib/python3.12/dist-packages/torch/utils/data/dataloader.py:432: UserWarning: This DataLoader will create 6 worker processes in total. Our suggested max number of worker in current system is 2, which is smaller than what this DataLoader is going to create. Please be aware that excessive worker creation might get DataLoader running slow or even freeze, lower the worker number to avoid potential slowness/freeze if necessary.
  self.check_worker_number_rationality()

Epoch 442: 100%|██████████| 19/19 [00:01<00:00, 16.80it/s, loss=0.0982, v_num=]
Epoch 442: 100%|██████████| 19/19 [00:01<00:00, 16.79it/s, loss=0.0986, v_num=]
Epoch 442:   0%|          | 0/19 [00:00<?, ?it/s, loss=0.0986, v_num=]         
Epoch 443:   0%|          | 0/19 [00:00<?, ?it/s, loss=0.0986, v_num=]/usr/local/lib/python3.12/dist-packages/torch/utils/data/dataloader.py:432: UserWarning: This DataLoader will create 6 worker processes in total. Our suggested max number of worker in current system is 2, which is smaller than what this DataLoader is going to create. Please be aware that excessive worker creation might get DataLoader running slow or even freeze, lower the worker number to avoid potential slowness/freeze if necessary.
  self.check_worker_number_rationality()

Epoch 443: 100%|██████████| 19/19 [00:01<00:00, 12.07it/s, loss=0.0986, v_num=]
Epoch 443: 100%|██████████| 19/19 [00:01<00:00, 12.07it/s, loss=0.0952, v_num=]
Epoch 443:   0%|          | 0/19 [00:00<?, ?it/s, loss=0.0952, v_num=]         
Epoch 444:   0%|          | 0/19 [00:00<?, ?it/s, loss=0.0952, v_num=]/usr/local/lib/python3.12/dist-packages/torch/utils/data/dataloader.py:432: UserWarning: This DataLoader will create 6 worker processes in total. Our suggested max number of worker in current system is 2, which is smaller than what this DataLoader is going to create. Please be aware that excessive worker creation might get DataLoader running slow or even freeze, lower the worker number to avoid potential slowness/freeze if necessary.
  self.check_worker_number_rationality()

Epoch 444: 100%|██████████| 19/19 [00:01<00:00, 12.56it/s, loss=0.0952, v_num=]
Epoch 444: 100%|██████████| 19/19 [00:01<00:00, 12.56it/s, loss=0.0983, v_num=]
Epoch 444:   0%|          | 0/19 [00:00<?, ?it/s, loss=0.0983, v_num=]         
Epoch 445:   0%|          | 0/19 [00:00<?, ?it/s, loss=0.0983, v_num=]/usr/local/lib/python3.12/dist-packages/torch/utils/data/dataloader.py:432: UserWarning: This DataLoader will create 6 worker processes in total. Our suggested max number of worker in current system is 2, which is smaller than what this DataLoader is going to create. Please be aware that excessive worker creation might get DataLoader running slow or even freeze, lower the worker number to avoid potential slowness/freeze if necessary.
  self.check_worker_number_rationality()

Epoch 445: 100%|██████████| 19/19 [00:01<00:00, 17.70it/s, loss=0.0983, v_num=]
Epoch 445: 100%|██████████| 19/19 [00:01<00:00, 17.69it/s, loss=0.0977, v_num=]/content/DeepDPM-New/src/clustering_models/clusternet_modules/models/Classifiers.py:351: UserWarning: To copy construct from a tensor, it is recommended to use sourceTensor.detach().clone() or sourceTensor.detach().clone().requires_grad_(True), rather than torch.tensor(sourceTensor).
  mus_ind_not_merged = torch.nonzero(torch.logical_not(torch.tensor(merge_decisions)), as_tuple=False)
/content/DeepDPM-New/src/clustering_models/clusternet_modules/models/Classifiers.py:359: UserWarning: To copy construct from a tensor, it is recommended to use sourceTensor.detach().clone() or sourceTensor.detach().clone().requires_grad_(True), rather than torch.tensor(sourceTensor).
  fc1_weights_not_merged = class_fc1.weight.data[torch.logical_not(torch.tensor(merge_decisions)).repeat_interleave(self.hidden_dim), :]
Merging clusters [[2, 3]]
Evaluating...
NMI : 0.9051938954741169, ARI: 0.799919084244748, ACC: 0.81458, current K: 10
[Merge] K updated → 9 clusters
  [Epoch 445] losses at merge → cluster_loss=0.0403, subcluster_loss=0.1560

Epoch 445:   0%|          | 0/19 [00:00<?, ?it/s, loss=0.0977, v_num=]         
Epoch 446:   0%|          | 0/19 [00:00<?, ?it/s, loss=0.0977, v_num=]/usr/local/lib/python3.12/dist-packages/torch/utils/data/dataloader.py:432: UserWarning: This DataLoader will create 6 worker processes in total. Our suggested max number of worker in current system is 2, which is smaller than what this DataLoader is going to create. Please be aware that excessive worker creation might get DataLoader running slow or even freeze, lower the worker number to avoid potential slowness/freeze if necessary.
  self.check_worker_number_rationality()

Epoch 446: 100%|██████████| 19/19 [00:01<00:00, 18.38it/s, loss=0.0977, v_num=]
Epoch 446: 100%|██████████| 19/19 [00:01<00:00, 18.37it/s, loss=0.113, v_num=] 
Epoch 446:   0%|          | 0/19 [00:00<?, ?it/s, loss=0.113, v_num=]         
Epoch 447:   0%|          | 0/19 [00:00<?, ?it/s, loss=0.113, v_num=]
Epoch 447: 100%|██████████| 19/19 [00:01<00:00, 18.71it/s, loss=0.113, v_num=]
Epoch 447: 100%|██████████| 19/19 [00:01<00:00, 18.70it/s, loss=0.113, v_num=]
Epoch 447:   0%|          | 0/19 [00:00<?, ?it/s, loss=0.113, v_num=]         
Epoch 448:   0%|          | 0/19 [00:00<?, ?it/s, loss=0.113, v_num=]
Epoch 448: 100%|██████████| 19/19 [00:01<00:00, 16.63it/s, loss=0.113, v_num=]
Epoch 448: 100%|██████████| 19/19 [00:01<00:00, 16.62it/s, loss=0.106, v_num=]
Epoch 448:   0%|          | 0/19 [00:00<?, ?it/s, loss=0.106, v_num=]         
Epoch 449:   0%|          | 0/19 [00:00<?, ?it/s, loss=0.106, v_num=]
Epoch 449: 100%|██████████| 19/19 [00:01<00:00, 18.43it/s, loss=0.106, v_num=]
Epoch 449: 100%|██████████| 19/19 [00:01<00:00, 18.42it/s, loss=0.1, v_num=]  
Epoch 449: 100%|██████████| 19/19 [00:01<00:00, 18.17it/s, loss=0.1, v_num=]
Finished training!
Training history plot saved to: logs/A_347_200_conv_264_350_baseline/training_history.png
NMI: 0.88685, ARI: 0.74818, acc: 0.73833, final K: 9
