/usr/local/lib/python3.13/dist-packages/torch/utils/data/dataloader.py:424: UserWarning: This DataLoader will create 6 worker processes in total. Our suggested max number of worker in current system is 2, which is smaller than what this DataLoader is going to create. Please be aware that excessive worker creation might get DataLoader running slow or even freeze, lower the worker number to avoid potential slowness/freeze if necessary.
  self.check_worker_number_rationality()
Global seed set to 45
Global seed set to 45
GPU available: True, used: True
TPU available: False, using: 0 TPU cores
/usr/local/lib/python3.13/dist-packages/pytorch_lightning/utilities/distributed.py:68: UserWarning: you defined a validation_step but have no val_dataloader. Skipping validation loop
  warnings.warn(*args, **kwargs)
LOCAL_RANK: 0 - CUDA_VISIBLE_DEVICES: [0]

  | Name              | Type              | Params
--------------------------------------------------------
0 | cluster_net       | MLP_Classifier    | 601   
1 | subclustering_net | Subclustering_net | 652   
--------------------------------------------------------
1.3 K     Trainable params
0         Non-trainable params
1.3 K     Total params
0.005     Total estimated model params size (MB)
Test data not found! running only with train data
Sequential()

Training: 0it [00:00, ?it/s]
Training:   0%|          | 0/47 [00:00<?, ?it/s]
Epoch 0:   0%|          | 0/47 [00:00<?, ?it/s] /usr/local/lib/python3.13/dist-packages/torch/utils/data/dataloader.py:432: UserWarning: This DataLoader will create 6 worker processes in total. Our suggested max number of worker in current system is 2, which is smaller than what this DataLoader is going to create. Please be aware that excessive worker creation might get DataLoader running slow or even freeze, lower the worker number to avoid potential slowness/freeze if necessary.
  self.check_worker_number_rationality()
/usr/local/lib/python3.13/dist-packages/pytorch_lightning/utilities/distributed.py:68: UserWarning: training_step returned None if it was on purpose, ignore this warning...
  warnings.warn(*args, **kwargs)

Epoch 0:  43%|████▎     | 20/47 [00:00<00:00, 58.09it/s]
Epoch 0:  43%|████▎     | 20/47 [00:00<00:00, 57.89it/s, loss=nan, v_num=]
Epoch 0:  85%|████████▌ | 40/47 [00:00<00:00, 94.57it/s, loss=nan, v_num=]
Epoch 0: 100%|██████████| 47/47 [00:00<00:00, 89.38it/s, loss=nan, v_num=]
Epoch 0: 100%|██████████| 47/47 [00:00<00:00, 89.33it/s, loss=nan, v_num=]Initializing clusters params using Kmeans...

Epoch 0:   0%|          | 0/47 [00:00<?, ?it/s, loss=nan, v_num=]         
Epoch 1:   0%|          | 0/47 [00:00<?, ?it/s, loss=nan, v_num=]/usr/local/lib/python3.13/dist-packages/torch/utils/data/dataloader.py:432: UserWarning: This DataLoader will create 6 worker processes in total. Our suggested max number of worker in current system is 2, which is smaller than what this DataLoader is going to create. Please be aware that excessive worker creation might get DataLoader running slow or even freeze, lower the worker number to avoid potential slowness/freeze if necessary.
  self.check_worker_number_rationality()

Epoch 1:  43%|████▎     | 20/47 [00:00<00:01, 24.13it/s, loss=0, v_num=]
Epoch 1:  85%|████████▌ | 40/47 [00:01<00:00, 37.45it/s, loss=0, v_num=]
Epoch 1:  85%|████████▌ | 40/47 [00:01<00:00, 37.44it/s, loss=0, v_num=]
Epoch 1: 100%|██████████| 47/47 [00:01<00:00, 37.94it/s, loss=0, v_num=]
Epoch 1:   0%|          | 0/47 [00:00<?, ?it/s, loss=0, v_num=]         
Epoch 2:   0%|          | 0/47 [00:00<?, ?it/s, loss=0, v_num=]
Epoch 2:  43%|████▎     | 20/47 [00:00<00:00, 38.76it/s, loss=0, v_num=]
Epoch 2:  85%|████████▌ | 40/47 [00:00<00:00, 50.51it/s, loss=0, v_num=]
Epoch 2:  85%|████████▌ | 40/47 [00:00<00:00, 50.48it/s, loss=0, v_num=]
Epoch 2: 100%|██████████| 47/47 [00:00<00:00, 47.82it/s, loss=0, v_num=]
Epoch 2:   0%|          | 0/47 [00:00<?, ?it/s, loss=0, v_num=]         
Epoch 3:   0%|          | 0/47 [00:00<?, ?it/s, loss=0, v_num=]
Epoch 3:  43%|████▎     | 20/47 [00:00<00:00, 39.94it/s, loss=0, v_num=]
Epoch 3:  85%|████████▌ | 40/47 [00:00<00:00, 53.49it/s, loss=0, v_num=]
Epoch 3:  85%|████████▌ | 40/47 [00:00<00:00, 53.47it/s, loss=0, v_num=]
Epoch 3: 100%|██████████| 47/47 [00:00<00:00, 50.12it/s, loss=0, v_num=]
Epoch 3:   0%|          | 0/47 [00:00<?, ?it/s, loss=0, v_num=]         
Epoch 4:   0%|          | 0/47 [00:00<?, ?it/s, loss=0, v_num=]
Epoch 4:  43%|████▎     | 20/47 [00:00<00:00, 38.94it/s, loss=0, v_num=]
Epoch 4:  85%|████████▌ | 40/47 [00:00<00:00, 52.32it/s, loss=0, v_num=]
Epoch 4:  85%|████████▌ | 40/47 [00:00<00:00, 52.29it/s, loss=0, v_num=]
Epoch 4: 100%|██████████| 47/47 [00:00<00:00, 49.09it/s, loss=0, v_num=]
Epoch 4:   0%|          | 0/47 [00:00<?, ?it/s, loss=0, v_num=]         
Epoch 5:   0%|          | 0/47 [00:00<?, ?it/s, loss=0, v_num=]
Epoch 5:  43%|████▎     | 20/47 [00:00<00:00, 39.67it/s, loss=0, v_num=]
Epoch 5:  85%|████████▌ | 40/47 [00:00<00:00, 53.06it/s, loss=0, v_num=]
Epoch 5:  85%|████████▌ | 40/47 [00:00<00:00, 53.04it/s, loss=0, v_num=]
Epoch 5: 100%|██████████| 47/47 [00:00<00:00, 49.72it/s, loss=0, v_num=]Evaluating...
NMI : 0.0, ARI: 0.0, ACC: 0.05, current K: 1

Epoch 5:   0%|          | 0/47 [00:00<?, ?it/s, loss=0, v_num=]         
Epoch 6:   0%|          | 0/47 [00:00<?, ?it/s, loss=0, v_num=]/usr/local/lib/python3.13/dist-packages/torch/utils/data/dataloader.py:432: UserWarning: This DataLoader will create 6 worker processes in total. Our suggested max number of worker in current system is 2, which is smaller than what this DataLoader is going to create. Please be aware that excessive worker creation might get DataLoader running slow or even freeze, lower the worker number to avoid potential slowness/freeze if necessary.
  self.check_worker_number_rationality()

Epoch 6:  43%|████▎     | 20/47 [00:00<00:00, 40.55it/s, loss=0, v_num=]
Epoch 6:  85%|████████▌ | 40/47 [00:00<00:00, 51.95it/s, loss=0, v_num=]
Epoch 6:  85%|████████▌ | 40/47 [00:00<00:00, 51.93it/s, loss=0, v_num=]
Epoch 6: 100%|██████████| 47/47 [00:00<00:00, 47.67it/s, loss=0, v_num=]
Epoch 6:   0%|          | 0/47 [00:00<?, ?it/s, loss=0, v_num=]         
Epoch 7:   0%|          | 0/47 [00:00<?, ?it/s, loss=0, v_num=]
Epoch 7:  43%|████▎     | 20/47 [00:00<00:00, 27.74it/s, loss=0, v_num=]
Epoch 7:  85%|████████▌ | 40/47 [00:01<00:00, 38.20it/s, loss=0, v_num=]
Epoch 7:  85%|████████▌ | 40/47 [00:01<00:00, 38.19it/s, loss=0, v_num=]
Epoch 7: 100%|██████████| 47/47 [00:01<00:00, 34.36it/s, loss=0, v_num=]
Epoch 7:   0%|          | 0/47 [00:00<?, ?it/s, loss=0, v_num=]         
Epoch 8:   0%|          | 0/47 [00:00<?, ?it/s, loss=0, v_num=]
Epoch 8:  43%|████▎     | 20/47 [00:00<00:01, 26.67it/s, loss=0, v_num=]
Epoch 8:  85%|████████▌ | 40/47 [00:01<00:00, 36.28it/s, loss=0, v_num=]
Epoch 8:  85%|████████▌ | 40/47 [00:01<00:00, 36.26it/s, loss=0, v_num=]
Epoch 8: 100%|██████████| 47/47 [00:01<00:00, 33.75it/s, loss=0, v_num=]
Epoch 8:   0%|          | 0/47 [00:00<?, ?it/s, loss=0, v_num=]         
Epoch 9:   0%|          | 0/47 [00:00<?, ?it/s, loss=0, v_num=]
Epoch 9:  43%|████▎     | 20/47 [00:00<00:00, 36.38it/s, loss=0, v_num=]
Epoch 9:  85%|████████▌ | 40/47 [00:00<00:00, 49.94it/s, loss=0, v_num=]
Epoch 9:  85%|████████▌ | 40/47 [00:00<00:00, 49.92it/s, loss=0, v_num=]
Epoch 9: 100%|██████████| 47/47 [00:01<00:00, 46.48it/s, loss=0, v_num=]
Epoch 9:   0%|          | 0/47 [00:00<?, ?it/s, loss=0, v_num=]         
Epoch 10:   0%|          | 0/47 [00:00<?, ?it/s, loss=0, v_num=]
Epoch 10:  43%|████▎     | 20/47 [00:00<00:00, 39.95it/s, loss=0, v_num=]
Epoch 10:  85%|████████▌ | 40/47 [00:00<00:00, 53.73it/s, loss=0, v_num=]
Epoch 10:  85%|████████▌ | 40/47 [00:00<00:00, 53.70it/s, loss=0, v_num=]
Epoch 10: 100%|██████████| 47/47 [00:00<00:00, 50.03it/s, loss=0, v_num=]Evaluating...
NMI : 0.0, ARI: 0.0, ACC: 0.05, current K: 1

Epoch 10:   0%|          | 0/47 [00:00<?, ?it/s, loss=0, v_num=]         
Epoch 11:   0%|          | 0/47 [00:00<?, ?it/s, loss=0, v_num=]/usr/local/lib/python3.13/dist-packages/torch/utils/data/dataloader.py:432: UserWarning: This DataLoader will create 6 worker processes in total. Our suggested max number of worker in current system is 2, which is smaller than what this DataLoader is going to create. Please be aware that excessive worker creation might get DataLoader running slow or even freeze, lower the worker number to avoid potential slowness/freeze if necessary.
  self.check_worker_number_rationality()

Epoch 11:  43%|████▎     | 20/47 [00:00<00:00, 39.93it/s, loss=0, v_num=]
Epoch 11:  85%|████████▌ | 40/47 [00:00<00:00, 52.80it/s, loss=0, v_num=]
Epoch 11:  85%|████████▌ | 40/47 [00:00<00:00, 52.77it/s, loss=0, v_num=]
Epoch 11: 100%|██████████| 47/47 [00:00<00:00, 49.14it/s, loss=0, v_num=]
Epoch 11:   0%|          | 0/47 [00:00<?, ?it/s, loss=0, v_num=]         
Epoch 12:   0%|          | 0/47 [00:00<?, ?it/s, loss=0, v_num=]
Epoch 12:  43%|████▎     | 20/47 [00:00<00:00, 38.72it/s, loss=0, v_num=]
Epoch 12:  85%|████████▌ | 40/47 [00:00<00:00, 51.83it/s, loss=0, v_num=]
Epoch 12:  85%|████████▌ | 40/47 [00:00<00:00, 51.80it/s, loss=0, v_num=]
Epoch 12: 100%|██████████| 47/47 [00:00<00:00, 48.42it/s, loss=0, v_num=]
Epoch 12:   0%|          | 0/47 [00:00<?, ?it/s, loss=0, v_num=]         
Epoch 13:   0%|          | 0/47 [00:00<?, ?it/s, loss=0, v_num=]
Epoch 13:  43%|████▎     | 20/47 [00:00<00:00, 38.09it/s, loss=0, v_num=]
Epoch 13:  85%|████████▌ | 40/47 [00:00<00:00, 50.25it/s, loss=0, v_num=]
Epoch 13:  85%|████████▌ | 40/47 [00:00<00:00, 50.22it/s, loss=0, v_num=]
Epoch 13: 100%|██████████| 47/47 [00:00<00:00, 47.42it/s, loss=0, v_num=]
Epoch 13:   0%|          | 0/47 [00:00<?, ?it/s, loss=0, v_num=]         
Epoch 14:   0%|          | 0/47 [00:00<?, ?it/s, loss=0, v_num=]
Epoch 14:  43%|████▎     | 20/47 [00:00<00:00, 36.96it/s, loss=0, v_num=]
Epoch 14:  85%|████████▌ | 40/47 [00:00<00:00, 50.34it/s, loss=0, v_num=]
Epoch 14:  85%|████████▌ | 40/47 [00:00<00:00, 50.32it/s, loss=0, v_num=]
Epoch 14: 100%|██████████| 47/47 [00:00<00:00, 47.53it/s, loss=0, v_num=]
Epoch 14:   0%|          | 0/47 [00:00<?, ?it/s, loss=0, v_num=]         
Epoch 15:   0%|          | 0/47 [00:00<?, ?it/s, loss=0, v_num=]
Epoch 15:  43%|████▎     | 20/47 [00:00<00:00, 37.97it/s, loss=0, v_num=]
Epoch 15:  85%|████████▌ | 40/47 [00:00<00:00, 51.13it/s, loss=0, v_num=]
Epoch 15:  85%|████████▌ | 40/47 [00:00<00:00, 51.10it/s, loss=0, v_num=]
Epoch 15: 100%|██████████| 47/47 [00:00<00:00, 47.97it/s, loss=0, v_num=]Evaluating...
NMI : 0.0, ARI: 0.0, ACC: 0.05, current K: 1

Epoch 15:   0%|          | 0/47 [00:00<?, ?it/s, loss=0, v_num=]         
Epoch 16:   0%|          | 0/47 [00:00<?, ?it/s, loss=0, v_num=]/usr/local/lib/python3.13/dist-packages/torch/utils/data/dataloader.py:432: UserWarning: This DataLoader will create 6 worker processes in total. Our suggested max number of worker in current system is 2, which is smaller than what this DataLoader is going to create. Please be aware that excessive worker creation might get DataLoader running slow or even freeze, lower the worker number to avoid potential slowness/freeze if necessary.
  self.check_worker_number_rationality()

Epoch 16:  43%|████▎     | 20/47 [00:00<00:00, 37.62it/s, loss=0, v_num=]
Epoch 16:  85%|████████▌ | 40/47 [00:00<00:00, 50.60it/s, loss=0, v_num=]
Epoch 16:  85%|████████▌ | 40/47 [00:00<00:00, 50.57it/s, loss=0, v_num=]
Epoch 16: 100%|██████████| 47/47 [00:00<00:00, 47.58it/s, loss=0, v_num=]
Epoch 16:   0%|          | 0/47 [00:00<?, ?it/s, loss=0, v_num=]         
Epoch 17:   0%|          | 0/47 [00:00<?, ?it/s, loss=0, v_num=]
Epoch 17:  43%|████▎     | 20/47 [00:00<00:00, 38.11it/s, loss=0, v_num=]
Epoch 17:  85%|████████▌ | 40/47 [00:00<00:00, 51.25it/s, loss=0, v_num=]
Epoch 17:  85%|████████▌ | 40/47 [00:00<00:00, 51.23it/s, loss=0, v_num=]
Epoch 17: 100%|██████████| 47/47 [00:00<00:00, 48.18it/s, loss=0, v_num=]
Epoch 17:   0%|          | 0/47 [00:00<?, ?it/s, loss=0, v_num=]         
Epoch 18:   0%|          | 0/47 [00:00<?, ?it/s, loss=0, v_num=]
Epoch 18:  43%|████▎     | 20/47 [00:00<00:00, 38.18it/s, loss=0, v_num=]
Epoch 18:  85%|████████▌ | 40/47 [00:00<00:00, 51.06it/s, loss=0, v_num=]
Epoch 18:  85%|████████▌ | 40/47 [00:00<00:00, 51.03it/s, loss=0, v_num=]
Epoch 18: 100%|██████████| 47/47 [00:00<00:00, 47.95it/s, loss=0, v_num=]
Epoch 18:   0%|          | 0/47 [00:00<?, ?it/s, loss=0, v_num=]         
Epoch 19:   0%|          | 0/47 [00:00<?, ?it/s, loss=0, v_num=]
Epoch 19:  43%|████▎     | 20/47 [00:00<00:00, 30.89it/s, loss=0, v_num=]
Epoch 19:  85%|████████▌ | 40/47 [00:00<00:00, 40.86it/s, loss=0, v_num=]
Epoch 19:  85%|████████▌ | 40/47 [00:00<00:00, 40.84it/s, loss=0, v_num=]
Epoch 19: 100%|██████████| 47/47 [00:01<00:00, 36.53it/s, loss=0, v_num=]
Epoch 19:   0%|          | 0/47 [00:00<?, ?it/s, loss=0, v_num=]         
Epoch 20:   0%|          | 0/47 [00:00<?, ?it/s, loss=0, v_num=]
Epoch 20:  43%|████▎     | 20/47 [00:00<00:01, 26.47it/s, loss=0, v_num=]
Epoch 20:  85%|████████▌ | 40/47 [00:01<00:00, 36.47it/s, loss=0, v_num=]
Epoch 20:  85%|████████▌ | 40/47 [00:01<00:00, 36.46it/s, loss=0, v_num=]
Epoch 20: 100%|██████████| 47/47 [00:01<00:00, 33.58it/s, loss=0, v_num=]Evaluating...
NMI : 0.0, ARI: 0.0, ACC: 0.05, current K: 1

Epoch 20:   0%|          | 0/47 [00:00<?, ?it/s, loss=0, v_num=]         
Epoch 21:   0%|          | 0/47 [00:00<?, ?it/s, loss=0, v_num=]/usr/local/lib/python3.13/dist-packages/torch/utils/data/dataloader.py:432: UserWarning: This DataLoader will create 6 worker processes in total. Our suggested max number of worker in current system is 2, which is smaller than what this DataLoader is going to create. Please be aware that excessive worker creation might get DataLoader running slow or even freeze, lower the worker number to avoid potential slowness/freeze if necessary.
  self.check_worker_number_rationality()

Epoch 21:  43%|████▎     | 20/47 [00:00<00:01, 26.78it/s, loss=0, v_num=]
Epoch 21:  85%|████████▌ | 40/47 [00:01<00:00, 35.40it/s, loss=0, v_num=]
Epoch 21:  85%|████████▌ | 40/47 [00:01<00:00, 35.38it/s, loss=0, v_num=]
Epoch 21: 100%|██████████| 47/47 [00:01<00:00, 35.56it/s, loss=0, v_num=]
Epoch 21:   0%|          | 0/47 [00:00<?, ?it/s, loss=0, v_num=]         
Epoch 22:   0%|          | 0/47 [00:00<?, ?it/s, loss=0, v_num=]
Epoch 22:  43%|████▎     | 20/47 [00:00<00:00, 39.54it/s, loss=0, v_num=]
Epoch 22:  85%|████████▌ | 40/47 [00:00<00:00, 50.67it/s, loss=0, v_num=]
Epoch 22:  85%|████████▌ | 40/47 [00:00<00:00, 50.64it/s, loss=0, v_num=]
Epoch 22: 100%|██████████| 47/47 [00:01<00:00, 46.98it/s, loss=0, v_num=]
Epoch 22:   0%|          | 0/47 [00:00<?, ?it/s, loss=0, v_num=]         
Epoch 23:   0%|          | 0/47 [00:00<?, ?it/s, loss=0, v_num=]
Epoch 23:  43%|████▎     | 20/47 [00:00<00:00, 38.44it/s, loss=0, v_num=]
Epoch 23:  85%|████████▌ | 40/47 [00:00<00:00, 50.27it/s, loss=0, v_num=]
Epoch 23:  85%|████████▌ | 40/47 [00:00<00:00, 50.24it/s, loss=0, v_num=]
Epoch 23: 100%|██████████| 47/47 [00:00<00:00, 47.32it/s, loss=0, v_num=]
Epoch 23:   0%|          | 0/47 [00:00<?, ?it/s, loss=0, v_num=]         
Epoch 24:   0%|          | 0/47 [00:00<?, ?it/s, loss=0, v_num=]
Epoch 24:  43%|████▎     | 20/47 [00:00<00:00, 38.78it/s, loss=0, v_num=]
Epoch 24:  85%|████████▌ | 40/47 [00:00<00:00, 50.42it/s, loss=0, v_num=]
Epoch 24:  85%|████████▌ | 40/47 [00:00<00:00, 50.39it/s, loss=0, v_num=]
Epoch 24: 100%|██████████| 47/47 [00:00<00:00, 47.27it/s, loss=0, v_num=]
Epoch 24:   0%|          | 0/47 [00:00<?, ?it/s, loss=0, v_num=]         
Epoch 25:   0%|          | 0/47 [00:00<?, ?it/s, loss=0, v_num=]
Epoch 25:  43%|████▎     | 20/47 [00:00<00:00, 37.92it/s, loss=0, v_num=]
Epoch 25:  85%|████████▌ | 40/47 [00:00<00:00, 49.36it/s, loss=0, v_num=]
Epoch 25:  85%|████████▌ | 40/47 [00:00<00:00, 49.34it/s, loss=0, v_num=]
Epoch 25: 100%|██████████| 47/47 [00:01<00:00, 46.71it/s, loss=0, v_num=]Evaluating...
NMI : 0.0, ARI: 0.0, ACC: 0.05, current K: 1

Epoch 25:   0%|          | 0/47 [00:00<?, ?it/s, loss=0, v_num=]         
Epoch 26:   0%|          | 0/47 [00:00<?, ?it/s, loss=0, v_num=]/usr/local/lib/python3.13/dist-packages/torch/utils/data/dataloader.py:432: UserWarning: This DataLoader will create 6 worker processes in total. Our suggested max number of worker in current system is 2, which is smaller than what this DataLoader is going to create. Please be aware that excessive worker creation might get DataLoader running slow or even freeze, lower the worker number to avoid potential slowness/freeze if necessary.
  self.check_worker_number_rationality()

Epoch 26:  43%|████▎     | 20/47 [00:00<00:00, 39.30it/s, loss=0, v_num=]
Epoch 26:  85%|████████▌ | 40/47 [00:00<00:00, 51.36it/s, loss=0, v_num=]
Epoch 26:  85%|████████▌ | 40/47 [00:00<00:00, 51.33it/s, loss=0, v_num=]
Epoch 26: 100%|██████████| 47/47 [00:00<00:00, 47.91it/s, loss=0, v_num=]
Epoch 26:   0%|          | 0/47 [00:00<?, ?it/s, loss=0, v_num=]         
Epoch 27:   0%|          | 0/47 [00:00<?, ?it/s, loss=0, v_num=]
Epoch 27:  43%|████▎     | 20/47 [00:00<00:00, 39.71it/s, loss=0, v_num=]
Epoch 27:  85%|████████▌ | 40/47 [00:00<00:00, 50.97it/s, loss=0, v_num=]
Epoch 27:  85%|████████▌ | 40/47 [00:00<00:00, 50.95it/s, loss=0, v_num=]
Epoch 27: 100%|██████████| 47/47 [00:00<00:00, 47.87it/s, loss=0, v_num=]
Epoch 27:   0%|          | 0/47 [00:00<?, ?it/s, loss=0, v_num=]         
Epoch 28:   0%|          | 0/47 [00:00<?, ?it/s, loss=0, v_num=]
Epoch 28:  43%|████▎     | 20/47 [00:00<00:00, 39.97it/s, loss=0, v_num=]
Epoch 28:  85%|████████▌ | 40/47 [00:00<00:00, 52.37it/s, loss=0, v_num=]
Epoch 28:  85%|████████▌ | 40/47 [00:00<00:00, 52.34it/s, loss=0, v_num=]
Epoch 28: 100%|██████████| 47/47 [00:00<00:00, 48.46it/s, loss=0, v_num=]
Epoch 28:   0%|          | 0/47 [00:00<?, ?it/s, loss=0, v_num=]         
Epoch 29:   0%|          | 0/47 [00:00<?, ?it/s, loss=0, v_num=]
Epoch 29:  43%|████▎     | 20/47 [00:00<00:00, 40.34it/s, loss=0, v_num=]
Epoch 29:  85%|████████▌ | 40/47 [00:00<00:00, 53.16it/s, loss=0, v_num=]
Epoch 29:  85%|████████▌ | 40/47 [00:00<00:00, 53.13it/s, loss=0, v_num=]
Epoch 29: 100%|██████████| 47/47 [00:00<00:00, 48.68it/s, loss=0, v_num=]
Epoch 29:   0%|          | 0/47 [00:00<?, ?it/s, loss=0, v_num=]         
Epoch 30:   0%|          | 0/47 [00:00<?, ?it/s, loss=0, v_num=]
Epoch 30:  43%|████▎     | 20/47 [00:00<00:00, 40.27it/s, loss=0, v_num=]
Epoch 30:  85%|████████▌ | 40/47 [00:00<00:00, 52.89it/s, loss=0, v_num=]
Epoch 30:  85%|████████▌ | 40/47 [00:00<00:00, 52.86it/s, loss=0, v_num=]
Epoch 30: 100%|██████████| 47/47 [00:00<00:00, 48.01it/s, loss=0, v_num=]Evaluating...
NMI : 0.0, ARI: 0.0, ACC: 0.05, current K: 1

Epoch 30:   0%|          | 0/47 [00:00<?, ?it/s, loss=0, v_num=]         
Epoch 31:   0%|          | 0/47 [00:00<?, ?it/s, loss=0, v_num=]/usr/local/lib/python3.13/dist-packages/torch/utils/data/dataloader.py:432: UserWarning: This DataLoader will create 6 worker processes in total. Our suggested max number of worker in current system is 2, which is smaller than what this DataLoader is going to create. Please be aware that excessive worker creation might get DataLoader running slow or even freeze, lower the worker number to avoid potential slowness/freeze if necessary.
  self.check_worker_number_rationality()

Epoch 31:  43%|████▎     | 20/47 [00:00<00:00, 39.44it/s, loss=0, v_num=]
Epoch 31:  85%|████████▌ | 40/47 [00:00<00:00, 47.73it/s, loss=0, v_num=]
Epoch 31:  85%|████████▌ | 40/47 [00:00<00:00, 47.71it/s, loss=0, v_num=]
Epoch 31: 100%|██████████| 47/47 [00:01<00:00, 41.25it/s, loss=0, v_num=]
Epoch 31:   0%|          | 0/47 [00:00<?, ?it/s, loss=0, v_num=]         
Epoch 32:   0%|          | 0/47 [00:00<?, ?it/s, loss=0, v_num=]
Epoch 32:  43%|████▎     | 20/47 [00:00<00:01, 26.72it/s, loss=0, v_num=]
Epoch 32:  85%|████████▌ | 40/47 [00:01<00:00, 35.98it/s, loss=0, v_num=]
Epoch 32:  85%|████████▌ | 40/47 [00:01<00:00, 35.97it/s, loss=0, v_num=]
Epoch 32: 100%|██████████| 47/47 [00:01<00:00, 33.01it/s, loss=0, v_num=]
Epoch 32:   0%|          | 0/47 [00:00<?, ?it/s, loss=0, v_num=]         
Epoch 33:   0%|          | 0/47 [00:00<?, ?it/s, loss=0, v_num=]
Epoch 33:  43%|████▎     | 20/47 [00:00<00:01, 26.10it/s, loss=0, v_num=]
Epoch 33:  85%|████████▌ | 40/47 [00:01<00:00, 34.73it/s, loss=0, v_num=]
Epoch 33:  85%|████████▌ | 40/47 [00:01<00:00, 34.72it/s, loss=0, v_num=]
Epoch 33: 100%|██████████| 47/47 [00:01<00:00, 34.26it/s, loss=0, v_num=]
Epoch 33:   0%|          | 0/47 [00:00<?, ?it/s, loss=0, v_num=]         
Epoch 34:   0%|          | 0/47 [00:00<?, ?it/s, loss=0, v_num=]
Epoch 34:  43%|████▎     | 20/47 [00:00<00:00, 38.33it/s, loss=0, v_num=]
Epoch 34:  85%|████████▌ | 40/47 [00:00<00:00, 49.97it/s, loss=0, v_num=]
Epoch 34:  85%|████████▌ | 40/47 [00:00<00:00, 49.94it/s, loss=0, v_num=]
Epoch 34: 100%|██████████| 47/47 [00:01<00:00, 46.73it/s, loss=0, v_num=]
Epoch 34:   0%|          | 0/47 [00:00<?, ?it/s, loss=0, v_num=]         
Epoch 35:   0%|          | 0/47 [00:00<?, ?it/s, loss=0, v_num=]
Epoch 35:  43%|████▎     | 20/47 [00:00<00:00, 38.28it/s, loss=0, v_num=]
Epoch 35:  85%|████████▌ | 40/47 [00:00<00:00, 51.02it/s, loss=0, v_num=]
Epoch 35:  85%|████████▌ | 40/47 [00:00<00:00, 50.99it/s, loss=0, v_num=]
Epoch 35: 100%|██████████| 47/47 [00:00<00:00, 47.58it/s, loss=0, v_num=]Evaluating...
NMI : 0.0, ARI: 0.0, ACC: 0.05, current K: 1

Epoch 35:   0%|          | 0/47 [00:00<?, ?it/s, loss=0, v_num=]         
Epoch 36:   0%|          | 0/47 [00:00<?, ?it/s, loss=0, v_num=]/usr/local/lib/python3.13/dist-packages/torch/utils/data/dataloader.py:432: UserWarning: This DataLoader will create 6 worker processes in total. Our suggested max number of worker in current system is 2, which is smaller than what this DataLoader is going to create. Please be aware that excessive worker creation might get DataLoader running slow or even freeze, lower the worker number to avoid potential slowness/freeze if necessary.
  self.check_worker_number_rationality()

Epoch 36:  43%|████▎     | 20/47 [00:00<00:00, 38.31it/s, loss=0, v_num=]
Epoch 36:  85%|████████▌ | 40/47 [00:00<00:00, 51.78it/s, loss=0, v_num=]
Epoch 36:  85%|████████▌ | 40/47 [00:00<00:00, 51.76it/s, loss=0, v_num=]
Epoch 36: 100%|██████████| 47/47 [00:00<00:00, 48.51it/s, loss=0, v_num=]
Epoch 36:   0%|          | 0/47 [00:00<?, ?it/s, loss=0, v_num=]         
Epoch 37:   0%|          | 0/47 [00:00<?, ?it/s, loss=0, v_num=]
Epoch 37:  43%|████▎     | 20/47 [00:00<00:00, 39.32it/s, loss=0, v_num=]
Epoch 37:  85%|████████▌ | 40/47 [00:00<00:00, 52.17it/s, loss=0, v_num=]
Epoch 37:  85%|████████▌ | 40/47 [00:00<00:00, 52.14it/s, loss=0, v_num=]
Epoch 37: 100%|██████████| 47/47 [00:00<00:00, 48.67it/s, loss=0, v_num=]
Epoch 37:   0%|          | 0/47 [00:00<?, ?it/s, loss=0, v_num=]         
Epoch 38:   0%|          | 0/47 [00:00<?, ?it/s, loss=0, v_num=]
Epoch 38:  43%|████▎     | 20/47 [00:00<00:00, 38.64it/s, loss=0, v_num=]
Epoch 38:  85%|████████▌ | 40/47 [00:00<00:00, 51.96it/s, loss=0, v_num=]
Epoch 38:  85%|████████▌ | 40/47 [00:00<00:00, 51.93it/s, loss=0, v_num=]
Epoch 38: 100%|██████████| 47/47 [00:00<00:00, 48.64it/s, loss=0, v_num=]
Epoch 38:   0%|          | 0/47 [00:00<?, ?it/s, loss=0, v_num=]         
Epoch 39:   0%|          | 0/47 [00:00<?, ?it/s, loss=0, v_num=]
Epoch 39:  43%|████▎     | 20/47 [00:00<00:00, 39.45it/s, loss=0, v_num=]
Epoch 39:  85%|████████▌ | 40/47 [00:00<00:00, 52.28it/s, loss=0, v_num=]
Epoch 39:  85%|████████▌ | 40/47 [00:00<00:00, 52.26it/s, loss=0, v_num=]
Epoch 39: 100%|██████████| 47/47 [00:00<00:00, 48.87it/s, loss=0, v_num=]
Epoch 39:   0%|          | 0/47 [00:00<?, ?it/s, loss=0, v_num=]         
Epoch 40:   0%|          | 0/47 [00:00<?, ?it/s, loss=0, v_num=]
Epoch 40:  43%|████▎     | 20/47 [00:00<00:00, 39.51it/s, loss=0, v_num=]
Epoch 40:  85%|████████▌ | 40/47 [00:00<00:00, 51.95it/s, loss=0, v_num=]
Epoch 40:  85%|████████▌ | 40/47 [00:00<00:00, 51.92it/s, loss=0, v_num=]
Epoch 40: 100%|██████████| 47/47 [00:00<00:00, 48.97it/s, loss=0, v_num=]Evaluating...
NMI : 0.0, ARI: 0.0, ACC: 0.05, current K: 1

Epoch 40:   0%|          | 0/47 [00:00<?, ?it/s, loss=0, v_num=]         
Epoch 41:   0%|          | 0/47 [00:00<?, ?it/s, loss=0, v_num=]/usr/local/lib/python3.13/dist-packages/torch/utils/data/dataloader.py:432: UserWarning: This DataLoader will create 6 worker processes in total. Our suggested max number of worker in current system is 2, which is smaller than what this DataLoader is going to create. Please be aware that excessive worker creation might get DataLoader running slow or even freeze, lower the worker number to avoid potential slowness/freeze if necessary.
  self.check_worker_number_rationality()

Epoch 41:  43%|████▎     | 20/47 [00:00<00:00, 39.15it/s, loss=0, v_num=]
Epoch 41:  85%|████████▌ | 40/47 [00:00<00:00, 52.13it/s, loss=0, v_num=]
Epoch 41:  85%|████████▌ | 40/47 [00:00<00:00, 52.11it/s, loss=0, v_num=]
Epoch 41: 100%|██████████| 47/47 [00:00<00:00, 48.81it/s, loss=0, v_num=]
Epoch 41:   0%|          | 0/47 [00:00<?, ?it/s, loss=0, v_num=]         
Epoch 42:   0%|          | 0/47 [00:00<?, ?it/s, loss=0, v_num=]
Epoch 42:  43%|████▎     | 20/47 [00:00<00:00, 39.19it/s, loss=0, v_num=]
Epoch 42:  85%|████████▌ | 40/47 [00:00<00:00, 50.05it/s, loss=0, v_num=]
Epoch 42:  85%|████████▌ | 40/47 [00:00<00:00, 50.02it/s, loss=0, v_num=]
Epoch 42: 100%|██████████| 47/47 [00:00<00:00, 47.70it/s, loss=0, v_num=]
Epoch 42:   0%|          | 0/47 [00:00<?, ?it/s, loss=0, v_num=]         
Epoch 43:   0%|          | 0/47 [00:00<?, ?it/s, loss=0, v_num=]
Epoch 43:  43%|████▎     | 20/47 [00:00<00:00, 40.38it/s, loss=0, v_num=]
Epoch 43:  85%|████████▌ | 40/47 [00:00<00:00, 52.10it/s, loss=0, v_num=]
Epoch 43:  85%|████████▌ | 40/47 [00:00<00:00, 52.07it/s, loss=0, v_num=]
Epoch 43: 100%|██████████| 47/47 [00:01<00:00, 45.25it/s, loss=0, v_num=]
Epoch 43:   0%|          | 0/47 [00:00<?, ?it/s, loss=0, v_num=]         
Epoch 44:   0%|          | 0/47 [00:00<?, ?it/s, loss=0, v_num=]
Epoch 44:  43%|████▎     | 20/47 [00:00<00:01, 25.99it/s, loss=0, v_num=]
Epoch 44:  85%|████████▌ | 40/47 [00:01<00:00, 35.71it/s, loss=0, v_num=]
Epoch 44:  85%|████████▌ | 40/47 [00:01<00:00, 35.70it/s, loss=0, v_num=]
Epoch 44: 100%|██████████| 47/47 [00:01<00:00, 33.09it/s, loss=0, v_num=]
Epoch 44:   0%|          | 0/47 [00:00<?, ?it/s, loss=0, v_num=]         
Epoch 45:   0%|          | 0/47 [00:00<?, ?it/s, loss=0, v_num=]/usr/local/lib/python3.13/dist-packages/torch/utils/data/dataloader.py:432: UserWarning: This DataLoader will create 6 worker processes in total. Our suggested max number of worker in current system is 2, which is smaller than what this DataLoader is going to create. Please be aware that excessive worker creation might get DataLoader running slow or even freeze, lower the worker number to avoid potential slowness/freeze if necessary.
  self.check_worker_number_rationality()

Epoch 45:  43%|████▎     | 20/47 [00:00<00:01, 20.83it/s, loss=0.527, v_num=]
Epoch 45:  85%|████████▌ | 40/47 [00:01<00:00, 27.97it/s, loss=0.527, v_num=]
Epoch 45:  85%|████████▌ | 40/47 [00:01<00:00, 27.96it/s, loss=0.451, v_num=]
Epoch 45: 100%|██████████| 47/47 [00:01<00:00, 28.36it/s, loss=0.439, v_num=]Evaluating...
NMI : 0.0, ARI: 0.0, ACC: 0.05, current K: 1

Epoch 45:   0%|          | 0/47 [00:00<?, ?it/s, loss=0.439, v_num=]         
Epoch 46:   0%|          | 0/47 [00:00<?, ?it/s, loss=0.439, v_num=]/usr/local/lib/python3.13/dist-packages/torch/utils/data/dataloader.py:432: UserWarning: This DataLoader will create 6 worker processes in total. Our suggested max number of worker in current system is 2, which is smaller than what this DataLoader is going to create. Please be aware that excessive worker creation might get DataLoader running slow or even freeze, lower the worker number to avoid potential slowness/freeze if necessary.
  self.check_worker_number_rationality()

Epoch 46:  43%|████▎     | 20/47 [00:00<00:00, 35.05it/s, loss=0.445, v_num=]
Epoch 46:  85%|████████▌ | 40/47 [00:00<00:00, 44.41it/s, loss=0.445, v_num=]
Epoch 46:  85%|████████▌ | 40/47 [00:00<00:00, 44.39it/s, loss=0.443, v_num=]
Epoch 46: 100%|██████████| 47/47 [00:01<00:00, 41.57it/s, loss=0.444, v_num=]
Epoch 46:   0%|          | 0/47 [00:00<?, ?it/s, loss=0.444, v_num=]         
Epoch 47:   0%|          | 0/47 [00:00<?, ?it/s, loss=0.444, v_num=]
Epoch 47:  43%|████▎     | 20/47 [00:00<00:00, 33.69it/s, loss=0.428, v_num=]
Epoch 47:  85%|████████▌ | 40/47 [00:00<00:00, 40.06it/s, loss=0.428, v_num=]
Epoch 47:  85%|████████▌ | 40/47 [00:00<00:00, 40.04it/s, loss=0.423, v_num=]
Epoch 47: 100%|██████████| 47/47 [00:01<00:00, 38.44it/s, loss=0.428, v_num=]
Epoch 47:   0%|          | 0/47 [00:00<?, ?it/s, loss=0.428, v_num=]         
Epoch 48:   0%|          | 0/47 [00:00<?, ?it/s, loss=0.428, v_num=]
Epoch 48:  43%|████▎     | 20/47 [00:00<00:00, 35.19it/s, loss=0.427, v_num=]
Epoch 48:  85%|████████▌ | 40/47 [00:00<00:00, 45.55it/s, loss=0.427, v_num=]
Epoch 48:  85%|████████▌ | 40/47 [00:00<00:00, 45.53it/s, loss=0.427, v_num=]
Epoch 48: 100%|██████████| 47/47 [00:01<00:00, 42.76it/s, loss=0.423, v_num=]
Epoch 48:   0%|          | 0/47 [00:00<?, ?it/s, loss=0.423, v_num=]         
Epoch 49:   0%|          | 0/47 [00:00<?, ?it/s, loss=0.423, v_num=]
Epoch 49:  43%|████▎     | 20/47 [00:00<00:00, 34.66it/s, loss=0.425, v_num=]
Epoch 49:  85%|████████▌ | 40/47 [00:00<00:00, 44.78it/s, loss=0.425, v_num=]
Epoch 49:  85%|████████▌ | 40/47 [00:00<00:00, 44.76it/s, loss=0.423, v_num=]
Epoch 49: 100%|██████████| 47/47 [00:01<00:00, 41.98it/s, loss=0.423, v_num=]
Epoch 49:   0%|          | 0/47 [00:00<?, ?it/s, loss=0.423, v_num=]         
Epoch 50:   0%|          | 0/47 [00:00<?, ?it/s, loss=0.423, v_num=]
Epoch 50:  43%|████▎     | 20/47 [00:00<00:00, 33.89it/s, loss=0.426, v_num=]
Epoch 50:  85%|████████▌ | 40/47 [00:00<00:00, 44.29it/s, loss=0.426, v_num=]
Epoch 50:  85%|████████▌ | 40/47 [00:00<00:00, 44.27it/s, loss=0.425, v_num=]
Epoch 50: 100%|██████████| 47/47 [00:01<00:00, 41.31it/s, loss=0.423, v_num=]Evaluating...
NMI : 0.0, ARI: 0.0, ACC: 0.05, current K: 1
Epoch 50 | NMI: 0.0000, ARI: 0.0000, ACC: 0.0500, current K: 1
Confusion Matrix:
[[300   0   0   0   0   0   0   0   0   0   0   0   0   0   0   0   0   0
    0   0]
 [300   0   0   0   0   0   0   0   0   0   0   0   0   0   0   0   0   0
    0   0]
 [300   0   0   0   0   0   0   0   0   0   0   0   0   0   0   0   0   0
    0   0]
 [300   0   0   0   0   0   0   0   0   0   0   0   0   0   0   0   0   0
    0   0]
 [300   0   0   0   0   0   0   0   0   0   0   0   0   0   0   0   0   0
    0   0]
 [300   0   0   0   0   0   0   0   0   0   0   0   0   0   0   0   0   0
    0   0]
 [300   0   0   0   0   0   0   0   0   0   0   0   0   0   0   0   0   0
    0   0]
 [300   0   0   0   0   0   0   0   0   0   0   0   0   0   0   0   0   0
    0   0]
 [300   0   0   0   0   0   0   0   0   0   0   0   0   0   0   0   0   0
    0   0]
 [300   0   0   0   0   0   0   0   0   0   0   0   0   0   0   0   0   0
    0   0]
 [300   0   0   0   0   0   0   0   0   0   0   0   0   0   0   0   0   0
    0   0]
 [300   0   0   0   0   0   0   0   0   0   0   0   0   0   0   0   0   0
    0   0]
 [300   0   0   0   0   0   0   0   0   0   0   0   0   0   0   0   0   0
    0   0]
 [300   0   0   0   0   0   0   0   0   0   0   0   0   0   0   0   0   0
    0   0]
 [300   0   0   0   0   0   0   0   0   0   0   0   0   0   0   0   0   0
    0   0]
 [300   0   0   0   0   0   0   0   0   0   0   0   0   0   0   0   0   0
    0   0]
 [300   0   0   0   0   0   0   0   0   0   0   0   0   0   0   0   0   0
    0   0]
 [300   0   0   0   0   0   0   0   0   0   0   0   0   0   0   0   0   0
    0   0]
 [300   0   0   0   0   0   0   0   0   0   0   0   0   0   0   0   0   0
    0   0]
 [300   0   0   0   0   0   0   0   0   0   0   0   0   0   0   0   0   0
    0   0]]

Epoch 50:   0%|          | 0/47 [00:00<?, ?it/s, loss=0.423, v_num=]         
Epoch 51:   0%|          | 0/47 [00:00<?, ?it/s, loss=0.423, v_num=]/usr/local/lib/python3.13/dist-packages/torch/utils/data/dataloader.py:432: UserWarning: This DataLoader will create 6 worker processes in total. Our suggested max number of worker in current system is 2, which is smaller than what this DataLoader is going to create. Please be aware that excessive worker creation might get DataLoader running slow or even freeze, lower the worker number to avoid potential slowness/freeze if necessary.
  self.check_worker_number_rationality()

Epoch 51:  43%|████▎     | 20/47 [00:00<00:00, 34.80it/s, loss=0.424, v_num=]
Epoch 51:  85%|████████▌ | 40/47 [00:00<00:00, 44.54it/s, loss=0.424, v_num=]
Epoch 51:  85%|████████▌ | 40/47 [00:00<00:00, 44.51it/s, loss=0.427, v_num=]
Epoch 51: 100%|██████████| 47/47 [00:01<00:00, 41.20it/s, loss=0.425, v_num=]
Epoch 51:   0%|          | 0/47 [00:00<?, ?it/s, loss=0.425, v_num=]         
Epoch 52:   0%|          | 0/47 [00:00<?, ?it/s, loss=0.425, v_num=]
Epoch 52:  43%|████▎     | 20/47 [00:00<00:00, 34.94it/s, loss=0.423, v_num=]
Epoch 52:  85%|████████▌ | 40/47 [00:00<00:00, 44.25it/s, loss=0.423, v_num=]
Epoch 52:  85%|████████▌ | 40/47 [00:00<00:00, 44.24it/s, loss=0.423, v_num=]
Epoch 52: 100%|██████████| 47/47 [00:01<00:00, 41.72it/s, loss=0.428, v_num=]
Epoch 52:   0%|          | 0/47 [00:00<?, ?it/s, loss=0.428, v_num=]         
Epoch 53:   0%|          | 0/47 [00:00<?, ?it/s, loss=0.428, v_num=]
Epoch 53:  43%|████▎     | 20/47 [00:00<00:00, 35.32it/s, loss=0.419, v_num=]
Epoch 53:  85%|████████▌ | 40/47 [00:00<00:00, 44.59it/s, loss=0.419, v_num=]
Epoch 53:  85%|████████▌ | 40/47 [00:00<00:00, 44.58it/s, loss=0.426, v_num=]
Epoch 53: 100%|██████████| 47/47 [00:01<00:00, 41.99it/s, loss=0.425, v_num=]
Epoch 53:   0%|          | 0/47 [00:00<?, ?it/s, loss=0.425, v_num=]         
Epoch 54:   0%|          | 0/47 [00:00<?, ?it/s, loss=0.425, v_num=]
Epoch 54:  43%|████▎     | 20/47 [00:00<00:00, 29.19it/s, loss=0.42, v_num=]
Epoch 54:  85%|████████▌ | 40/47 [00:01<00:00, 36.25it/s, loss=0.42, v_num=]
Epoch 54:  85%|████████▌ | 40/47 [00:01<00:00, 36.23it/s, loss=0.426, v_num=]
Epoch 54: 100%|██████████| 47/47 [00:01<00:00, 32.43it/s, loss=0.426, v_num=]
Epoch 54:   0%|          | 0/47 [00:00<?, ?it/s, loss=0.426, v_num=]         
Epoch 55:   0%|          | 0/47 [00:00<?, ?it/s, loss=0.426, v_num=]
Epoch 55:  43%|████▎     | 20/47 [00:00<00:01, 24.94it/s, loss=0.425, v_num=]
Epoch 55:  85%|████████▌ | 40/47 [00:01<00:00, 32.79it/s, loss=0.425, v_num=]
Epoch 55:  85%|████████▌ | 40/47 [00:01<00:00, 32.78it/s, loss=0.426, v_num=]
Epoch 55: 100%|██████████| 47/47 [00:01<00:00, 30.83it/s, loss=0.424, v_num=]/content/DeepDPM-New/src/clustering_models/clusternet_modules/clusternetasmodel.py:682: UserWarning: To copy construct from a tensor, it is recommended to use sourceTensor.detach().clone() or sourceTensor.detach().clone().requires_grad_(True), rather than torch.tensor(sourceTensor).
  mus_ind_to_split = torch.nonzero(torch.tensor(split_decisions), as_tuple=False)
Splitting clusters [0]
Evaluating...
NMI : 0.0, ARI: 0.0, ACC: 0.05, current K: 1
[Split] K updated → 2 clusters
  [Epoch 55] losses at split → cluster_loss=0.0000, subcluster_loss=0.8484

Epoch 55:   0%|          | 0/47 [00:00<?, ?it/s, loss=0.424, v_num=]         
Epoch 56:   0%|          | 0/47 [00:00<?, ?it/s, loss=0.424, v_num=]/usr/local/lib/python3.13/dist-packages/torch/utils/data/dataloader.py:432: UserWarning: This DataLoader will create 6 worker processes in total. Our suggested max number of worker in current system is 2, which is smaller than what this DataLoader is going to create. Please be aware that excessive worker creation might get DataLoader running slow or even freeze, lower the worker number to avoid potential slowness/freeze if necessary.
  self.check_worker_number_rationality()

Epoch 56:  43%|████▎     | 20/47 [00:00<00:01, 24.91it/s, loss=0.713, v_num=]
Epoch 56:  85%|████████▌ | 40/47 [00:01<00:00, 33.92it/s, loss=0.713, v_num=]
Epoch 56:  85%|████████▌ | 40/47 [00:01<00:00, 33.91it/s, loss=0.664, v_num=]
Epoch 56: 100%|██████████| 47/47 [00:01<00:00, 32.87it/s, loss=0.645, v_num=]
Epoch 56:   0%|          | 0/47 [00:00<?, ?it/s, loss=0.645, v_num=]         
Epoch 57:   0%|          | 0/47 [00:00<?, ?it/s, loss=0.645, v_num=]
Epoch 57:  43%|████▎     | 20/47 [00:00<00:00, 31.62it/s, loss=0.587, v_num=]
Epoch 57:  85%|████████▌ | 40/47 [00:00<00:00, 40.06it/s, loss=0.587, v_num=]
Epoch 57:  85%|████████▌ | 40/47 [00:00<00:00, 40.04it/s, loss=0.527, v_num=]
Epoch 57: 100%|██████████| 47/47 [00:01<00:00, 37.57it/s, loss=0.513, v_num=]
Epoch 57:   0%|          | 0/47 [00:00<?, ?it/s, loss=0.513, v_num=]         
Epoch 58:   0%|          | 0/47 [00:00<?, ?it/s, loss=0.513, v_num=]
Epoch 58:  43%|████▎     | 20/47 [00:00<00:00, 31.02it/s, loss=0.472, v_num=]
Epoch 58:  85%|████████▌ | 40/47 [00:01<00:00, 39.03it/s, loss=0.472, v_num=]
Epoch 58:  85%|████████▌ | 40/47 [00:01<00:00, 39.01it/s, loss=0.444, v_num=]
Epoch 58: 100%|██████████| 47/47 [00:01<00:00, 36.41it/s, loss=0.432, v_num=]
Epoch 58:   0%|          | 0/47 [00:00<?, ?it/s, loss=0.432, v_num=]         
Epoch 59:   0%|          | 0/47 [00:00<?, ?it/s, loss=0.432, v_num=]
Epoch 59:  43%|████▎     | 20/47 [00:00<00:00, 32.35it/s, loss=0.423, v_num=]
Epoch 59:  85%|████████▌ | 40/47 [00:01<00:00, 39.69it/s, loss=0.423, v_num=]
Epoch 59:  85%|████████▌ | 40/47 [00:01<00:00, 39.68it/s, loss=0.413, v_num=]
Epoch 59: 100%|██████████| 47/47 [00:01<00:00, 37.24it/s, loss=0.412, v_num=]
Epoch 59:   0%|          | 0/47 [00:00<?, ?it/s, loss=0.412, v_num=]         
Epoch 60:   0%|          | 0/47 [00:00<?, ?it/s, loss=0.412, v_num=]
Epoch 60:  43%|████▎     | 20/47 [00:00<00:00, 30.23it/s, loss=0.402, v_num=]
Epoch 60:  85%|████████▌ | 40/47 [00:01<00:00, 38.76it/s, loss=0.402, v_num=]
Epoch 60:  85%|████████▌ | 40/47 [00:01<00:00, 38.75it/s, loss=0.4, v_num=]  
Epoch 60: 100%|██████████| 47/47 [00:01<00:00, 36.78it/s, loss=0.401, v_num=]Evaluating...
NMI : 0.253822677517179, ARI: 0.07667688373997496, ACC: 0.09783, current K: 2
Epoch 60 | NMI: 0.2538, ARI: 0.0767, ACC: 0.0978, current K: 2
Confusion Matrix:
[[ 15 285   0   0   0   0   0   0   0   0   0   0   0   0   0   0   0   0
    0   0]
 [283  17   0   0   0   0   0   0   0   0   0   0   0   0   0   0   0   0
    0   0]
 [ 28 272   0   0   0   0   0   0   0   0   0   0   0   0   0   0   0   0
    0   0]
 [261  39   0   0   0   0   0   0   0   0   0   0   0   0   0   0   0   0
    0   0]
 [ 38 262   0   0   0   0   0   0   0   0   0   0   0   0   0   0   0   0
    0   0]
 [267  33   0   0   0   0   0   0   0   0   0   0   0   0   0   0   0   0
    0   0]
 [ 22 278   0   0   0   0   0   0   0   0   0   0   0   0   0   0   0   0
    0   0]
 [276  24   0   0   0   0   0   0   0   0   0   0   0   0   0   0   0   0
    0   0]
 [ 18 282   0   0   0   0   0   0   0   0   0   0   0   0   0   0   0   0
    0   0]
 [273  27   0   0   0   0   0   0   0   0   0   0   0   0   0   0   0   0
    0   0]
 [  9 291   0   0   0   0   0   0   0   0   0   0   0   0   0   0   0   0
    0   0]
 [281  19   0   0   0   0   0   0   0   0   0   0   0   0   0   0   0   0
    0   0]
 [  7 293   0   0   0   0   0   0   0   0   0   0   0   0   0   0   0   0
    0   0]
 [294   6   0   0   0   0   0   0   0   0   0   0   0   0   0   0   0   0
    0   0]
 [ 10 290   0   0   0   0   0   0   0   0   0   0   0   0   0   0   0   0
    0   0]
 [288  12   0   0   0   0   0   0   0   0   0   0   0   0   0   0   0   0
    0   0]
 [ 16 284   0   0   0   0   0   0   0   0   0   0   0   0   0   0   0   0
    0   0]
 [291   9   0   0   0   0   0   0   0   0   0   0   0   0   0   0   0   0
    0   0]
 [  9 291   0   0   0   0   0   0   0   0   0   0   0   0   0   0   0   0
    0   0]
 [283  17   0   0   0   0   0   0   0   0   0   0   0   0   0   0   0   0
    0   0]]

Epoch 60:   0%|          | 0/47 [00:00<?, ?it/s, loss=0.401, v_num=]         
Epoch 61:   0%|          | 0/47 [00:00<?, ?it/s, loss=0.401, v_num=]/usr/local/lib/python3.13/dist-packages/torch/utils/data/dataloader.py:432: UserWarning: This DataLoader will create 6 worker processes in total. Our suggested max number of worker in current system is 2, which is smaller than what this DataLoader is going to create. Please be aware that excessive worker creation might get DataLoader running slow or even freeze, lower the worker number to avoid potential slowness/freeze if necessary.
  self.check_worker_number_rationality()

Epoch 61:  43%|████▎     | 20/47 [00:00<00:00, 31.08it/s, loss=0.395, v_num=]
Epoch 61:  85%|████████▌ | 40/47 [00:01<00:00, 39.12it/s, loss=0.395, v_num=]
Epoch 61:  85%|████████▌ | 40/47 [00:01<00:00, 39.11it/s, loss=0.393, v_num=]
Epoch 61: 100%|██████████| 47/47 [00:01<00:00, 37.04it/s, loss=0.392, v_num=]
Epoch 61:   0%|          | 0/47 [00:00<?, ?it/s, loss=0.392, v_num=]         
Epoch 62:   0%|          | 0/47 [00:00<?, ?it/s, loss=0.392, v_num=]
Epoch 62:  43%|████▎     | 20/47 [00:00<00:00, 30.95it/s, loss=0.382, v_num=]
Epoch 62:  85%|████████▌ | 40/47 [00:01<00:00, 39.43it/s, loss=0.382, v_num=]
Epoch 62:  85%|████████▌ | 40/47 [00:01<00:00, 39.41it/s, loss=0.382, v_num=]
Epoch 62: 100%|██████████| 47/47 [00:01<00:00, 36.78it/s, loss=0.385, v_num=]
Epoch 62:   0%|          | 0/47 [00:00<?, ?it/s, loss=0.385, v_num=]         
Epoch 63:   0%|          | 0/47 [00:00<?, ?it/s, loss=0.385, v_num=]
Epoch 63:  43%|████▎     | 20/47 [00:00<00:00, 32.38it/s, loss=0.381, v_num=]
Epoch 63:  85%|████████▌ | 40/47 [00:05<00:00,  7.50it/s, loss=0.381, v_num=]
Epoch 63:  85%|████████▌ | 40/47 [00:05<00:00,  7.50it/s, loss=0.386, v_num=]
Epoch 63: 100%|██████████| 47/47 [00:05<00:00,  8.30it/s, loss=0.383, v_num=]
Epoch 63:   0%|          | 0/47 [00:00<?, ?it/s, loss=0.383, v_num=]         
Epoch 64:   0%|          | 0/47 [00:00<?, ?it/s, loss=0.383, v_num=]
Epoch 64:  43%|████▎     | 20/47 [00:00<00:00, 29.99it/s, loss=0.382, v_num=]
Epoch 64:  85%|████████▌ | 40/47 [00:01<00:00, 37.97it/s, loss=0.382, v_num=]
Epoch 64:  85%|████████▌ | 40/47 [00:01<00:00, 37.96it/s, loss=0.38, v_num=] 
Epoch 64: 100%|██████████| 47/47 [00:01<00:00, 35.66it/s, loss=0.385, v_num=]
Epoch 64:   0%|          | 0/47 [00:00<?, ?it/s, loss=0.385, v_num=]         
Epoch 65:   0%|          | 0/47 [00:00<?, ?it/s, loss=0.385, v_num=]
Epoch 65:  43%|████▎     | 20/47 [00:00<00:00, 29.67it/s, loss=0.379, v_num=]
Epoch 65:  85%|████████▌ | 40/47 [00:01<00:00, 37.84it/s, loss=0.379, v_num=]
Epoch 65:  85%|████████▌ | 40/47 [00:01<00:00, 37.83it/s, loss=0.381, v_num=]
Epoch 65: 100%|██████████| 47/47 [00:01<00:00, 35.91it/s, loss=0.38, v_num=] Evaluating...
NMI : 0.25563844840613786, ARI: 0.07707309929016173, ACC: 0.098, current K: 2

Epoch 65:   0%|          | 0/47 [00:00<?, ?it/s, loss=0.38, v_num=]         
Epoch 66:   0%|          | 0/47 [00:00<?, ?it/s, loss=0.38, v_num=]/usr/local/lib/python3.13/dist-packages/torch/utils/data/dataloader.py:432: UserWarning: This DataLoader will create 6 worker processes in total. Our suggested max number of worker in current system is 2, which is smaller than what this DataLoader is going to create. Please be aware that excessive worker creation might get DataLoader running slow or even freeze, lower the worker number to avoid potential slowness/freeze if necessary.
  self.check_worker_number_rationality()

Epoch 66:  43%|████▎     | 20/47 [00:00<00:00, 29.95it/s, loss=0.383, v_num=]
Epoch 66:  85%|████████▌ | 40/47 [00:01<00:00, 37.13it/s, loss=0.383, v_num=]
Epoch 66:  85%|████████▌ | 40/47 [00:01<00:00, 37.11it/s, loss=0.375, v_num=]
Epoch 66: 100%|██████████| 47/47 [00:01<00:00, 34.94it/s, loss=0.383, v_num=]
Epoch 66:   0%|          | 0/47 [00:00<?, ?it/s, loss=0.383, v_num=]         
Epoch 67:   0%|          | 0/47 [00:00<?, ?it/s, loss=0.383, v_num=]
Epoch 67:  43%|████▎     | 20/47 [00:00<00:01, 26.48it/s, loss=0.381, v_num=]
Epoch 67:  85%|████████▌ | 40/47 [00:01<00:00, 32.12it/s, loss=0.381, v_num=]
Epoch 67:  85%|████████▌ | 40/47 [00:01<00:00, 32.11it/s, loss=0.377, v_num=]
Epoch 67: 100%|██████████| 47/47 [00:01<00:00, 31.14it/s, loss=0.378, v_num=]
Epoch 67:   0%|          | 0/47 [00:00<?, ?it/s, loss=0.378, v_num=]         
Epoch 68:   0%|          | 0/47 [00:00<?, ?it/s, loss=0.378, v_num=]
Epoch 68:  43%|████▎     | 20/47 [00:00<00:00, 28.91it/s, loss=0.377, v_num=]
Epoch 68:  85%|████████▌ | 40/47 [00:01<00:00, 36.98it/s, loss=0.377, v_num=]
Epoch 68:  85%|████████▌ | 40/47 [00:01<00:00, 36.97it/s, loss=0.383, v_num=]
Epoch 68: 100%|██████████| 47/47 [00:01<00:00, 34.51it/s, loss=0.381, v_num=]
Epoch 68:   0%|          | 0/47 [00:00<?, ?it/s, loss=0.381, v_num=]         
Epoch 69:   0%|          | 0/47 [00:00<?, ?it/s, loss=0.381, v_num=]
Epoch 69:  43%|████▎     | 20/47 [00:00<00:00, 30.18it/s, loss=0.381, v_num=]
Epoch 69:  85%|████████▌ | 40/47 [00:01<00:00, 37.35it/s, loss=0.381, v_num=]
Epoch 69:  85%|████████▌ | 40/47 [00:01<00:00, 37.33it/s, loss=0.38, v_num=] 
Epoch 69: 100%|██████████| 47/47 [00:01<00:00, 35.44it/s, loss=0.378, v_num=]
Epoch 69:   0%|          | 0/47 [00:00<?, ?it/s, loss=0.378, v_num=]         
Epoch 70:   0%|          | 0/47 [00:00<?, ?it/s, loss=0.378, v_num=]
Epoch 70:  43%|████▎     | 20/47 [00:00<00:00, 29.11it/s, loss=0.382, v_num=]
Epoch 70:  85%|████████▌ | 40/47 [00:01<00:00, 37.37it/s, loss=0.382, v_num=]
Epoch 70:  85%|████████▌ | 40/47 [00:01<00:00, 37.35it/s, loss=0.382, v_num=]
Epoch 70: 100%|██████████| 47/47 [00:01<00:00, 32.59it/s, loss=0.381, v_num=]Evaluating...
NMI : 0.2563024336822049, ARI: 0.07713046429520765, ACC: 0.09783, current K: 2
Epoch 70 | NMI: 0.2563, ARI: 0.0771, ACC: 0.0978, current K: 2
Confusion Matrix:
[[ 13 287   0   0   0   0   0   0   0   0   0   0   0   0   0   0   0   0
    0   0]
 [279  21   0   0   0   0   0   0   0   0   0   0   0   0   0   0   0   0
    0   0]
 [ 18 282   0   0   0   0   0   0   0   0   0   0   0   0   0   0   0   0
    0   0]
 [268  32   0   0   0   0   0   0   0   0   0   0   0   0   0   0   0   0
    0   0]
 [ 38 262   0   0   0   0   0   0   0   0   0   0   0   0   0   0   0   0
    0   0]
 [258  42   0   0   0   0   0   0   0   0   0   0   0   0   0   0   0   0
    0   0]
 [ 21 279   0   0   0   0   0   0   0   0   0   0   0   0   0   0   0   0
    0   0]
 [267  33   0   0   0   0   0   0   0   0   0   0   0   0   0   0   0   0
    0   0]
 [ 13 287   0   0   0   0   0   0   0   0   0   0   0   0   0   0   0   0
    0   0]
 [276  24   0   0   0   0   0   0   0   0   0   0   0   0   0   0   0   0
    0   0]
 [  8 292   0   0   0   0   0   0   0   0   0   0   0   0   0   0   0   0
    0   0]
 [282  18   0   0   0   0   0   0   0   0   0   0   0   0   0   0   0   0
    0   0]
 [  5 295   0   0   0   0   0   0   0   0   0   0   0   0   0   0   0   0
    0   0]
 [292   8   0   0   0   0   0   0   0   0   0   0   0   0   0   0   0   0
    0   0]
 [  9 291   0   0   0   0   0   0   0   0   0   0   0   0   0   0   0   0
    0   0]
 [290  10   0   0   0   0   0   0   0   0   0   0   0   0   0   0   0   0
    0   0]
 [ 15 285   0   0   0   0   0   0   0   0   0   0   0   0   0   0   0   0
    0   0]
 [290  10   0   0   0   0   0   0   0   0   0   0   0   0   0   0   0   0
    0   0]
 [  9 291   0   0   0   0   0   0   0   0   0   0   0   0   0   0   0   0
    0   0]
 [280  20   0   0   0   0   0   0   0   0   0   0   0   0   0   0   0   0
    0   0]]

Epoch 70:   0%|          | 0/47 [00:00<?, ?it/s, loss=0.381, v_num=]         
Epoch 71:   0%|          | 0/47 [00:00<?, ?it/s, loss=0.381, v_num=]/usr/local/lib/python3.13/dist-packages/torch/utils/data/dataloader.py:432: UserWarning: This DataLoader will create 6 worker processes in total. Our suggested max number of worker in current system is 2, which is smaller than what this DataLoader is going to create. Please be aware that excessive worker creation might get DataLoader running slow or even freeze, lower the worker number to avoid potential slowness/freeze if necessary.
  self.check_worker_number_rationality()

Epoch 71:  43%|████▎     | 20/47 [00:01<00:02, 10.82it/s, loss=0.382, v_num=]
Epoch 71:  85%|████████▌ | 40/47 [00:02<00:00, 14.48it/s, loss=0.382, v_num=]
Epoch 71:  85%|████████▌ | 40/47 [00:02<00:00, 14.48it/s, loss=0.378, v_num=]
Epoch 71: 100%|██████████| 47/47 [00:03<00:00, 15.05it/s, loss=0.378, v_num=]
Epoch 71:   0%|          | 0/47 [00:00<?, ?it/s, loss=0.378, v_num=]         
Epoch 72:   0%|          | 0/47 [00:00<?, ?it/s, loss=0.378, v_num=]
Epoch 72:  43%|████▎     | 20/47 [00:00<00:00, 29.45it/s, loss=0.375, v_num=]
Epoch 72:  85%|████████▌ | 40/47 [00:01<00:00, 37.18it/s, loss=0.375, v_num=]
Epoch 72:  85%|████████▌ | 40/47 [00:01<00:00, 37.17it/s, loss=0.378, v_num=]
Epoch 72: 100%|██████████| 47/47 [00:01<00:00, 34.85it/s, loss=0.38, v_num=] 
Epoch 72:   0%|          | 0/47 [00:00<?, ?it/s, loss=0.38, v_num=]         
Epoch 73:   0%|          | 0/47 [00:00<?, ?it/s, loss=0.38, v_num=]
Epoch 73:  43%|████▎     | 20/47 [00:00<00:00, 29.27it/s, loss=0.381, v_num=]
Epoch 73:  85%|████████▌ | 40/47 [00:01<00:00, 36.63it/s, loss=0.381, v_num=]
Epoch 73:  85%|████████▌ | 40/47 [00:01<00:00, 36.62it/s, loss=0.38, v_num=] 
Epoch 73: 100%|██████████| 47/47 [00:01<00:00, 34.61it/s, loss=0.376, v_num=]
Epoch 73:   0%|          | 0/47 [00:00<?, ?it/s, loss=0.376, v_num=]         
Epoch 74:   0%|          | 0/47 [00:00<?, ?it/s, loss=0.376, v_num=]
Epoch 74:  43%|████▎     | 20/47 [00:00<00:00, 29.60it/s, loss=0.382, v_num=]
Epoch 74:  85%|████████▌ | 40/47 [00:01<00:00, 37.39it/s, loss=0.382, v_num=]
Epoch 74:  85%|████████▌ | 40/47 [00:01<00:00, 37.38it/s, loss=0.374, v_num=]
Epoch 74: 100%|██████████| 47/47 [00:01<00:00, 35.49it/s, loss=0.376, v_num=]
Epoch 74:   0%|          | 0/47 [00:00<?, ?it/s, loss=0.376, v_num=]         
Epoch 75:   0%|          | 0/47 [00:00<?, ?it/s, loss=0.376, v_num=]
Epoch 75:  43%|████▎     | 20/47 [00:00<00:00, 29.24it/s, loss=0.378, v_num=]
Epoch 75:  85%|████████▌ | 40/47 [00:01<00:00, 37.08it/s, loss=0.378, v_num=]
Epoch 75:  85%|████████▌ | 40/47 [00:01<00:00, 37.07it/s, loss=0.379, v_num=]
Epoch 75: 100%|██████████| 47/47 [00:01<00:00, 34.58it/s, loss=0.38, v_num=] Evaluating...
NMI : 0.25589683268127816, ARI: 0.07700030185174417, ACC: 0.09767, current K: 2

Epoch 75:   0%|          | 0/47 [00:00<?, ?it/s, loss=0.38, v_num=]         
Epoch 76:   0%|          | 0/47 [00:00<?, ?it/s, loss=0.38, v_num=]/usr/local/lib/python3.13/dist-packages/torch/utils/data/dataloader.py:432: UserWarning: This DataLoader will create 6 worker processes in total. Our suggested max number of worker in current system is 2, which is smaller than what this DataLoader is going to create. Please be aware that excessive worker creation might get DataLoader running slow or even freeze, lower the worker number to avoid potential slowness/freeze if necessary.
  self.check_worker_number_rationality()

Epoch 76:  43%|████▎     | 20/47 [00:00<00:00, 29.43it/s, loss=0.379, v_num=]
Epoch 76:  85%|████████▌ | 40/47 [00:01<00:00, 36.69it/s, loss=0.379, v_num=]
Epoch 76:  85%|████████▌ | 40/47 [00:01<00:00, 36.68it/s, loss=0.378, v_num=]
Epoch 76: 100%|██████████| 47/47 [00:01<00:00, 34.71it/s, loss=0.375, v_num=]
Epoch 76:   0%|          | 0/47 [00:00<?, ?it/s, loss=0.375, v_num=]         
Epoch 77:   0%|          | 0/47 [00:00<?, ?it/s, loss=0.375, v_num=]
Epoch 77:  43%|████▎     | 20/47 [00:00<00:00, 29.55it/s, loss=0.377, v_num=]
Epoch 77:  85%|████████▌ | 40/47 [00:01<00:00, 37.15it/s, loss=0.377, v_num=]
Epoch 77:  85%|████████▌ | 40/47 [00:01<00:00, 37.14it/s, loss=0.376, v_num=]
Epoch 77: 100%|██████████| 47/47 [00:01<00:00, 35.23it/s, loss=0.378, v_num=]
Epoch 77:   0%|          | 0/47 [00:00<?, ?it/s, loss=0.378, v_num=]         
Epoch 78:   0%|          | 0/47 [00:00<?, ?it/s, loss=0.378, v_num=]
Epoch 78:  43%|████▎     | 20/47 [00:00<00:00, 28.71it/s, loss=0.374, v_num=]
Epoch 78:  85%|████████▌ | 40/47 [00:01<00:00, 37.03it/s, loss=0.374, v_num=]
Epoch 78:  85%|████████▌ | 40/47 [00:01<00:00, 37.02it/s, loss=0.38, v_num=] 
Epoch 78: 100%|██████████| 47/47 [00:01<00:00, 34.69it/s, loss=0.376, v_num=]
Epoch 78:   0%|          | 0/47 [00:00<?, ?it/s, loss=0.376, v_num=]         
Epoch 79:   0%|          | 0/47 [00:00<?, ?it/s, loss=0.376, v_num=]
Epoch 79:  43%|████▎     | 20/47 [00:00<00:01, 21.72it/s, loss=0.381, v_num=]
Epoch 79:  85%|████████▌ | 40/47 [00:01<00:00, 28.06it/s, loss=0.381, v_num=]
Epoch 79:  85%|████████▌ | 40/47 [00:01<00:00, 28.05it/s, loss=0.378, v_num=]
Epoch 79: 100%|██████████| 47/47 [00:01<00:00, 26.14it/s, loss=0.372, v_num=]
Epoch 79:   0%|          | 0/47 [00:00<?, ?it/s, loss=0.372, v_num=]         
Epoch 80:   0%|          | 0/47 [00:00<?, ?it/s, loss=0.372, v_num=]
Epoch 80:  43%|████▎     | 20/47 [00:00<00:01, 20.12it/s, loss=0.381, v_num=]
Epoch 80:  85%|████████▌ | 40/47 [00:01<00:00, 25.36it/s, loss=0.381, v_num=]
Epoch 80:  85%|████████▌ | 40/47 [00:01<00:00, 25.35it/s, loss=0.377, v_num=]
Epoch 80: 100%|██████████| 47/47 [00:01<00:00, 25.55it/s, loss=0.378, v_num=]Evaluating...
NMI : 0.255408012086591, ARI: 0.07685577512537504, ACC: 0.0975, current K: 2
Epoch 80 | NMI: 0.2554, ARI: 0.0769, ACC: 0.0975, current K: 2
Confusion Matrix:
[[ 13 287   0   0   0   0   0   0   0   0   0   0   0   0   0   0   0   0
    0   0]
 [276  24   0   0   0   0   0   0   0   0   0   0   0   0   0   0   0   0
    0   0]
 [ 12 288   0   0   0   0   0   0   0   0   0   0   0   0   0   0   0   0
    0   0]
 [272  28   0   0   0   0   0   0   0   0   0   0   0   0   0   0   0   0
    0   0]
 [ 38 262   0   0   0   0   0   0   0   0   0   0   0   0   0   0   0   0
    0   0]
 [255  45   0   0   0   0   0   0   0   0   0   0   0   0   0   0   0   0
    0   0]
 [ 19 281   0   0   0   0   0   0   0   0   0   0   0   0   0   0   0   0
    0   0]
 [263  37   0   0   0   0   0   0   0   0   0   0   0   0   0   0   0   0
    0   0]
 [ 13 287   0   0   0   0   0   0   0   0   0   0   0   0   0   0   0   0
    0   0]
 [277  23   0   0   0   0   0   0   0   0   0   0   0   0   0   0   0   0
    0   0]
 [  7 293   0   0   0   0   0   0   0   0   0   0   0   0   0   0   0   0
    0   0]
 [283  17   0   0   0   0   0   0   0   0   0   0   0   0   0   0   0   0
    0   0]
 [  4 296   0   0   0   0   0   0   0   0   0   0   0   0   0   0   0   0
    0   0]
 [289  11   0   0   0   0   0   0   0   0   0   0   0   0   0   0   0   0
    0   0]
 [  9 291   0   0   0   0   0   0   0   0   0   0   0   0   0   0   0   0
    0   0]
 [286  14   0   0   0   0   0   0   0   0   0   0   0   0   0   0   0   0
    0   0]
 [ 15 285   0   0   0   0   0   0   0   0   0   0   0   0   0   0   0   0
    0   0]
 [287  13   0   0   0   0   0   0   0   0   0   0   0   0   0   0   0   0
    0   0]
 [  9 291   0   0   0   0   0   0   0   0   0   0   0   0   0   0   0   0
    0   0]
 [280  20   0   0   0   0   0   0   0   0   0   0   0   0   0   0   0   0
    0   0]]

Epoch 80:   0%|          | 0/47 [00:00<?, ?it/s, loss=0.378, v_num=]         
Epoch 81:   0%|          | 0/47 [00:00<?, ?it/s, loss=0.378, v_num=]/usr/local/lib/python3.13/dist-packages/torch/utils/data/dataloader.py:432: UserWarning: This DataLoader will create 6 worker processes in total. Our suggested max number of worker in current system is 2, which is smaller than what this DataLoader is going to create. Please be aware that excessive worker creation might get DataLoader running slow or even freeze, lower the worker number to avoid potential slowness/freeze if necessary.
  self.check_worker_number_rationality()

Epoch 81:  43%|████▎     | 20/47 [00:00<00:00, 28.08it/s, loss=0.372, v_num=]
Epoch 81:  85%|████████▌ | 40/47 [00:01<00:00, 36.23it/s, loss=0.372, v_num=]
Epoch 81:  85%|████████▌ | 40/47 [00:01<00:00, 36.22it/s, loss=0.376, v_num=]
Epoch 81: 100%|██████████| 47/47 [00:01<00:00, 34.34it/s, loss=0.376, v_num=]
Epoch 81:   0%|          | 0/47 [00:00<?, ?it/s, loss=0.376, v_num=]         
Epoch 82:   0%|          | 0/47 [00:00<?, ?it/s, loss=0.376, v_num=]
Epoch 82:  43%|████▎     | 20/47 [00:00<00:00, 28.68it/s, loss=0.379, v_num=]
Epoch 82:  85%|████████▌ | 40/47 [00:01<00:00, 36.16it/s, loss=0.379, v_num=]
Epoch 82:  85%|████████▌ | 40/47 [00:01<00:00, 36.14it/s, loss=0.38, v_num=] 
Epoch 82: 100%|██████████| 47/47 [00:01<00:00, 33.93it/s, loss=0.377, v_num=]
Epoch 82:   0%|          | 0/47 [00:00<?, ?it/s, loss=0.377, v_num=]         
Epoch 83:   0%|          | 0/47 [00:00<?, ?it/s, loss=0.377, v_num=]
Epoch 83:  43%|████▎     | 20/47 [00:00<00:00, 29.39it/s, loss=0.38, v_num=]
Epoch 83:  85%|████████▌ | 40/47 [00:01<00:00, 37.05it/s, loss=0.38, v_num=]
Epoch 83:  85%|████████▌ | 40/47 [00:01<00:00, 37.03it/s, loss=0.381, v_num=]
Epoch 83: 100%|██████████| 47/47 [00:01<00:00, 35.19it/s, loss=0.376, v_num=]
Epoch 83:   0%|          | 0/47 [00:00<?, ?it/s, loss=0.376, v_num=]         
Epoch 84:   0%|          | 0/47 [00:00<?, ?it/s, loss=0.376, v_num=]
Epoch 84:  43%|████▎     | 20/47 [00:00<00:00, 29.04it/s, loss=0.377, v_num=]
Epoch 84:  85%|████████▌ | 40/47 [00:01<00:00, 37.18it/s, loss=0.377, v_num=]
Epoch 84:  85%|████████▌ | 40/47 [00:01<00:00, 37.16it/s, loss=0.378, v_num=]
Epoch 84: 100%|██████████| 47/47 [00:01<00:00, 35.30it/s, loss=0.378, v_num=]
Epoch 84:   0%|          | 0/47 [00:00<?, ?it/s, loss=0.378, v_num=]         
Epoch 85:   0%|          | 0/47 [00:00<?, ?it/s, loss=0.378, v_num=]
Epoch 85:  43%|████▎     | 20/47 [00:00<00:00, 28.45it/s, loss=0.377, v_num=]
Epoch 85:  85%|████████▌ | 40/47 [00:01<00:00, 36.81it/s, loss=0.377, v_num=]
Epoch 85:  85%|████████▌ | 40/47 [00:01<00:00, 36.79it/s, loss=0.38, v_num=] 
Epoch 85: 100%|██████████| 47/47 [00:01<00:00, 34.47it/s, loss=0.382, v_num=]Evaluating...
NMI : 0.2549274412549676, ARI: 0.07669003935177617, ACC: 0.097, current K: 2

Epoch 85:   0%|          | 0/47 [00:00<?, ?it/s, loss=0.382, v_num=]         
Epoch 86:   0%|          | 0/47 [00:00<?, ?it/s, loss=0.382, v_num=]/usr/local/lib/python3.13/dist-packages/torch/utils/data/dataloader.py:432: UserWarning: This DataLoader will create 6 worker processes in total. Our suggested max number of worker in current system is 2, which is smaller than what this DataLoader is going to create. Please be aware that excessive worker creation might get DataLoader running slow or even freeze, lower the worker number to avoid potential slowness/freeze if necessary.
  self.check_worker_number_rationality()

Epoch 86:  43%|████▎     | 20/47 [00:00<00:00, 29.64it/s, loss=0.378, v_num=]
Epoch 86:  85%|████████▌ | 40/47 [00:01<00:00, 37.34it/s, loss=0.378, v_num=]
Epoch 86:  85%|████████▌ | 40/47 [00:01<00:00, 37.33it/s, loss=0.381, v_num=]
Epoch 86: 100%|██████████| 47/47 [00:01<00:00, 35.40it/s, loss=0.375, v_num=]
Epoch 86:   0%|          | 0/47 [00:00<?, ?it/s, loss=0.375, v_num=]         
Epoch 87:   0%|          | 0/47 [00:00<?, ?it/s, loss=0.375, v_num=]
Epoch 87:  43%|████▎     | 20/47 [00:00<00:01, 24.61it/s, loss=0.375, v_num=]
Epoch 87:  85%|████████▌ | 40/47 [00:01<00:00, 33.28it/s, loss=0.375, v_num=]
Epoch 87:  85%|████████▌ | 40/47 [00:01<00:00, 33.27it/s, loss=0.379, v_num=]
Epoch 87: 100%|██████████| 47/47 [00:01<00:00, 30.39it/s, loss=0.377, v_num=]
Epoch 87:   0%|          | 0/47 [00:00<?, ?it/s, loss=0.377, v_num=]         
Epoch 88:   0%|          | 0/47 [00:00<?, ?it/s, loss=0.377, v_num=]
Epoch 88:  43%|████▎     | 20/47 [00:00<00:01, 20.58it/s, loss=0.375, v_num=]
Epoch 88:  85%|████████▌ | 40/47 [00:01<00:00, 26.66it/s, loss=0.375, v_num=]
Epoch 88:  85%|████████▌ | 40/47 [00:01<00:00, 26.65it/s, loss=0.379, v_num=]
Epoch 88: 100%|██████████| 47/47 [00:01<00:00, 24.51it/s, loss=0.38, v_num=] 
Epoch 88:   0%|          | 0/47 [00:00<?, ?it/s, loss=0.38, v_num=]         
Epoch 89:   0%|          | 0/47 [00:00<?, ?it/s, loss=0.38, v_num=]
Epoch 89:  43%|████▎     | 20/47 [00:01<00:01, 19.65it/s, loss=0.377, v_num=]
Epoch 89:  85%|████████▌ | 40/47 [00:01<00:00, 28.15it/s, loss=0.377, v_num=]
Epoch 89:  85%|████████▌ | 40/47 [00:01<00:00, 28.15it/s, loss=0.382, v_num=]
Epoch 89: 100%|██████████| 47/47 [00:01<00:00, 27.74it/s, loss=0.379, v_num=]
Epoch 89:   0%|          | 0/47 [00:00<?, ?it/s, loss=0.379, v_num=]         
Epoch 90:   0%|          | 0/47 [00:00<?, ?it/s, loss=0.379, v_num=]
Epoch 90:  43%|████▎     | 20/47 [00:00<00:00, 30.28it/s, loss=0.378, v_num=]
Epoch 90:  85%|████████▌ | 40/47 [00:01<00:00, 37.95it/s, loss=0.378, v_num=]
Epoch 90:  85%|████████▌ | 40/47 [00:01<00:00, 37.93it/s, loss=0.375, v_num=]
Epoch 90: 100%|██████████| 47/47 [00:01<00:00, 35.95it/s, loss=0.378, v_num=]Evaluating...
NMI : 0.25560925763326736, ARI: 0.07666955356993309, ACC: 0.097, current K: 2
Epoch 90 | NMI: 0.2556, ARI: 0.0767, ACC: 0.0970, current K: 2
Confusion Matrix:
[[ 11 289   0   0   0   0   0   0   0   0   0   0   0   0   0   0   0   0
    0   0]
 [275  25   0   0   0   0   0   0   0   0   0   0   0   0   0   0   0   0
    0   0]
 [ 10 290   0   0   0   0   0   0   0   0   0   0   0   0   0   0   0   0
    0   0]
 [272  28   0   0   0   0   0   0   0   0   0   0   0   0   0   0   0   0
    0   0]
 [ 37 263   0   0   0   0   0   0   0   0   0   0   0   0   0   0   0   0
    0   0]
 [252  48   0   0   0   0   0   0   0   0   0   0   0   0   0   0   0   0
    0   0]
 [ 17 283   0   0   0   0   0   0   0   0   0   0   0   0   0   0   0   0
    0   0]
 [257  43   0   0   0   0   0   0   0   0   0   0   0   0   0   0   0   0
    0   0]
 [  9 291   0   0   0   0   0   0   0   0   0   0   0   0   0   0   0   0
    0   0]
 [277  23   0   0   0   0   0   0   0   0   0   0   0   0   0   0   0   0
    0   0]
 [  6 294   0   0   0   0   0   0   0   0   0   0   0   0   0   0   0   0
    0   0]
 [282  18   0   0   0   0   0   0   0   0   0   0   0   0   0   0   0   0
    0   0]
 [  4 296   0   0   0   0   0   0   0   0   0   0   0   0   0   0   0   0
    0   0]
 [286  14   0   0   0   0   0   0   0   0   0   0   0   0   0   0   0   0
    0   0]
 [  9 291   0   0   0   0   0   0   0   0   0   0   0   0   0   0   0   0
    0   0]
 [285  15   0   0   0   0   0   0   0   0   0   0   0   0   0   0   0   0
    0   0]
 [ 14 286   0   0   0   0   0   0   0   0   0   0   0   0   0   0   0   0
    0   0]
 [286  14   0   0   0   0   0   0   0   0   0   0   0   0   0   0   0   0
    0   0]
 [  8 292   0   0   0   0   0   0   0   0   0   0   0   0   0   0   0   0
    0   0]
 [279  21   0   0   0   0   0   0   0   0   0   0   0   0   0   0   0   0
    0   0]]

Epoch 90:   0%|          | 0/47 [00:00<?, ?it/s, loss=0.378, v_num=]         
Epoch 91:   0%|          | 0/47 [00:00<?, ?it/s, loss=0.378, v_num=]/usr/local/lib/python3.13/dist-packages/torch/utils/data/dataloader.py:432: UserWarning: This DataLoader will create 6 worker processes in total. Our suggested max number of worker in current system is 2, which is smaller than what this DataLoader is going to create. Please be aware that excessive worker creation might get DataLoader running slow or even freeze, lower the worker number to avoid potential slowness/freeze if necessary.
  self.check_worker_number_rationality()

Epoch 91:  43%|████▎     | 20/47 [00:00<00:00, 29.54it/s, loss=0.38, v_num=]
Epoch 91:  85%|████████▌ | 40/47 [00:01<00:00, 38.07it/s, loss=0.38, v_num=]
Epoch 91:  85%|████████▌ | 40/47 [00:01<00:00, 38.05it/s, loss=0.375, v_num=]
Epoch 91: 100%|██████████| 47/47 [00:01<00:00, 35.91it/s, loss=0.373, v_num=]
Epoch 91:   0%|          | 0/47 [00:00<?, ?it/s, loss=0.373, v_num=]         
Epoch 92:   0%|          | 0/47 [00:00<?, ?it/s, loss=0.373, v_num=]
Epoch 92:  43%|████▎     | 20/47 [00:00<00:00, 28.48it/s, loss=0.375, v_num=]
Epoch 92:  85%|████████▌ | 40/47 [00:01<00:00, 36.59it/s, loss=0.375, v_num=]
Epoch 92:  85%|████████▌ | 40/47 [00:01<00:00, 36.57it/s, loss=0.381, v_num=]
Epoch 92: 100%|██████████| 47/47 [00:01<00:00, 34.67it/s, loss=0.379, v_num=]
Epoch 92:   0%|          | 0/47 [00:00<?, ?it/s, loss=0.379, v_num=]         
Epoch 93:   0%|          | 0/47 [00:00<?, ?it/s, loss=0.379, v_num=]
Epoch 93:  43%|████▎     | 20/47 [00:00<00:00, 29.80it/s, loss=0.378, v_num=]
Epoch 93:  85%|████████▌ | 40/47 [00:01<00:00, 37.13it/s, loss=0.378, v_num=]
Epoch 93:  85%|████████▌ | 40/47 [00:01<00:00, 37.12it/s, loss=0.377, v_num=]
Epoch 93: 100%|██████████| 47/47 [00:01<00:00, 35.03it/s, loss=0.374, v_num=]
Epoch 93:   0%|          | 0/47 [00:00<?, ?it/s, loss=0.374, v_num=]         
Epoch 94:   0%|          | 0/47 [00:00<?, ?it/s, loss=0.374, v_num=]
Epoch 94:  43%|████▎     | 20/47 [00:00<00:00, 28.77it/s, loss=0.379, v_num=]
Epoch 94:  85%|████████▌ | 40/47 [00:01<00:00, 36.80it/s, loss=0.379, v_num=]
Epoch 94:  85%|████████▌ | 40/47 [00:01<00:00, 36.79it/s, loss=0.374, v_num=]
Epoch 94: 100%|██████████| 47/47 [00:01<00:00, 34.77it/s, loss=0.379, v_num=]
Epoch 94:   0%|          | 0/47 [00:00<?, ?it/s, loss=0.379, v_num=]         
Epoch 95:   0%|          | 0/47 [00:00<?, ?it/s, loss=0.379, v_num=]
Epoch 95:  43%|████▎     | 20/47 [00:00<00:00, 29.13it/s, loss=0.374, v_num=]
Epoch 95:  85%|████████▌ | 40/47 [00:01<00:00, 37.04it/s, loss=0.374, v_num=]
Epoch 95:  85%|████████▌ | 40/47 [00:01<00:00, 37.03it/s, loss=0.377, v_num=]
Epoch 95: 100%|██████████| 47/47 [00:01<00:00, 34.64it/s, loss=0.378, v_num=]Evaluating...
NMI : 0.25657602622808207, ARI: 0.07688435212431688, ACC: 0.097, current K: 2

Epoch 95:   0%|          | 0/47 [00:00<?, ?it/s, loss=0.378, v_num=]         
Epoch 96:   0%|          | 0/47 [00:00<?, ?it/s, loss=0.378, v_num=]/usr/local/lib/python3.13/dist-packages/torch/utils/data/dataloader.py:432: UserWarning: This DataLoader will create 6 worker processes in total. Our suggested max number of worker in current system is 2, which is smaller than what this DataLoader is going to create. Please be aware that excessive worker creation might get DataLoader running slow or even freeze, lower the worker number to avoid potential slowness/freeze if necessary.
  self.check_worker_number_rationality()

Epoch 96:  43%|████▎     | 20/47 [00:00<00:00, 29.05it/s, loss=0.38, v_num=]
Epoch 96:  85%|████████▌ | 40/47 [00:01<00:00, 33.14it/s, loss=0.38, v_num=]
Epoch 96:  85%|████████▌ | 40/47 [00:01<00:00, 33.12it/s, loss=0.378, v_num=]
Epoch 96: 100%|██████████| 47/47 [00:01<00:00, 28.99it/s, loss=0.379, v_num=]
Epoch 96:   0%|          | 0/47 [00:00<?, ?it/s, loss=0.379, v_num=]         
Epoch 97:   0%|          | 0/47 [00:00<?, ?it/s, loss=0.379, v_num=]
Epoch 97:  43%|████▎     | 20/47 [00:00<00:01, 20.54it/s, loss=0.372, v_num=]
Epoch 97:  85%|████████▌ | 40/47 [00:01<00:00, 26.06it/s, loss=0.372, v_num=]
Epoch 97:  85%|████████▌ | 40/47 [00:01<00:00, 26.05it/s, loss=0.38, v_num=] 
Epoch 97: 100%|██████████| 47/47 [00:01<00:00, 24.96it/s, loss=0.379, v_num=]
Epoch 97:   0%|          | 0/47 [00:00<?, ?it/s, loss=0.379, v_num=]         
Epoch 98:   0%|          | 0/47 [00:00<?, ?it/s, loss=0.379, v_num=]
Epoch 98:  43%|████▎     | 20/47 [00:00<00:01, 22.60it/s, loss=0.377, v_num=]
Epoch 98:  85%|████████▌ | 40/47 [00:01<00:00, 30.80it/s, loss=0.377, v_num=]
Epoch 98:  85%|████████▌ | 40/47 [00:01<00:00, 30.79it/s, loss=0.374, v_num=]
Epoch 98: 100%|██████████| 47/47 [00:01<00:00, 30.19it/s, loss=0.376, v_num=]
Epoch 98:   0%|          | 0/47 [00:00<?, ?it/s, loss=0.376, v_num=]         
Epoch 99:   0%|          | 0/47 [00:00<?, ?it/s, loss=0.376, v_num=]
Epoch 99:  43%|████▎     | 20/47 [00:00<00:00, 28.53it/s, loss=0.375, v_num=]
Epoch 99:  85%|████████▌ | 40/47 [00:01<00:00, 36.22it/s, loss=0.375, v_num=]
Epoch 99:  85%|████████▌ | 40/47 [00:01<00:00, 36.21it/s, loss=0.376, v_num=]
Epoch 99: 100%|██████████| 47/47 [00:01<00:00, 33.99it/s, loss=0.38, v_num=] 
Epoch 99:   0%|          | 0/47 [00:00<?, ?it/s, loss=0.38, v_num=]         
Epoch 100:   0%|          | 0/47 [00:00<?, ?it/s, loss=0.38, v_num=]
Epoch 100:  43%|████▎     | 20/47 [00:00<00:00, 29.36it/s, loss=0.381, v_num=]
Epoch 100:  85%|████████▌ | 40/47 [00:01<00:00, 36.10it/s, loss=0.381, v_num=]
Epoch 100:  85%|████████▌ | 40/47 [00:01<00:00, 36.09it/s, loss=0.376, v_num=]
Epoch 100: 100%|██████████| 47/47 [00:01<00:00, 34.32it/s, loss=0.376, v_num=]Evaluating...
NMI : 0.2569465659144501, ARI: 0.0769771489565377, ACC: 0.09717, current K: 2
Epoch 100 | NMI: 0.2569, ARI: 0.0770, ACC: 0.0972, current K: 2
Confusion Matrix:
[[ 11 289   0   0   0   0   0   0   0   0   0   0   0   0   0   0   0   0
    0   0]
 [275  25   0   0   0   0   0   0   0   0   0   0   0   0   0   0   0   0
    0   0]
 [  9 291   0   0   0   0   0   0   0   0   0   0   0   0   0   0   0   0
    0   0]
 [277  23   0   0   0   0   0   0   0   0   0   0   0   0   0   0   0   0
    0   0]
 [ 36 264   0   0   0   0   0   0   0   0   0   0   0   0   0   0   0   0
    0   0]
 [252  48   0   0   0   0   0   0   0   0   0   0   0   0   0   0   0   0
    0   0]
 [ 17 283   0   0   0   0   0   0   0   0   0   0   0   0   0   0   0   0
    0   0]
 [255  45   0   0   0   0   0   0   0   0   0   0   0   0   0   0   0   0
    0   0]
 [  9 291   0   0   0   0   0   0   0   0   0   0   0   0   0   0   0   0
    0   0]
 [276  24   0   0   0   0   0   0   0   0   0   0   0   0   0   0   0   0
    0   0]
 [  5 295   0   0   0   0   0   0   0   0   0   0   0   0   0   0   0   0
    0   0]
 [282  18   0   0   0   0   0   0   0   0   0   0   0   0   0   0   0   0
    0   0]
 [  5 295   0   0   0   0   0   0   0   0   0   0   0   0   0   0   0   0
    0   0]
 [288  12   0   0   0   0   0   0   0   0   0   0   0   0   0   0   0   0
    0   0]
 [  9 291   0   0   0   0   0   0   0   0   0   0   0   0   0   0   0   0
    0   0]
 [286  14   0   0   0   0   0   0   0   0   0   0   0   0   0   0   0   0
    0   0]
 [ 14 286   0   0   0   0   0   0   0   0   0   0   0   0   0   0   0   0
    0   0]
 [285  15   0   0   0   0   0   0   0   0   0   0   0   0   0   0   0   0
    0   0]
 [  8 292   0   0   0   0   0   0   0   0   0   0   0   0   0   0   0   0
    0   0]
 [278  22   0   0   0   0   0   0   0   0   0   0   0   0   0   0   0   0
    0   0]]

Epoch 100:   0%|          | 0/47 [00:00<?, ?it/s, loss=0.376, v_num=]         
Epoch 101:   0%|          | 0/47 [00:00<?, ?it/s, loss=0.376, v_num=]/usr/local/lib/python3.13/dist-packages/torch/utils/data/dataloader.py:432: UserWarning: This DataLoader will create 6 worker processes in total. Our suggested max number of worker in current system is 2, which is smaller than what this DataLoader is going to create. Please be aware that excessive worker creation might get DataLoader running slow or even freeze, lower the worker number to avoid potential slowness/freeze if necessary.
  self.check_worker_number_rationality()

Epoch 101:  43%|████▎     | 20/47 [00:00<00:00, 28.48it/s, loss=0.377, v_num=]
Epoch 101:  85%|████████▌ | 40/47 [00:01<00:00, 36.25it/s, loss=0.377, v_num=]
Epoch 101:  85%|████████▌ | 40/47 [00:01<00:00, 36.24it/s, loss=0.376, v_num=]
Epoch 101: 100%|██████████| 47/47 [00:01<00:00, 34.28it/s, loss=0.373, v_num=]
Epoch 101:   0%|          | 0/47 [00:00<?, ?it/s, loss=0.373, v_num=]         
Epoch 102:   0%|          | 0/47 [00:00<?, ?it/s, loss=0.373, v_num=]
Epoch 102:  43%|████▎     | 20/47 [00:00<00:00, 28.93it/s, loss=0.38, v_num=]
Epoch 102:  85%|████████▌ | 40/47 [00:01<00:00, 36.73it/s, loss=0.38, v_num=]
Epoch 102:  85%|████████▌ | 40/47 [00:01<00:00, 36.72it/s, loss=0.377, v_num=]
Epoch 102: 100%|██████████| 47/47 [00:01<00:00, 34.27it/s, loss=0.379, v_num=]
Epoch 102:   0%|          | 0/47 [00:00<?, ?it/s, loss=0.379, v_num=]         
Epoch 103:   0%|          | 0/47 [00:00<?, ?it/s, loss=0.379, v_num=]
Epoch 103:  43%|████▎     | 20/47 [00:00<00:00, 28.53it/s, loss=0.376, v_num=]
Epoch 103:  85%|████████▌ | 40/47 [00:01<00:00, 35.94it/s, loss=0.376, v_num=]
Epoch 103:  85%|████████▌ | 40/47 [00:01<00:00, 35.93it/s, loss=0.379, v_num=]
Epoch 103: 100%|██████████| 47/47 [00:01<00:00, 34.06it/s, loss=0.378, v_num=]
Epoch 103:   0%|          | 0/47 [00:00<?, ?it/s, loss=0.378, v_num=]         
Epoch 104:   0%|          | 0/47 [00:00<?, ?it/s, loss=0.378, v_num=]
Epoch 104:  43%|████▎     | 20/47 [00:01<00:01, 14.70it/s, loss=0.376, v_num=]
Epoch 104:  85%|████████▌ | 40/47 [00:01<00:00, 21.58it/s, loss=0.376, v_num=]
Epoch 104:  85%|████████▌ | 40/47 [00:01<00:00, 21.56it/s, loss=0.375, v_num=]
Epoch 104: 100%|██████████| 47/47 [00:03<00:00, 15.60it/s, loss=0.378, v_num=]
Epoch 104:   0%|          | 0/47 [00:00<?, ?it/s, loss=0.378, v_num=]         
Epoch 105:   0%|          | 0/47 [00:00<?, ?it/s, loss=0.378, v_num=]
Epoch 105:  43%|████▎     | 20/47 [00:00<00:01, 20.63it/s, loss=0.378, v_num=]
Epoch 105:  85%|████████▌ | 40/47 [00:01<00:00, 26.16it/s, loss=0.378, v_num=]
Epoch 105:  85%|████████▌ | 40/47 [00:01<00:00, 26.15it/s, loss=0.375, v_num=]
Epoch 105: 100%|██████████| 47/47 [00:01<00:00, 24.34it/s, loss=0.378, v_num=]Evaluating...
NMI : 0.25725962908397493, ARI: 0.07703532902609618, ACC: 0.09717, current K: 2

Epoch 105:   0%|          | 0/47 [00:00<?, ?it/s, loss=0.378, v_num=]         
Epoch 106:   0%|          | 0/47 [00:00<?, ?it/s, loss=0.378, v_num=]/usr/local/lib/python3.13/dist-packages/torch/utils/data/dataloader.py:432: UserWarning: This DataLoader will create 6 worker processes in total. Our suggested max number of worker in current system is 2, which is smaller than what this DataLoader is going to create. Please be aware that excessive worker creation might get DataLoader running slow or even freeze, lower the worker number to avoid potential slowness/freeze if necessary.
  self.check_worker_number_rationality()

Epoch 106:  43%|████▎     | 20/47 [00:00<00:01, 21.64it/s, loss=0.375, v_num=]
Epoch 106:  85%|████████▌ | 40/47 [00:01<00:00, 30.41it/s, loss=0.375, v_num=]
Epoch 106:  85%|████████▌ | 40/47 [00:01<00:00, 30.40it/s, loss=0.378, v_num=]
Epoch 106: 100%|██████████| 47/47 [00:01<00:00, 29.97it/s, loss=0.377, v_num=]
Epoch 106:   0%|          | 0/47 [00:00<?, ?it/s, loss=0.377, v_num=]         
Epoch 107:   0%|          | 0/47 [00:00<?, ?it/s, loss=0.377, v_num=]
Epoch 107:  43%|████▎     | 20/47 [00:00<00:00, 28.64it/s, loss=0.379, v_num=]
Epoch 107:  85%|████████▌ | 40/47 [00:01<00:00, 36.95it/s, loss=0.379, v_num=]
Epoch 107:  85%|████████▌ | 40/47 [00:01<00:00, 36.93it/s, loss=0.375, v_num=]
Epoch 107: 100%|██████████| 47/47 [00:01<00:00, 34.63it/s, loss=0.376, v_num=]
Epoch 107:   0%|          | 0/47 [00:00<?, ?it/s, loss=0.376, v_num=]         
Epoch 108:   0%|          | 0/47 [00:00<?, ?it/s, loss=0.376, v_num=]
Epoch 108:  43%|████▎     | 20/47 [00:00<00:00, 29.42it/s, loss=0.372, v_num=]
Epoch 108:  85%|████████▌ | 40/47 [00:01<00:00, 36.39it/s, loss=0.372, v_num=]
Epoch 108:  85%|████████▌ | 40/47 [00:01<00:00, 36.38it/s, loss=0.378, v_num=]
Epoch 108: 100%|██████████| 47/47 [00:01<00:00, 34.66it/s, loss=0.375, v_num=]
Epoch 108:   0%|          | 0/47 [00:00<?, ?it/s, loss=0.375, v_num=]         
Epoch 109:   0%|          | 0/47 [00:00<?, ?it/s, loss=0.375, v_num=]
Epoch 109:  43%|████▎     | 20/47 [00:00<00:00, 29.57it/s, loss=0.377, v_num=]
Epoch 109:  85%|████████▌ | 40/47 [00:01<00:00, 37.26it/s, loss=0.377, v_num=]
Epoch 109:  85%|████████▌ | 40/47 [00:01<00:00, 37.25it/s, loss=0.376, v_num=]
Epoch 109: 100%|██████████| 47/47 [00:01<00:00, 35.36it/s, loss=0.376, v_num=]
Epoch 109:   0%|          | 0/47 [00:00<?, ?it/s, loss=0.376, v_num=]         
Epoch 110:   0%|          | 0/47 [00:00<?, ?it/s, loss=0.376, v_num=]
Epoch 110:  43%|████▎     | 20/47 [00:00<00:00, 28.72it/s, loss=0.376, v_num=]
Epoch 110:  85%|████████▌ | 40/47 [00:01<00:00, 36.85it/s, loss=0.376, v_num=]
Epoch 110:  85%|████████▌ | 40/47 [00:01<00:00, 36.83it/s, loss=0.376, v_num=]
Epoch 110: 100%|██████████| 47/47 [00:01<00:00, 34.39it/s, loss=0.375, v_num=]Evaluating...
NMI : 0.2595356470334976, ARI: 0.07754357438119604, ACC: 0.09717, current K: 2
Epoch 110 | NMI: 0.2595, ARI: 0.0775, ACC: 0.0972, current K: 2
Confusion Matrix:
[[ 12 288   0   0   0   0   0   0   0   0   0   0   0   0   0   0   0   0
    0   0]
 [275  25   0   0   0   0   0   0   0   0   0   0   0   0   0   0   0   0
    0   0]
 [  7 293   0   0   0   0   0   0   0   0   0   0   0   0   0   0   0   0
    0   0]
 [279  21   0   0   0   0   0   0   0   0   0   0   0   0   0   0   0   0
    0   0]
 [ 34 266   0   0   0   0   0   0   0   0   0   0   0   0   0   0   0   0
    0   0]
 [253  47   0   0   0   0   0   0   0   0   0   0   0   0   0   0   0   0
    0   0]
 [ 17 283   0   0   0   0   0   0   0   0   0   0   0   0   0   0   0   0
    0   0]
 [255  45   0   0   0   0   0   0   0   0   0   0   0   0   0   0   0   0
    0   0]
 [  6 294   0   0   0   0   0   0   0   0   0   0   0   0   0   0   0   0
    0   0]
 [277  23   0   0   0   0   0   0   0   0   0   0   0   0   0   0   0   0
    0   0]
 [  5 295   0   0   0   0   0   0   0   0   0   0   0   0   0   0   0   0
    0   0]
 [282  18   0   0   0   0   0   0   0   0   0   0   0   0   0   0   0   0
    0   0]
 [  5 295   0   0   0   0   0   0   0   0   0   0   0   0   0   0   0   0
    0   0]
 [288  12   0   0   0   0   0   0   0   0   0   0   0   0   0   0   0   0
    0   0]
 [  9 291   0   0   0   0   0   0   0   0   0   0   0   0   0   0   0   0
    0   0]
 [287  13   0   0   0   0   0   0   0   0   0   0   0   0   0   0   0   0
    0   0]
 [ 14 286   0   0   0   0   0   0   0   0   0   0   0   0   0   0   0   0
    0   0]
 [285  15   0   0   0   0   0   0   0   0   0   0   0   0   0   0   0   0
    0   0]
 [  8 292   0   0   0   0   0   0   0   0   0   0   0   0   0   0   0   0
    0   0]
 [277  23   0   0   0   0   0   0   0   0   0   0   0   0   0   0   0   0
    0   0]]

Epoch 110:   0%|          | 0/47 [00:00<?, ?it/s, loss=0.375, v_num=]         
Epoch 111:   0%|          | 0/47 [00:00<?, ?it/s, loss=0.375, v_num=]/usr/local/lib/python3.13/dist-packages/torch/utils/data/dataloader.py:432: UserWarning: This DataLoader will create 6 worker processes in total. Our suggested max number of worker in current system is 2, which is smaller than what this DataLoader is going to create. Please be aware that excessive worker creation might get DataLoader running slow or even freeze, lower the worker number to avoid potential slowness/freeze if necessary.
  self.check_worker_number_rationality()

Epoch 111:  43%|████▎     | 20/47 [00:00<00:00, 29.64it/s, loss=0.373, v_num=]
Epoch 111:  85%|████████▌ | 40/47 [00:01<00:00, 35.87it/s, loss=0.373, v_num=]
Epoch 111:  85%|████████▌ | 40/47 [00:01<00:00, 35.86it/s, loss=0.375, v_num=]
Epoch 111: 100%|██████████| 47/47 [00:01<00:00, 34.05it/s, loss=0.377, v_num=]
Epoch 111:   0%|          | 0/47 [00:00<?, ?it/s, loss=0.377, v_num=]         
Epoch 112:   0%|          | 0/47 [00:00<?, ?it/s, loss=0.377, v_num=]
Epoch 112:  43%|████▎     | 20/47 [00:00<00:00, 28.84it/s, loss=0.374, v_num=]
Epoch 112:  85%|████████▌ | 40/47 [00:01<00:00, 36.94it/s, loss=0.374, v_num=]
Epoch 112:  85%|████████▌ | 40/47 [00:01<00:00, 36.93it/s, loss=0.374, v_num=]
Epoch 112: 100%|██████████| 47/47 [00:01<00:00, 35.10it/s, loss=0.378, v_num=]
Epoch 112:   0%|          | 0/47 [00:00<?, ?it/s, loss=0.378, v_num=]         
Epoch 113:   0%|          | 0/47 [00:00<?, ?it/s, loss=0.378, v_num=]
Epoch 113:  43%|████▎     | 20/47 [00:00<00:00, 28.85it/s, loss=0.379, v_num=]
Epoch 113:  85%|████████▌ | 40/47 [00:01<00:00, 33.14it/s, loss=0.379, v_num=]
Epoch 113:  85%|████████▌ | 40/47 [00:01<00:00, 33.13it/s, loss=0.374, v_num=]
Epoch 113: 100%|██████████| 47/47 [00:01<00:00, 29.02it/s, loss=0.374, v_num=]
Epoch 113:   0%|          | 0/47 [00:00<?, ?it/s, loss=0.374, v_num=]         
Epoch 114:   0%|          | 0/47 [00:00<?, ?it/s, loss=0.374, v_num=]
Epoch 114:  43%|████▎     | 20/47 [00:00<00:01, 21.19it/s, loss=0.374, v_num=]
Epoch 114:  85%|████████▌ | 40/47 [00:01<00:00, 27.00it/s, loss=0.374, v_num=]
Epoch 114:  85%|████████▌ | 40/47 [00:01<00:00, 26.99it/s, loss=0.376, v_num=]
Epoch 114: 100%|██████████| 47/47 [00:01<00:00, 25.00it/s, loss=0.379, v_num=]
Epoch 114:   0%|          | 0/47 [00:00<?, ?it/s, loss=0.379, v_num=]         
Epoch 115:   0%|          | 0/47 [00:00<?, ?it/s, loss=0.379, v_num=]
Epoch 115:  43%|████▎     | 20/47 [00:00<00:01, 24.22it/s, loss=0.372, v_num=]
Epoch 115:  85%|████████▌ | 40/47 [00:01<00:00, 32.54it/s, loss=0.372, v_num=]
Epoch 115:  85%|████████▌ | 40/47 [00:01<00:00, 32.53it/s, loss=0.378, v_num=]
Epoch 115: 100%|██████████| 47/47 [00:01<00:00, 31.32it/s, loss=0.377, v_num=]Evaluating...
NMI : 0.25971257879717025, ARI: 0.07760396781170895, ACC: 0.09717, current K: 2

Epoch 115:   0%|          | 0/47 [00:00<?, ?it/s, loss=0.377, v_num=]         
Epoch 116:   0%|          | 0/47 [00:00<?, ?it/s, loss=0.377, v_num=]/usr/local/lib/python3.13/dist-packages/torch/utils/data/dataloader.py:432: UserWarning: This DataLoader will create 6 worker processes in total. Our suggested max number of worker in current system is 2, which is smaller than what this DataLoader is going to create. Please be aware that excessive worker creation might get DataLoader running slow or even freeze, lower the worker number to avoid potential slowness/freeze if necessary.
  self.check_worker_number_rationality()

Epoch 116:  43%|████▎     | 20/47 [00:00<00:00, 28.99it/s, loss=0.375, v_num=]
Epoch 116:  85%|████████▌ | 40/47 [00:01<00:00, 37.17it/s, loss=0.375, v_num=]
Epoch 116:  85%|████████▌ | 40/47 [00:01<00:00, 37.15it/s, loss=0.375, v_num=]
Epoch 116: 100%|██████████| 47/47 [00:01<00:00, 35.27it/s, loss=0.376, v_num=]
Epoch 116:   0%|          | 0/47 [00:00<?, ?it/s, loss=0.376, v_num=]         
Epoch 117:   0%|          | 0/47 [00:00<?, ?it/s, loss=0.376, v_num=]
Epoch 117:  43%|████▎     | 20/47 [00:00<00:00, 29.31it/s, loss=0.374, v_num=]
Epoch 117:  85%|████████▌ | 40/47 [00:01<00:00, 37.27it/s, loss=0.374, v_num=]
Epoch 117:  85%|████████▌ | 40/47 [00:01<00:00, 37.26it/s, loss=0.376, v_num=]
Epoch 117: 100%|██████████| 47/47 [00:01<00:00, 34.80it/s, loss=0.375, v_num=]
Epoch 117:   0%|          | 0/47 [00:00<?, ?it/s, loss=0.375, v_num=]         
Epoch 118:   0%|          | 0/47 [00:00<?, ?it/s, loss=0.375, v_num=]
Epoch 118:  43%|████▎     | 20/47 [00:00<00:00, 29.03it/s, loss=0.373, v_num=]
Epoch 118:  85%|████████▌ | 40/47 [00:01<00:00, 36.43it/s, loss=0.373, v_num=]
Epoch 118:  85%|████████▌ | 40/47 [00:01<00:00, 36.42it/s, loss=0.377, v_num=]
Epoch 118: 100%|██████████| 47/47 [00:01<00:00, 34.60it/s, loss=0.375, v_num=]
Epoch 118:   0%|          | 0/47 [00:00<?, ?it/s, loss=0.375, v_num=]         
Epoch 119:   0%|          | 0/47 [00:00<?, ?it/s, loss=0.375, v_num=]
Epoch 119:  43%|████▎     | 20/47 [00:00<00:00, 28.70it/s, loss=0.372, v_num=]
Epoch 119:  85%|████████▌ | 40/47 [00:01<00:00, 36.84it/s, loss=0.372, v_num=]
Epoch 119:  85%|████████▌ | 40/47 [00:01<00:00, 36.82it/s, loss=0.377, v_num=]
Epoch 119: 100%|██████████| 47/47 [00:01<00:00, 35.21it/s, loss=0.383, v_num=]
Epoch 119:   0%|          | 0/47 [00:00<?, ?it/s, loss=0.383, v_num=]         
Epoch 120:   0%|          | 0/47 [00:00<?, ?it/s, loss=0.383, v_num=]
Epoch 120:  43%|████▎     | 20/47 [00:00<00:00, 29.28it/s, loss=0.378, v_num=]
Epoch 120:  85%|████████▌ | 40/47 [00:01<00:00, 37.77it/s, loss=0.378, v_num=]
Epoch 120:  85%|████████▌ | 40/47 [00:01<00:00, 37.76it/s, loss=0.375, v_num=]
Epoch 120: 100%|██████████| 47/47 [00:01<00:00, 35.36it/s, loss=0.377, v_num=]Evaluating...
NMI : 0.2606782092834564, ARI: 0.0777399094128809, ACC: 0.09717, current K: 2
Epoch 120 | NMI: 0.2607, ARI: 0.0777, ACC: 0.0972, current K: 2
Confusion Matrix:
[[ 12 288   0   0   0   0   0   0   0   0   0   0   0   0   0   0   0   0
    0   0]
 [277  23   0   0   0   0   0   0   0   0   0   0   0   0   0   0   0   0
    0   0]
 [  5 295   0   0   0   0   0   0   0   0   0   0   0   0   0   0   0   0
    0   0]
 [284  16   0   0   0   0   0   0   0   0   0   0   0   0   0   0   0   0
    0   0]
 [ 33 267   0   0   0   0   0   0   0   0   0   0   0   0   0   0   0   0
    0   0]
 [252  48   0   0   0   0   0   0   0   0   0   0   0   0   0   0   0   0
    0   0]
 [ 17 283   0   0   0   0   0   0   0   0   0   0   0   0   0   0   0   0
    0   0]
 [254  46   0   0   0   0   0   0   0   0   0   0   0   0   0   0   0   0
    0   0]
 [  6 294   0   0   0   0   0   0   0   0   0   0   0   0   0   0   0   0
    0   0]
 [275  25   0   0   0   0   0   0   0   0   0   0   0   0   0   0   0   0
    0   0]
 [  5 295   0   0   0   0   0   0   0   0   0   0   0   0   0   0   0   0
    0   0]
 [282  18   0   0   0   0   0   0   0   0   0   0   0   0   0   0   0   0
    0   0]
 [  5 295   0   0   0   0   0   0   0   0   0   0   0   0   0   0   0   0
    0   0]
 [288  12   0   0   0   0   0   0   0   0   0   0   0   0   0   0   0   0
    0   0]
 [  8 292   0   0   0   0   0   0   0   0   0   0   0   0   0   0   0   0
    0   0]
 [287  13   0   0   0   0   0   0   0   0   0   0   0   0   0   0   0   0
    0   0]
 [ 15 285   0   0   0   0   0   0   0   0   0   0   0   0   0   0   0   0
    0   0]
 [284  16   0   0   0   0   0   0   0   0   0   0   0   0   0   0   0   0
    0   0]
 [  8 292   0   0   0   0   0   0   0   0   0   0   0   0   0   0   0   0
    0   0]
 [275  25   0   0   0   0   0   0   0   0   0   0   0   0   0   0   0   0
    0   0]]

Epoch 120:   0%|          | 0/47 [00:00<?, ?it/s, loss=0.377, v_num=]         
Epoch 121:   0%|          | 0/47 [00:00<?, ?it/s, loss=0.377, v_num=]/usr/local/lib/python3.13/dist-packages/torch/utils/data/dataloader.py:432: UserWarning: This DataLoader will create 6 worker processes in total. Our suggested max number of worker in current system is 2, which is smaller than what this DataLoader is going to create. Please be aware that excessive worker creation might get DataLoader running slow or even freeze, lower the worker number to avoid potential slowness/freeze if necessary.
  self.check_worker_number_rationality()

Epoch 121:  43%|████▎     | 20/47 [00:00<00:00, 29.97it/s, loss=0.371, v_num=]
Epoch 121:  85%|████████▌ | 40/47 [00:01<00:00, 37.53it/s, loss=0.371, v_num=]
Epoch 121:  85%|████████▌ | 40/47 [00:01<00:00, 37.51it/s, loss=0.38, v_num=] 
Epoch 121: 100%|██████████| 47/47 [00:01<00:00, 35.05it/s, loss=0.379, v_num=]
Epoch 121:   0%|          | 0/47 [00:00<?, ?it/s, loss=0.379, v_num=]         
Epoch 122:   0%|          | 0/47 [00:00<?, ?it/s, loss=0.379, v_num=]
Epoch 122:  43%|████▎     | 20/47 [00:00<00:01, 26.25it/s, loss=0.375, v_num=]
Epoch 122:  85%|████████▌ | 40/47 [00:01<00:00, 31.16it/s, loss=0.375, v_num=]
Epoch 122:  85%|████████▌ | 40/47 [00:01<00:00, 31.15it/s, loss=0.371, v_num=]
Epoch 122: 100%|██████████| 47/47 [00:01<00:00, 27.77it/s, loss=0.369, v_num=]
Epoch 122:   0%|          | 0/47 [00:00<?, ?it/s, loss=0.369, v_num=]         
Epoch 123:   0%|          | 0/47 [00:00<?, ?it/s, loss=0.369, v_num=]
Epoch 123:  43%|████▎     | 20/47 [00:00<00:01, 20.27it/s, loss=0.375, v_num=]
Epoch 123:  85%|████████▌ | 40/47 [00:01<00:00, 26.44it/s, loss=0.375, v_num=]
Epoch 123:  85%|████████▌ | 40/47 [00:01<00:00, 26.43it/s, loss=0.374, v_num=]
Epoch 123: 100%|██████████| 47/47 [00:01<00:00, 25.07it/s, loss=0.376, v_num=]
Epoch 123:   0%|          | 0/47 [00:00<?, ?it/s, loss=0.376, v_num=]         
Epoch 124:   0%|          | 0/47 [00:00<?, ?it/s, loss=0.376, v_num=]
Epoch 124:  43%|████▎     | 20/47 [00:00<00:01, 26.18it/s, loss=0.376, v_num=]
Epoch 124:  85%|████████▌ | 40/47 [00:01<00:00, 34.38it/s, loss=0.376, v_num=]
Epoch 124:  85%|████████▌ | 40/47 [00:01<00:00, 34.36it/s, loss=0.374, v_num=]
Epoch 124: 100%|██████████| 47/47 [00:01<00:00, 32.67it/s, loss=0.372, v_num=]
Epoch 124:   0%|          | 0/47 [00:00<?, ?it/s, loss=0.372, v_num=]         
Epoch 125:   0%|          | 0/47 [00:00<?, ?it/s, loss=0.372, v_num=]
Epoch 125:  43%|████▎     | 20/47 [00:00<00:00, 28.42it/s, loss=0.375, v_num=]
Epoch 125:  85%|████████▌ | 40/47 [00:01<00:00, 36.07it/s, loss=0.375, v_num=]
Epoch 125:  85%|████████▌ | 40/47 [00:01<00:00, 36.06it/s, loss=0.379, v_num=]
Epoch 125: 100%|██████████| 47/47 [00:01<00:00, 34.14it/s, loss=0.374, v_num=]Evaluating...
NMI : 0.26129951376371524, ARI: 0.077912891867361, ACC: 0.09717, current K: 2

Epoch 125:   0%|          | 0/47 [00:00<?, ?it/s, loss=0.374, v_num=]         
Epoch 126:   0%|          | 0/47 [00:00<?, ?it/s, loss=0.374, v_num=]/usr/local/lib/python3.13/dist-packages/torch/utils/data/dataloader.py:432: UserWarning: This DataLoader will create 6 worker processes in total. Our suggested max number of worker in current system is 2, which is smaller than what this DataLoader is going to create. Please be aware that excessive worker creation might get DataLoader running slow or even freeze, lower the worker number to avoid potential slowness/freeze if necessary.
  self.check_worker_number_rationality()

Epoch 126:  43%|████▎     | 20/47 [00:00<00:01, 23.52it/s, loss=0.38, v_num=]
Epoch 126:  85%|████████▌ | 40/47 [00:01<00:00, 31.95it/s, loss=0.38, v_num=]
Epoch 126:  85%|████████▌ | 40/47 [00:01<00:00, 31.94it/s, loss=0.377, v_num=]
Epoch 126: 100%|██████████| 47/47 [00:01<00:00, 30.73it/s, loss=0.374, v_num=]
Epoch 126:   0%|          | 0/47 [00:00<?, ?it/s, loss=0.374, v_num=]         
Epoch 127:   0%|          | 0/47 [00:00<?, ?it/s, loss=0.374, v_num=]
Epoch 127:  43%|████▎     | 20/47 [00:00<00:00, 28.89it/s, loss=0.373, v_num=]
Epoch 127:  85%|████████▌ | 40/47 [00:01<00:00, 35.99it/s, loss=0.373, v_num=]
Epoch 127:  85%|████████▌ | 40/47 [00:01<00:00, 35.97it/s, loss=0.373, v_num=]
Epoch 127: 100%|██████████| 47/47 [00:01<00:00, 34.35it/s, loss=0.374, v_num=]
Epoch 127:   0%|          | 0/47 [00:00<?, ?it/s, loss=0.374, v_num=]         
Epoch 128:   0%|          | 0/47 [00:00<?, ?it/s, loss=0.374, v_num=]
Epoch 128:  43%|████▎     | 20/47 [00:00<00:00, 28.47it/s, loss=0.377, v_num=]
Epoch 128:  85%|████████▌ | 40/47 [00:01<00:00, 36.33it/s, loss=0.377, v_num=]
Epoch 128:  85%|████████▌ | 40/47 [00:01<00:00, 36.31it/s, loss=0.372, v_num=]
Epoch 128: 100%|██████████| 47/47 [00:01<00:00, 34.21it/s, loss=0.374, v_num=]
Epoch 128:   0%|          | 0/47 [00:00<?, ?it/s, loss=0.374, v_num=]         
Epoch 129:   0%|          | 0/47 [00:00<?, ?it/s, loss=0.374, v_num=]
Epoch 129:  43%|████▎     | 20/47 [00:00<00:00, 27.50it/s, loss=0.371, v_num=]
Epoch 129:  85%|████████▌ | 40/47 [00:01<00:00, 35.49it/s, loss=0.371, v_num=]
Epoch 129:  85%|████████▌ | 40/47 [00:01<00:00, 35.48it/s, loss=0.38, v_num=] 
Epoch 129: 100%|██████████| 47/47 [00:01<00:00, 33.63it/s, loss=0.379, v_num=]
Epoch 129:   0%|          | 0/47 [00:00<?, ?it/s, loss=0.379, v_num=]         
Epoch 130:   0%|          | 0/47 [00:00<?, ?it/s, loss=0.379, v_num=]
Epoch 130:  43%|████▎     | 20/47 [00:00<00:00, 29.59it/s, loss=0.375, v_num=]
Epoch 130:  85%|████████▌ | 40/47 [00:01<00:00, 37.25it/s, loss=0.375, v_num=]
Epoch 130:  85%|████████▌ | 40/47 [00:01<00:00, 37.23it/s, loss=0.376, v_num=]
Epoch 130: 100%|██████████| 47/47 [00:01<00:00, 35.32it/s, loss=0.376, v_num=]Evaluating...
NMI : 0.26071151236694673, ARI: 0.07779481680567846, ACC: 0.09717, current K: 2
Epoch 130 | NMI: 0.2607, ARI: 0.0778, ACC: 0.0972, current K: 2
Confusion Matrix:
[[ 12 288   0   0   0   0   0   0   0   0   0   0   0   0   0   0   0   0
    0   0]
 [278  22   0   0   0   0   0   0   0   0   0   0   0   0   0   0   0   0
    0   0]
 [  5 295   0   0   0   0   0   0   0   0   0   0   0   0   0   0   0   0
    0   0]
 [284  16   0   0   0   0   0   0   0   0   0   0   0   0   0   0   0   0
    0   0]
 [ 32 268   0   0   0   0   0   0   0   0   0   0   0   0   0   0   0   0
    0   0]
 [252  48   0   0   0   0   0   0   0   0   0   0   0   0   0   0   0   0
    0   0]
 [ 17 283   0   0   0   0   0   0   0   0   0   0   0   0   0   0   0   0
    0   0]
 [254  46   0   0   0   0   0   0   0   0   0   0   0   0   0   0   0   0
    0   0]
 [  6 294   0   0   0   0   0   0   0   0   0   0   0   0   0   0   0   0
    0   0]
 [276  24   0   0   0   0   0   0   0   0   0   0   0   0   0   0   0   0
    0   0]
 [  5 295   0   0   0   0   0   0   0   0   0   0   0   0   0   0   0   0
    0   0]
 [282  18   0   0   0   0   0   0   0   0   0   0   0   0   0   0   0   0
    0   0]
 [  6 294   0   0   0   0   0   0   0   0   0   0   0   0   0   0   0   0
    0   0]
 [288  12   0   0   0   0   0   0   0   0   0   0   0   0   0   0   0   0
    0   0]
 [  8 292   0   0   0   0   0   0   0   0   0   0   0   0   0   0   0   0
    0   0]
 [287  13   0   0   0   0   0   0   0   0   0   0   0   0   0   0   0   0
    0   0]
 [ 16 284   0   0   0   0   0   0   0   0   0   0   0   0   0   0   0   0
    0   0]
 [284  16   0   0   0   0   0   0   0   0   0   0   0   0   0   0   0   0
    0   0]
 [  8 292   0   0   0   0   0   0   0   0   0   0   0   0   0   0   0   0
    0   0]
 [275  25   0   0   0   0   0   0   0   0   0   0   0   0   0   0   0   0
    0   0]]

Epoch 130:   0%|          | 0/47 [00:00<?, ?it/s, loss=0.376, v_num=]         
Epoch 131:   0%|          | 0/47 [00:00<?, ?it/s, loss=0.376, v_num=]/usr/local/lib/python3.13/dist-packages/torch/utils/data/dataloader.py:432: UserWarning: This DataLoader will create 6 worker processes in total. Our suggested max number of worker in current system is 2, which is smaller than what this DataLoader is going to create. Please be aware that excessive worker creation might get DataLoader running slow or even freeze, lower the worker number to avoid potential slowness/freeze if necessary.
  self.check_worker_number_rationality()

Epoch 131:  43%|████▎     | 20/47 [00:00<00:01, 22.57it/s, loss=0.374, v_num=]
Epoch 131:  85%|████████▌ | 40/47 [00:01<00:00, 29.13it/s, loss=0.374, v_num=]
Epoch 131:  85%|████████▌ | 40/47 [00:01<00:00, 29.12it/s, loss=0.375, v_num=]
Epoch 131: 100%|██████████| 47/47 [00:01<00:00, 26.55it/s, loss=0.378, v_num=]
Epoch 131:   0%|          | 0/47 [00:00<?, ?it/s, loss=0.378, v_num=]         
Epoch 132:   0%|          | 0/47 [00:00<?, ?it/s, loss=0.378, v_num=]
Epoch 132:  43%|████▎     | 20/47 [00:00<00:01, 21.06it/s, loss=0.376, v_num=]
Epoch 132:  85%|████████▌ | 40/47 [00:01<00:00, 26.60it/s, loss=0.376, v_num=]
Epoch 132:  85%|████████▌ | 40/47 [00:01<00:00, 26.59it/s, loss=0.377, v_num=]
Epoch 132: 100%|██████████| 47/47 [00:01<00:00, 26.68it/s, loss=0.376, v_num=]
Epoch 132:   0%|          | 0/47 [00:00<?, ?it/s, loss=0.376, v_num=]         
Epoch 133:   0%|          | 0/47 [00:00<?, ?it/s, loss=0.376, v_num=]
Epoch 133:  43%|████▎     | 20/47 [00:00<00:00, 28.50it/s, loss=0.374, v_num=]
Epoch 133:  85%|████████▌ | 40/47 [00:01<00:00, 36.69it/s, loss=0.374, v_num=]
Epoch 133:  85%|████████▌ | 40/47 [00:01<00:00, 36.67it/s, loss=0.376, v_num=]
Epoch 133: 100%|██████████| 47/47 [00:01<00:00, 34.36it/s, loss=0.379, v_num=]
Epoch 133:   0%|          | 0/47 [00:00<?, ?it/s, loss=0.379, v_num=]         
Epoch 134:   0%|          | 0/47 [00:00<?, ?it/s, loss=0.379, v_num=]
Epoch 134:  43%|████▎     | 20/47 [00:00<00:00, 29.68it/s, loss=0.375, v_num=]
Epoch 134:  85%|████████▌ | 40/47 [00:01<00:00, 37.00it/s, loss=0.375, v_num=]
Epoch 134:  85%|████████▌ | 40/47 [00:01<00:00, 36.98it/s, loss=0.372, v_num=]
Epoch 134: 100%|██████████| 47/47 [00:01<00:00, 35.09it/s, loss=0.374, v_num=]
Epoch 134:   0%|          | 0/47 [00:00<?, ?it/s, loss=0.374, v_num=]         
Epoch 135:   0%|          | 0/47 [00:00<?, ?it/s, loss=0.374, v_num=]
Epoch 135:  43%|████▎     | 20/47 [00:00<00:00, 28.93it/s, loss=0.377, v_num=]
Epoch 135:  85%|████████▌ | 40/47 [00:01<00:00, 36.95it/s, loss=0.377, v_num=]
Epoch 135:  85%|████████▌ | 40/47 [00:01<00:00, 36.93it/s, loss=0.374, v_num=]
Epoch 135: 100%|██████████| 47/47 [00:01<00:00, 34.79it/s, loss=0.376, v_num=]/content/DeepDPM-New/src/clustering_models/clusternet_modules/clusternetasmodel.py:682: UserWarning: To copy construct from a tensor, it is recommended to use sourceTensor.detach().clone() or sourceTensor.detach().clone().requires_grad_(True), rather than torch.tensor(sourceTensor).
  mus_ind_to_split = torch.nonzero(torch.tensor(split_decisions), as_tuple=False)
Splitting clusters [0 1]
Evaluating...
NMI : 0.26044107812861156, ARI: 0.07773891409650699, ACC: 0.09717, current K: 2
[Split] K updated → 4 clusters
  [Epoch 135] losses at split → cluster_loss=0.0039, subcluster_loss=0.7447

Epoch 135:   0%|          | 0/47 [00:00<?, ?it/s, loss=0.376, v_num=]         
Epoch 136:   0%|          | 0/47 [00:00<?, ?it/s, loss=0.376, v_num=]/usr/local/lib/python3.13/dist-packages/torch/utils/data/dataloader.py:432: UserWarning: This DataLoader will create 6 worker processes in total. Our suggested max number of worker in current system is 2, which is smaller than what this DataLoader is going to create. Please be aware that excessive worker creation might get DataLoader running slow or even freeze, lower the worker number to avoid potential slowness/freeze if necessary.
  self.check_worker_number_rationality()

Epoch 136:  43%|████▎     | 20/47 [00:00<00:01, 24.28it/s, loss=0.76, v_num=]
Epoch 136:  85%|████████▌ | 40/47 [00:01<00:00, 29.41it/s, loss=0.76, v_num=]
Epoch 136:  85%|████████▌ | 40/47 [00:01<00:00, 29.40it/s, loss=0.727, v_num=]
Epoch 136: 100%|██████████| 47/47 [00:01<00:00, 28.28it/s, loss=0.705, v_num=]
Epoch 136:   0%|          | 0/47 [00:00<?, ?it/s, loss=0.705, v_num=]         
Epoch 137:   0%|          | 0/47 [00:00<?, ?it/s, loss=0.705, v_num=]
Epoch 137:  43%|████▎     | 20/47 [00:00<00:01, 24.91it/s, loss=0.663, v_num=]
Epoch 137:  85%|████████▌ | 40/47 [00:01<00:00, 30.47it/s, loss=0.663, v_num=]
Epoch 137:  85%|████████▌ | 40/47 [00:01<00:00, 30.46it/s, loss=0.626, v_num=]
Epoch 137: 100%|██████████| 47/47 [00:01<00:00, 28.83it/s, loss=0.619, v_num=]
Epoch 137:   0%|          | 0/47 [00:00<?, ?it/s, loss=0.619, v_num=]         
Epoch 138:   0%|          | 0/47 [00:00<?, ?it/s, loss=0.619, v_num=]
Epoch 138:  43%|████▎     | 20/47 [00:00<00:01, 24.91it/s, loss=0.582, v_num=]
Epoch 138:  85%|████████▌ | 40/47 [00:01<00:00, 30.11it/s, loss=0.582, v_num=]
Epoch 138:  85%|████████▌ | 40/47 [00:01<00:00, 30.10it/s, loss=0.559, v_num=]
Epoch 138: 100%|██████████| 47/47 [00:01<00:00, 28.79it/s, loss=0.545, v_num=]
Epoch 138:   0%|          | 0/47 [00:00<?, ?it/s, loss=0.545, v_num=]         
Epoch 139:   0%|          | 0/47 [00:00<?, ?it/s, loss=0.545, v_num=]
Epoch 139:  43%|████▎     | 20/47 [00:00<00:01, 21.41it/s, loss=0.515, v_num=]
Epoch 139:  85%|████████▌ | 40/47 [00:01<00:00, 25.15it/s, loss=0.515, v_num=]
Epoch 139:  85%|████████▌ | 40/47 [00:01<00:00, 25.15it/s, loss=0.484, v_num=]
Epoch 139: 100%|██████████| 47/47 [00:02<00:00, 23.35it/s, loss=0.482, v_num=]
Epoch 139:   0%|          | 0/47 [00:00<?, ?it/s, loss=0.482, v_num=]         
Epoch 140:   0%|          | 0/47 [00:00<?, ?it/s, loss=0.482, v_num=]
Epoch 140:  43%|████▎     | 20/47 [00:01<00:01, 16.59it/s, loss=0.455, v_num=]
Epoch 140:  85%|████████▌ | 40/47 [00:01<00:00, 21.77it/s, loss=0.455, v_num=]
Epoch 140:  85%|████████▌ | 40/47 [00:01<00:00, 21.77it/s, loss=0.442, v_num=]
Epoch 140: 100%|██████████| 47/47 [00:02<00:00, 22.01it/s, loss=0.439, v_num=]Evaluating...
NMI : 0.4181788828473897, ARI: 0.17920929864808505, ACC: 0.18667, current K: 4
Epoch 140 | NMI: 0.4182, ARI: 0.1792, ACC: 0.1867, current K: 4
Confusion Matrix:
[[ 15   1 231  53   0   0   0   0   0   0   0   0   0   0   0   0   0   0
    0   0]
 [  3 273  23   1   0   0   0   0   0   0   0   0   0   0   0   0   0   0
    0   0]
 [  4   3  56 237   0   0   0   0   0   0   0   0   0   0   0   0   0   0
    0   0]
 [ 14 270   3  13   0   0   0   0   0   0   0   0   0   0   0   0   0   0
    0   0]
 [  1  23 271   5   0   0   0   0   0   0   0   0   0   0   0   0   0   0
    0   0]
 [238  23  32   7   0   0   0   0   0   0   0   0   0   0   0   0   0   0
    0   0]
 [  0  21   1 278   0   0   0   0   0   0   0   0   0   0   0   0   0   0
    0   0]
 [253   3   0  44   0   0   0   0   0   0   0   0   0   0   0   0   0   0
    0   0]
 [  6   2 152 140   0   0   0   0   0   0   0   0   0   0   0   0   0   0
    0   0]
 [  2 273   1  24   0   0   0   0   0   0   0   0   0   0   0   0   0   0
    0   0]
 [  9   0  73 218   0   0   0   0   0   0   0   0   0   0   0   0   0   0
    0   0]
 [  5 278  13   4   0   0   0   0   0   0   0   0   0   0   0   0   0   0
    0   0]
 [  0   5 288   7   0   0   0   0   0   0   0   0   0   0   0   0   0   0
    0   0]
 [ 20 265   0  15   0   0   0   0   0   0   0   0   0   0   0   0   0   0
    0   0]
 [  0   7   3 290   0   0   0   0   0   0   0   0   0   0   0   0   0   0
    0   0]
 [264  17  18   1   0   0   0   0   0   0   0   0   0   0   0   0   0   0
    0   0]
 [  1  10 285   4   0   0   0   0   0   0   0   0   0   0   0   0   0   0
    0   0]
 [ 91 193  11   5   0   0   0   0   0   0   0   0   0   0   0   0   0   0
    0   0]
 [  0  10   3 287   0   0   0   0   0   0   0   0   0   0   0   0   0   0
    0   0]
 [238  36   0  26   0   0   0   0   0   0   0   0   0   0   0   0   0   0
    0   0]]

Epoch 140:   0%|          | 0/47 [00:00<?, ?it/s, loss=0.439, v_num=]         
Epoch 141:   0%|          | 0/47 [00:00<?, ?it/s, loss=0.439, v_num=]/usr/local/lib/python3.13/dist-packages/torch/utils/data/dataloader.py:432: UserWarning: This DataLoader will create 6 worker processes in total. Our suggested max number of worker in current system is 2, which is smaller than what this DataLoader is going to create. Please be aware that excessive worker creation might get DataLoader running slow or even freeze, lower the worker number to avoid potential slowness/freeze if necessary.
  self.check_worker_number_rationality()

Epoch 141:  43%|████▎     | 20/47 [00:00<00:01, 23.90it/s, loss=0.413, v_num=]
Epoch 141:  85%|████████▌ | 40/47 [00:01<00:00, 29.33it/s, loss=0.413, v_num=]
Epoch 141:  85%|████████▌ | 40/47 [00:01<00:00, 29.32it/s, loss=0.415, v_num=]
Epoch 141: 100%|██████████| 47/47 [00:01<00:00, 27.80it/s, loss=0.413, v_num=]
Epoch 141:   0%|          | 0/47 [00:00<?, ?it/s, loss=0.413, v_num=]         
Epoch 142:   0%|          | 0/47 [00:00<?, ?it/s, loss=0.413, v_num=]
Epoch 142:  43%|████▎     | 20/47 [00:00<00:01, 24.29it/s, loss=0.338, v_num=]
Epoch 142:  85%|████████▌ | 40/47 [00:01<00:00, 29.78it/s, loss=0.338, v_num=]
Epoch 142:  85%|████████▌ | 40/47 [00:01<00:00, 29.77it/s, loss=0.34, v_num=] 
Epoch 142: 100%|██████████| 47/47 [00:01<00:00, 28.57it/s, loss=0.343, v_num=]
Epoch 142:   0%|          | 0/47 [00:00<?, ?it/s, loss=0.343, v_num=]         
Epoch 143:   0%|          | 0/47 [00:00<?, ?it/s, loss=0.343, v_num=]
Epoch 143:  43%|████▎     | 20/47 [00:00<00:01, 24.60it/s, loss=0.346, v_num=]
Epoch 143:  85%|████████▌ | 40/47 [00:01<00:00, 29.92it/s, loss=0.346, v_num=]
Epoch 143:  85%|████████▌ | 40/47 [00:01<00:00, 29.91it/s, loss=0.339, v_num=]
Epoch 143: 100%|██████████| 47/47 [00:01<00:00, 28.56it/s, loss=0.343, v_num=]
Epoch 143:   0%|          | 0/47 [00:00<?, ?it/s, loss=0.343, v_num=]         
Epoch 144:   0%|          | 0/47 [00:00<?, ?it/s, loss=0.343, v_num=]
Epoch 144:  43%|████▎     | 20/47 [00:00<00:01, 24.42it/s, loss=0.342, v_num=]
Epoch 144:  85%|████████▌ | 40/47 [00:01<00:00, 30.34it/s, loss=0.342, v_num=]
Epoch 144:  85%|████████▌ | 40/47 [00:01<00:00, 30.33it/s, loss=0.34, v_num=] 
Epoch 144: 100%|██████████| 47/47 [00:01<00:00, 27.77it/s, loss=0.344, v_num=]
Epoch 144:   0%|          | 0/47 [00:00<?, ?it/s, loss=0.344, v_num=]         
Epoch 145:   0%|          | 0/47 [00:00<?, ?it/s, loss=0.344, v_num=]
Epoch 145:  43%|████▎     | 20/47 [00:00<00:01, 25.61it/s, loss=0.34, v_num=]
Epoch 145:  85%|████████▌ | 40/47 [00:01<00:00, 30.52it/s, loss=0.34, v_num=]
Epoch 145:  85%|████████▌ | 40/47 [00:01<00:00, 30.51it/s, loss=0.344, v_num=]
Epoch 145: 100%|██████████| 47/47 [00:01<00:00, 29.10it/s, loss=0.344, v_num=]Evaluating...
NMI : 0.4158429177904778, ARI: 0.18152015234098, ACC: 0.18683, current K: 4

Epoch 145:   0%|          | 0/47 [00:00<?, ?it/s, loss=0.344, v_num=]         
Epoch 146:   0%|          | 0/47 [00:00<?, ?it/s, loss=0.344, v_num=]/usr/local/lib/python3.13/dist-packages/torch/utils/data/dataloader.py:432: UserWarning: This DataLoader will create 6 worker processes in total. Our suggested max number of worker in current system is 2, which is smaller than what this DataLoader is going to create. Please be aware that excessive worker creation might get DataLoader running slow or even freeze, lower the worker number to avoid potential slowness/freeze if necessary.
  self.check_worker_number_rationality()

Epoch 146:  43%|████▎     | 20/47 [00:00<00:01, 24.04it/s, loss=0.346, v_num=]
Epoch 146:  85%|████████▌ | 40/47 [00:01<00:00, 26.19it/s, loss=0.346, v_num=]
Epoch 146:  85%|████████▌ | 40/47 [00:01<00:00, 26.18it/s, loss=0.338, v_num=]
Epoch 146: 100%|██████████| 47/47 [00:01<00:00, 23.64it/s, loss=0.342, v_num=]
Epoch 146:   0%|          | 0/47 [00:00<?, ?it/s, loss=0.342, v_num=]         
Epoch 147:   0%|          | 0/47 [00:00<?, ?it/s, loss=0.342, v_num=]
Epoch 147:  43%|████▎     | 20/47 [00:01<00:01, 17.21it/s, loss=0.335, v_num=]
Epoch 147:  85%|████████▌ | 40/47 [00:01<00:00, 20.85it/s, loss=0.335, v_num=]
Epoch 147:  85%|████████▌ | 40/47 [00:01<00:00, 20.85it/s, loss=0.343, v_num=]
Epoch 147: 100%|██████████| 47/47 [00:02<00:00, 20.46it/s, loss=0.345, v_num=]
Epoch 147:   0%|          | 0/47 [00:00<?, ?it/s, loss=0.345, v_num=]         
Epoch 148:   0%|          | 0/47 [00:00<?, ?it/s, loss=0.345, v_num=]
Epoch 148:  43%|████▎     | 20/47 [00:00<00:01, 24.35it/s, loss=0.338, v_num=]
Epoch 148:  85%|████████▌ | 40/47 [00:01<00:00, 29.77it/s, loss=0.338, v_num=]
Epoch 148:  85%|████████▌ | 40/47 [00:01<00:00, 29.76it/s, loss=0.334, v_num=]
Epoch 148: 100%|██████████| 47/47 [00:01<00:00, 28.51it/s, loss=0.34, v_num=] 
Epoch 148:   0%|          | 0/47 [00:00<?, ?it/s, loss=0.34, v_num=]         
Epoch 149:   0%|          | 0/47 [00:00<?, ?it/s, loss=0.34, v_num=]
Epoch 149:  43%|████▎     | 20/47 [00:00<00:01, 24.35it/s, loss=0.342, v_num=]
Epoch 149:  85%|████████▌ | 40/47 [00:01<00:00, 30.05it/s, loss=0.342, v_num=]
Epoch 149:  85%|████████▌ | 40/47 [00:01<00:00, 30.04it/s, loss=0.336, v_num=]
Epoch 149: 100%|██████████| 47/47 [00:01<00:00, 28.89it/s, loss=0.339, v_num=]
Epoch 149:   0%|          | 0/47 [00:00<?, ?it/s, loss=0.339, v_num=]         
Epoch 150:   0%|          | 0/47 [00:00<?, ?it/s, loss=0.339, v_num=]
Epoch 150:  43%|████▎     | 20/47 [00:00<00:01, 25.43it/s, loss=0.341, v_num=]
Epoch 150:  85%|████████▌ | 40/47 [00:01<00:00, 30.80it/s, loss=0.341, v_num=]
Epoch 150:  85%|████████▌ | 40/47 [00:01<00:00, 30.79it/s, loss=0.334, v_num=]
Epoch 150: 100%|██████████| 47/47 [00:01<00:00, 29.29it/s, loss=0.341, v_num=]Evaluating...
NMI : 0.4190621210771751, ARI: 0.18402176634612724, ACC: 0.18717, current K: 4
Epoch 150 | NMI: 0.4191, ARI: 0.1840, ACC: 0.1872, current K: 4
Confusion Matrix:
[[ 26   1 239  34   0   0   0   0   0   0   0   0   0   0   0   0   0   0
    0   0]
 [  4 275  19   2   0   0   0   0   0   0   0   0   0   0   0   0   0   0
    0   0]
 [  9   3  36 252   0   0   0   0   0   0   0   0   0   0   0   0   0   0
    0   0]
 [ 21 255   4  20   0   0   0   0   0   0   0   0   0   0   0   0   0   0
    0   0]
 [  1  19 276   4   0   0   0   0   0   0   0   0   0   0   0   0   0   0
    0   0]
 [249  17  31   3   0   0   0   0   0   0   0   0   0   0   0   0   0   0
    0   0]
 [  0  22   2 276   0   0   0   0   0   0   0   0   0   0   0   0   0   0
    0   0]
 [273   1   1  25   0   0   0   0   0   0   0   0   0   0   0   0   0   0
    0   0]
 [ 11   2 112 175   0   0   0   0   0   0   0   0   0   0   0   0   0   0
    0   0]
 [ 11 266   1  22   0   0   0   0   0   0   0   0   0   0   0   0   0   0
    0   0]
 [ 20   0  75 205   0   0   0   0   0   0   0   0   0   0   0   0   0   0
    0   0]
 [ 14 269  13   4   0   0   0   0   0   0   0   0   0   0   0   0   0   0
    0   0]
 [  0   5 287   8   0   0   0   0   0   0   0   0   0   0   0   0   0   0
    0   0]
 [ 30 253   0  17   0   0   0   0   0   0   0   0   0   0   0   0   0   0
    0   0]
 [  1   8   3 288   0   0   0   0   0   0   0   0   0   0   0   0   0   0
    0   0]
 [269  10  21   0   0   0   0   0   0   0   0   0   0   0   0   0   0   0
    0   0]
 [  2   9 278  11   0   0   0   0   0   0   0   0   0   0   0   0   0   0
    0   0]
 [146 141   8   5   0   0   0   0   0   0   0   0   0   0   0   0   0   0
    0   0]
 [  0  10   3 287   0   0   0   0   0   0   0   0   0   0   0   0   0   0
    0   0]
 [272  11   2  15   0   0   0   0   0   0   0   0   0   0   0   0   0   0
    0   0]]

Epoch 150:   0%|          | 0/47 [00:00<?, ?it/s, loss=0.341, v_num=]         
Epoch 151:   0%|          | 0/47 [00:00<?, ?it/s, loss=0.341, v_num=]/usr/local/lib/python3.13/dist-packages/torch/utils/data/dataloader.py:432: UserWarning: This DataLoader will create 6 worker processes in total. Our suggested max number of worker in current system is 2, which is smaller than what this DataLoader is going to create. Please be aware that excessive worker creation might get DataLoader running slow or even freeze, lower the worker number to avoid potential slowness/freeze if necessary.
  self.check_worker_number_rationality()

Epoch 151:  43%|████▎     | 20/47 [00:00<00:01, 24.64it/s, loss=0.335, v_num=]
Epoch 151:  85%|████████▌ | 40/47 [00:01<00:00, 30.06it/s, loss=0.335, v_num=]
Epoch 151:  85%|████████▌ | 40/47 [00:01<00:00, 30.05it/s, loss=0.34, v_num=] 
Epoch 151: 100%|██████████| 47/47 [00:01<00:00, 28.41it/s, loss=0.341, v_num=]
Epoch 151:   0%|          | 0/47 [00:00<?, ?it/s, loss=0.341, v_num=]         
Epoch 152:   0%|          | 0/47 [00:00<?, ?it/s, loss=0.341, v_num=]
Epoch 152:  43%|████▎     | 20/47 [00:00<00:01, 24.65it/s, loss=0.338, v_num=]
Epoch 152:  85%|████████▌ | 40/47 [00:01<00:00, 29.58it/s, loss=0.338, v_num=]
Epoch 152:  85%|████████▌ | 40/47 [00:01<00:00, 29.57it/s, loss=0.341, v_num=]
Epoch 152: 100%|██████████| 47/47 [00:01<00:00, 28.07it/s, loss=0.338, v_num=]
Epoch 152:   0%|          | 0/47 [00:00<?, ?it/s, loss=0.338, v_num=]         
Epoch 153:   0%|          | 0/47 [00:00<?, ?it/s, loss=0.338, v_num=]
Epoch 153:  43%|████▎     | 20/47 [00:00<00:01, 23.63it/s, loss=0.334, v_num=]
Epoch 153:  85%|████████▌ | 40/47 [00:01<00:00, 27.95it/s, loss=0.334, v_num=]
Epoch 153:  85%|████████▌ | 40/47 [00:01<00:00, 27.93it/s, loss=0.336, v_num=]
Epoch 153: 100%|██████████| 47/47 [00:01<00:00, 24.98it/s, loss=0.337, v_num=]
Epoch 153:   0%|          | 0/47 [00:00<?, ?it/s, loss=0.337, v_num=]         
Epoch 154:   0%|          | 0/47 [00:00<?, ?it/s, loss=0.337, v_num=]
Epoch 154:  43%|████▎     | 20/47 [00:01<00:01, 18.09it/s, loss=0.338, v_num=]
Epoch 154:  85%|████████▌ | 40/47 [00:01<00:00, 22.13it/s, loss=0.338, v_num=]
Epoch 154:  85%|████████▌ | 40/47 [00:01<00:00, 22.12it/s, loss=0.338, v_num=]
Epoch 154: 100%|██████████| 47/47 [00:02<00:00, 20.90it/s, loss=0.336, v_num=]
Epoch 154:   0%|          | 0/47 [00:00<?, ?it/s, loss=0.336, v_num=]         
Epoch 155:   0%|          | 0/47 [00:00<?, ?it/s, loss=0.336, v_num=]
Epoch 155:  43%|████▎     | 20/47 [00:00<00:01, 22.49it/s, loss=0.34, v_num=]
Epoch 155:  85%|████████▌ | 40/47 [00:01<00:00, 28.29it/s, loss=0.34, v_num=]
Epoch 155:  85%|████████▌ | 40/47 [00:01<00:00, 28.28it/s, loss=0.335, v_num=]
Epoch 155: 100%|██████████| 47/47 [00:01<00:00, 27.50it/s, loss=0.338, v_num=]Evaluating...
NMI : 0.42155558483263256, ARI: 0.18532490066137644, ACC: 0.18817, current K: 4

Epoch 155:   0%|          | 0/47 [00:00<?, ?it/s, loss=0.338, v_num=]         
Epoch 156:   0%|          | 0/47 [00:00<?, ?it/s, loss=0.338, v_num=]/usr/local/lib/python3.13/dist-packages/torch/utils/data/dataloader.py:432: UserWarning: This DataLoader will create 6 worker processes in total. Our suggested max number of worker in current system is 2, which is smaller than what this DataLoader is going to create. Please be aware that excessive worker creation might get DataLoader running slow or even freeze, lower the worker number to avoid potential slowness/freeze if necessary.
  self.check_worker_number_rationality()

Epoch 156:  43%|████▎     | 20/47 [00:00<00:01, 25.08it/s, loss=0.338, v_num=]
Epoch 156:  85%|████████▌ | 40/47 [00:01<00:00, 30.66it/s, loss=0.338, v_num=]
Epoch 156:  85%|████████▌ | 40/47 [00:01<00:00, 30.65it/s, loss=0.34, v_num=] 
Epoch 156: 100%|██████████| 47/47 [00:01<00:00, 29.00it/s, loss=0.34, v_num=]
Epoch 156:   0%|          | 0/47 [00:00<?, ?it/s, loss=0.34, v_num=]         
Epoch 157:   0%|          | 0/47 [00:00<?, ?it/s, loss=0.34, v_num=]
Epoch 157:  43%|████▎     | 20/47 [00:00<00:01, 25.21it/s, loss=0.339, v_num=]
Epoch 157:  85%|████████▌ | 40/47 [00:01<00:00, 30.69it/s, loss=0.339, v_num=]
Epoch 157:  85%|████████▌ | 40/47 [00:01<00:00, 30.68it/s, loss=0.335, v_num=]
Epoch 157: 100%|██████████| 47/47 [00:01<00:00, 29.21it/s, loss=0.333, v_num=]
Epoch 157:   0%|          | 0/47 [00:00<?, ?it/s, loss=0.333, v_num=]         
Epoch 158:   0%|          | 0/47 [00:00<?, ?it/s, loss=0.333, v_num=]
Epoch 158:  43%|████▎     | 20/47 [00:00<00:01, 24.23it/s, loss=0.336, v_num=]
Epoch 158:  85%|████████▌ | 40/47 [00:01<00:00, 29.56it/s, loss=0.336, v_num=]
Epoch 158:  85%|████████▌ | 40/47 [00:01<00:00, 29.55it/s, loss=0.339, v_num=]
Epoch 158: 100%|██████████| 47/47 [00:01<00:00, 27.81it/s, loss=0.33, v_num=] 
Epoch 158:   0%|          | 0/47 [00:00<?, ?it/s, loss=0.33, v_num=]         
Epoch 159:   0%|          | 0/47 [00:00<?, ?it/s, loss=0.33, v_num=]
Epoch 159:  43%|████▎     | 20/47 [00:00<00:01, 24.50it/s, loss=0.338, v_num=]
Epoch 159:  85%|████████▌ | 40/47 [00:01<00:00, 29.92it/s, loss=0.338, v_num=]
Epoch 159:  85%|████████▌ | 40/47 [00:01<00:00, 29.91it/s, loss=0.339, v_num=]
Epoch 159: 100%|██████████| 47/47 [00:01<00:00, 28.62it/s, loss=0.341, v_num=]
Epoch 159:   0%|          | 0/47 [00:00<?, ?it/s, loss=0.341, v_num=]         
Epoch 160:   0%|          | 0/47 [00:00<?, ?it/s, loss=0.341, v_num=]
Epoch 160:  43%|████▎     | 20/47 [00:00<00:01, 24.55it/s, loss=0.33, v_num=]
Epoch 160:  85%|████████▌ | 40/47 [00:01<00:00, 29.62it/s, loss=0.33, v_num=]
Epoch 160:  85%|████████▌ | 40/47 [00:01<00:00, 29.61it/s, loss=0.335, v_num=]
Epoch 160: 100%|██████████| 47/47 [00:01<00:00, 28.44it/s, loss=0.339, v_num=]Evaluating...
NMI : 0.42596599745928065, ARI: 0.18759700601687662, ACC: 0.18867, current K: 4
Epoch 160 | NMI: 0.4260, ARI: 0.1876, ACC: 0.1887, current K: 4
Confusion Matrix:
[[ 30   1 236  33   0   0   0   0   0   0   0   0   0   0   0   0   0   0
    0   0]
 [  4 274  20   2   0   0   0   0   0   0   0   0   0   0   0   0   0   0
    0   0]
 [ 13   3  32 252   0   0   0   0   0   0   0   0   0   0   0   0   0   0
    0   0]
 [ 13 264   4  19   0   0   0   0   0   0   0   0   0   0   0   0   0   0
    0   0]
 [  1  19 276   4   0   0   0   0   0   0   0   0   0   0   0   0   0   0
    0   0]
 [259  16  24   1   0   0   0   0   0   0   0   0   0   0   0   0   0   0
    0   0]
 [  0  22   3 275   0   0   0   0   0   0   0   0   0   0   0   0   0   0
    0   0]
 [282   1   0  17   0   0   0   0   0   0   0   0   0   0   0   0   0   0
    0   0]
 [ 15   2  75 208   0   0   0   0   0   0   0   0   0   0   0   0   0   0
    0   0]
 [ 10 272   1  17   0   0   0   0   0   0   0   0   0   0   0   0   0   0
    0   0]
 [ 25   0  62 213   0   0   0   0   0   0   0   0   0   0   0   0   0   0
    0   0]
 [ 14 268  16   2   0   0   0   0   0   0   0   0   0   0   0   0   0   0
    0   0]
 [  0   6 288   6   0   0   0   0   0   0   0   0   0   0   0   0   0   0
    0   0]
 [ 27 257   0  16   0   0   0   0   0   0   0   0   0   0   0   0   0   0
    0   0]
 [  2   9   3 286   0   0   0   0   0   0   0   0   0   0   0   0   0   0
    0   0]
 [264  11  25   0   0   0   0   0   0   0   0   0   0   0   0   0   0   0
    0   0]
 [  2   8 279  11   0   0   0   0   0   0   0   0   0   0   0   0   0   0
    0   0]
 [136 153   5   6   0   0   0   0   0   0   0   0   0   0   0   0   0   0
    0   0]
 [  0  10   2 288   0   0   0   0   0   0   0   0   0   0   0   0   0   0
    0   0]
 [270  14   2  14   0   0   0   0   0   0   0   0   0   0   0   0   0   0
    0   0]]

Epoch 160:   0%|          | 0/47 [00:00<?, ?it/s, loss=0.339, v_num=]         
Epoch 161:   0%|          | 0/47 [00:00<?, ?it/s, loss=0.339, v_num=]/usr/local/lib/python3.13/dist-packages/torch/utils/data/dataloader.py:432: UserWarning: This DataLoader will create 6 worker processes in total. Our suggested max number of worker in current system is 2, which is smaller than what this DataLoader is going to create. Please be aware that excessive worker creation might get DataLoader running slow or even freeze, lower the worker number to avoid potential slowness/freeze if necessary.
  self.check_worker_number_rationality()

Epoch 161:  43%|████▎     | 20/47 [00:01<00:01, 18.92it/s, loss=0.332, v_num=]
Epoch 161:  85%|████████▌ | 40/47 [00:01<00:00, 21.07it/s, loss=0.332, v_num=]
Epoch 161:  85%|████████▌ | 40/47 [00:01<00:00, 21.06it/s, loss=0.337, v_num=]
Epoch 161: 100%|██████████| 47/47 [00:02<00:00, 20.20it/s, loss=0.338, v_num=]
Epoch 161:   0%|          | 0/47 [00:00<?, ?it/s, loss=0.338, v_num=]         
Epoch 162:   0%|          | 0/47 [00:00<?, ?it/s, loss=0.338, v_num=]
Epoch 162:  43%|████▎     | 20/47 [00:01<00:01, 16.91it/s, loss=0.333, v_num=]
Epoch 162:  85%|████████▌ | 40/47 [00:01<00:00, 22.97it/s, loss=0.333, v_num=]
Epoch 162:  85%|████████▌ | 40/47 [00:01<00:00, 22.96it/s, loss=0.335, v_num=]
Epoch 162: 100%|██████████| 47/47 [00:02<00:00, 22.97it/s, loss=0.334, v_num=]
Epoch 162:   0%|          | 0/47 [00:00<?, ?it/s, loss=0.334, v_num=]         
Epoch 163:   0%|          | 0/47 [00:00<?, ?it/s, loss=0.334, v_num=]
Epoch 163:  43%|████▎     | 20/47 [00:00<00:01, 24.74it/s, loss=0.331, v_num=]
Epoch 163:  85%|████████▌ | 40/47 [00:01<00:00, 29.98it/s, loss=0.331, v_num=]
Epoch 163:  85%|████████▌ | 40/47 [00:01<00:00, 29.97it/s, loss=0.331, v_num=]
Epoch 163: 100%|██████████| 47/47 [00:01<00:00, 28.50it/s, loss=0.338, v_num=]
Epoch 163:   0%|          | 0/47 [00:00<?, ?it/s, loss=0.338, v_num=]         
Epoch 164:   0%|          | 0/47 [00:00<?, ?it/s, loss=0.338, v_num=]
Epoch 164:  43%|████▎     | 20/47 [00:00<00:01, 23.97it/s, loss=0.333, v_num=]
Epoch 164:  85%|████████▌ | 40/47 [00:01<00:00, 29.97it/s, loss=0.333, v_num=]
Epoch 164:  85%|████████▌ | 40/47 [00:01<00:00, 29.96it/s, loss=0.338, v_num=]
Epoch 164: 100%|██████████| 47/47 [00:01<00:00, 28.70it/s, loss=0.331, v_num=]
Epoch 164:   0%|          | 0/47 [00:00<?, ?it/s, loss=0.331, v_num=]         
Epoch 165:   0%|          | 0/47 [00:00<?, ?it/s, loss=0.331, v_num=]
Epoch 165:  43%|████▎     | 20/47 [00:00<00:01, 24.91it/s, loss=0.327, v_num=]
Epoch 165:  85%|████████▌ | 40/47 [00:01<00:00, 30.22it/s, loss=0.327, v_num=]
Epoch 165:  85%|████████▌ | 40/47 [00:01<00:00, 30.21it/s, loss=0.335, v_num=]
Epoch 165: 100%|██████████| 47/47 [00:01<00:00, 29.01it/s, loss=0.333, v_num=]Evaluating...
NMI : 0.42575445870432765, ARI: 0.18787496260720077, ACC: 0.1885, current K: 4

Epoch 165:   0%|          | 0/47 [00:00<?, ?it/s, loss=0.333, v_num=]         
Epoch 166:   0%|          | 0/47 [00:00<?, ?it/s, loss=0.333, v_num=]/usr/local/lib/python3.13/dist-packages/torch/utils/data/dataloader.py:432: UserWarning: This DataLoader will create 6 worker processes in total. Our suggested max number of worker in current system is 2, which is smaller than what this DataLoader is going to create. Please be aware that excessive worker creation might get DataLoader running slow or even freeze, lower the worker number to avoid potential slowness/freeze if necessary.
  self.check_worker_number_rationality()

Epoch 166:  43%|████▎     | 20/47 [00:00<00:01, 24.53it/s, loss=0.328, v_num=]
Epoch 166:  85%|████████▌ | 40/47 [00:01<00:00, 30.52it/s, loss=0.328, v_num=]
Epoch 166:  85%|████████▌ | 40/47 [00:01<00:00, 30.51it/s, loss=0.33, v_num=] 
Epoch 166: 100%|██████████| 47/47 [00:01<00:00, 28.80it/s, loss=0.333, v_num=]
Epoch 166:   0%|          | 0/47 [00:00<?, ?it/s, loss=0.333, v_num=]         
Epoch 167:   0%|          | 0/47 [00:00<?, ?it/s, loss=0.333, v_num=]
Epoch 167:  43%|████▎     | 20/47 [00:00<00:01, 25.26it/s, loss=0.329, v_num=]
Epoch 167:  85%|████████▌ | 40/47 [00:01<00:00, 30.88it/s, loss=0.329, v_num=]
Epoch 167:  85%|████████▌ | 40/47 [00:01<00:00, 30.87it/s, loss=0.332, v_num=]
Epoch 167: 100%|██████████| 47/47 [00:01<00:00, 29.57it/s, loss=0.33, v_num=] 
Epoch 167:   0%|          | 0/47 [00:00<?, ?it/s, loss=0.33, v_num=]         
Epoch 168:   0%|          | 0/47 [00:00<?, ?it/s, loss=0.33, v_num=]
Epoch 168:  43%|████▎     | 20/47 [00:00<00:01, 24.93it/s, loss=0.335, v_num=]
Epoch 168:  85%|████████▌ | 40/47 [00:01<00:00, 27.30it/s, loss=0.335, v_num=]
Epoch 168:  85%|████████▌ | 40/47 [00:01<00:00, 27.29it/s, loss=0.332, v_num=]
Epoch 168: 100%|██████████| 47/47 [00:01<00:00, 24.79it/s, loss=0.327, v_num=]
Epoch 168:   0%|          | 0/47 [00:00<?, ?it/s, loss=0.327, v_num=]         
Epoch 169:   0%|          | 0/47 [00:00<?, ?it/s, loss=0.327, v_num=]
Epoch 169:  43%|████▎     | 20/47 [00:01<00:01, 17.28it/s, loss=0.332, v_num=]
Epoch 169:  85%|████████▌ | 40/47 [00:01<00:00, 20.52it/s, loss=0.332, v_num=]
Epoch 169:  85%|████████▌ | 40/47 [00:01<00:00, 20.51it/s, loss=0.331, v_num=]
Epoch 169: 100%|██████████| 47/47 [00:02<00:00, 20.45it/s, loss=0.331, v_num=]
Epoch 169:   0%|          | 0/47 [00:00<?, ?it/s, loss=0.331, v_num=]         
Epoch 170:   0%|          | 0/47 [00:00<?, ?it/s, loss=0.331, v_num=]
Epoch 170:  43%|████▎     | 20/47 [00:00<00:01, 24.82it/s, loss=0.332, v_num=]
Epoch 170:  85%|████████▌ | 40/47 [00:01<00:00, 30.54it/s, loss=0.332, v_num=]
Epoch 170:  85%|████████▌ | 40/47 [00:01<00:00, 30.53it/s, loss=0.33, v_num=] 
Epoch 170: 100%|██████████| 47/47 [00:01<00:00, 28.86it/s, loss=0.33, v_num=]Evaluating...
NMI : 0.4283197532535249, ARI: 0.188997118415938, ACC: 0.18917, current K: 4
Epoch 170 | NMI: 0.4283, ARI: 0.1890, ACC: 0.1892, current K: 4
Confusion Matrix:
[[ 30   2 233  35   0   0   0   0   0   0   0   0   0   0   0   0   0   0
    0   0]
 [  4 274  21   1   0   0   0   0   0   0   0   0   0   0   0   0   0   0
    0   0]
 [ 16   4  32 248   0   0   0   0   0   0   0   0   0   0   0   0   0   0
    0   0]
 [ 12 265   4  19   0   0   0   0   0   0   0   0   0   0   0   0   0   0
    0   0]
 [  1  17 278   4   0   0   0   0   0   0   0   0   0   0   0   0   0   0
    0   0]
 [261  16  20   3   0   0   0   0   0   0   0   0   0   0   0   0   0   0
    0   0]
 [  0  22   4 274   0   0   0   0   0   0   0   0   0   0   0   0   0   0
    0   0]
 [284   3   0  13   0   0   0   0   0   0   0   0   0   0   0   0   0   0
    0   0]
 [ 18   1  62 219   0   0   0   0   0   0   0   0   0   0   0   0   0   0
    0   0]
 [  6 275   1  18   0   0   0   0   0   0   0   0   0   0   0   0   0   0
    0   0]
 [ 32   0  57 211   0   0   0   0   0   0   0   0   0   0   0   0   0   0
    0   0]
 [  9 272  17   2   0   0   0   0   0   0   0   0   0   0   0   0   0   0
    0   0]
 [  0   6 288   6   0   0   0   0   0   0   0   0   0   0   0   0   0   0
    0   0]
 [ 27 258   0  15   0   0   0   0   0   0   0   0   0   0   0   0   0   0
    0   0]
 [  2   9   2 287   0   0   0   0   0   0   0   0   0   0   0   0   0   0
    0   0]
 [269  11  20   0   0   0   0   0   0   0   0   0   0   0   0   0   0   0
    0   0]
 [  2   7 279  12   0   0   0   0   0   0   0   0   0   0   0   0   0   0
    0   0]
 [128 161   5   6   0   0   0   0   0   0   0   0   0   0   0   0   0   0
    0   0]
 [  0  10   2 288   0   0   0   0   0   0   0   0   0   0   0   0   0   0
    0   0]
 [269  15   2  14   0   0   0   0   0   0   0   0   0   0   0   0   0   0
    0   0]]

Epoch 170:   0%|          | 0/47 [00:00<?, ?it/s, loss=0.33, v_num=]         
Epoch 171:   0%|          | 0/47 [00:00<?, ?it/s, loss=0.33, v_num=]/usr/local/lib/python3.13/dist-packages/torch/utils/data/dataloader.py:432: UserWarning: This DataLoader will create 6 worker processes in total. Our suggested max number of worker in current system is 2, which is smaller than what this DataLoader is going to create. Please be aware that excessive worker creation might get DataLoader running slow or even freeze, lower the worker number to avoid potential slowness/freeze if necessary.
  self.check_worker_number_rationality()

Epoch 171:  43%|████▎     | 20/47 [00:00<00:01, 24.27it/s, loss=0.331, v_num=]
Epoch 171:  85%|████████▌ | 40/47 [00:01<00:00, 29.73it/s, loss=0.331, v_num=]
Epoch 171:  85%|████████▌ | 40/47 [00:01<00:00, 29.72it/s, loss=0.329, v_num=]
Epoch 171: 100%|██████████| 47/47 [00:01<00:00, 28.42it/s, loss=0.332, v_num=]
Epoch 171:   0%|          | 0/47 [00:00<?, ?it/s, loss=0.332, v_num=]         
Epoch 172:   0%|          | 0/47 [00:00<?, ?it/s, loss=0.332, v_num=]
Epoch 172:  43%|████▎     | 20/47 [00:00<00:01, 24.11it/s, loss=0.331, v_num=]
Epoch 172:  85%|████████▌ | 40/47 [00:01<00:00, 29.57it/s, loss=0.331, v_num=]
Epoch 172:  85%|████████▌ | 40/47 [00:01<00:00, 29.56it/s, loss=0.33, v_num=] 
Epoch 172: 100%|██████████| 47/47 [00:01<00:00, 28.41it/s, loss=0.333, v_num=]
Epoch 172:   0%|          | 0/47 [00:00<?, ?it/s, loss=0.333, v_num=]         
Epoch 173:   0%|          | 0/47 [00:00<?, ?it/s, loss=0.333, v_num=]
Epoch 173:  43%|████▎     | 20/47 [00:00<00:01, 24.66it/s, loss=0.333, v_num=]
Epoch 173:  85%|████████▌ | 40/47 [00:01<00:00, 30.61it/s, loss=0.333, v_num=]
Epoch 173:  85%|████████▌ | 40/47 [00:01<00:00, 30.60it/s, loss=0.331, v_num=]
Epoch 173: 100%|██████████| 47/47 [00:01<00:00, 28.93it/s, loss=0.325, v_num=]
Epoch 173:   0%|          | 0/47 [00:00<?, ?it/s, loss=0.325, v_num=]         
Epoch 174:   0%|          | 0/47 [00:00<?, ?it/s, loss=0.325, v_num=]
Epoch 174:  43%|████▎     | 20/47 [00:00<00:01, 24.73it/s, loss=0.332, v_num=]
Epoch 174:  85%|████████▌ | 40/47 [00:01<00:00, 29.97it/s, loss=0.332, v_num=]
Epoch 174:  85%|████████▌ | 40/47 [00:01<00:00, 29.96it/s, loss=0.334, v_num=]
Epoch 174: 100%|██████████| 47/47 [00:01<00:00, 28.73it/s, loss=0.334, v_num=]
Epoch 174:   0%|          | 0/47 [00:00<?, ?it/s, loss=0.334, v_num=]         
Epoch 175:   0%|          | 0/47 [00:00<?, ?it/s, loss=0.334, v_num=]
Epoch 175:  43%|████▎     | 20/47 [00:00<00:01, 24.53it/s, loss=0.327, v_num=]
Epoch 175:  85%|████████▌ | 40/47 [00:01<00:00, 30.28it/s, loss=0.327, v_num=]
Epoch 175:  85%|████████▌ | 40/47 [00:01<00:00, 30.27it/s, loss=0.33, v_num=] 
Epoch 175: 100%|██████████| 47/47 [00:01<00:00, 26.68it/s, loss=0.332, v_num=]Evaluating...
NMI : 0.4281975312723923, ARI: 0.1888080637492472, ACC: 0.18967, current K: 4

Epoch 175:   0%|          | 0/47 [00:00<?, ?it/s, loss=0.332, v_num=]         
Epoch 176:   0%|          | 0/47 [00:00<?, ?it/s, loss=0.332, v_num=]/usr/local/lib/python3.13/dist-packages/torch/utils/data/dataloader.py:432: UserWarning: This DataLoader will create 6 worker processes in total. Our suggested max number of worker in current system is 2, which is smaller than what this DataLoader is going to create. Please be aware that excessive worker creation might get DataLoader running slow or even freeze, lower the worker number to avoid potential slowness/freeze if necessary.
  self.check_worker_number_rationality()

Epoch 176:  43%|████▎     | 20/47 [00:01<00:01, 18.43it/s, loss=0.331, v_num=]
Epoch 176:  85%|████████▌ | 40/47 [00:01<00:00, 22.38it/s, loss=0.331, v_num=]
Epoch 176:  85%|████████▌ | 40/47 [00:01<00:00, 22.37it/s, loss=0.329, v_num=]
Epoch 176: 100%|██████████| 47/47 [00:02<00:00, 21.37it/s, loss=0.335, v_num=]
Epoch 176:   0%|          | 0/47 [00:00<?, ?it/s, loss=0.335, v_num=]         
Epoch 177:   0%|          | 0/47 [00:00<?, ?it/s, loss=0.335, v_num=]
Epoch 177:  43%|████▎     | 20/47 [00:00<00:01, 20.88it/s, loss=0.33, v_num=]
Epoch 177:  85%|████████▌ | 40/47 [00:01<00:00, 26.83it/s, loss=0.33, v_num=]
Epoch 177:  85%|████████▌ | 40/47 [00:01<00:00, 26.82it/s, loss=0.322, v_num=]
Epoch 177: 100%|██████████| 47/47 [00:01<00:00, 26.34it/s, loss=0.33, v_num=] 
Epoch 177:   0%|          | 0/47 [00:00<?, ?it/s, loss=0.33, v_num=]         
Epoch 178:   0%|          | 0/47 [00:00<?, ?it/s, loss=0.33, v_num=]
Epoch 178:  43%|████▎     | 20/47 [00:00<00:01, 20.86it/s, loss=0.329, v_num=]
Epoch 178:  85%|████████▌ | 40/47 [00:01<00:00, 26.87it/s, loss=0.329, v_num=]
Epoch 178:  85%|████████▌ | 40/47 [00:01<00:00, 26.87it/s, loss=0.328, v_num=]
Epoch 178: 100%|██████████| 47/47 [00:01<00:00, 26.30it/s, loss=0.33, v_num=] 
Epoch 178:   0%|          | 0/47 [00:00<?, ?it/s, loss=0.33, v_num=]         
Epoch 179:   0%|          | 0/47 [00:00<?, ?it/s, loss=0.33, v_num=]
Epoch 179:  43%|████▎     | 20/47 [00:00<00:01, 24.82it/s, loss=0.328, v_num=]
Epoch 179:  85%|████████▌ | 40/47 [00:01<00:00, 30.16it/s, loss=0.328, v_num=]
Epoch 179:  85%|████████▌ | 40/47 [00:01<00:00, 30.15it/s, loss=0.329, v_num=]
Epoch 179: 100%|██████████| 47/47 [00:01<00:00, 28.75it/s, loss=0.326, v_num=]
Epoch 179:   0%|          | 0/47 [00:00<?, ?it/s, loss=0.326, v_num=]         
Epoch 180:   0%|          | 0/47 [00:00<?, ?it/s, loss=0.326, v_num=]
Epoch 180:  43%|████▎     | 20/47 [00:00<00:01, 24.55it/s, loss=0.328, v_num=]
Epoch 180:  85%|████████▌ | 40/47 [00:01<00:00, 30.06it/s, loss=0.328, v_num=]
Epoch 180:  85%|████████▌ | 40/47 [00:01<00:00, 30.05it/s, loss=0.327, v_num=]
Epoch 180: 100%|██████████| 47/47 [00:01<00:00, 28.51it/s, loss=0.324, v_num=]Evaluating...
NMI : 0.42931492406333327, ARI: 0.1893550624157822, ACC: 0.18967, current K: 4
Epoch 180 | NMI: 0.4293, ARI: 0.1894, ACC: 0.1897, current K: 4
Confusion Matrix:
[[ 30   2 231  37   0   0   0   0   0   0   0   0   0   0   0   0   0   0
    0   0]
 [  6 270  23   1   0   0   0   0   0   0   0   0   0   0   0   0   0   0
    0   0]
 [ 18   3  29 250   0   0   0   0   0   0   0   0   0   0   0   0   0   0
    0   0]
 [ 12 265   4  19   0   0   0   0   0   0   0   0   0   0   0   0   0   0
    0   0]
 [  1  17 278   4   0   0   0   0   0   0   0   0   0   0   0   0   0   0
    0   0]
 [261  18  18   3   0   0   0   0   0   0   0   0   0   0   0   0   0   0
    0   0]
 [  0  22   5 273   0   0   0   0   0   0   0   0   0   0   0   0   0   0
    0   0]
 [285   3   0  12   0   0   0   0   0   0   0   0   0   0   0   0   0   0
    0   0]
 [ 20   1  58 221   0   0   0   0   0   0   0   0   0   0   0   0   0   0
    0   0]
 [  4 276   1  19   0   0   0   0   0   0   0   0   0   0   0   0   0   0
    0   0]
 [ 34   0  53 213   0   0   0   0   0   0   0   0   0   0   0   0   0   0
    0   0]
 [  9 272  17   2   0   0   0   0   0   0   0   0   0   0   0   0   0   0
    0   0]
 [  0   6 288   6   0   0   0   0   0   0   0   0   0   0   0   0   0   0
    0   0]
 [ 25 261   0  14   0   0   0   0   0   0   0   0   0   0   0   0   0   0
    0   0]
 [  2   9   2 287   0   0   0   0   0   0   0   0   0   0   0   0   0   0
    0   0]
 [269  10  21   0   0   0   0   0   0   0   0   0   0   0   0   0   0   0
    0   0]
 [  2   7 279  12   0   0   0   0   0   0   0   0   0   0   0   0   0   0
    0   0]
 [112 177   4   7   0   0   0   0   0   0   0   0   0   0   0   0   0   0
    0   0]
 [  0  10   1 289   0   0   0   0   0   0   0   0   0   0   0   0   0   0
    0   0]
 [270  15   2  13   0   0   0   0   0   0   0   0   0   0   0   0   0   0
    0   0]]

Epoch 180:   0%|          | 0/47 [00:00<?, ?it/s, loss=0.324, v_num=]         
Epoch 181:   0%|          | 0/47 [00:00<?, ?it/s, loss=0.324, v_num=]/usr/local/lib/python3.13/dist-packages/torch/utils/data/dataloader.py:432: UserWarning: This DataLoader will create 6 worker processes in total. Our suggested max number of worker in current system is 2, which is smaller than what this DataLoader is going to create. Please be aware that excessive worker creation might get DataLoader running slow or even freeze, lower the worker number to avoid potential slowness/freeze if necessary.
  self.check_worker_number_rationality()

Epoch 181:  43%|████▎     | 20/47 [00:00<00:01, 24.09it/s, loss=0.328, v_num=]
Epoch 181:  85%|████████▌ | 40/47 [00:01<00:00, 29.52it/s, loss=0.328, v_num=]
Epoch 181:  85%|████████▌ | 40/47 [00:01<00:00, 29.51it/s, loss=0.333, v_num=]
Epoch 181: 100%|██████████| 47/47 [00:01<00:00, 28.34it/s, loss=0.328, v_num=]
Epoch 181:   0%|          | 0/47 [00:00<?, ?it/s, loss=0.328, v_num=]         
Epoch 182:   0%|          | 0/47 [00:00<?, ?it/s, loss=0.328, v_num=]
Epoch 182:  43%|████▎     | 20/47 [00:00<00:01, 24.36it/s, loss=0.328, v_num=]
Epoch 182:  85%|████████▌ | 40/47 [00:01<00:00, 29.49it/s, loss=0.328, v_num=]
Epoch 182:  85%|████████▌ | 40/47 [00:01<00:00, 29.49it/s, loss=0.335, v_num=]
Epoch 182: 100%|██████████| 47/47 [00:01<00:00, 28.28it/s, loss=0.33, v_num=] 
Epoch 182:   0%|          | 0/47 [00:00<?, ?it/s, loss=0.33, v_num=]         
Epoch 183:   0%|          | 0/47 [00:00<?, ?it/s, loss=0.33, v_num=]
Epoch 183:  43%|████▎     | 20/47 [00:01<00:01, 17.97it/s, loss=0.329, v_num=]
Epoch 183:  85%|████████▌ | 40/47 [00:01<00:00, 22.73it/s, loss=0.329, v_num=]
Epoch 183:  85%|████████▌ | 40/47 [00:01<00:00, 22.72it/s, loss=0.334, v_num=]
Epoch 183: 100%|██████████| 47/47 [00:02<00:00, 21.57it/s, loss=0.33, v_num=] 
Epoch 183:   0%|          | 0/47 [00:00<?, ?it/s, loss=0.33, v_num=]         
Epoch 184:   0%|          | 0/47 [00:00<?, ?it/s, loss=0.33, v_num=]
Epoch 184:  43%|████▎     | 20/47 [00:01<00:01, 16.70it/s, loss=0.328, v_num=]
Epoch 184:  85%|████████▌ | 40/47 [00:01<00:00, 23.05it/s, loss=0.328, v_num=]
Epoch 184:  85%|████████▌ | 40/47 [00:01<00:00, 23.04it/s, loss=0.334, v_num=]
Epoch 184: 100%|██████████| 47/47 [00:02<00:00, 22.99it/s, loss=0.33, v_num=] 
Epoch 184:   0%|          | 0/47 [00:00<?, ?it/s, loss=0.33, v_num=]         
Epoch 185:   0%|          | 0/47 [00:00<?, ?it/s, loss=0.33, v_num=]
Epoch 185:  43%|████▎     | 20/47 [00:00<00:01, 24.44it/s, loss=0.325, v_num=]
Epoch 185:  85%|████████▌ | 40/47 [00:01<00:00, 30.03it/s, loss=0.325, v_num=]
Epoch 185:  85%|████████▌ | 40/47 [00:01<00:00, 30.02it/s, loss=0.329, v_num=]
Epoch 185: 100%|██████████| 47/47 [00:01<00:00, 28.50it/s, loss=0.328, v_num=]Evaluating...
NMI : 0.4301031769267426, ARI: 0.18980154042057348, ACC: 0.18933, current K: 4

Epoch 185:   0%|          | 0/47 [00:00<?, ?it/s, loss=0.328, v_num=]         
Epoch 186:   0%|          | 0/47 [00:00<?, ?it/s, loss=0.328, v_num=]/usr/local/lib/python3.13/dist-packages/torch/utils/data/dataloader.py:432: UserWarning: This DataLoader will create 6 worker processes in total. Our suggested max number of worker in current system is 2, which is smaller than what this DataLoader is going to create. Please be aware that excessive worker creation might get DataLoader running slow or even freeze, lower the worker number to avoid potential slowness/freeze if necessary.
  self.check_worker_number_rationality()

Epoch 186:  43%|████▎     | 20/47 [00:00<00:01, 24.47it/s, loss=0.332, v_num=]
Epoch 186:  85%|████████▌ | 40/47 [00:01<00:00, 29.89it/s, loss=0.332, v_num=]
Epoch 186:  85%|████████▌ | 40/47 [00:01<00:00, 29.88it/s, loss=0.327, v_num=]
Epoch 186: 100%|██████████| 47/47 [00:01<00:00, 28.58it/s, loss=0.329, v_num=]
Epoch 186:   0%|          | 0/47 [00:00<?, ?it/s, loss=0.329, v_num=]         
Epoch 187:   0%|          | 0/47 [00:00<?, ?it/s, loss=0.329, v_num=]
Epoch 187:  43%|████▎     | 20/47 [00:00<00:01, 24.37it/s, loss=0.33, v_num=]
Epoch 187:  85%|████████▌ | 40/47 [00:01<00:00, 29.15it/s, loss=0.33, v_num=]
Epoch 187:  85%|████████▌ | 40/47 [00:01<00:00, 29.14it/s, loss=0.327, v_num=]
Epoch 187: 100%|██████████| 47/47 [00:01<00:00, 28.08it/s, loss=0.328, v_num=]
Epoch 187:   0%|          | 0/47 [00:00<?, ?it/s, loss=0.328, v_num=]         
Epoch 188:   0%|          | 0/47 [00:00<?, ?it/s, loss=0.328, v_num=]
Epoch 188:  43%|████▎     | 20/47 [00:00<00:01, 24.24it/s, loss=0.328, v_num=]
Epoch 188:  85%|████████▌ | 40/47 [00:01<00:00, 29.45it/s, loss=0.328, v_num=]
Epoch 188:  85%|████████▌ | 40/47 [00:01<00:00, 29.45it/s, loss=0.325, v_num=]
Epoch 188: 100%|██████████| 47/47 [00:01<00:00, 27.78it/s, loss=0.325, v_num=]
Epoch 188:   0%|          | 0/47 [00:00<?, ?it/s, loss=0.325, v_num=]         
Epoch 189:   0%|          | 0/47 [00:00<?, ?it/s, loss=0.325, v_num=]
Epoch 189:  43%|████▎     | 20/47 [00:00<00:01, 24.34it/s, loss=0.33, v_num=]
Epoch 189:  85%|████████▌ | 40/47 [00:01<00:00, 29.40it/s, loss=0.33, v_num=]
Epoch 189:  85%|████████▌ | 40/47 [00:01<00:00, 29.39it/s, loss=0.326, v_num=]
Epoch 189: 100%|██████████| 47/47 [00:01<00:00, 27.96it/s, loss=0.327, v_num=]
Epoch 189:   0%|          | 0/47 [00:00<?, ?it/s, loss=0.327, v_num=]         
Epoch 190:   0%|          | 0/47 [00:00<?, ?it/s, loss=0.327, v_num=]
Epoch 190:  43%|████▎     | 20/47 [00:00<00:01, 20.04it/s, loss=0.329, v_num=]
Epoch 190:  85%|████████▌ | 40/47 [00:01<00:00, 24.13it/s, loss=0.329, v_num=]
Epoch 190:  85%|████████▌ | 40/47 [00:01<00:00, 24.13it/s, loss=0.325, v_num=]
Epoch 190: 100%|██████████| 47/47 [00:02<00:00, 21.99it/s, loss=0.33, v_num=] Evaluating...
NMI : 0.43252034484061785, ARI: 0.19066802797712085, ACC: 0.1895, current K: 4
Epoch 190 | NMI: 0.4325, ARI: 0.1907, ACC: 0.1895, current K: 4
Confusion Matrix:
[[ 30   2 229  39   0   0   0   0   0   0   0   0   0   0   0   0   0   0
    0   0]
 [  5 271  23   1   0   0   0   0   0   0   0   0   0   0   0   0   0   0
    0   0]
 [ 18   4  27 251   0   0   0   0   0   0   0   0   0   0   0   0   0   0
    0   0]
 [ 11 266   4  19   0   0   0   0   0   0   0   0   0   0   0   0   0   0
    0   0]
 [  1  17 278   4   0   0   0   0   0   0   0   0   0   0   0   0   0   0
    0   0]
 [262  20  15   3   0   0   0   0   0   0   0   0   0   0   0   0   0   0
    0   0]
 [  0  21   2 277   0   0   0   0   0   0   0   0   0   0   0   0   0   0
    0   0]
 [284   4   0  12   0   0   0   0   0   0   0   0   0   0   0   0   0   0
    0   0]
 [ 24   1  48 227   0   0   0   0   0   0   0   0   0   0   0   0   0   0
    0   0]
 [  4 276   1  19   0   0   0   0   0   0   0   0   0   0   0   0   0   0
    0   0]
 [ 37   0  42 221   0   0   0   0   0   0   0   0   0   0   0   0   0   0
    0   0]
 [  8 273  17   2   0   0   0   0   0   0   0   0   0   0   0   0   0   0
    0   0]
 [  0   6 288   6   0   0   0   0   0   0   0   0   0   0   0   0   0   0
    0   0]
 [ 23 263   0  14   0   0   0   0   0   0   0   0   0   0   0   0   0   0
    0   0]
 [  2   9   2 287   0   0   0   0   0   0   0   0   0   0   0   0   0   0
    0   0]
 [272  10  18   0   0   0   0   0   0   0   0   0   0   0   0   0   0   0
    0   0]
 [  2   7 277  14   0   0   0   0   0   0   0   0   0   0   0   0   0   0
    0   0]
 [101 188   4   7   0   0   0   0   0   0   0   0   0   0   0   0   0   0
    0   0]
 [  0  10   1 289   0   0   0   0   0   0   0   0   0   0   0   0   0   0
    0   0]
 [270  15   2  13   0   0   0   0   0   0   0   0   0   0   0   0   0   0
    0   0]]

Epoch 190:   0%|          | 0/47 [00:00<?, ?it/s, loss=0.33, v_num=]         
Epoch 191:   0%|          | 0/47 [00:00<?, ?it/s, loss=0.33, v_num=]/usr/local/lib/python3.13/dist-packages/torch/utils/data/dataloader.py:432: UserWarning: This DataLoader will create 6 worker processes in total. Our suggested max number of worker in current system is 2, which is smaller than what this DataLoader is going to create. Please be aware that excessive worker creation might get DataLoader running slow or even freeze, lower the worker number to avoid potential slowness/freeze if necessary.
  self.check_worker_number_rationality()

Epoch 191:  43%|████▎     | 20/47 [00:01<00:01, 16.66it/s, loss=0.33, v_num=]
Epoch 191:  85%|████████▌ | 40/47 [00:01<00:00, 22.13it/s, loss=0.33, v_num=]
Epoch 191:  85%|████████▌ | 40/47 [00:01<00:00, 22.13it/s, loss=0.329, v_num=]
Epoch 191: 100%|██████████| 47/47 [00:02<00:00, 22.30it/s, loss=0.327, v_num=]
Epoch 191:   0%|          | 0/47 [00:00<?, ?it/s, loss=0.327, v_num=]         
Epoch 192:   0%|          | 0/47 [00:00<?, ?it/s, loss=0.327, v_num=]
Epoch 192:  43%|████▎     | 20/47 [00:00<00:01, 24.51it/s, loss=0.324, v_num=]
Epoch 192:  85%|████████▌ | 40/47 [00:01<00:00, 30.20it/s, loss=0.324, v_num=]
Epoch 192:  85%|████████▌ | 40/47 [00:01<00:00, 30.19it/s, loss=0.328, v_num=]
Epoch 192: 100%|██████████| 47/47 [00:01<00:00, 28.79it/s, loss=0.328, v_num=]
Epoch 192:   0%|          | 0/47 [00:00<?, ?it/s, loss=0.328, v_num=]         
Epoch 193:   0%|          | 0/47 [00:00<?, ?it/s, loss=0.328, v_num=]
Epoch 193:  43%|████▎     | 20/47 [00:00<00:01, 24.47it/s, loss=0.323, v_num=]
Epoch 193:  85%|████████▌ | 40/47 [00:01<00:00, 29.76it/s, loss=0.323, v_num=]
Epoch 193:  85%|████████▌ | 40/47 [00:01<00:00, 29.75it/s, loss=0.329, v_num=]
Epoch 193: 100%|██████████| 47/47 [00:01<00:00, 28.40it/s, loss=0.33, v_num=] 
Epoch 193:   0%|          | 0/47 [00:00<?, ?it/s, loss=0.33, v_num=]         
Epoch 194:   0%|          | 0/47 [00:00<?, ?it/s, loss=0.33, v_num=]
Epoch 194:  43%|████▎     | 20/47 [00:00<00:01, 24.51it/s, loss=0.328, v_num=]
Epoch 194:  85%|████████▌ | 40/47 [00:01<00:00, 29.68it/s, loss=0.328, v_num=]
Epoch 194:  85%|████████▌ | 40/47 [00:01<00:00, 29.67it/s, loss=0.326, v_num=]
Epoch 194: 100%|██████████| 47/47 [00:01<00:00, 28.65it/s, loss=0.325, v_num=]
Epoch 194:   0%|          | 0/47 [00:00<?, ?it/s, loss=0.325, v_num=]         
Epoch 195:   0%|          | 0/47 [00:00<?, ?it/s, loss=0.325, v_num=]
Epoch 195:  43%|████▎     | 20/47 [00:00<00:01, 21.83it/s, loss=0.321, v_num=]
Epoch 195:  85%|████████▌ | 40/47 [00:01<00:00, 28.18it/s, loss=0.321, v_num=]
Epoch 195:  85%|████████▌ | 40/47 [00:01<00:00, 28.17it/s, loss=0.332, v_num=]
Epoch 195: 100%|██████████| 47/47 [00:01<00:00, 27.20it/s, loss=0.328, v_num=]Evaluating...
NMI : 0.43371419113915555, ARI: 0.19113500331220945, ACC: 0.18983, current K: 4

Epoch 195:   0%|          | 0/47 [00:00<?, ?it/s, loss=0.328, v_num=]         
Epoch 196:   0%|          | 0/47 [00:00<?, ?it/s, loss=0.328, v_num=]/usr/local/lib/python3.13/dist-packages/torch/utils/data/dataloader.py:432: UserWarning: This DataLoader will create 6 worker processes in total. Our suggested max number of worker in current system is 2, which is smaller than what this DataLoader is going to create. Please be aware that excessive worker creation might get DataLoader running slow or even freeze, lower the worker number to avoid potential slowness/freeze if necessary.
  self.check_worker_number_rationality()

Epoch 196:  43%|████▎     | 20/47 [00:00<00:01, 24.37it/s, loss=0.326, v_num=]
Epoch 196:  85%|████████▌ | 40/47 [00:01<00:00, 29.73it/s, loss=0.326, v_num=]
Epoch 196:  85%|████████▌ | 40/47 [00:01<00:00, 29.73it/s, loss=0.325, v_num=]
Epoch 196: 100%|██████████| 47/47 [00:01<00:00, 28.48it/s, loss=0.325, v_num=]
Epoch 196:   0%|          | 0/47 [00:00<?, ?it/s, loss=0.325, v_num=]         
Epoch 197:   0%|          | 0/47 [00:00<?, ?it/s, loss=0.325, v_num=]
Epoch 197:  43%|████▎     | 20/47 [00:00<00:01, 23.67it/s, loss=0.324, v_num=]
Epoch 197:  85%|████████▌ | 40/47 [00:01<00:00, 26.13it/s, loss=0.324, v_num=]
Epoch 197:  85%|████████▌ | 40/47 [00:01<00:00, 26.13it/s, loss=0.325, v_num=]
Epoch 197: 100%|██████████| 47/47 [00:01<00:00, 24.32it/s, loss=0.331, v_num=]
Epoch 197:   0%|          | 0/47 [00:00<?, ?it/s, loss=0.331, v_num=]         
Epoch 198:   0%|          | 0/47 [00:00<?, ?it/s, loss=0.331, v_num=]
Epoch 198:  43%|████▎     | 20/47 [00:01<00:01, 17.63it/s, loss=0.329, v_num=]
Epoch 198:  85%|████████▌ | 40/47 [00:01<00:00, 21.19it/s, loss=0.329, v_num=]
Epoch 198:  85%|████████▌ | 40/47 [00:01<00:00, 21.19it/s, loss=0.324, v_num=]
Epoch 198: 100%|██████████| 47/47 [00:02<00:00, 21.59it/s, loss=0.329, v_num=]
Epoch 198:   0%|          | 0/47 [00:00<?, ?it/s, loss=0.329, v_num=]         
Epoch 199:   0%|          | 0/47 [00:00<?, ?it/s, loss=0.329, v_num=]
Epoch 199:  43%|████▎     | 20/47 [00:00<00:01, 23.77it/s, loss=0.33, v_num=]
Epoch 199:  85%|████████▌ | 40/47 [00:01<00:00, 29.37it/s, loss=0.33, v_num=]
Epoch 199:  85%|████████▌ | 40/47 [00:01<00:00, 29.36it/s, loss=0.33, v_num=]
Epoch 199: 100%|██████████| 47/47 [00:01<00:00, 28.05it/s, loss=0.327, v_num=]
Epoch 199:   0%|          | 0/47 [00:00<?, ?it/s, loss=0.327, v_num=]         
Epoch 200:   0%|          | 0/47 [00:00<?, ?it/s, loss=0.327, v_num=]
Epoch 200:  43%|████▎     | 20/47 [00:00<00:01, 25.22it/s, loss=0.325, v_num=]
Epoch 200:  85%|████████▌ | 40/47 [00:01<00:00, 30.52it/s, loss=0.325, v_num=]
Epoch 200:  85%|████████▌ | 40/47 [00:01<00:00, 30.51it/s, loss=0.325, v_num=]
Epoch 200: 100%|██████████| 47/47 [00:01<00:00, 28.96it/s, loss=0.326, v_num=]Evaluating...
NMI : 0.43732581602692805, ARI: 0.19257704861771582, ACC: 0.19033, current K: 4
Epoch 200 | NMI: 0.4373, ARI: 0.1926, ACC: 0.1903, current K: 4
Confusion Matrix:
[[ 31   2 228  39   0   0   0   0   0   0   0   0   0   0   0   0   0   0
    0   0]
 [  5 271  23   1   0   0   0   0   0   0   0   0   0   0   0   0   0   0
    0   0]
 [ 19   4  25 252   0   0   0   0   0   0   0   0   0   0   0   0   0   0
    0   0]
 [  9 266   4  21   0   0   0   0   0   0   0   0   0   0   0   0   0   0
    0   0]
 [  1  17 278   4   0   0   0   0   0   0   0   0   0   0   0   0   0   0
    0   0]
 [263  20  13   4   0   0   0   0   0   0   0   0   0   0   0   0   0   0
    0   0]
 [  0  20   2 278   0   0   0   0   0   0   0   0   0   0   0   0   0   0
    0   0]
 [289   2   0   9   0   0   0   0   0   0   0   0   0   0   0   0   0   0
    0   0]
 [ 28   1  40 231   0   0   0   0   0   0   0   0   0   0   0   0   0   0
    0   0]
 [  4 275   1  20   0   0   0   0   0   0   0   0   0   0   0   0   0   0
    0   0]
 [ 39   0  36 225   0   0   0   0   0   0   0   0   0   0   0   0   0   0
    0   0]
 [  6 274  18   2   0   0   0   0   0   0   0   0   0   0   0   0   0   0
    0   0]
 [  0   6 289   5   0   0   0   0   0   0   0   0   0   0   0   0   0   0
    0   0]
 [ 20 267   0  13   0   0   0   0   0   0   0   0   0   0   0   0   0   0
    0   0]
 [  2   8   1 289   0   0   0   0   0   0   0   0   0   0   0   0   0   0
    0   0]
 [273  10  17   0   0   0   0   0   0   0   0   0   0   0   0   0   0   0
    0   0]
 [  2   7 277  14   0   0   0   0   0   0   0   0   0   0   0   0   0   0
    0   0]
 [ 96 194   2   8   0   0   0   0   0   0   0   0   0   0   0   0   0   0
    0   0]
 [  0  10   2 288   0   0   0   0   0   0   0   0   0   0   0   0   0   0
    0   0]
 [270  15   2  13   0   0   0   0   0   0   0   0   0   0   0   0   0   0
    0   0]]

Epoch 200:   0%|          | 0/47 [00:00<?, ?it/s, loss=0.326, v_num=]         
Epoch 201:   0%|          | 0/47 [00:00<?, ?it/s, loss=0.326, v_num=]/usr/local/lib/python3.13/dist-packages/torch/utils/data/dataloader.py:432: UserWarning: This DataLoader will create 6 worker processes in total. Our suggested max number of worker in current system is 2, which is smaller than what this DataLoader is going to create. Please be aware that excessive worker creation might get DataLoader running slow or even freeze, lower the worker number to avoid potential slowness/freeze if necessary.
  self.check_worker_number_rationality()

Epoch 201:  43%|████▎     | 20/47 [00:00<00:01, 25.04it/s, loss=0.327, v_num=]
Epoch 201:  85%|████████▌ | 40/47 [00:01<00:00, 30.18it/s, loss=0.327, v_num=]
Epoch 201:  85%|████████▌ | 40/47 [00:01<00:00, 30.18it/s, loss=0.324, v_num=]
Epoch 201: 100%|██████████| 47/47 [00:01<00:00, 28.80it/s, loss=0.323, v_num=]
Epoch 201:   0%|          | 0/47 [00:00<?, ?it/s, loss=0.323, v_num=]         
Epoch 202:   0%|          | 0/47 [00:00<?, ?it/s, loss=0.323, v_num=]
Epoch 202:  43%|████▎     | 20/47 [00:00<00:01, 24.52it/s, loss=0.331, v_num=]
Epoch 202:  85%|████████▌ | 40/47 [00:01<00:00, 30.10it/s, loss=0.331, v_num=]
Epoch 202:  85%|████████▌ | 40/47 [00:01<00:00, 30.09it/s, loss=0.324, v_num=]
Epoch 202: 100%|██████████| 47/47 [00:01<00:00, 28.63it/s, loss=0.326, v_num=]
Epoch 202:   0%|          | 0/47 [00:00<?, ?it/s, loss=0.326, v_num=]         
Epoch 203:   0%|          | 0/47 [00:00<?, ?it/s, loss=0.326, v_num=]
Epoch 203:  43%|████▎     | 20/47 [00:00<00:01, 24.03it/s, loss=0.33, v_num=]
Epoch 203:  85%|████████▌ | 40/47 [00:01<00:00, 29.38it/s, loss=0.33, v_num=]
Epoch 203:  85%|████████▌ | 40/47 [00:01<00:00, 29.37it/s, loss=0.325, v_num=]
Epoch 203: 100%|██████████| 47/47 [00:01<00:00, 28.16it/s, loss=0.322, v_num=]
Epoch 203:   0%|          | 0/47 [00:00<?, ?it/s, loss=0.322, v_num=]         
Epoch 204:   0%|          | 0/47 [00:00<?, ?it/s, loss=0.322, v_num=]
Epoch 204:  43%|████▎     | 20/47 [00:00<00:01, 24.19it/s, loss=0.327, v_num=]
Epoch 204:  85%|████████▌ | 40/47 [00:01<00:00, 27.39it/s, loss=0.327, v_num=]
Epoch 204:  85%|████████▌ | 40/47 [00:01<00:00, 27.39it/s, loss=0.324, v_num=]
Epoch 204: 100%|██████████| 47/47 [00:01<00:00, 24.83it/s, loss=0.328, v_num=]
Epoch 204:   0%|          | 0/47 [00:00<?, ?it/s, loss=0.328, v_num=]         
Epoch 205:   0%|          | 0/47 [00:00<?, ?it/s, loss=0.328, v_num=]
Epoch 205:  43%|████▎     | 20/47 [00:01<00:01, 18.00it/s, loss=0.326, v_num=]
Epoch 205:  85%|████████▌ | 40/47 [00:01<00:00, 21.82it/s, loss=0.326, v_num=]
Epoch 205:  85%|████████▌ | 40/47 [00:01<00:00, 21.82it/s, loss=0.326, v_num=]
Epoch 205: 100%|██████████| 47/47 [00:02<00:00, 20.84it/s, loss=0.324, v_num=]Evaluating...
NMI : 0.4405395251109572, ARI: 0.19370678731464444, ACC: 0.19033, current K: 4

Epoch 205:   0%|          | 0/47 [00:00<?, ?it/s, loss=0.324, v_num=]         
Epoch 206:   0%|          | 0/47 [00:00<?, ?it/s, loss=0.324, v_num=]/usr/local/lib/python3.13/dist-packages/torch/utils/data/dataloader.py:432: UserWarning: This DataLoader will create 6 worker processes in total. Our suggested max number of worker in current system is 2, which is smaller than what this DataLoader is going to create. Please be aware that excessive worker creation might get DataLoader running slow or even freeze, lower the worker number to avoid potential slowness/freeze if necessary.
  self.check_worker_number_rationality()

Epoch 206:  43%|████▎     | 20/47 [00:00<00:01, 24.09it/s, loss=0.326, v_num=]
Epoch 206:  85%|████████▌ | 40/47 [00:01<00:00, 29.75it/s, loss=0.326, v_num=]
Epoch 206:  85%|████████▌ | 40/47 [00:01<00:00, 29.74it/s, loss=0.327, v_num=]
Epoch 206: 100%|██████████| 47/47 [00:01<00:00, 28.59it/s, loss=0.329, v_num=]
Epoch 206:   0%|          | 0/47 [00:00<?, ?it/s, loss=0.329, v_num=]         
Epoch 207:   0%|          | 0/47 [00:00<?, ?it/s, loss=0.329, v_num=]
Epoch 207:  43%|████▎     | 20/47 [00:00<00:01, 24.90it/s, loss=0.324, v_num=]
Epoch 207:  85%|████████▌ | 40/47 [00:01<00:00, 30.37it/s, loss=0.324, v_num=]
Epoch 207:  85%|████████▌ | 40/47 [00:01<00:00, 30.36it/s, loss=0.326, v_num=]
Epoch 207: 100%|██████████| 47/47 [00:01<00:00, 28.81it/s, loss=0.324, v_num=]
Epoch 207:   0%|          | 0/47 [00:00<?, ?it/s, loss=0.324, v_num=]         
Epoch 208:   0%|          | 0/47 [00:00<?, ?it/s, loss=0.324, v_num=]
Epoch 208:  43%|████▎     | 20/47 [00:00<00:01, 25.00it/s, loss=0.328, v_num=]
Epoch 208:  85%|████████▌ | 40/47 [00:01<00:00, 30.30it/s, loss=0.328, v_num=]
Epoch 208:  85%|████████▌ | 40/47 [00:01<00:00, 30.30it/s, loss=0.321, v_num=]
Epoch 208: 100%|██████████| 47/47 [00:01<00:00, 28.98it/s, loss=0.329, v_num=]
Epoch 208:   0%|          | 0/47 [00:00<?, ?it/s, loss=0.329, v_num=]         
Epoch 209:   0%|          | 0/47 [00:00<?, ?it/s, loss=0.329, v_num=]
Epoch 209:  43%|████▎     | 20/47 [00:00<00:01, 24.36it/s, loss=0.328, v_num=]
Epoch 209:  85%|████████▌ | 40/47 [00:01<00:00, 29.67it/s, loss=0.328, v_num=]
Epoch 209:  85%|████████▌ | 40/47 [00:01<00:00, 29.66it/s, loss=0.324, v_num=]
Epoch 209: 100%|██████████| 47/47 [00:01<00:00, 28.16it/s, loss=0.322, v_num=]
Epoch 209:   0%|          | 0/47 [00:00<?, ?it/s, loss=0.322, v_num=]         
Epoch 210:   0%|          | 0/47 [00:00<?, ?it/s, loss=0.322, v_num=]
Epoch 210:  43%|████▎     | 20/47 [00:00<00:01, 24.88it/s, loss=0.327, v_num=]
Epoch 210:  85%|████████▌ | 40/47 [00:01<00:00, 30.43it/s, loss=0.327, v_num=]
Epoch 210:  85%|████████▌ | 40/47 [00:01<00:00, 30.42it/s, loss=0.322, v_num=]
Epoch 210: 100%|██████████| 47/47 [00:01<00:00, 28.81it/s, loss=0.321, v_num=]Evaluating...
NMI : 0.4415314803803952, ARI: 0.19389143085047225, ACC: 0.19017, current K: 4
Epoch 210 | NMI: 0.4415, ARI: 0.1939, ACC: 0.1902, current K: 4
Confusion Matrix:
[[ 30   1 228  41   0   0   0   0   0   0   0   0   0   0   0   0   0   0
    0   0]
 [  3 274  22   1   0   0   0   0   0   0   0   0   0   0   0   0   0   0
    0   0]
 [ 19   4  24 253   0   0   0   0   0   0   0   0   0   0   0   0   0   0
    0   0]
 [  9 266   4  21   0   0   0   0   0   0   0   0   0   0   0   0   0   0
    0   0]
 [  1  17 278   4   0   0   0   0   0   0   0   0   0   0   0   0   0   0
    0   0]
 [262  22  12   4   0   0   0   0   0   0   0   0   0   0   0   0   0   0
    0   0]
 [  0  20   2 278   0   0   0   0   0   0   0   0   0   0   0   0   0   0
    0   0]
 [289   2   0   9   0   0   0   0   0   0   0   0   0   0   0   0   0   0
    0   0]
 [ 27   1  25 247   0   0   0   0   0   0   0   0   0   0   0   0   0   0
    0   0]
 [  4 274   1  21   0   0   0   0   0   0   0   0   0   0   0   0   0   0
    0   0]
 [ 39   0  32 229   0   0   0   0   0   0   0   0   0   0   0   0   0   0
    0   0]
 [  6 273  19   2   0   0   0   0   0   0   0   0   0   0   0   0   0   0
    0   0]
 [  0   6 289   5   0   0   0   0   0   0   0   0   0   0   0   0   0   0
    0   0]
 [ 18 268   0  14   0   0   0   0   0   0   0   0   0   0   0   0   0   0
    0   0]
 [  2   8   1 289   0   0   0   0   0   0   0   0   0   0   0   0   0   0
    0   0]
 [273   9  18   0   0   0   0   0   0   0   0   0   0   0   0   0   0   0
    0   0]
 [  0   7 278  15   0   0   0   0   0   0   0   0   0   0   0   0   0   0
    0   0]
 [ 90 200   2   8   0   0   0   0   0   0   0   0   0   0   0   0   0   0
    0   0]
 [  0  10   2 288   0   0   0   0   0   0   0   0   0   0   0   0   0   0
    0   0]
 [269  16   2  13   0   0   0   0   0   0   0   0   0   0   0   0   0   0
    0   0]]

Epoch 210:   0%|          | 0/47 [00:00<?, ?it/s, loss=0.321, v_num=]         
Epoch 211:   0%|          | 0/47 [00:00<?, ?it/s, loss=0.321, v_num=]/usr/local/lib/python3.13/dist-packages/torch/utils/data/dataloader.py:432: UserWarning: This DataLoader will create 6 worker processes in total. Our suggested max number of worker in current system is 2, which is smaller than what this DataLoader is going to create. Please be aware that excessive worker creation might get DataLoader running slow or even freeze, lower the worker number to avoid potential slowness/freeze if necessary.
  self.check_worker_number_rationality()

Epoch 211:  43%|████▎     | 20/47 [00:00<00:01, 24.32it/s, loss=0.326, v_num=]
Epoch 211:  85%|████████▌ | 40/47 [00:01<00:00, 29.95it/s, loss=0.326, v_num=]
Epoch 211:  85%|████████▌ | 40/47 [00:01<00:00, 29.94it/s, loss=0.324, v_num=]
Epoch 211: 100%|██████████| 47/47 [00:01<00:00, 28.66it/s, loss=0.327, v_num=]
Epoch 211:   0%|          | 0/47 [00:00<?, ?it/s, loss=0.327, v_num=]         
Epoch 212:   0%|          | 0/47 [00:00<?, ?it/s, loss=0.327, v_num=]
Epoch 212:  43%|████▎     | 20/47 [00:01<00:01, 18.20it/s, loss=0.327, v_num=]
Epoch 212:  85%|████████▌ | 40/47 [00:01<00:00, 23.31it/s, loss=0.327, v_num=]
Epoch 212:  85%|████████▌ | 40/47 [00:01<00:00, 23.30it/s, loss=0.32, v_num=] 
Epoch 212: 100%|██████████| 47/47 [00:02<00:00, 21.84it/s, loss=0.319, v_num=]
Epoch 212:   0%|          | 0/47 [00:00<?, ?it/s, loss=0.319, v_num=]         
Epoch 213:   0%|          | 0/47 [00:00<?, ?it/s, loss=0.319, v_num=]
Epoch 213:  43%|████▎     | 20/47 [00:01<00:01, 18.14it/s, loss=0.324, v_num=]
Epoch 213:  85%|████████▌ | 40/47 [00:01<00:00, 24.90it/s, loss=0.324, v_num=]
Epoch 213:  85%|████████▌ | 40/47 [00:01<00:00, 24.90it/s, loss=0.323, v_num=]
Epoch 213: 100%|██████████| 47/47 [00:01<00:00, 24.67it/s, loss=0.321, v_num=]
Epoch 213:   0%|          | 0/47 [00:00<?, ?it/s, loss=0.321, v_num=]         
Epoch 214:   0%|          | 0/47 [00:00<?, ?it/s, loss=0.321, v_num=]
Epoch 214:  43%|████▎     | 20/47 [00:00<00:01, 25.37it/s, loss=0.325, v_num=]
Epoch 214:  85%|████████▌ | 40/47 [00:01<00:00, 30.58it/s, loss=0.325, v_num=]
Epoch 214:  85%|████████▌ | 40/47 [00:01<00:00, 30.57it/s, loss=0.321, v_num=]
Epoch 214: 100%|██████████| 47/47 [00:01<00:00, 29.24it/s, loss=0.322, v_num=]
Epoch 214:   0%|          | 0/47 [00:00<?, ?it/s, loss=0.322, v_num=]         
Epoch 215:   0%|          | 0/47 [00:00<?, ?it/s, loss=0.322, v_num=]
Epoch 215:  43%|████▎     | 20/47 [00:00<00:01, 24.84it/s, loss=0.321, v_num=]
Epoch 215:  85%|████████▌ | 40/47 [00:01<00:00, 30.05it/s, loss=0.321, v_num=]
Epoch 215:  85%|████████▌ | 40/47 [00:01<00:00, 30.04it/s, loss=0.321, v_num=]
Epoch 215: 100%|██████████| 47/47 [00:01<00:00, 28.78it/s, loss=0.327, v_num=]/content/DeepDPM-New/src/clustering_models/clusternet_modules/clusternetasmodel.py:682: UserWarning: To copy construct from a tensor, it is recommended to use sourceTensor.detach().clone() or sourceTensor.detach().clone().requires_grad_(True), rather than torch.tensor(sourceTensor).
  mus_ind_to_split = torch.nonzero(torch.tensor(split_decisions), as_tuple=False)
Splitting clusters [0 1 3]
Evaluating...
NMI : 0.44659877176103974, ARI: 0.1959353653916284, ACC: 0.19033, current K: 4
[Split] K updated → 7 clusters
  [Epoch 215] losses at split → cluster_loss=0.0207, subcluster_loss=0.6262

Epoch 215:   0%|          | 0/47 [00:00<?, ?it/s, loss=0.327, v_num=]         
Epoch 216:   0%|          | 0/47 [00:00<?, ?it/s, loss=0.327, v_num=]/usr/local/lib/python3.13/dist-packages/torch/utils/data/dataloader.py:432: UserWarning: This DataLoader will create 6 worker processes in total. Our suggested max number of worker in current system is 2, which is smaller than what this DataLoader is going to create. Please be aware that excessive worker creation might get DataLoader running slow or even freeze, lower the worker number to avoid potential slowness/freeze if necessary.
  self.check_worker_number_rationality()

Epoch 216:  43%|████▎     | 20/47 [00:01<00:01, 19.04it/s, loss=0.656, v_num=]
Epoch 216:  85%|████████▌ | 40/47 [00:01<00:00, 22.56it/s, loss=0.656, v_num=]
Epoch 216:  85%|████████▌ | 40/47 [00:01<00:00, 22.55it/s, loss=0.582, v_num=]
Epoch 216: 100%|██████████| 47/47 [00:02<00:00, 22.05it/s, loss=0.576, v_num=]
Epoch 216:   0%|          | 0/47 [00:00<?, ?it/s, loss=0.576, v_num=]         
Epoch 217:   0%|          | 0/47 [00:00<?, ?it/s, loss=0.576, v_num=]
Epoch 217:  43%|████▎     | 20/47 [00:00<00:01, 20.75it/s, loss=0.569, v_num=]
Epoch 217:  85%|████████▌ | 40/47 [00:01<00:00, 24.36it/s, loss=0.569, v_num=]
Epoch 217:  85%|████████▌ | 40/47 [00:01<00:00, 24.36it/s, loss=0.527, v_num=]
Epoch 217: 100%|██████████| 47/47 [00:01<00:00, 23.63it/s, loss=0.51, v_num=] 
Epoch 217:   0%|          | 0/47 [00:00<?, ?it/s, loss=0.51, v_num=]         
Epoch 218:   0%|          | 0/47 [00:00<?, ?it/s, loss=0.51, v_num=]
Epoch 218:  43%|████▎     | 20/47 [00:00<00:01, 21.09it/s, loss=0.485, v_num=]
Epoch 218:  85%|████████▌ | 40/47 [00:01<00:00, 23.33it/s, loss=0.485, v_num=]
Epoch 218:  85%|████████▌ | 40/47 [00:01<00:00, 23.32it/s, loss=0.482, v_num=]
Epoch 218: 100%|██████████| 47/47 [00:02<00:00, 21.27it/s, loss=0.466, v_num=]
Epoch 218:   0%|          | 0/47 [00:00<?, ?it/s, loss=0.466, v_num=]         
Epoch 219:   0%|          | 0/47 [00:00<?, ?it/s, loss=0.466, v_num=]
Epoch 219:  43%|████▎     | 20/47 [00:01<00:01, 15.25it/s, loss=0.447, v_num=]
Epoch 219:  85%|████████▌ | 40/47 [00:02<00:00, 17.68it/s, loss=0.447, v_num=]
Epoch 219:  85%|████████▌ | 40/47 [00:02<00:00, 17.67it/s, loss=0.436, v_num=]
Epoch 219: 100%|██████████| 47/47 [00:02<00:00, 17.84it/s, loss=0.43, v_num=] 
Epoch 219:   0%|          | 0/47 [00:00<?, ?it/s, loss=0.43, v_num=]         
Epoch 220:   0%|          | 0/47 [00:00<?, ?it/s, loss=0.43, v_num=]
Epoch 220:  43%|████▎     | 20/47 [00:00<00:01, 20.61it/s, loss=0.424, v_num=]
Epoch 220:  85%|████████▌ | 40/47 [00:01<00:00, 23.84it/s, loss=0.424, v_num=]
Epoch 220:  85%|████████▌ | 40/47 [00:01<00:00, 23.84it/s, loss=0.411, v_num=]
Epoch 220: 100%|██████████| 47/47 [00:02<00:00, 22.67it/s, loss=0.404, v_num=]Evaluating...
NMI : 0.5246239746916102, ARI: 0.2829932206143666, ACC: 0.30033, current K: 7
Epoch 220 | NMI: 0.5246, ARI: 0.2830, ACC: 0.3003, current K: 7
Confusion Matrix:
[[243  14   8   0   1  13  21   0   0   0   0   0   0   0   0   0   0   0
    0   0]
 [ 23   2   1 261  12   0   1   0   0   0   0   0   0   0   0   0   0   0
    0   0]
 [ 26   3  18   4   0 234  15   0   0   0   0   0   0   0   0   0   0   0
    0   0]
 [  4   6   1  34 241   1  13   0   0   0   0   0   0   0   0   0   0   0
    0   0]
 [281   0   0   5  11   0   3   0   0   0   0   0   0   0   0   0   0   0
    0   0]
 [ 12  56 204  23   0   4   1   0   0   0   0   0   0   0   0   0   0   0
    0   0]
 [  3   0   0  16   5   4 272   0   0   0   0   0   0   0   0   0   0   0
    0   0]
 [  0 209  83   1   1   1   5   0   0   0   0   0   0   0   0   0   0   0
    0   0]
 [ 17   3  23   1   0 251   5   0   0   0   0   0   0   0   0   0   0   0
    0   0]
 [  1   3   1  73 199   1  22   0   0   0   0   0   0   0   0   0   0   0
    0   0]
 [ 39   5  38   0   0 134  84   0   0   0   0   0   0   0   0   0   0   0
    0   0]
 [ 21   4   2 270   1   2   0   0   0   0   0   0   0   0   0   0   0   0
    0   0]
 [291   0   0   6   0   2   1   0   0   0   0   0   0   0   0   0   0   0
    0   0]
 [  0   1  18 265   2  12   2   0   0   0   0   0   0   0   0   0   0   0
    0   0]
 [  3   1   1   0   7   7 281   0   0   0   0   0   0   0   0   0   0   0
    0   0]
 [ 23 264   4   1   8   0   0   0   0   0   0   0   0   0   0   0   0   0
    0   0]
 [285   0   0   5   0  10   0   0   0   0   0   0   0   0   0   0   0   0
    0   0]
 [  1   9  76 205   0   9   0   0   0   0   0   0   0   0   0   0   0   0
    0   0]
 [  2   0   0   1   9   7 281   0   0   0   0   0   0   0   0   0   0   0
    0   0]
 [  2 233  40  16   0   1   8   0   0   0   0   0   0   0   0   0   0   0
    0   0]]

Epoch 220:   0%|          | 0/47 [00:00<?, ?it/s, loss=0.404, v_num=]         
Epoch 221:   0%|          | 0/47 [00:00<?, ?it/s, loss=0.404, v_num=]/usr/local/lib/python3.13/dist-packages/torch/utils/data/dataloader.py:432: UserWarning: This DataLoader will create 6 worker processes in total. Our suggested max number of worker in current system is 2, which is smaller than what this DataLoader is going to create. Please be aware that excessive worker creation might get DataLoader running slow or even freeze, lower the worker number to avoid potential slowness/freeze if necessary.
  self.check_worker_number_rationality()

Epoch 221:  43%|████▎     | 20/47 [00:00<00:01, 20.73it/s, loss=0.397, v_num=]
Epoch 221:  85%|████████▌ | 40/47 [00:01<00:00, 24.51it/s, loss=0.397, v_num=]
Epoch 221:  85%|████████▌ | 40/47 [00:01<00:00, 24.51it/s, loss=0.383, v_num=]
Epoch 221: 100%|██████████| 47/47 [00:02<00:00, 23.49it/s, loss=0.38, v_num=] 
Epoch 221:   0%|          | 0/47 [00:00<?, ?it/s, loss=0.38, v_num=]         
Epoch 222:   0%|          | 0/47 [00:00<?, ?it/s, loss=0.38, v_num=]
Epoch 222:  43%|████▎     | 20/47 [00:00<00:01, 21.19it/s, loss=0.298, v_num=]
Epoch 222:  85%|████████▌ | 40/47 [00:01<00:00, 24.65it/s, loss=0.298, v_num=]
Epoch 222:  85%|████████▌ | 40/47 [00:01<00:00, 24.64it/s, loss=0.293, v_num=]
Epoch 222: 100%|██████████| 47/47 [00:01<00:00, 23.52it/s, loss=0.295, v_num=]
Epoch 222:   0%|          | 0/47 [00:00<?, ?it/s, loss=0.295, v_num=]         
Epoch 223:   0%|          | 0/47 [00:00<?, ?it/s, loss=0.295, v_num=]
Epoch 223:  43%|████▎     | 20/47 [00:00<00:01, 20.83it/s, loss=0.296, v_num=]
Epoch 223:  85%|████████▌ | 40/47 [00:01<00:00, 24.16it/s, loss=0.296, v_num=]
Epoch 223:  85%|████████▌ | 40/47 [00:01<00:00, 24.16it/s, loss=0.297, v_num=]
Epoch 223: 100%|██████████| 47/47 [00:02<00:00, 23.12it/s, loss=0.301, v_num=]
Epoch 223:   0%|          | 0/47 [00:00<?, ?it/s, loss=0.301, v_num=]         
Epoch 224:   0%|          | 0/47 [00:00<?, ?it/s, loss=0.301, v_num=]
Epoch 224:  43%|████▎     | 20/47 [00:00<00:01, 20.85it/s, loss=0.3, v_num=]
Epoch 224:  85%|████████▌ | 40/47 [00:01<00:00, 23.13it/s, loss=0.3, v_num=]
Epoch 224:  85%|████████▌ | 40/47 [00:01<00:00, 23.13it/s, loss=0.295, v_num=]
Epoch 224: 100%|██████████| 47/47 [00:02<00:00, 21.04it/s, loss=0.299, v_num=]
Epoch 224:   0%|          | 0/47 [00:00<?, ?it/s, loss=0.299, v_num=]         
Epoch 225:   0%|          | 0/47 [00:00<?, ?it/s, loss=0.299, v_num=]
Epoch 225:  43%|████▎     | 20/47 [00:01<00:01, 14.96it/s, loss=0.297, v_num=]
Epoch 225:  85%|████████▌ | 40/47 [00:02<00:00, 17.79it/s, loss=0.297, v_num=]
Epoch 225:  85%|████████▌ | 40/47 [00:02<00:00, 17.78it/s, loss=0.293, v_num=]
Epoch 225: 100%|██████████| 47/47 [00:02<00:00, 17.99it/s, loss=0.297, v_num=]Evaluating...
NMI : 0.5507995064832029, ARI: 0.3124194721467196, ACC: 0.3145, current K: 7

Epoch 225:   0%|          | 0/47 [00:00<?, ?it/s, loss=0.297, v_num=]         
Epoch 226:   0%|          | 0/47 [00:00<?, ?it/s, loss=0.297, v_num=]/usr/local/lib/python3.13/dist-packages/torch/utils/data/dataloader.py:432: UserWarning: This DataLoader will create 6 worker processes in total. Our suggested max number of worker in current system is 2, which is smaller than what this DataLoader is going to create. Please be aware that excessive worker creation might get DataLoader running slow or even freeze, lower the worker number to avoid potential slowness/freeze if necessary.
  self.check_worker_number_rationality()

Epoch 226:  43%|████▎     | 20/47 [00:01<00:01, 18.05it/s, loss=0.294, v_num=]
Epoch 226:  85%|████████▌ | 40/47 [00:01<00:00, 22.09it/s, loss=0.294, v_num=]
Epoch 226:  85%|████████▌ | 40/47 [00:01<00:00, 22.08it/s, loss=0.297, v_num=]
Epoch 226: 100%|██████████| 47/47 [00:02<00:00, 21.67it/s, loss=0.299, v_num=]
Epoch 226:   0%|          | 0/47 [00:00<?, ?it/s, loss=0.299, v_num=]         
Epoch 227:   0%|          | 0/47 [00:00<?, ?it/s, loss=0.299, v_num=]
Epoch 227:  43%|████▎     | 20/47 [00:00<00:01, 20.62it/s, loss=0.293, v_num=]
Epoch 227:  85%|████████▌ | 40/47 [00:01<00:00, 23.64it/s, loss=0.293, v_num=]
Epoch 227:  85%|████████▌ | 40/47 [00:01<00:00, 23.63it/s, loss=0.302, v_num=]
Epoch 227: 100%|██████████| 47/47 [00:02<00:00, 22.97it/s, loss=0.297, v_num=]
Epoch 227:   0%|          | 0/47 [00:00<?, ?it/s, loss=0.297, v_num=]         
Epoch 228:   0%|          | 0/47 [00:00<?, ?it/s, loss=0.297, v_num=]
Epoch 228:  43%|████▎     | 20/47 [00:00<00:01, 20.08it/s, loss=0.291, v_num=]
Epoch 228:  85%|████████▌ | 40/47 [00:01<00:00, 23.76it/s, loss=0.291, v_num=]
Epoch 228:  85%|████████▌ | 40/47 [00:01<00:00, 23.75it/s, loss=0.297, v_num=]
Epoch 228: 100%|██████████| 47/47 [00:02<00:00, 23.11it/s, loss=0.295, v_num=]
Epoch 228:   0%|          | 0/47 [00:00<?, ?it/s, loss=0.295, v_num=]         
Epoch 229:   0%|          | 0/47 [00:00<?, ?it/s, loss=0.295, v_num=]
Epoch 229:  43%|████▎     | 20/47 [00:00<00:01, 20.65it/s, loss=0.301, v_num=]
Epoch 229:  85%|████████▌ | 40/47 [00:01<00:00, 24.14it/s, loss=0.301, v_num=]
Epoch 229:  85%|████████▌ | 40/47 [00:01<00:00, 24.13it/s, loss=0.304, v_num=]
Epoch 229: 100%|██████████| 47/47 [00:02<00:00, 23.24it/s, loss=0.295, v_num=]
Epoch 229:   0%|          | 0/47 [00:00<?, ?it/s, loss=0.295, v_num=]         
Epoch 230:   0%|          | 0/47 [00:00<?, ?it/s, loss=0.295, v_num=]
Epoch 230:  43%|████▎     | 20/47 [00:00<00:01, 20.49it/s, loss=0.3, v_num=]
Epoch 230:  85%|████████▌ | 40/47 [00:01<00:00, 21.59it/s, loss=0.3, v_num=]
Epoch 230:  85%|████████▌ | 40/47 [00:01<00:00, 21.58it/s, loss=0.301, v_num=]
Epoch 230: 100%|██████████| 47/47 [00:02<00:00, 19.94it/s, loss=0.293, v_num=]Evaluating...
NMI : 0.5539955749778418, ARI: 0.3154035045357203, ACC: 0.3155, current K: 7
Epoch 230 | NMI: 0.5540, ARI: 0.3154, ACC: 0.3155, current K: 7
Confusion Matrix:
[[213   4  29   0   2  34  18   0   0   0   0   0   0   0   0   0   0   0
    0   0]
 [ 20   1   2 252  24   0   1   0   0   0   0   0   0   0   0   0   0   0
    0   0]
 [ 13   1  22   3   0 256   5   0   0   0   0   0   0   0   0   0   0   0
    0   0]
 [  3   5   2   9 272   2   7   0   0   0   0   0   0   0   0   0   0   0
    0   0]
 [275   0   0   1  17   0   7   0   0   0   0   0   0   0   0   0   0   0
    0   0]
 [  2   9 262  16   0  10   1   0   0   0   0   0   0   0   0   0   0   0
    0   0]
 [  2   0   0   8  13   6 271   0   0   0   0   0   0   0   0   0   0   0
    0   0]
 [  0 193 100   0   1   3   3   0   0   0   0   0   0   0   0   0   0   0
    0   0]
 [  2   0  27   0   0 267   4   0   0   0   0   0   0   0   0   0   0   0
    0   0]
 [  1   0   4  18 257   1  19   0   0   0   0   0   0   0   0   0   0   0
    0   0]
 [ 17   3  51   0   0 202  27   0   0   0   0   0   0   0   0   0   0   0
    0   0]
 [ 21   1   5 262   9   2   0   0   0   0   0   0   0   0   0   0   0   0
    0   0]
 [289   0   0   6   0   4   1   0   0   0   0   0   0   0   0   0   0   0
    0   0]
 [  0   0  32 251   4  11   2   0   0   0   0   0   0   0   0   0   0   0
    0   0]
 [  0   0   4   0   8  12 276   0   0   0   0   0   0   0   0   0   0   0
    0   0]
 [ 12 265  13   1   9   0   0   0   0   0   0   0   0   0   0   0   0   0
    0   0]
 [279   0   2   5   0  14   0   0   0   0   0   0   0   0   0   0   0   0
    0   0]
 [  1   4 106 179   2   8   0   0   0   0   0   0   0   0   0   0   0   0
    0   0]
 [  2   0   0   0  10  16 272   0   0   0   0   0   0   0   0   0   0   0
    0   0]
 [  2 224  56  13   1   4   0   0   0   0   0   0   0   0   0   0   0   0
    0   0]]

Epoch 230:   0%|          | 0/47 [00:00<?, ?it/s, loss=0.293, v_num=]         
Epoch 231:   0%|          | 0/47 [00:00<?, ?it/s, loss=0.293, v_num=]/usr/local/lib/python3.13/dist-packages/torch/utils/data/dataloader.py:432: UserWarning: This DataLoader will create 6 worker processes in total. Our suggested max number of worker in current system is 2, which is smaller than what this DataLoader is going to create. Please be aware that excessive worker creation might get DataLoader running slow or even freeze, lower the worker number to avoid potential slowness/freeze if necessary.
  self.check_worker_number_rationality()

Epoch 231:  43%|████▎     | 20/47 [00:01<00:01, 14.30it/s, loss=0.298, v_num=]
Epoch 231:  85%|████████▌ | 40/47 [00:02<00:00, 18.81it/s, loss=0.298, v_num=]
Epoch 231:  85%|████████▌ | 40/47 [00:02<00:00, 18.81it/s, loss=0.3, v_num=]  
Epoch 231: 100%|██████████| 47/47 [00:02<00:00, 18.97it/s, loss=0.3, v_num=]
Epoch 231:   0%|          | 0/47 [00:00<?, ?it/s, loss=0.3, v_num=]         
Epoch 232:   0%|          | 0/47 [00:00<?, ?it/s, loss=0.3, v_num=]
Epoch 232:  43%|████▎     | 20/47 [00:00<00:01, 20.22it/s, loss=0.303, v_num=]
Epoch 232:  85%|████████▌ | 40/47 [00:01<00:00, 23.74it/s, loss=0.303, v_num=]
Epoch 232:  85%|████████▌ | 40/47 [00:01<00:00, 23.74it/s, loss=0.294, v_num=]
Epoch 232: 100%|██████████| 47/47 [00:02<00:00, 23.04it/s, loss=0.289, v_num=]
Epoch 232:   0%|          | 0/47 [00:00<?, ?it/s, loss=0.289, v_num=]         
Epoch 233:   0%|          | 0/47 [00:00<?, ?it/s, loss=0.289, v_num=]
Epoch 233:  43%|████▎     | 20/47 [00:00<00:01, 21.04it/s, loss=0.293, v_num=]
Epoch 233:  85%|████████▌ | 40/47 [00:01<00:00, 24.24it/s, loss=0.293, v_num=]
Epoch 233:  85%|████████▌ | 40/47 [00:01<00:00, 24.24it/s, loss=0.295, v_num=]
Epoch 233: 100%|██████████| 47/47 [00:02<00:00, 23.31it/s, loss=0.3, v_num=]  
Epoch 233:   0%|          | 0/47 [00:00<?, ?it/s, loss=0.3, v_num=]         
Epoch 234:   0%|          | 0/47 [00:00<?, ?it/s, loss=0.3, v_num=]
Epoch 234:  43%|████▎     | 20/47 [00:00<00:01, 20.48it/s, loss=0.298, v_num=]
Epoch 234:  85%|████████▌ | 40/47 [00:01<00:00, 23.93it/s, loss=0.298, v_num=]
Epoch 234:  85%|████████▌ | 40/47 [00:01<00:00, 23.93it/s, loss=0.294, v_num=]
Epoch 234: 100%|██████████| 47/47 [00:02<00:00, 23.20it/s, loss=0.293, v_num=]
Epoch 234:   0%|          | 0/47 [00:00<?, ?it/s, loss=0.293, v_num=]         
Epoch 235:   0%|          | 0/47 [00:00<?, ?it/s, loss=0.293, v_num=]
Epoch 235:  43%|████▎     | 20/47 [00:00<00:01, 20.30it/s, loss=0.298, v_num=]
Epoch 235:  85%|████████▌ | 40/47 [00:01<00:00, 23.85it/s, loss=0.298, v_num=]
Epoch 235:  85%|████████▌ | 40/47 [00:01<00:00, 23.85it/s, loss=0.289, v_num=]
Epoch 235: 100%|██████████| 47/47 [00:02<00:00, 23.04it/s, loss=0.296, v_num=]Evaluating...
NMI : 0.5581075764513223, ARI: 0.3184928601851351, ACC: 0.31633, current K: 7

Epoch 235:   0%|          | 0/47 [00:00<?, ?it/s, loss=0.296, v_num=]         
Epoch 236:   0%|          | 0/47 [00:00<?, ?it/s, loss=0.296, v_num=]/usr/local/lib/python3.13/dist-packages/torch/utils/data/dataloader.py:432: UserWarning: This DataLoader will create 6 worker processes in total. Our suggested max number of worker in current system is 2, which is smaller than what this DataLoader is going to create. Please be aware that excessive worker creation might get DataLoader running slow or even freeze, lower the worker number to avoid potential slowness/freeze if necessary.
  self.check_worker_number_rationality()

Epoch 236:  43%|████▎     | 20/47 [00:01<00:01, 18.67it/s, loss=0.29, v_num=]
Epoch 236:  85%|████████▌ | 40/47 [00:01<00:00, 20.69it/s, loss=0.29, v_num=]
Epoch 236:  85%|████████▌ | 40/47 [00:01<00:00, 20.69it/s, loss=0.301, v_num=]
Epoch 236: 100%|██████████| 47/47 [00:02<00:00, 19.28it/s, loss=0.297, v_num=]
Epoch 236:   0%|          | 0/47 [00:00<?, ?it/s, loss=0.297, v_num=]         
Epoch 237:   0%|          | 0/47 [00:00<?, ?it/s, loss=0.297, v_num=]
Epoch 237:  43%|████▎     | 20/47 [00:01<00:01, 13.85it/s, loss=0.291, v_num=]
Epoch 237:  85%|████████▌ | 40/47 [00:02<00:00, 18.76it/s, loss=0.291, v_num=]
Epoch 237:  85%|████████▌ | 40/47 [00:02<00:00, 18.76it/s, loss=0.297, v_num=]
Epoch 237: 100%|██████████| 47/47 [00:02<00:00, 18.61it/s, loss=0.295, v_num=]
Epoch 237:   0%|          | 0/47 [00:00<?, ?it/s, loss=0.295, v_num=]         
Epoch 238:   0%|          | 0/47 [00:00<?, ?it/s, loss=0.295, v_num=]
Epoch 238:  43%|████▎     | 20/47 [00:00<00:01, 20.39it/s, loss=0.296, v_num=]
Epoch 238:  85%|████████▌ | 40/47 [00:01<00:00, 24.21it/s, loss=0.296, v_num=]
Epoch 238:  85%|████████▌ | 40/47 [00:01<00:00, 24.21it/s, loss=0.29, v_num=] 
Epoch 238: 100%|██████████| 47/47 [00:02<00:00, 23.14it/s, loss=0.294, v_num=]
Epoch 238:   0%|          | 0/47 [00:00<?, ?it/s, loss=0.294, v_num=]         
Epoch 239:   0%|          | 0/47 [00:00<?, ?it/s, loss=0.294, v_num=]
Epoch 239:  43%|████▎     | 20/47 [00:00<00:01, 20.68it/s, loss=0.291, v_num=]
Epoch 239:  85%|████████▌ | 40/47 [00:01<00:00, 24.15it/s, loss=0.291, v_num=]
Epoch 239:  85%|████████▌ | 40/47 [00:01<00:00, 24.14it/s, loss=0.297, v_num=]
Epoch 239: 100%|██████████| 47/47 [00:02<00:00, 23.09it/s, loss=0.287, v_num=]
Epoch 239:   0%|          | 0/47 [00:00<?, ?it/s, loss=0.287, v_num=]         
Epoch 240:   0%|          | 0/47 [00:00<?, ?it/s, loss=0.287, v_num=]
Epoch 240:  43%|████▎     | 20/47 [00:01<00:01, 18.25it/s, loss=0.298, v_num=]
Epoch 240:  85%|████████▌ | 40/47 [00:01<00:00, 22.65it/s, loss=0.298, v_num=]
Epoch 240:  85%|████████▌ | 40/47 [00:01<00:00, 22.65it/s, loss=0.29, v_num=] 
Epoch 240: 100%|██████████| 47/47 [00:02<00:00, 22.00it/s, loss=0.293, v_num=]Evaluating...
NMI : 0.5609134597910718, ARI: 0.32017869090223827, ACC: 0.317, current K: 7
Epoch 240 | NMI: 0.5609, ARI: 0.3202, ACC: 0.3170, current K: 7
Confusion Matrix:
[[186   3  33   0   2  62  14   0   0   0   0   0   0   0   0   0   0   0
    0   0]
 [ 19   1   2 251  26   0   1   0   0   0   0   0   0   0   0   0   0   0
    0   0]
 [  7   1  22   4   1 263   2   0   0   0   0   0   0   0   0   0   0   0
    0   0]
 [  3   4   2   9 274   2   6   0   0   0   0   0   0   0   0   0   0   0
    0   0]
 [274   0   0   1  17   0   8   0   0   0   0   0   0   0   0   0   0   0
    0   0]
 [  0   7 270  13   0  10   0   0   0   0   0   0   0   0   0   0   0   0
    0   0]
 [  2   0   1   6  16   3 272   0   0   0   0   0   0   0   0   0   0   0
    0   0]
 [  0 208  85   0   1   5   1   0   0   0   0   0   0   0   0   0   0   0
    0   0]
 [  2   0  32   0   0 262   4   0   0   0   0   0   0   0   0   0   0   0
    0   0]
 [  1   1   6  16 256   1  19   0   0   0   0   0   0   0   0   0   0   0
    0   0]
 [ 16   3  58   0   0 211  12   0   0   0   0   0   0   0   0   0   0   0
    0   0]
 [ 21   1   7 260   9   2   0   0   0   0   0   0   0   0   0   0   0   0
    0   0]
 [292   0   0   6   0   2   0   0   0   0   0   0   0   0   0   0   0   0
    0   0]
 [  0   1  36 249   4   8   2   0   0   0   0   0   0   0   0   0   0   0
    0   0]
 [  0   0   6   0   8  10 276   0   0   0   0   0   0   0   0   0   0   0
    0   0]
 [ 11 267  13   1   8   0   0   0   0   0   0   0   0   0   0   0   0   0
    0   0]
 [279   0   2   5   0  14   0   0   0   0   0   0   0   0   0   0   0   0
    0   0]
 [  1   2 115 174   2   6   0   0   0   0   0   0   0   0   0   0   0   0
    0   0]
 [  2   0   0   0  11  17 270   0   0   0   0   0   0   0   0   0   0   0
    0   0]
 [  1 231  53  12   1   2   0   0   0   0   0   0   0   0   0   0   0   0
    0   0]]

Epoch 240:   0%|          | 0/47 [00:00<?, ?it/s, loss=0.293, v_num=]         
Epoch 241:   0%|          | 0/47 [00:00<?, ?it/s, loss=0.293, v_num=]/usr/local/lib/python3.13/dist-packages/torch/utils/data/dataloader.py:432: UserWarning: This DataLoader will create 6 worker processes in total. Our suggested max number of worker in current system is 2, which is smaller than what this DataLoader is going to create. Please be aware that excessive worker creation might get DataLoader running slow or even freeze, lower the worker number to avoid potential slowness/freeze if necessary.
  self.check_worker_number_rationality()

Epoch 241:  43%|████▎     | 20/47 [00:00<00:01, 20.55it/s, loss=0.293, v_num=]
Epoch 241:  85%|████████▌ | 40/47 [00:01<00:00, 24.03it/s, loss=0.293, v_num=]
Epoch 241:  85%|████████▌ | 40/47 [00:01<00:00, 24.02it/s, loss=0.291, v_num=]
Epoch 241: 100%|██████████| 47/47 [00:02<00:00, 23.08it/s, loss=0.292, v_num=]
Epoch 241:   0%|          | 0/47 [00:00<?, ?it/s, loss=0.292, v_num=]         
Epoch 242:   0%|          | 0/47 [00:00<?, ?it/s, loss=0.292, v_num=]
Epoch 242:  43%|████▎     | 20/47 [00:01<00:01, 17.41it/s, loss=0.289, v_num=]
Epoch 242:  85%|████████▌ | 40/47 [00:01<00:00, 20.17it/s, loss=0.289, v_num=]
Epoch 242:  85%|████████▌ | 40/47 [00:01<00:00, 20.17it/s, loss=0.292, v_num=]
Epoch 242: 100%|██████████| 47/47 [00:02<00:00, 19.22it/s, loss=0.285, v_num=]
Epoch 242:   0%|          | 0/47 [00:00<?, ?it/s, loss=0.285, v_num=]         
Epoch 243:   0%|          | 0/47 [00:00<?, ?it/s, loss=0.285, v_num=]
Epoch 243:  43%|████▎     | 20/47 [00:01<00:01, 15.06it/s, loss=0.281, v_num=]
Epoch 243:  85%|████████▌ | 40/47 [00:02<00:00, 19.78it/s, loss=0.281, v_num=]
Epoch 243:  85%|████████▌ | 40/47 [00:02<00:00, 19.77it/s, loss=0.3, v_num=]  
Epoch 243: 100%|██████████| 47/47 [00:02<00:00, 19.85it/s, loss=0.294, v_num=]
Epoch 243:   0%|          | 0/47 [00:00<?, ?it/s, loss=0.294, v_num=]         
Epoch 244:   0%|          | 0/47 [00:00<?, ?it/s, loss=0.294, v_num=]
Epoch 244:  43%|████▎     | 20/47 [00:00<00:01, 21.08it/s, loss=0.292, v_num=]
Epoch 244:  85%|████████▌ | 40/47 [00:01<00:00, 24.42it/s, loss=0.292, v_num=]
Epoch 244:  85%|████████▌ | 40/47 [00:01<00:00, 24.42it/s, loss=0.286, v_num=]
Epoch 244: 100%|██████████| 47/47 [00:01<00:00, 23.58it/s, loss=0.287, v_num=]
Epoch 244:   0%|          | 0/47 [00:00<?, ?it/s, loss=0.287, v_num=]         
Epoch 245:   0%|          | 0/47 [00:00<?, ?it/s, loss=0.287, v_num=]
Epoch 245:  43%|████▎     | 20/47 [00:00<00:01, 20.79it/s, loss=0.294, v_num=]
Epoch 245:  85%|████████▌ | 40/47 [00:01<00:00, 24.49it/s, loss=0.294, v_num=]
Epoch 245:  85%|████████▌ | 40/47 [00:01<00:00, 24.49it/s, loss=0.29, v_num=] 
Epoch 245: 100%|██████████| 47/47 [00:01<00:00, 23.59it/s, loss=0.292, v_num=]Evaluating...
NMI : 0.562279661702884, ARI: 0.32122729459856036, ACC: 0.31683, current K: 7

Epoch 245:   0%|          | 0/47 [00:00<?, ?it/s, loss=0.292, v_num=]         
Epoch 246:   0%|          | 0/47 [00:00<?, ?it/s, loss=0.292, v_num=]/usr/local/lib/python3.13/dist-packages/torch/utils/data/dataloader.py:432: UserWarning: This DataLoader will create 6 worker processes in total. Our suggested max number of worker in current system is 2, which is smaller than what this DataLoader is going to create. Please be aware that excessive worker creation might get DataLoader running slow or even freeze, lower the worker number to avoid potential slowness/freeze if necessary.
  self.check_worker_number_rationality()

Epoch 246:  43%|████▎     | 20/47 [00:01<00:01, 18.92it/s, loss=0.288, v_num=]
Epoch 246:  85%|████████▌ | 40/47 [00:01<00:00, 22.54it/s, loss=0.288, v_num=]
Epoch 246:  85%|████████▌ | 40/47 [00:01<00:00, 22.54it/s, loss=0.293, v_num=]
Epoch 246: 100%|██████████| 47/47 [00:02<00:00, 22.05it/s, loss=0.291, v_num=]
Epoch 246:   0%|          | 0/47 [00:00<?, ?it/s, loss=0.291, v_num=]         
Epoch 247:   0%|          | 0/47 [00:00<?, ?it/s, loss=0.291, v_num=]
Epoch 247:  43%|████▎     | 20/47 [00:00<00:01, 20.36it/s, loss=0.288, v_num=]
Epoch 247:  85%|████████▌ | 40/47 [00:01<00:00, 23.65it/s, loss=0.288, v_num=]
Epoch 247:  85%|████████▌ | 40/47 [00:01<00:00, 23.65it/s, loss=0.293, v_num=]
Epoch 247: 100%|██████████| 47/47 [00:02<00:00, 22.92it/s, loss=0.29, v_num=] 
Epoch 247:   0%|          | 0/47 [00:00<?, ?it/s, loss=0.29, v_num=]         
Epoch 248:   0%|          | 0/47 [00:00<?, ?it/s, loss=0.29, v_num=]
Epoch 248:  43%|████▎     | 20/47 [00:01<00:01, 16.44it/s, loss=0.288, v_num=]
Epoch 248:  85%|████████▌ | 40/47 [00:02<00:00, 19.39it/s, loss=0.288, v_num=]
Epoch 248:  85%|████████▌ | 40/47 [00:02<00:00, 19.39it/s, loss=0.294, v_num=]
Epoch 248: 100%|██████████| 47/47 [00:02<00:00, 18.14it/s, loss=0.286, v_num=]
Epoch 248:   0%|          | 0/47 [00:00<?, ?it/s, loss=0.286, v_num=]         
Epoch 249:   0%|          | 0/47 [00:00<?, ?it/s, loss=0.286, v_num=]
Epoch 249:  43%|████▎     | 20/47 [00:01<00:01, 15.81it/s, loss=0.289, v_num=]
Epoch 249:  85%|████████▌ | 40/47 [00:01<00:00, 20.36it/s, loss=0.289, v_num=]
Epoch 249:  85%|████████▌ | 40/47 [00:01<00:00, 20.35it/s, loss=0.29, v_num=] 
Epoch 249: 100%|██████████| 47/47 [00:02<00:00, 20.18it/s, loss=0.29, v_num=]
Epoch 249:   0%|          | 0/47 [00:00<?, ?it/s, loss=0.29, v_num=]         
Epoch 250:   0%|          | 0/47 [00:00<?, ?it/s, loss=0.29, v_num=]
Epoch 250:  43%|████▎     | 20/47 [00:00<00:01, 20.52it/s, loss=0.289, v_num=]
Epoch 250:  85%|████████▌ | 40/47 [00:01<00:00, 23.38it/s, loss=0.289, v_num=]
Epoch 250:  85%|████████▌ | 40/47 [00:01<00:00, 23.37it/s, loss=0.286, v_num=]
Epoch 250: 100%|██████████| 47/47 [00:02<00:00, 22.54it/s, loss=0.286, v_num=]Evaluating...
NMI : 0.560510624393436, ARI: 0.32026311139696517, ACC: 0.3165, current K: 7
Epoch 250 | NMI: 0.5605, ARI: 0.3203, ACC: 0.3165, current K: 7
Confusion Matrix:
[[163   3  33   0   3  86  12   0   0   0   0   0   0   0   0   0   0   0
    0   0]
 [ 20   1   2 247  29   0   1   0   0   0   0   0   0   0   0   0   0   0
    0   0]
 [  6   1  24   4   1 261   3   0   0   0   0   0   0   0   0   0   0   0
    0   0]
 [  3   4   2   8 277   2   4   0   0   0   0   0   0   0   0   0   0   0
    0   0]
 [274   0   0   1  17   0   8   0   0   0   0   0   0   0   0   0   0   0
    0   0]
 [  0   6 272  13   0   9   0   0   0   0   0   0   0   0   0   0   0   0
    0   0]
 [  2   0   3   6  17   3 269   0   0   0   0   0   0   0   0   0   0   0
    0   0]
 [  0 212  82   0   1   5   0   0   0   0   0   0   0   0   0   0   0   0
    0   0]
 [  2   0  33   0   0 261   4   0   0   0   0   0   0   0   0   0   0   0
    0   0]
 [  1   1   6  13 259   1  19   0   0   0   0   0   0   0   0   0   0   0
    0   0]
 [ 13   3  60   0   0 215   9   0   0   0   0   0   0   0   0   0   0   0
    0   0]
 [ 21   1   9 260   9   0   0   0   0   0   0   0   0   0   0   0   0   0
    0   0]
 [289   0   1   6   0   3   1   0   0   0   0   0   0   0   0   0   0   0
    0   0]
 [  0   1  38 248   4   7   2   0   0   0   0   0   0   0   0   0   0   0
    0   0]
 [  0   0   7   0   8  11 274   0   0   0   0   0   0   0   0   0   0   0
    0   0]
 [  9 266  16   1   8   0   0   0   0   0   0   0   0   0   0   0   0   0
    0   0]
 [280   0   2   5   0  13   0   0   0   0   0   0   0   0   0   0   0   0
    0   0]
 [  0   2 125 164   3   6   0   0   0   0   0   0   0   0   0   0   0   0
    0   0]
 [  2   0   1   0  11  17 269   0   0   0   0   0   0   0   0   0   0   0
    0   0]
 [  0 234  50  13   1   2   0   0   0   0   0   0   0   0   0   0   0   0
    0   0]]

Epoch 250:   0%|          | 0/47 [00:00<?, ?it/s, loss=0.286, v_num=]         
Epoch 251:   0%|          | 0/47 [00:00<?, ?it/s, loss=0.286, v_num=]/usr/local/lib/python3.13/dist-packages/torch/utils/data/dataloader.py:432: UserWarning: This DataLoader will create 6 worker processes in total. Our suggested max number of worker in current system is 2, which is smaller than what this DataLoader is going to create. Please be aware that excessive worker creation might get DataLoader running slow or even freeze, lower the worker number to avoid potential slowness/freeze if necessary.
  self.check_worker_number_rationality()

Epoch 251:  43%|████▎     | 20/47 [00:00<00:01, 20.59it/s, loss=0.293, v_num=]
Epoch 251:  85%|████████▌ | 40/47 [00:01<00:00, 24.11it/s, loss=0.293, v_num=]
Epoch 251:  85%|████████▌ | 40/47 [00:01<00:00, 24.10it/s, loss=0.288, v_num=]
Epoch 251: 100%|██████████| 47/47 [00:02<00:00, 23.30it/s, loss=0.292, v_num=]
Epoch 251:   0%|          | 0/47 [00:00<?, ?it/s, loss=0.292, v_num=]         
Epoch 252:   0%|          | 0/47 [00:00<?, ?it/s, loss=0.292, v_num=]
Epoch 252:  43%|████▎     | 20/47 [00:00<00:01, 20.64it/s, loss=0.288, v_num=]
Epoch 252:  85%|████████▌ | 40/47 [00:01<00:00, 23.88it/s, loss=0.288, v_num=]
Epoch 252:  85%|████████▌ | 40/47 [00:01<00:00, 23.87it/s, loss=0.286, v_num=]
Epoch 252: 100%|██████████| 47/47 [00:02<00:00, 23.12it/s, loss=0.288, v_num=]
Epoch 252:   0%|          | 0/47 [00:00<?, ?it/s, loss=0.288, v_num=]         
Epoch 253:   0%|          | 0/47 [00:00<?, ?it/s, loss=0.288, v_num=]
Epoch 253:  43%|████▎     | 20/47 [00:01<00:01, 18.72it/s, loss=0.289, v_num=]
Epoch 253:  85%|████████▌ | 40/47 [00:01<00:00, 22.35it/s, loss=0.289, v_num=]
Epoch 253:  85%|████████▌ | 40/47 [00:01<00:00, 22.35it/s, loss=0.282, v_num=]
Epoch 253: 100%|██████████| 47/47 [00:02<00:00, 21.13it/s, loss=0.292, v_num=]
Epoch 253:   0%|          | 0/47 [00:00<?, ?it/s, loss=0.292, v_num=]         
Epoch 254:   0%|          | 0/47 [00:00<?, ?it/s, loss=0.292, v_num=]
Epoch 254:  43%|████▎     | 20/47 [00:01<00:01, 15.50it/s, loss=0.291, v_num=]
Epoch 254:  85%|████████▌ | 40/47 [00:02<00:00, 18.41it/s, loss=0.291, v_num=]
Epoch 254:  85%|████████▌ | 40/47 [00:02<00:00, 18.41it/s, loss=0.284, v_num=]
Epoch 254: 100%|██████████| 47/47 [00:02<00:00, 17.51it/s, loss=0.29, v_num=] 
Epoch 254:   0%|          | 0/47 [00:00<?, ?it/s, loss=0.29, v_num=]         
Epoch 255:   0%|          | 0/47 [00:00<?, ?it/s, loss=0.29, v_num=]
Epoch 255:  43%|████▎     | 20/47 [00:01<00:01, 17.63it/s, loss=0.285, v_num=]
Epoch 255:  85%|████████▌ | 40/47 [00:01<00:00, 22.06it/s, loss=0.285, v_num=]
Epoch 255:  85%|████████▌ | 40/47 [00:01<00:00, 22.06it/s, loss=0.287, v_num=]
Epoch 255: 100%|██████████| 47/47 [00:02<00:00, 21.41it/s, loss=0.288, v_num=]Evaluating...
NMI : 0.5619156017334127, ARI: 0.32040459997202975, ACC: 0.316, current K: 7

Epoch 255:   0%|          | 0/47 [00:00<?, ?it/s, loss=0.288, v_num=]         
Epoch 256:   0%|          | 0/47 [00:00<?, ?it/s, loss=0.288, v_num=]/usr/local/lib/python3.13/dist-packages/torch/utils/data/dataloader.py:432: UserWarning: This DataLoader will create 6 worker processes in total. Our suggested max number of worker in current system is 2, which is smaller than what this DataLoader is going to create. Please be aware that excessive worker creation might get DataLoader running slow or even freeze, lower the worker number to avoid potential slowness/freeze if necessary.
  self.check_worker_number_rationality()

Epoch 256:  43%|████▎     | 20/47 [00:00<00:01, 20.61it/s, loss=0.287, v_num=]
Epoch 256:  85%|████████▌ | 40/47 [00:01<00:00, 24.16it/s, loss=0.287, v_num=]
Epoch 256:  85%|████████▌ | 40/47 [00:01<00:00, 24.15it/s, loss=0.286, v_num=]
Epoch 256: 100%|██████████| 47/47 [00:02<00:00, 23.37it/s, loss=0.282, v_num=]
Epoch 256:   0%|          | 0/47 [00:00<?, ?it/s, loss=0.282, v_num=]         
Epoch 257:   0%|          | 0/47 [00:00<?, ?it/s, loss=0.282, v_num=]
Epoch 257:  43%|████▎     | 20/47 [00:01<00:01, 19.90it/s, loss=0.282, v_num=]
Epoch 257:  85%|████████▌ | 40/47 [00:01<00:00, 23.28it/s, loss=0.282, v_num=]
Epoch 257:  85%|████████▌ | 40/47 [00:01<00:00, 23.28it/s, loss=0.286, v_num=]
Epoch 257: 100%|██████████| 47/47 [00:02<00:00, 22.53it/s, loss=0.288, v_num=]
Epoch 257:   0%|          | 0/47 [00:00<?, ?it/s, loss=0.288, v_num=]         
Epoch 258:   0%|          | 0/47 [00:00<?, ?it/s, loss=0.288, v_num=]
Epoch 258:  43%|████▎     | 20/47 [00:00<00:01, 20.39it/s, loss=0.283, v_num=]
Epoch 258:  85%|████████▌ | 40/47 [00:01<00:00, 23.80it/s, loss=0.283, v_num=]
Epoch 258:  85%|████████▌ | 40/47 [00:01<00:00, 23.79it/s, loss=0.285, v_num=]
Epoch 258: 100%|██████████| 47/47 [00:02<00:00, 23.06it/s, loss=0.282, v_num=]
Epoch 258:   0%|          | 0/47 [00:00<?, ?it/s, loss=0.282, v_num=]         
Epoch 259:   0%|          | 0/47 [00:00<?, ?it/s, loss=0.282, v_num=]
Epoch 259:  43%|████▎     | 20/47 [00:00<00:01, 20.20it/s, loss=0.283, v_num=]
Epoch 259:  85%|████████▌ | 40/47 [00:01<00:00, 23.52it/s, loss=0.283, v_num=]
Epoch 259:  85%|████████▌ | 40/47 [00:01<00:00, 23.52it/s, loss=0.285, v_num=]
Epoch 259: 100%|██████████| 47/47 [00:02<00:00, 20.73it/s, loss=0.285, v_num=]
Epoch 259:   0%|          | 0/47 [00:00<?, ?it/s, loss=0.285, v_num=]         
Epoch 260:   0%|          | 0/47 [00:00<?, ?it/s, loss=0.285, v_num=]
Epoch 260:  43%|████▎     | 20/47 [00:01<00:01, 14.86it/s, loss=0.283, v_num=]
Epoch 260:  85%|████████▌ | 40/47 [00:02<00:00, 17.31it/s, loss=0.283, v_num=]
Epoch 260:  85%|████████▌ | 40/47 [00:02<00:00, 17.31it/s, loss=0.284, v_num=]
Epoch 260: 100%|██████████| 47/47 [00:02<00:00, 16.82it/s, loss=0.284, v_num=]Evaluating...
NMI : 0.5648683133100312, ARI: 0.32238893764111987, ACC: 0.317, current K: 7
Epoch 260 | NMI: 0.5649, ARI: 0.3224, ACC: 0.3170, current K: 7
Confusion Matrix:
[[148   2  36   0   3 100  11   0   0   0   0   0   0   0   0   0   0   0
    0   0]
 [ 20   1   1 248  29   0   1   0   0   0   0   0   0   0   0   0   0   0
    0   0]
 [  5   0  23   4   2 263   3   0   0   0   0   0   0   0   0   0   0   0
    0   0]
 [  3   3   2   6 278   4   4   0   0   0   0   0   0   0   0   0   0   0
    0   0]
 [275   0   0   1  17   0   7   0   0   0   0   0   0   0   0   0   0   0
    0   0]
 [  0   5 273  13   0   9   0   0   0   0   0   0   0   0   0   0   0   0
    0   0]
 [  2   0   3   6  17   3 269   0   0   0   0   0   0   0   0   0   0   0
    0   0]
 [  0 213  81   0   1   5   0   0   0   0   0   0   0   0   0   0   0   0
    0   0]
 [  1   0  35   0   0 260   4   0   0   0   0   0   0   0   0   0   0   0
    0   0]
 [  1   1   6  12 260   1  19   0   0   0   0   0   0   0   0   0   0   0
    0   0]
 [  9   1  64   0   0 220   6   0   0   0   0   0   0   0   0   0   0   0
    0   0]
 [ 21   2  11 258   8   0   0   0   0   0   0   0   0   0   0   0   0   0
    0   0]
 [289   0   1   6   0   3   1   0   0   0   0   0   0   0   0   0   0   0
    0   0]
 [  1   1  39 246   5   7   1   0   0   0   0   0   0   0   0   0   0   0
    0   0]
 [  0   0   6   0   8  11 275   0   0   0   0   0   0   0   0   0   0   0
    0   0]
 [  9 266  16   1   8   0   0   0   0   0   0   0   0   0   0   0   0   0
    0   0]
 [283   0   2   3   0  12   0   0   0   0   0   0   0   0   0   0   0   0
    0   0]
 [  0   0 130 161   3   6   0   0   0   0   0   0   0   0   0   0   0   0
    0   0]
 [  2   0   1   0  11  17 269   0   0   0   0   0   0   0   0   0   0   0
    0   0]
 [  0 235  49  13   1   2   0   0   0   0   0   0   0   0   0   0   0   0
    0   0]]

Epoch 260:   0%|          | 0/47 [00:00<?, ?it/s, loss=0.284, v_num=]         
Epoch 261:   0%|          | 0/47 [00:00<?, ?it/s, loss=0.284, v_num=]/usr/local/lib/python3.13/dist-packages/torch/utils/data/dataloader.py:432: UserWarning: This DataLoader will create 6 worker processes in total. Our suggested max number of worker in current system is 2, which is smaller than what this DataLoader is going to create. Please be aware that excessive worker creation might get DataLoader running slow or even freeze, lower the worker number to avoid potential slowness/freeze if necessary.
  self.check_worker_number_rationality()

Epoch 261:  43%|████▎     | 20/47 [00:00<00:01, 20.38it/s, loss=0.288, v_num=]
Epoch 261:  85%|████████▌ | 40/47 [00:01<00:00, 23.90it/s, loss=0.288, v_num=]
Epoch 261:  85%|████████▌ | 40/47 [00:01<00:00, 23.89it/s, loss=0.285, v_num=]
Epoch 261: 100%|██████████| 47/47 [00:02<00:00, 22.86it/s, loss=0.286, v_num=]
Epoch 261:   0%|          | 0/47 [00:00<?, ?it/s, loss=0.286, v_num=]         
Epoch 262:   0%|          | 0/47 [00:00<?, ?it/s, loss=0.286, v_num=]
Epoch 262:  43%|████▎     | 20/47 [00:00<00:01, 20.55it/s, loss=0.286, v_num=]
Epoch 262:  85%|████████▌ | 40/47 [00:01<00:00, 23.89it/s, loss=0.286, v_num=]
Epoch 262:  85%|████████▌ | 40/47 [00:01<00:00, 23.88it/s, loss=0.283, v_num=]
Epoch 262: 100%|██████████| 47/47 [00:02<00:00, 22.85it/s, loss=0.292, v_num=]
Epoch 262:   0%|          | 0/47 [00:00<?, ?it/s, loss=0.292, v_num=]         
Epoch 263:   0%|          | 0/47 [00:00<?, ?it/s, loss=0.292, v_num=]
Epoch 263:  43%|████▎     | 20/47 [00:00<00:01, 20.10it/s, loss=0.279, v_num=]
Epoch 263:  85%|████████▌ | 40/47 [00:01<00:00, 23.81it/s, loss=0.279, v_num=]
Epoch 263:  85%|████████▌ | 40/47 [00:01<00:00, 23.81it/s, loss=0.288, v_num=]
Epoch 263: 100%|██████████| 47/47 [00:02<00:00, 22.95it/s, loss=0.288, v_num=]
Epoch 263:   0%|          | 0/47 [00:00<?, ?it/s, loss=0.288, v_num=]         
Epoch 264:   0%|          | 0/47 [00:00<?, ?it/s, loss=0.288, v_num=]
Epoch 264:  43%|████▎     | 20/47 [00:01<00:01, 19.76it/s, loss=0.283, v_num=]
Epoch 264:  85%|████████▌ | 40/47 [00:01<00:00, 23.16it/s, loss=0.283, v_num=]
Epoch 264:  85%|████████▌ | 40/47 [00:01<00:00, 23.16it/s, loss=0.284, v_num=]
Epoch 264: 100%|██████████| 47/47 [00:02<00:00, 22.41it/s, loss=0.283, v_num=]
Epoch 264:   0%|          | 0/47 [00:00<?, ?it/s, loss=0.283, v_num=]         
Epoch 265:   0%|          | 0/47 [00:00<?, ?it/s, loss=0.283, v_num=]
Epoch 265:  43%|████▎     | 20/47 [00:00<00:01, 20.65it/s, loss=0.282, v_num=]
Epoch 265:  85%|████████▌ | 40/47 [00:01<00:00, 22.84it/s, loss=0.282, v_num=]
Epoch 265:  85%|████████▌ | 40/47 [00:01<00:00, 22.84it/s, loss=0.287, v_num=]
Epoch 265: 100%|██████████| 47/47 [00:02<00:00, 20.89it/s, loss=0.287, v_num=]Evaluating...
NMI : 0.5655403041011757, ARI: 0.3224235622960516, ACC: 0.31817, current K: 7

Epoch 265:   0%|          | 0/47 [00:00<?, ?it/s, loss=0.287, v_num=]         
Epoch 266:   0%|          | 0/47 [00:00<?, ?it/s, loss=0.287, v_num=]/usr/local/lib/python3.13/dist-packages/torch/utils/data/dataloader.py:432: UserWarning: This DataLoader will create 6 worker processes in total. Our suggested max number of worker in current system is 2, which is smaller than what this DataLoader is going to create. Please be aware that excessive worker creation might get DataLoader running slow or even freeze, lower the worker number to avoid potential slowness/freeze if necessary.
  self.check_worker_number_rationality()

Epoch 266:  43%|████▎     | 20/47 [00:01<00:01, 14.74it/s, loss=0.29, v_num=]
Epoch 266:  85%|████████▌ | 40/47 [00:02<00:00, 17.28it/s, loss=0.29, v_num=]
Epoch 266:  85%|████████▌ | 40/47 [00:02<00:00, 17.28it/s, loss=0.283, v_num=]
Epoch 266: 100%|██████████| 47/47 [00:02<00:00, 17.01it/s, loss=0.284, v_num=]
Epoch 266:   0%|          | 0/47 [00:00<?, ?it/s, loss=0.284, v_num=]         
Epoch 267:   0%|          | 0/47 [00:00<?, ?it/s, loss=0.284, v_num=]
Epoch 267:  43%|████▎     | 20/47 [00:00<00:01, 20.33it/s, loss=0.285, v_num=]
Epoch 267:  85%|████████▌ | 40/47 [00:01<00:00, 23.97it/s, loss=0.285, v_num=]
Epoch 267:  85%|████████▌ | 40/47 [00:01<00:00, 23.97it/s, loss=0.282, v_num=]
Epoch 267: 100%|██████████| 47/47 [00:02<00:00, 23.02it/s, loss=0.284, v_num=]
Epoch 267:   0%|          | 0/47 [00:00<?, ?it/s, loss=0.284, v_num=]         
Epoch 268:   0%|          | 0/47 [00:00<?, ?it/s, loss=0.284, v_num=]
Epoch 268:  43%|████▎     | 20/47 [00:00<00:01, 20.62it/s, loss=0.281, v_num=]
Epoch 268:  85%|████████▌ | 40/47 [00:01<00:00, 24.04it/s, loss=0.281, v_num=]
Epoch 268:  85%|████████▌ | 40/47 [00:01<00:00, 24.03it/s, loss=0.281, v_num=]
Epoch 268: 100%|██████████| 47/47 [00:02<00:00, 22.72it/s, loss=0.283, v_num=]
Epoch 268:   0%|          | 0/47 [00:00<?, ?it/s, loss=0.283, v_num=]         
Epoch 269:   0%|          | 0/47 [00:00<?, ?it/s, loss=0.283, v_num=]
Epoch 269:  43%|████▎     | 20/47 [00:01<00:01, 19.88it/s, loss=0.282, v_num=]
Epoch 269:  85%|████████▌ | 40/47 [00:01<00:00, 23.49it/s, loss=0.282, v_num=]
Epoch 269:  85%|████████▌ | 40/47 [00:01<00:00, 23.49it/s, loss=0.282, v_num=]
Epoch 269: 100%|██████████| 47/47 [00:02<00:00, 22.55it/s, loss=0.284, v_num=]
Epoch 269:   0%|          | 0/47 [00:00<?, ?it/s, loss=0.284, v_num=]         
Epoch 270:   0%|          | 0/47 [00:00<?, ?it/s, loss=0.284, v_num=]
Epoch 270:  43%|████▎     | 20/47 [00:00<00:01, 20.42it/s, loss=0.286, v_num=]
Epoch 270:  85%|████████▌ | 40/47 [00:01<00:00, 23.95it/s, loss=0.286, v_num=]
Epoch 270:  85%|████████▌ | 40/47 [00:01<00:00, 23.95it/s, loss=0.28, v_num=] 
Epoch 270: 100%|██████████| 47/47 [00:02<00:00, 22.99it/s, loss=0.283, v_num=]Evaluating...
NMI : 0.5663707769193483, ARI: 0.3231168166979061, ACC: 0.31833, current K: 7
Epoch 270 | NMI: 0.5664, ARI: 0.3231, ACC: 0.3183, current K: 7
Confusion Matrix:
[[127   3  40   0   2 118  10   0   0   0   0   0   0   0   0   0   0   0
    0   0]
 [ 20   1   1 249  29   0   0   0   0   0   0   0   0   0   0   0   0   0
    0   0]
 [  3   0  23   4   2 267   1   0   0   0   0   0   0   0   0   0   0   0
    0   0]
 [  3   3   2   6 278   4   4   0   0   0   0   0   0   0   0   0   0   0
    0   0]
 [277   0   0   1  17   0   5   0   0   0   0   0   0   0   0   0   0   0
    0   0]
 [  0   4 275  12   0   9   0   0   0   0   0   0   0   0   0   0   0   0
    0   0]
 [  2   0   4   6  17   3 268   0   0   0   0   0   0   0   0   0   0   0
    0   0]
 [  0 216  78   0   1   5   0   0   0   0   0   0   0   0   0   0   0   0
    0   0]
 [  1   0  37   0   1 257   4   0   0   0   0   0   0   0   0   0   0   0
    0   0]
 [  1   1   6  13 259   1  19   0   0   0   0   0   0   0   0   0   0   0
    0   0]
 [  7   1  66   0   0 220   6   0   0   0   0   0   0   0   0   0   0   0
    0   0]
 [ 21   1  12 259   7   0   0   0   0   0   0   0   0   0   0   0   0   0
    0   0]
 [289   0   1   6   0   3   1   0   0   0   0   0   0   0   0   0   0   0
    0   0]
 [  1   0  42 242   7   7   1   0   0   0   0   0   0   0   0   0   0   0
    0   0]
 [  0   0   6   0   7  12 275   0   0   0   0   0   0   0   0   0   0   0
    0   0]
 [  8 267  16   1   8   0   0   0   0   0   0   0   0   0   0   0   0   0
    0   0]
 [283   0   2   3   0  12   0   0   0   0   0   0   0   0   0   0   0   0
    0   0]
 [  0   0 132 159   3   6   0   0   0   0   0   0   0   0   0   0   0   0
    0   0]
 [  2   0   2   0  12  17 267   0   0   0   0   0   0   0   0   0   0   0
    0   0]
 [  0 236  48  13   1   2   0   0   0   0   0   0   0   0   0   0   0   0
    0   0]]

Epoch 270:   0%|          | 0/47 [00:00<?, ?it/s, loss=0.283, v_num=]         
Epoch 271:   0%|          | 0/47 [00:00<?, ?it/s, loss=0.283, v_num=]/usr/local/lib/python3.13/dist-packages/torch/utils/data/dataloader.py:432: UserWarning: This DataLoader will create 6 worker processes in total. Our suggested max number of worker in current system is 2, which is smaller than what this DataLoader is going to create. Please be aware that excessive worker creation might get DataLoader running slow or even freeze, lower the worker number to avoid potential slowness/freeze if necessary.
  self.check_worker_number_rationality()

Epoch 271:  43%|████▎     | 20/47 [00:01<00:01, 19.76it/s, loss=0.283, v_num=]
Epoch 271:  85%|████████▌ | 40/47 [00:01<00:00, 20.90it/s, loss=0.283, v_num=]
Epoch 271:  85%|████████▌ | 40/47 [00:01<00:00, 20.90it/s, loss=0.286, v_num=]
Epoch 271: 100%|██████████| 47/47 [00:02<00:00, 19.70it/s, loss=0.286, v_num=]
Epoch 271:   0%|          | 0/47 [00:00<?, ?it/s, loss=0.286, v_num=]         
Epoch 272:   0%|          | 0/47 [00:00<?, ?it/s, loss=0.286, v_num=]
Epoch 272:  43%|████▎     | 20/47 [00:01<00:01, 14.21it/s, loss=0.285, v_num=]
Epoch 272:  85%|████████▌ | 40/47 [00:02<00:00, 18.37it/s, loss=0.285, v_num=]
Epoch 272:  85%|████████▌ | 40/47 [00:02<00:00, 18.37it/s, loss=0.286, v_num=]
Epoch 272: 100%|██████████| 47/47 [00:02<00:00, 18.42it/s, loss=0.282, v_num=]
Epoch 272:   0%|          | 0/47 [00:00<?, ?it/s, loss=0.282, v_num=]         
Epoch 273:   0%|          | 0/47 [00:00<?, ?it/s, loss=0.282, v_num=]
Epoch 273:  43%|████▎     | 20/47 [00:01<00:01, 19.75it/s, loss=0.278, v_num=]
Epoch 273:  85%|████████▌ | 40/47 [00:01<00:00, 23.33it/s, loss=0.278, v_num=]
Epoch 273:  85%|████████▌ | 40/47 [00:01<00:00, 23.32it/s, loss=0.28, v_num=] 
Epoch 273: 100%|██████████| 47/47 [00:02<00:00, 22.45it/s, loss=0.281, v_num=]
Epoch 273:   0%|          | 0/47 [00:00<?, ?it/s, loss=0.281, v_num=]         
Epoch 274:   0%|          | 0/47 [00:00<?, ?it/s, loss=0.281, v_num=]
Epoch 274:  43%|████▎     | 20/47 [00:00<00:01, 20.44it/s, loss=0.281, v_num=]
Epoch 274:  85%|████████▌ | 40/47 [00:01<00:00, 23.95it/s, loss=0.281, v_num=]
Epoch 274:  85%|████████▌ | 40/47 [00:01<00:00, 23.95it/s, loss=0.284, v_num=]
Epoch 274: 100%|██████████| 47/47 [00:02<00:00, 22.94it/s, loss=0.281, v_num=]
Epoch 274:   0%|          | 0/47 [00:00<?, ?it/s, loss=0.281, v_num=]         
Epoch 275:   0%|          | 0/47 [00:00<?, ?it/s, loss=0.281, v_num=]
Epoch 275:  43%|████▎     | 20/47 [00:01<00:01, 19.79it/s, loss=0.283, v_num=]
Epoch 275:  85%|████████▌ | 40/47 [00:01<00:00, 23.48it/s, loss=0.283, v_num=]
Epoch 275:  85%|████████▌ | 40/47 [00:01<00:00, 23.47it/s, loss=0.279, v_num=]
Epoch 275: 100%|██████████| 47/47 [00:02<00:00, 22.35it/s, loss=0.276, v_num=]Evaluating...
NMI : 0.5681771782797137, ARI: 0.32438881790208846, ACC: 0.31917, current K: 7

Epoch 275:   0%|          | 0/47 [00:00<?, ?it/s, loss=0.276, v_num=]         
Epoch 276:   0%|          | 0/47 [00:00<?, ?it/s, loss=0.276, v_num=]/usr/local/lib/python3.13/dist-packages/torch/utils/data/dataloader.py:432: UserWarning: This DataLoader will create 6 worker processes in total. Our suggested max number of worker in current system is 2, which is smaller than what this DataLoader is going to create. Please be aware that excessive worker creation might get DataLoader running slow or even freeze, lower the worker number to avoid potential slowness/freeze if necessary.
  self.check_worker_number_rationality()

Epoch 276:  43%|████▎     | 20/47 [00:00<00:01, 20.04it/s, loss=0.277, v_num=]
Epoch 276:  85%|████████▌ | 40/47 [00:01<00:00, 23.73it/s, loss=0.277, v_num=]
Epoch 276:  85%|████████▌ | 40/47 [00:01<00:00, 23.73it/s, loss=0.282, v_num=]
Epoch 276: 100%|██████████| 47/47 [00:02<00:00, 22.72it/s, loss=0.287, v_num=]
Epoch 276:   0%|          | 0/47 [00:00<?, ?it/s, loss=0.287, v_num=]         
Epoch 277:   0%|          | 0/47 [00:00<?, ?it/s, loss=0.287, v_num=]
Epoch 277:  43%|████▎     | 20/47 [00:01<00:01, 17.36it/s, loss=0.278, v_num=]
Epoch 277:  85%|████████▌ | 40/47 [00:02<00:00, 19.77it/s, loss=0.278, v_num=]
Epoch 277:  85%|████████▌ | 40/47 [00:02<00:00, 19.77it/s, loss=0.285, v_num=]
Epoch 277: 100%|██████████| 47/47 [00:02<00:00, 18.60it/s, loss=0.29, v_num=] 
Epoch 277:   0%|          | 0/47 [00:00<?, ?it/s, loss=0.29, v_num=]         
Epoch 278:   0%|          | 0/47 [00:00<?, ?it/s, loss=0.29, v_num=]
Epoch 278:  43%|████▎     | 20/47 [00:01<00:01, 14.31it/s, loss=0.284, v_num=]
Epoch 278:  85%|████████▌ | 40/47 [00:02<00:00, 19.22it/s, loss=0.284, v_num=]
Epoch 278:  85%|████████▌ | 40/47 [00:02<00:00, 19.21it/s, loss=0.283, v_num=]
Epoch 278: 100%|██████████| 47/47 [00:02<00:00, 19.28it/s, loss=0.279, v_num=]
Epoch 278:   0%|          | 0/47 [00:00<?, ?it/s, loss=0.279, v_num=]         
Epoch 279:   0%|          | 0/47 [00:00<?, ?it/s, loss=0.279, v_num=]
Epoch 279:  43%|████▎     | 20/47 [00:00<00:01, 20.73it/s, loss=0.283, v_num=]
Epoch 279:  85%|████████▌ | 40/47 [00:01<00:00, 24.00it/s, loss=0.283, v_num=]
Epoch 279:  85%|████████▌ | 40/47 [00:01<00:00, 23.99it/s, loss=0.281, v_num=]
Epoch 279: 100%|██████████| 47/47 [00:02<00:00, 23.20it/s, loss=0.28, v_num=] 
Epoch 279:   0%|          | 0/47 [00:00<?, ?it/s, loss=0.28, v_num=]         
Epoch 280:   0%|          | 0/47 [00:00<?, ?it/s, loss=0.28, v_num=]
Epoch 280:  43%|████▎     | 20/47 [00:01<00:01, 19.89it/s, loss=0.281, v_num=]
Epoch 280:  85%|████████▌ | 40/47 [00:01<00:00, 22.73it/s, loss=0.281, v_num=]
Epoch 280:  85%|████████▌ | 40/47 [00:01<00:00, 22.73it/s, loss=0.29, v_num=] 
Epoch 280: 100%|██████████| 47/47 [00:02<00:00, 22.22it/s, loss=0.283, v_num=]Evaluating...
NMI : 0.5694595655325062, ARI: 0.3257174190587644, ACC: 0.31867, current K: 7
Epoch 280 | NMI: 0.5695, ARI: 0.3257, ACC: 0.3187, current K: 7
Confusion Matrix:
[[ 81   3  42   0   3 161  10   0   0   0   0   0   0   0   0   0   0   0
    0   0]
 [ 20   1   1 249  29   0   0   0   0   0   0   0   0   0   0   0   0   0
    0   0]
 [  1   0  25   2   2 269   1   0   0   0   0   0   0   0   0   0   0   0
    0   0]
 [  3   3   2   6 278   4   4   0   0   0   0   0   0   0   0   0   0   0
    0   0]
 [277   0   0   2  16   0   5   0   0   0   0   0   0   0   0   0   0   0
    0   0]
 [  0   4 273  12   0  11   0   0   0   0   0   0   0   0   0   0   0   0
    0   0]
 [  1   0   4   7  18   2 268   0   0   0   0   0   0   0   0   0   0   0
    0   0]
 [  0 217  77   0   1   5   0   0   0   0   0   0   0   0   0   0   0   0
    0   0]
 [  1   0  37   0   1 257   4   0   0   0   0   0   0   0   0   0   0   0
    0   0]
 [  1   1   6  13 259   1  19   0   0   0   0   0   0   0   0   0   0   0
    0   0]
 [  5   1  64   0   0 225   5   0   0   0   0   0   0   0   0   0   0   0
    0   0]
 [ 21   2  11 259   7   0   0   0   0   0   0   0   0   0   0   0   0   0
    0   0]
 [289   0   1   6   0   4   0   0   0   0   0   0   0   0   0   0   0   0
    0   0]
 [  1   0  43 242   7   6   1   0   0   0   0   0   0   0   0   0   0   0
    0   0]
 [  0   0   6   0   7  12 275   0   0   0   0   0   0   0   0   0   0   0
    0   0]
 [  6 269  16   1   8   0   0   0   0   0   0   0   0   0   0   0   0   0
    0   0]
 [283   0   2   3   0  12   0   0   0   0   0   0   0   0   0   0   0   0
    0   0]
 [  0   0 141 150   3   6   0   0   0   0   0   0   0   0   0   0   0   0
    0   0]
 [  2   0   2   0  12  17 267   0   0   0   0   0   0   0   0   0   0   0
    0   0]
 [  0 238  46  13   1   2   0   0   0   0   0   0   0   0   0   0   0   0
    0   0]]

Epoch 280:   0%|          | 0/47 [00:00<?, ?it/s, loss=0.283, v_num=]         
Epoch 281:   0%|          | 0/47 [00:00<?, ?it/s, loss=0.283, v_num=]/usr/local/lib/python3.13/dist-packages/torch/utils/data/dataloader.py:432: UserWarning: This DataLoader will create 6 worker processes in total. Our suggested max number of worker in current system is 2, which is smaller than what this DataLoader is going to create. Please be aware that excessive worker creation might get DataLoader running slow or even freeze, lower the worker number to avoid potential slowness/freeze if necessary.
  self.check_worker_number_rationality()

Epoch 281:  43%|████▎     | 20/47 [00:00<00:01, 21.24it/s, loss=0.285, v_num=]
Epoch 281:  85%|████████▌ | 40/47 [00:01<00:00, 24.63it/s, loss=0.285, v_num=]
Epoch 281:  85%|████████▌ | 40/47 [00:01<00:00, 24.62it/s, loss=0.282, v_num=]
Epoch 281: 100%|██████████| 47/47 [00:01<00:00, 23.74it/s, loss=0.283, v_num=]
Epoch 281:   0%|          | 0/47 [00:00<?, ?it/s, loss=0.283, v_num=]         
Epoch 282:   0%|          | 0/47 [00:00<?, ?it/s, loss=0.283, v_num=]
Epoch 282:  43%|████▎     | 20/47 [00:00<00:01, 20.67it/s, loss=0.281, v_num=]
Epoch 282:  85%|████████▌ | 40/47 [00:01<00:00, 23.85it/s, loss=0.281, v_num=]
Epoch 282:  85%|████████▌ | 40/47 [00:01<00:00, 23.85it/s, loss=0.284, v_num=]
Epoch 282: 100%|██████████| 47/47 [00:02<00:00, 23.07it/s, loss=0.282, v_num=]
Epoch 282:   0%|          | 0/47 [00:00<?, ?it/s, loss=0.282, v_num=]         
Epoch 283:   0%|          | 0/47 [00:00<?, ?it/s, loss=0.282, v_num=]
Epoch 283:  43%|████▎     | 20/47 [00:01<00:01, 17.15it/s, loss=0.285, v_num=]
Epoch 283:  85%|████████▌ | 40/47 [00:02<00:00, 19.80it/s, loss=0.285, v_num=]
Epoch 283:  85%|████████▌ | 40/47 [00:02<00:00, 19.79it/s, loss=0.278, v_num=]
Epoch 283: 100%|██████████| 47/47 [00:02<00:00, 18.37it/s, loss=0.284, v_num=]
Epoch 283:   0%|          | 0/47 [00:00<?, ?it/s, loss=0.284, v_num=]         
Epoch 284:   0%|          | 0/47 [00:00<?, ?it/s, loss=0.284, v_num=]
Epoch 284:  43%|████▎     | 20/47 [00:01<00:01, 15.38it/s, loss=0.283, v_num=]
Epoch 284:  85%|████████▌ | 40/47 [00:01<00:00, 20.18it/s, loss=0.283, v_num=]
Epoch 284:  85%|████████▌ | 40/47 [00:01<00:00, 20.17it/s, loss=0.277, v_num=]
Epoch 284: 100%|██████████| 47/47 [00:02<00:00, 20.08it/s, loss=0.284, v_num=]
Epoch 284:   0%|          | 0/47 [00:00<?, ?it/s, loss=0.284, v_num=]         
Epoch 285:   0%|          | 0/47 [00:00<?, ?it/s, loss=0.284, v_num=]
Epoch 285:  43%|████▎     | 20/47 [00:00<00:01, 20.52it/s, loss=0.283, v_num=]
Epoch 285:  85%|████████▌ | 40/47 [00:01<00:00, 24.24it/s, loss=0.283, v_num=]
Epoch 285:  85%|████████▌ | 40/47 [00:01<00:00, 24.24it/s, loss=0.282, v_num=]
Epoch 285: 100%|██████████| 47/47 [00:02<00:00, 23.34it/s, loss=0.278, v_num=]Evaluating...
NMI : 0.5740564923815706, ARI: 0.3298000904236301, ACC: 0.3195, current K: 7

Epoch 285:   0%|          | 0/47 [00:00<?, ?it/s, loss=0.278, v_num=]         
Epoch 286:   0%|          | 0/47 [00:00<?, ?it/s, loss=0.278, v_num=]/usr/local/lib/python3.13/dist-packages/torch/utils/data/dataloader.py:432: UserWarning: This DataLoader will create 6 worker processes in total. Our suggested max number of worker in current system is 2, which is smaller than what this DataLoader is going to create. Please be aware that excessive worker creation might get DataLoader running slow or even freeze, lower the worker number to avoid potential slowness/freeze if necessary.
  self.check_worker_number_rationality()

Epoch 286:  43%|████▎     | 20/47 [00:00<00:01, 20.62it/s, loss=0.289, v_num=]
Epoch 286:  85%|████████▌ | 40/47 [00:01<00:00, 24.38it/s, loss=0.289, v_num=]
Epoch 286:  85%|████████▌ | 40/47 [00:01<00:00, 24.37it/s, loss=0.28, v_num=] 
Epoch 286: 100%|██████████| 47/47 [00:02<00:00, 23.37it/s, loss=0.277, v_num=]
Epoch 286:   0%|          | 0/47 [00:00<?, ?it/s, loss=0.277, v_num=]         
Epoch 287:   0%|          | 0/47 [00:00<?, ?it/s, loss=0.277, v_num=]
Epoch 287:  43%|████▎     | 20/47 [00:01<00:01, 19.39it/s, loss=0.288, v_num=]
Epoch 287:  85%|████████▌ | 40/47 [00:01<00:00, 23.27it/s, loss=0.288, v_num=]
Epoch 287:  85%|████████▌ | 40/47 [00:01<00:00, 23.26it/s, loss=0.281, v_num=]
Epoch 287: 100%|██████████| 47/47 [00:02<00:00, 22.66it/s, loss=0.281, v_num=]
Epoch 287:   0%|          | 0/47 [00:00<?, ?it/s, loss=0.281, v_num=]         
Epoch 288:   0%|          | 0/47 [00:00<?, ?it/s, loss=0.281, v_num=]
Epoch 288:  43%|████▎     | 20/47 [00:00<00:01, 21.00it/s, loss=0.287, v_num=]
Epoch 288:  85%|████████▌ | 40/47 [00:01<00:00, 24.56it/s, loss=0.287, v_num=]
Epoch 288:  85%|████████▌ | 40/47 [00:01<00:00, 24.55it/s, loss=0.28, v_num=] 
Epoch 288: 100%|██████████| 47/47 [00:02<00:00, 23.30it/s, loss=0.284, v_num=]
Epoch 288:   0%|          | 0/47 [00:00<?, ?it/s, loss=0.284, v_num=]         
Epoch 289:   0%|          | 0/47 [00:00<?, ?it/s, loss=0.284, v_num=]
Epoch 289:  43%|████▎     | 20/47 [00:01<00:01, 17.29it/s, loss=0.284, v_num=]
Epoch 289:  85%|████████▌ | 40/47 [00:01<00:00, 20.04it/s, loss=0.284, v_num=]
Epoch 289:  85%|████████▌ | 40/47 [00:01<00:00, 20.03it/s, loss=0.283, v_num=]
Epoch 289: 100%|██████████| 47/47 [00:02<00:00, 18.86it/s, loss=0.285, v_num=]
Epoch 289:   0%|          | 0/47 [00:00<?, ?it/s, loss=0.285, v_num=]         
Epoch 290:   0%|          | 0/47 [00:00<?, ?it/s, loss=0.285, v_num=]
Epoch 290:  43%|████▎     | 20/47 [00:01<00:01, 14.84it/s, loss=0.279, v_num=]
Epoch 290:  85%|████████▌ | 40/47 [00:02<00:00, 19.73it/s, loss=0.279, v_num=]
Epoch 290:  85%|████████▌ | 40/47 [00:02<00:00, 19.72it/s, loss=0.286, v_num=]
Epoch 290: 100%|██████████| 47/47 [00:02<00:00, 19.71it/s, loss=0.283, v_num=]Evaluating...
NMI : 0.5782226931649825, ARI: 0.33214034117495117, ACC: 0.31933, current K: 7
Epoch 290 | NMI: 0.5782, ARI: 0.3321, ACC: 0.3193, current K: 7
Confusion Matrix:
[[ 17   3  28   0   2 242   8   0   0   0   0   0   0   0   0   0   0   0
    0   0]
 [ 20   1   1 247  30   1   0   0   0   0   0   0   0   0   0   0   0   0
    0   0]
 [  0   0  23   2   1 273   1   0   0   0   0   0   0   0   0   0   0   0
    0   0]
 [  1   3   2   6 278   6   4   0   0   0   0   0   0   0   0   0   0   0
    0   0]
 [273   0   0   2  19   0   6   0   0   0   0   0   0   0   0   0   0   0
    0   0]
 [  0   4 271  12   0  13   0   0   0   0   0   0   0   0   0   0   0   0
    0   0]
 [  1   0   1   7  19   4 268   0   0   0   0   0   0   0   0   0   0   0
    0   0]
 [  0 220  73   0   1   6   0   0   0   0   0   0   0   0   0   0   0   0
    0   0]
 [  1   0  38   0   1 257   3   0   0   0   0   0   0   0   0   0   0   0
    0   0]
 [  0   1   6  13 258   1  21   0   0   0   0   0   0   0   0   0   0   0
    0   0]
 [  4   1  62   0   0 229   4   0   0   0   0   0   0   0   0   0   0   0
    0   0]
 [ 21   2  11 257   8   1   0   0   0   0   0   0   0   0   0   0   0   0
    0   0]
 [288   0   1   5   0   6   0   0   0   0   0   0   0   0   0   0   0   0
    0   0]
 [  0   0  44 241   7   7   1   0   0   0   0   0   0   0   0   0   0   0
    0   0]
 [  0   0   5   0   7   9 279   0   0   0   0   0   0   0   0   0   0   0
    0   0]
 [  4 270  16   1   8   1   0   0   0   0   0   0   0   0   0   0   0   0
    0   0]
 [282   0   2   3   0  13   0   0   0   0   0   0   0   0   0   0   0   0
    0   0]
 [  0   0 145 146   3   6   0   0   0   0   0   0   0   0   0   0   0   0
    0   0]
 [  1   0   2   0  12  18 267   0   0   0   0   0   0   0   0   0   0   0
    0   0]
 [  0 238  45  13   1   3   0   0   0   0   0   0   0   0   0   0   0   0
    0   0]]

Epoch 290:   0%|          | 0/47 [00:00<?, ?it/s, loss=0.283, v_num=]         
Epoch 291:   0%|          | 0/47 [00:00<?, ?it/s, loss=0.283, v_num=]/usr/local/lib/python3.13/dist-packages/torch/utils/data/dataloader.py:432: UserWarning: This DataLoader will create 6 worker processes in total. Our suggested max number of worker in current system is 2, which is smaller than what this DataLoader is going to create. Please be aware that excessive worker creation might get DataLoader running slow or even freeze, lower the worker number to avoid potential slowness/freeze if necessary.
  self.check_worker_number_rationality()

Epoch 291:  43%|████▎     | 20/47 [00:00<00:01, 20.89it/s, loss=0.285, v_num=]
Epoch 291:  85%|████████▌ | 40/47 [00:01<00:00, 24.15it/s, loss=0.285, v_num=]
Epoch 291:  85%|████████▌ | 40/47 [00:01<00:00, 24.14it/s, loss=0.281, v_num=]
Epoch 291: 100%|██████████| 47/47 [00:02<00:00, 23.14it/s, loss=0.281, v_num=]
Epoch 291:   0%|          | 0/47 [00:00<?, ?it/s, loss=0.281, v_num=]         
Epoch 292:   0%|          | 0/47 [00:00<?, ?it/s, loss=0.281, v_num=]
Epoch 292:  43%|████▎     | 20/47 [00:00<00:01, 20.66it/s, loss=0.281, v_num=]
Epoch 292:  85%|████████▌ | 40/47 [00:01<00:00, 24.03it/s, loss=0.281, v_num=]
Epoch 292:  85%|████████▌ | 40/47 [00:01<00:00, 24.03it/s, loss=0.281, v_num=]
Epoch 292: 100%|██████████| 47/47 [00:02<00:00, 23.00it/s, loss=0.277, v_num=]
Epoch 292:   0%|          | 0/47 [00:00<?, ?it/s, loss=0.277, v_num=]         
Epoch 293:   0%|          | 0/47 [00:00<?, ?it/s, loss=0.277, v_num=]
Epoch 293:  43%|████▎     | 20/47 [00:00<00:01, 20.64it/s, loss=0.281, v_num=]
Epoch 293:  85%|████████▌ | 40/47 [00:01<00:00, 24.37it/s, loss=0.281, v_num=]
Epoch 293:  85%|████████▌ | 40/47 [00:01<00:00, 24.36it/s, loss=0.28, v_num=] 
Epoch 293: 100%|██████████| 47/47 [00:02<00:00, 23.39it/s, loss=0.284, v_num=]
Epoch 293:   0%|          | 0/47 [00:00<?, ?it/s, loss=0.284, v_num=]         
Epoch 294:   0%|          | 0/47 [00:00<?, ?it/s, loss=0.284, v_num=]
Epoch 294:  43%|████▎     | 20/47 [00:01<00:01, 18.79it/s, loss=0.278, v_num=]
Epoch 294:  85%|████████▌ | 40/47 [00:01<00:00, 22.80it/s, loss=0.278, v_num=]
Epoch 294:  85%|████████▌ | 40/47 [00:01<00:00, 22.79it/s, loss=0.282, v_num=]
Epoch 294: 100%|██████████| 47/47 [00:02<00:00, 22.10it/s, loss=0.282, v_num=]
Epoch 294:   0%|          | 0/47 [00:00<?, ?it/s, loss=0.282, v_num=]         
Epoch 295:   0%|          | 0/47 [00:00<?, ?it/s, loss=0.282, v_num=]
Epoch 295:  43%|████▎     | 20/47 [00:01<00:01, 16.86it/s, loss=0.282, v_num=]
Epoch 295:  85%|████████▌ | 40/47 [00:02<00:00, 19.65it/s, loss=0.282, v_num=]
Epoch 295:  85%|████████▌ | 40/47 [00:02<00:00, 19.65it/s, loss=0.283, v_num=]
Epoch 295: 100%|██████████| 47/47 [00:02<00:00, 18.02it/s, loss=0.279, v_num=]/content/DeepDPM-New/src/clustering_models/clusternet_modules/clusternetasmodel.py:682: UserWarning: To copy construct from a tensor, it is recommended to use sourceTensor.detach().clone() or sourceTensor.detach().clone().requires_grad_(True), rather than torch.tensor(sourceTensor).
  mus_ind_to_split = torch.nonzero(torch.tensor(split_decisions), as_tuple=False)
Splitting clusters [3 4]
Evaluating...
NMI : 0.5817662269681612, ARI: 0.3342192455594656, ACC: 0.319, current K: 7
[Split] K updated → 9 clusters
  [Epoch 295] losses at split → cluster_loss=0.0293, subcluster_loss=0.5328

Epoch 295:   0%|          | 0/47 [00:00<?, ?it/s, loss=0.279, v_num=]         
Epoch 296:   0%|          | 0/47 [00:00<?, ?it/s, loss=0.279, v_num=]/usr/local/lib/python3.13/dist-packages/torch/utils/data/dataloader.py:432: UserWarning: This DataLoader will create 6 worker processes in total. Our suggested max number of worker in current system is 2, which is smaller than what this DataLoader is going to create. Please be aware that excessive worker creation might get DataLoader running slow or even freeze, lower the worker number to avoid potential slowness/freeze if necessary.
  self.check_worker_number_rationality()

Epoch 296:  43%|████▎     | 20/47 [00:01<00:01, 14.53it/s, loss=0.39, v_num=]
Epoch 296:  85%|████████▌ | 40/47 [00:02<00:00, 18.30it/s, loss=0.39, v_num=]
Epoch 296:  85%|████████▌ | 40/47 [00:02<00:00, 18.30it/s, loss=0.368, v_num=]
Epoch 296: 100%|██████████| 47/47 [00:02<00:00, 18.08it/s, loss=0.363, v_num=]
Epoch 296:   0%|          | 0/47 [00:00<?, ?it/s, loss=0.363, v_num=]         
Epoch 297:   0%|          | 0/47 [00:00<?, ?it/s, loss=0.363, v_num=]
Epoch 297:  43%|████▎     | 20/47 [00:01<00:01, 18.58it/s, loss=0.353, v_num=]
Epoch 297:  85%|████████▌ | 40/47 [00:01<00:00, 21.33it/s, loss=0.353, v_num=]
Epoch 297:  85%|████████▌ | 40/47 [00:01<00:00, 21.32it/s, loss=0.338, v_num=]
Epoch 297: 100%|██████████| 47/47 [00:02<00:00, 20.60it/s, loss=0.338, v_num=]
Epoch 297:   0%|          | 0/47 [00:00<?, ?it/s, loss=0.338, v_num=]         
Epoch 298:   0%|          | 0/47 [00:00<?, ?it/s, loss=0.338, v_num=]
Epoch 298:  43%|████▎     | 20/47 [00:01<00:01, 18.62it/s, loss=0.332, v_num=]
Epoch 298:  85%|████████▌ | 40/47 [00:01<00:00, 21.36it/s, loss=0.332, v_num=]
Epoch 298:  85%|████████▌ | 40/47 [00:01<00:00, 21.36it/s, loss=0.329, v_num=]
Epoch 298: 100%|██████████| 47/47 [00:02<00:00, 20.80it/s, loss=0.333, v_num=]
Epoch 298:   0%|          | 0/47 [00:00<?, ?it/s, loss=0.333, v_num=]         
Epoch 299:   0%|          | 0/47 [00:00<?, ?it/s, loss=0.333, v_num=]
Epoch 299:  43%|████▎     | 20/47 [00:01<00:01, 18.44it/s, loss=0.321, v_num=]
Epoch 299:  85%|████████▌ | 40/47 [00:01<00:00, 21.26it/s, loss=0.321, v_num=]
Epoch 299:  85%|████████▌ | 40/47 [00:01<00:00, 21.25it/s, loss=0.321, v_num=]
Epoch 299: 100%|██████████| 47/47 [00:02<00:00, 20.62it/s, loss=0.319, v_num=]
Epoch 299:   0%|          | 0/47 [00:00<?, ?it/s, loss=0.319, v_num=]         
Epoch 300:   0%|          | 0/47 [00:00<?, ?it/s, loss=0.319, v_num=]
Epoch 300:  43%|████▎     | 20/47 [00:01<00:01, 18.34it/s, loss=0.313, v_num=]
Epoch 300:  85%|████████▌ | 40/47 [00:02<00:00, 18.92it/s, loss=0.313, v_num=]
Epoch 300:  85%|████████▌ | 40/47 [00:02<00:00, 18.91it/s, loss=0.311, v_num=]
Epoch 300: 100%|██████████| 47/47 [00:02<00:00, 17.78it/s, loss=0.308, v_num=]Evaluating...
NMI : 0.6121346818779678, ARI: 0.3640501597212222, ACC: 0.39017, current K: 9
Epoch 300 | NMI: 0.6121, ARI: 0.3641, ACC: 0.3902, current K: 9
Confusion Matrix:
[[ 12   3  24 252   8   0   0   0   1   0   0   0   0   0   0   0   0   0
    0   0]
 [ 15   1   1   4   0  18 230   0  31   0   0   0   0   0   0   0   0   0
    0   0]
 [  0   0  23 276   1   0   0   0   0   0   0   0   0   0   0   0   0   0
    0   0]
 [  0   4   1   7   3   2   2   1 280   0   0   0   0   0   0   0   0   0
    0   0]
 [274   0   0   0   5   0   3   1  17   0   0   0   0   0   0   0   0   0
    0   0]
 [  0   4 272  13   0  10   1   0   0   0   0   0   0   0   0   0   0   0
    0   0]
 [  1   0   1   6 270   1   4   3  14   0   0   0   0   0   0   0   0   0
    0   0]
 [  0 222  72   5   0   0   0   0   1   0   0   0   0   0   0   0   0   0
    0   0]
 [  1   0  38 257   3   0   0   0   1   0   0   0   0   0   0   0   0   0
    0   0]
 [  0   2   6   2  22   6   7 196  59   0   0   0   0   0   0   0   0   0
    0   0]
 [  2   1  62 231   4   0   0   0   0   0   0   0   0   0   0   0   0   0
    0   0]
 [ 21   2  11   2   0   5 254   2   3   0   0   0   0   0   0   0   0   0
    0   0]
 [287   0   1   7   0   0   5   0   0   0   0   0   0   0   0   0   0   0
    0   0]
 [  0   0  43   7   1 227  17   3   2   0   0   0   0   0   0   0   0   0
    0   0]
 [  0   0   5   8 280   0   0   0   7   0   0   0   0   0   0   0   0   0
    0   0]
 [  4 269  16   1   0   0   1   0   9   0   0   0   0   0   0   0   0   0
    0   0]
 [281   0   2  14   0   0   3   0   0   0   0   0   0   0   0   0   0   0
    0   0]
 [  0   0 142   6   0 149   0   3   0   0   0   0   0   0   0   0   0   0
    0   0]
 [  0   0   2  19 269   0   0   0  10   0   0   0   0   0   0   0   0   0
    0   0]
 [  0 243  43   3   0   0  10   1   0   0   0   0   0   0   0   0   0   0
    0   0]]

Epoch 300:   0%|          | 0/47 [00:00<?, ?it/s, loss=0.308, v_num=]         
Epoch 301:   0%|          | 0/47 [00:00<?, ?it/s, loss=0.308, v_num=]/usr/local/lib/python3.13/dist-packages/torch/utils/data/dataloader.py:432: UserWarning: This DataLoader will create 6 worker processes in total. Our suggested max number of worker in current system is 2, which is smaller than what this DataLoader is going to create. Please be aware that excessive worker creation might get DataLoader running slow or even freeze, lower the worker number to avoid potential slowness/freeze if necessary.
  self.check_worker_number_rationality()

Epoch 301:  43%|████▎     | 20/47 [00:01<00:02, 13.18it/s, loss=0.313, v_num=]
Epoch 301:  85%|████████▌ | 40/47 [00:02<00:00, 16.36it/s, loss=0.313, v_num=]
Epoch 301:  85%|████████▌ | 40/47 [00:02<00:00, 16.36it/s, loss=0.298, v_num=]
Epoch 301: 100%|██████████| 47/47 [00:02<00:00, 16.53it/s, loss=0.302, v_num=]
Epoch 301:   0%|          | 0/47 [00:00<?, ?it/s, loss=0.302, v_num=]         
Epoch 302:   0%|          | 0/47 [00:00<?, ?it/s, loss=0.302, v_num=]
Epoch 302:  43%|████▎     | 20/47 [00:01<00:01, 18.27it/s, loss=0.276, v_num=]
Epoch 302:  85%|████████▌ | 40/47 [00:01<00:00, 20.97it/s, loss=0.276, v_num=]
Epoch 302:  85%|████████▌ | 40/47 [00:01<00:00, 20.96it/s, loss=0.273, v_num=]
Epoch 302: 100%|██████████| 47/47 [00:02<00:00, 20.21it/s, loss=0.278, v_num=]
Epoch 302:   0%|          | 0/47 [00:00<?, ?it/s, loss=0.278, v_num=]         
Epoch 303:   0%|          | 0/47 [00:00<?, ?it/s, loss=0.278, v_num=]
Epoch 303:  43%|████▎     | 20/47 [00:01<00:01, 18.63it/s, loss=0.275, v_num=]
Epoch 303:  85%|████████▌ | 40/47 [00:01<00:00, 21.37it/s, loss=0.275, v_num=]
Epoch 303:  85%|████████▌ | 40/47 [00:01<00:00, 21.37it/s, loss=0.272, v_num=]
Epoch 303: 100%|██████████| 47/47 [00:02<00:00, 20.53it/s, loss=0.28, v_num=] 
Epoch 303:   0%|          | 0/47 [00:00<?, ?it/s, loss=0.28, v_num=]         
Epoch 304:   0%|          | 0/47 [00:00<?, ?it/s, loss=0.28, v_num=]
Epoch 304:  43%|████▎     | 20/47 [00:01<00:01, 18.25it/s, loss=0.276, v_num=]
Epoch 304:  85%|████████▌ | 40/47 [00:01<00:00, 21.08it/s, loss=0.276, v_num=]
Epoch 304:  85%|████████▌ | 40/47 [00:01<00:00, 21.08it/s, loss=0.278, v_num=]
Epoch 304: 100%|██████████| 47/47 [00:02<00:00, 20.40it/s, loss=0.27, v_num=] 
Epoch 304:   0%|          | 0/47 [00:00<?, ?it/s, loss=0.27, v_num=]         
Epoch 305:   0%|          | 0/47 [00:00<?, ?it/s, loss=0.27, v_num=]
Epoch 305:  43%|████▎     | 20/47 [00:01<00:01, 18.64it/s, loss=0.275, v_num=]
Epoch 305:  85%|████████▌ | 40/47 [00:01<00:00, 20.44it/s, loss=0.275, v_num=]
Epoch 305:  85%|████████▌ | 40/47 [00:01<00:00, 20.44it/s, loss=0.278, v_num=]
Epoch 305: 100%|██████████| 47/47 [00:02<00:00, 18.60it/s, loss=0.272, v_num=]Evaluating...
NMI : 0.6129047377276279, ARI: 0.36996594532144245, ACC: 0.39533, current K: 9

Epoch 305:   0%|          | 0/47 [00:00<?, ?it/s, loss=0.272, v_num=]         
Epoch 306:   0%|          | 0/47 [00:00<?, ?it/s, loss=0.272, v_num=]/usr/local/lib/python3.13/dist-packages/torch/utils/data/dataloader.py:432: UserWarning: This DataLoader will create 6 worker processes in total. Our suggested max number of worker in current system is 2, which is smaller than what this DataLoader is going to create. Please be aware that excessive worker creation might get DataLoader running slow or even freeze, lower the worker number to avoid potential slowness/freeze if necessary.
  self.check_worker_number_rationality()

Epoch 306:  43%|████▎     | 20/47 [00:01<00:01, 13.69it/s, loss=0.28, v_num=]
Epoch 306:  85%|████████▌ | 40/47 [00:02<00:00, 14.91it/s, loss=0.28, v_num=]
Epoch 306:  85%|████████▌ | 40/47 [00:02<00:00, 14.91it/s, loss=0.269, v_num=]
Epoch 306: 100%|██████████| 47/47 [00:03<00:00, 15.17it/s, loss=0.278, v_num=]
Epoch 306:   0%|          | 0/47 [00:00<?, ?it/s, loss=0.278, v_num=]         
Epoch 307:   0%|          | 0/47 [00:00<?, ?it/s, loss=0.278, v_num=]
Epoch 307:  43%|████▎     | 20/47 [00:01<00:01, 18.82it/s, loss=0.276, v_num=]
Epoch 307:  85%|████████▌ | 40/47 [00:01<00:00, 21.68it/s, loss=0.276, v_num=]
Epoch 307:  85%|████████▌ | 40/47 [00:01<00:00, 21.67it/s, loss=0.276, v_num=]
Epoch 307: 100%|██████████| 47/47 [00:02<00:00, 20.93it/s, loss=0.276, v_num=]
Epoch 307:   0%|          | 0/47 [00:00<?, ?it/s, loss=0.276, v_num=]         
Epoch 308:   0%|          | 0/47 [00:00<?, ?it/s, loss=0.276, v_num=]
Epoch 308:  43%|████▎     | 20/47 [00:01<00:01, 18.75it/s, loss=0.275, v_num=]
Epoch 308:  85%|████████▌ | 40/47 [00:01<00:00, 21.54it/s, loss=0.275, v_num=]
Epoch 308:  85%|████████▌ | 40/47 [00:01<00:00, 21.54it/s, loss=0.278, v_num=]
Epoch 308: 100%|██████████| 47/47 [00:02<00:00, 20.91it/s, loss=0.274, v_num=]
Epoch 308:   0%|          | 0/47 [00:00<?, ?it/s, loss=0.274, v_num=]         
Epoch 309:   0%|          | 0/47 [00:00<?, ?it/s, loss=0.274, v_num=]
Epoch 309:  43%|████▎     | 20/47 [00:01<00:01, 18.45it/s, loss=0.273, v_num=]
Epoch 309:  85%|████████▌ | 40/47 [00:01<00:00, 21.02it/s, loss=0.273, v_num=]
Epoch 309:  85%|████████▌ | 40/47 [00:01<00:00, 21.01it/s, loss=0.283, v_num=]
Epoch 309: 100%|██████████| 47/47 [00:02<00:00, 20.28it/s, loss=0.279, v_num=]
Epoch 309:   0%|          | 0/47 [00:00<?, ?it/s, loss=0.279, v_num=]         
Epoch 310:   0%|          | 0/47 [00:00<?, ?it/s, loss=0.279, v_num=]
Epoch 310:  43%|████▎     | 20/47 [00:01<00:01, 18.56it/s, loss=0.277, v_num=]
Epoch 310:  85%|████████▌ | 40/47 [00:01<00:00, 21.42it/s, loss=0.277, v_num=]
Epoch 310:  85%|████████▌ | 40/47 [00:01<00:00, 21.42it/s, loss=0.278, v_num=]
Epoch 310: 100%|██████████| 47/47 [00:02<00:00, 20.78it/s, loss=0.275, v_num=]Evaluating...
NMI : 0.6151156197406256, ARI: 0.37362891056776987, ACC: 0.39467, current K: 9
Epoch 310 | NMI: 0.6151, ARI: 0.3736, ACC: 0.3947, current K: 9
Confusion Matrix:
[[ 10   3  24 253   8   0   0   0   2   0   0   0   0   0   0   0   0   0
    0   0]
 [ 14   1   1   2   0  23 226   0  33   0   0   0   0   0   0   0   0   0
    0   0]
 [  0   0  23 272   1   0   3   0   1   0   0   0   0   0   0   0   0   0
    0   0]
 [  0   3   2   7   2   2   1  12 271   0   0   0   0   0   0   0   0   0
    0   0]
 [272   0   0   0   4   0   3   2  19   0   0   0   0   0   0   0   0   0
    0   0]
 [  0   4 254  11   0  31   0   0   0   0   0   0   0   0   0   0   0   0
    0   0]
 [  1   0   2   3 259   2   5   3  25   0   0   0   0   0   0   0   0   0
    0   0]
 [  0 224  72   2   0   1   0   0   1   0   0   0   0   0   0   0   0   0
    0   0]
 [  1   0  40 254   3   1   0   0   1   0   0   0   0   0   0   0   0   0
    0   0]
 [  0   1   5   1  17   2   7 226  41   0   0   0   0   0   0   0   0   0
    0   0]
 [  3   1  64 230   2   0   0   0   0   0   0   0   0   0   0   0   0   0
    0   0]
 [ 17   0   7   0   0   8 260   6   2   0   0   0   0   0   0   0   0   0
    0   0]
 [285   0   2   7   0   0   6   0   0   0   0   0   0   0   0   0   0   0
    0   0]
 [  0   1  18   6   1 256  12   4   2   0   0   0   0   0   0   0   0   0
    0   0]
 [  0   0   5  10 277   0   0   0   8   0   0   0   0   0   0   0   0   0
    0   0]
 [  2 267  17   1   0   0   1   0  12   0   0   0   0   0   0   0   0   0
    0   0]
 [277   0   4  14   0   0   5   0   0   0   0   0   0   0   0   0   0   0
    0   0]
 [  0   0  82   6   0 208   0   4   0   0   0   0   0   0   0   0   0   0
    0   0]
 [  0   0   2  19 265   0   0   0  14   0   0   0   0   0   0   0   0   0
    0   0]
 [  0 239  42   2   0   1  14   2   0   0   0   0   0   0   0   0   0   0
    0   0]]

Epoch 310:   0%|          | 0/47 [00:00<?, ?it/s, loss=0.275, v_num=]         
Epoch 311:   0%|          | 0/47 [00:00<?, ?it/s, loss=0.275, v_num=]/usr/local/lib/python3.13/dist-packages/torch/utils/data/dataloader.py:432: UserWarning: This DataLoader will create 6 worker processes in total. Our suggested max number of worker in current system is 2, which is smaller than what this DataLoader is going to create. Please be aware that excessive worker creation might get DataLoader running slow or even freeze, lower the worker number to avoid potential slowness/freeze if necessary.
  self.check_worker_number_rationality()

Epoch 311:  43%|████▎     | 20/47 [00:01<00:01, 14.50it/s, loss=0.281, v_num=]
Epoch 311:  85%|████████▌ | 40/47 [00:02<00:00, 16.45it/s, loss=0.281, v_num=]
Epoch 311:  85%|████████▌ | 40/47 [00:02<00:00, 16.45it/s, loss=0.272, v_num=]
Epoch 311: 100%|██████████| 47/47 [00:02<00:00, 15.98it/s, loss=0.274, v_num=]
Epoch 311:   0%|          | 0/47 [00:00<?, ?it/s, loss=0.274, v_num=]         
Epoch 312:   0%|          | 0/47 [00:00<?, ?it/s, loss=0.274, v_num=]
Epoch 312:  43%|████▎     | 20/47 [00:01<00:01, 16.68it/s, loss=0.275, v_num=]
Epoch 312:  85%|████████▌ | 40/47 [00:01<00:00, 20.05it/s, loss=0.275, v_num=]
Epoch 312:  85%|████████▌ | 40/47 [00:01<00:00, 20.04it/s, loss=0.279, v_num=]
Epoch 312: 100%|██████████| 47/47 [00:02<00:00, 19.58it/s, loss=0.278, v_num=]
Epoch 312:   0%|          | 0/47 [00:00<?, ?it/s, loss=0.278, v_num=]         
Epoch 313:   0%|          | 0/47 [00:00<?, ?it/s, loss=0.278, v_num=]
Epoch 313:  43%|████▎     | 20/47 [00:01<00:01, 18.64it/s, loss=0.277, v_num=]
Epoch 313:  85%|████████▌ | 40/47 [00:01<00:00, 21.23it/s, loss=0.277, v_num=]
Epoch 313:  85%|████████▌ | 40/47 [00:01<00:00, 21.23it/s, loss=0.276, v_num=]
Epoch 313: 100%|██████████| 47/47 [00:02<00:00, 20.42it/s, loss=0.278, v_num=]
Epoch 313:   0%|          | 0/47 [00:00<?, ?it/s, loss=0.278, v_num=]         
Epoch 314:   0%|          | 0/47 [00:00<?, ?it/s, loss=0.278, v_num=]
Epoch 314:  43%|████▎     | 20/47 [00:01<00:01, 18.26it/s, loss=0.276, v_num=]
Epoch 314:  85%|████████▌ | 40/47 [00:01<00:00, 21.06it/s, loss=0.276, v_num=]
Epoch 314:  85%|████████▌ | 40/47 [00:01<00:00, 21.05it/s, loss=0.274, v_num=]
Epoch 314: 100%|██████████| 47/47 [00:02<00:00, 20.42it/s, loss=0.27, v_num=] 
Epoch 314:   0%|          | 0/47 [00:00<?, ?it/s, loss=0.27, v_num=]         
Epoch 315:   0%|          | 0/47 [00:00<?, ?it/s, loss=0.27, v_num=]
Epoch 315:  43%|████▎     | 20/47 [00:01<00:01, 18.45it/s, loss=0.281, v_num=]
Epoch 315:  85%|████████▌ | 40/47 [00:01<00:00, 20.87it/s, loss=0.281, v_num=]
Epoch 315:  85%|████████▌ | 40/47 [00:01<00:00, 20.86it/s, loss=0.275, v_num=]
Epoch 315: 100%|██████████| 47/47 [00:02<00:00, 20.23it/s, loss=0.272, v_num=]Evaluating...
NMI : 0.6166520627121423, ARI: 0.3749208804603134, ACC: 0.39433, current K: 9

Epoch 315:   0%|          | 0/47 [00:00<?, ?it/s, loss=0.272, v_num=]         
Epoch 316:   0%|          | 0/47 [00:00<?, ?it/s, loss=0.272, v_num=]/usr/local/lib/python3.13/dist-packages/torch/utils/data/dataloader.py:432: UserWarning: This DataLoader will create 6 worker processes in total. Our suggested max number of worker in current system is 2, which is smaller than what this DataLoader is going to create. Please be aware that excessive worker creation might get DataLoader running slow or even freeze, lower the worker number to avoid potential slowness/freeze if necessary.
  self.check_worker_number_rationality()

Epoch 316:  43%|████▎     | 20/47 [00:01<00:01, 17.21it/s, loss=0.275, v_num=]
Epoch 316:  85%|████████▌ | 40/47 [00:02<00:00, 18.67it/s, loss=0.275, v_num=]
Epoch 316:  85%|████████▌ | 40/47 [00:02<00:00, 18.66it/s, loss=0.273, v_num=]
Epoch 316: 100%|██████████| 47/47 [00:02<00:00, 17.31it/s, loss=0.28, v_num=] 
Epoch 316:   0%|          | 0/47 [00:00<?, ?it/s, loss=0.28, v_num=]         
Epoch 317:   0%|          | 0/47 [00:00<?, ?it/s, loss=0.28, v_num=]
Epoch 317:  43%|████▎     | 20/47 [00:01<00:01, 14.09it/s, loss=0.274, v_num=]
Epoch 317:  85%|████████▌ | 40/47 [00:02<00:00, 17.98it/s, loss=0.274, v_num=]
Epoch 317:  85%|████████▌ | 40/47 [00:02<00:00, 17.98it/s, loss=0.281, v_num=]
Epoch 317: 100%|██████████| 47/47 [00:02<00:00, 17.92it/s, loss=0.274, v_num=]
Epoch 317:   0%|          | 0/47 [00:00<?, ?it/s, loss=0.274, v_num=]         
Epoch 318:   0%|          | 0/47 [00:00<?, ?it/s, loss=0.274, v_num=]
Epoch 318:  43%|████▎     | 20/47 [00:01<00:01, 18.69it/s, loss=0.275, v_num=]
Epoch 318:  85%|████████▌ | 40/47 [00:01<00:00, 21.45it/s, loss=0.275, v_num=]
Epoch 318:  85%|████████▌ | 40/47 [00:01<00:00, 21.45it/s, loss=0.276, v_num=]
Epoch 318: 100%|██████████| 47/47 [00:02<00:00, 19.72it/s, loss=0.271, v_num=]
Epoch 318:   0%|          | 0/47 [00:00<?, ?it/s, loss=0.271, v_num=]         
Epoch 319:   0%|          | 0/47 [00:00<?, ?it/s, loss=0.271, v_num=]
Epoch 319:  43%|████▎     | 20/47 [00:01<00:01, 18.68it/s, loss=0.279, v_num=]
Epoch 319:  85%|████████▌ | 40/47 [00:01<00:00, 21.41it/s, loss=0.279, v_num=]
Epoch 319:  85%|████████▌ | 40/47 [00:01<00:00, 21.41it/s, loss=0.273, v_num=]
Epoch 319: 100%|██████████| 47/47 [00:02<00:00, 20.86it/s, loss=0.273, v_num=]
Epoch 319:   0%|          | 0/47 [00:00<?, ?it/s, loss=0.273, v_num=]         
Epoch 320:   0%|          | 0/47 [00:00<?, ?it/s, loss=0.273, v_num=]
Epoch 320:  43%|████▎     | 20/47 [00:01<00:01, 18.57it/s, loss=0.279, v_num=]
Epoch 320:  85%|████████▌ | 40/47 [00:01<00:00, 21.34it/s, loss=0.279, v_num=]
Epoch 320:  85%|████████▌ | 40/47 [00:01<00:00, 21.34it/s, loss=0.275, v_num=]
Epoch 320: 100%|██████████| 47/47 [00:02<00:00, 20.71it/s, loss=0.275, v_num=]Evaluating...
NMI : 0.617008826291084, ARI: 0.3759394538043713, ACC: 0.3935, current K: 9
Epoch 320 | NMI: 0.6170, ARI: 0.3759, ACC: 0.3935, current K: 9
Confusion Matrix:
[[  9   3  26 254   7   0   0   0   1   0   0   0   0   0   0   0   0   0
    0   0]
 [ 12   1   1   2   0  17 230   0  37   0   0   0   0   0   0   0   0   0
    0   0]
 [  0   0  22 273   2   0   1   0   2   0   0   0   0   0   0   0   0   0
    0   0]
 [  0   3   2   4   1   2   1  32 255   0   0   0   0   0   0   0   0   0
    0   0]
 [271   0   1   0   3   0   4   2  19   0   0   0   0   0   0   0   0   0
    0   0]
 [  0   4 245   8   0  42   0   1   0   0   0   0   0   0   0   0   0   0
    0   0]
 [  1   0   4   1 247   1   3   0  43   0   0   0   0   0   0   0   0   0
    0   0]
 [  0 221  76   1   0   1   0   0   1   0   0   0   0   0   0   0   0   0
    0   0]
 [  1   0  46 247   4   1   0   0   1   0   0   0   0   0   0   0   0   0
    0   0]
 [  0   1   3   0   8   3   8 234  43   0   0   0   0   0   0   0   0   0
    0   0]
 [  3   1  69 225   2   0   0   0   0   0   0   0   0   0   0   0   0   0
    0   0]
 [ 14   1   6   0   0   3 265   7   4   0   0   0   0   0   0   0   0   0
    0   0]
 [282   0   4   7   0   0   7   0   0   0   0   0   0   0   0   0   0   0
    0   0]
 [  0   0  15   6   1 262  13   1   2   0   0   0   0   0   0   0   0   0
    0   0]
 [  0   1   5   7 277   0   0   0  10   0   0   0   0   0   0   0   0   0
    0   0]
 [  2 268  15   1   0   0   3   1  10   0   0   0   0   0   0   0   0   0
    0   0]
 [278   0   4  13   0   0   5   0   0   0   0   0   0   0   0   0   0   0
    0   0]
 [  0   0  64   6   0 226   0   4   0   0   0   0   0   0   0   0   0   0
    0   0]
 [  1   0   2  18 260   0   0   0  19   0   0   0   0   0   0   0   0   0
    0   0]
 [  0 239  42   2   0   1  14   2   0   0   0   0   0   0   0   0   0   0
    0   0]]

Epoch 320:   0%|          | 0/47 [00:00<?, ?it/s, loss=0.275, v_num=]         
Epoch 321:   0%|          | 0/47 [00:00<?, ?it/s, loss=0.275, v_num=]/usr/local/lib/python3.13/dist-packages/torch/utils/data/dataloader.py:432: UserWarning: This DataLoader will create 6 worker processes in total. Our suggested max number of worker in current system is 2, which is smaller than what this DataLoader is going to create. Please be aware that excessive worker creation might get DataLoader running slow or even freeze, lower the worker number to avoid potential slowness/freeze if necessary.
  self.check_worker_number_rationality()

Epoch 321:  43%|████▎     | 20/47 [00:01<00:01, 18.48it/s, loss=0.281, v_num=]
Epoch 321:  85%|████████▌ | 40/47 [00:02<00:00, 19.93it/s, loss=0.281, v_num=]
Epoch 321:  85%|████████▌ | 40/47 [00:02<00:00, 19.92it/s, loss=0.27, v_num=] 
Epoch 321: 100%|██████████| 47/47 [00:02<00:00, 18.27it/s, loss=0.268, v_num=]
Epoch 321:   0%|          | 0/47 [00:00<?, ?it/s, loss=0.268, v_num=]         
Epoch 322:   0%|          | 0/47 [00:00<?, ?it/s, loss=0.268, v_num=]
Epoch 322:  43%|████▎     | 20/47 [00:01<00:02, 12.90it/s, loss=0.275, v_num=]
Epoch 322:  85%|████████▌ | 40/47 [00:02<00:00, 16.51it/s, loss=0.275, v_num=]
Epoch 322:  85%|████████▌ | 40/47 [00:02<00:00, 16.51it/s, loss=0.275, v_num=]
Epoch 322: 100%|██████████| 47/47 [00:02<00:00, 16.66it/s, loss=0.275, v_num=]
Epoch 322:   0%|          | 0/47 [00:00<?, ?it/s, loss=0.275, v_num=]         
Epoch 323:   0%|          | 0/47 [00:00<?, ?it/s, loss=0.275, v_num=]
Epoch 323:  43%|████▎     | 20/47 [00:01<00:01, 18.48it/s, loss=0.275, v_num=]
Epoch 323:  85%|████████▌ | 40/47 [00:01<00:00, 21.38it/s, loss=0.275, v_num=]
Epoch 323:  85%|████████▌ | 40/47 [00:01<00:00, 21.38it/s, loss=0.278, v_num=]
Epoch 323: 100%|██████████| 47/47 [00:02<00:00, 20.70it/s, loss=0.275, v_num=]
Epoch 323:   0%|          | 0/47 [00:00<?, ?it/s, loss=0.275, v_num=]         
Epoch 324:   0%|          | 0/47 [00:00<?, ?it/s, loss=0.275, v_num=]
Epoch 324:  43%|████▎     | 20/47 [00:01<00:01, 18.95it/s, loss=0.279, v_num=]
Epoch 324:  85%|████████▌ | 40/47 [00:01<00:00, 21.89it/s, loss=0.279, v_num=]
Epoch 324:  85%|████████▌ | 40/47 [00:01<00:00, 21.88it/s, loss=0.272, v_num=]
Epoch 324: 100%|██████████| 47/47 [00:02<00:00, 21.00it/s, loss=0.271, v_num=]
Epoch 324:   0%|          | 0/47 [00:00<?, ?it/s, loss=0.271, v_num=]         
Epoch 325:   0%|          | 0/47 [00:00<?, ?it/s, loss=0.271, v_num=]
Epoch 325:  43%|████▎     | 20/47 [00:01<00:01, 18.53it/s, loss=0.271, v_num=]
Epoch 325:  85%|████████▌ | 40/47 [00:01<00:00, 21.55it/s, loss=0.271, v_num=]
Epoch 325:  85%|████████▌ | 40/47 [00:01<00:00, 21.54it/s, loss=0.271, v_num=]
Epoch 325: 100%|██████████| 47/47 [00:02<00:00, 20.84it/s, loss=0.274, v_num=]Evaluating...
NMI : 0.6145696866145359, ARI: 0.3722366895431559, ACC: 0.39067, current K: 9

Epoch 325:   0%|          | 0/47 [00:00<?, ?it/s, loss=0.274, v_num=]         
Epoch 326:   0%|          | 0/47 [00:00<?, ?it/s, loss=0.274, v_num=]/usr/local/lib/python3.13/dist-packages/torch/utils/data/dataloader.py:432: UserWarning: This DataLoader will create 6 worker processes in total. Our suggested max number of worker in current system is 2, which is smaller than what this DataLoader is going to create. Please be aware that excessive worker creation might get DataLoader running slow or even freeze, lower the worker number to avoid potential slowness/freeze if necessary.
  self.check_worker_number_rationality()

Epoch 326:  43%|████▎     | 20/47 [00:01<00:01, 17.79it/s, loss=0.277, v_num=]
Epoch 326:  85%|████████▌ | 40/47 [00:01<00:00, 20.73it/s, loss=0.277, v_num=]
Epoch 326:  85%|████████▌ | 40/47 [00:01<00:00, 20.72it/s, loss=0.277, v_num=]
Epoch 326: 100%|██████████| 47/47 [00:02<00:00, 19.14it/s, loss=0.273, v_num=]
Epoch 326:   0%|          | 0/47 [00:00<?, ?it/s, loss=0.273, v_num=]         
Epoch 327:   0%|          | 0/47 [00:00<?, ?it/s, loss=0.273, v_num=]
Epoch 327:  43%|████▎     | 20/47 [00:01<00:01, 13.91it/s, loss=0.276, v_num=]
Epoch 327:  85%|████████▌ | 40/47 [00:02<00:00, 15.70it/s, loss=0.276, v_num=]
Epoch 327:  85%|████████▌ | 40/47 [00:02<00:00, 15.70it/s, loss=0.272, v_num=]
Epoch 327: 100%|██████████| 47/47 [00:02<00:00, 15.91it/s, loss=0.269, v_num=]
Epoch 327:   0%|          | 0/47 [00:00<?, ?it/s, loss=0.269, v_num=]         
Epoch 328:   0%|          | 0/47 [00:00<?, ?it/s, loss=0.269, v_num=]
Epoch 328:  43%|████▎     | 20/47 [00:01<00:01, 18.57it/s, loss=0.272, v_num=]
Epoch 328:  85%|████████▌ | 40/47 [00:01<00:00, 21.07it/s, loss=0.272, v_num=]
Epoch 328:  85%|████████▌ | 40/47 [00:01<00:00, 21.07it/s, loss=0.273, v_num=]
Epoch 328: 100%|██████████| 47/47 [00:02<00:00, 20.46it/s, loss=0.276, v_num=]
Epoch 328:   0%|          | 0/47 [00:00<?, ?it/s, loss=0.276, v_num=]         
Epoch 329:   0%|          | 0/47 [00:00<?, ?it/s, loss=0.276, v_num=]
Epoch 329:  43%|████▎     | 20/47 [00:01<00:01, 18.60it/s, loss=0.272, v_num=]
Epoch 329:  85%|████████▌ | 40/47 [00:01<00:00, 21.16it/s, loss=0.272, v_num=]
Epoch 329:  85%|████████▌ | 40/47 [00:01<00:00, 21.15it/s, loss=0.272, v_num=]
Epoch 329: 100%|██████████| 47/47 [00:02<00:00, 20.36it/s, loss=0.274, v_num=]
Epoch 329:   0%|          | 0/47 [00:00<?, ?it/s, loss=0.274, v_num=]         
Epoch 330:   0%|          | 0/47 [00:00<?, ?it/s, loss=0.274, v_num=]
Epoch 330:  43%|████▎     | 20/47 [00:01<00:01, 17.87it/s, loss=0.272, v_num=]
Epoch 330:  85%|████████▌ | 40/47 [00:01<00:00, 20.77it/s, loss=0.272, v_num=]
Epoch 330:  85%|████████▌ | 40/47 [00:01<00:00, 20.77it/s, loss=0.271, v_num=]
Epoch 330: 100%|██████████| 47/47 [00:02<00:00, 20.23it/s, loss=0.275, v_num=]Evaluating...
NMI : 0.6115434381940202, ARI: 0.3677728563950045, ACC: 0.383, current K: 9
Epoch 330 | NMI: 0.6115, ARI: 0.3678, ACC: 0.3830, current K: 9
Confusion Matrix:
[[  8   3  32 251   5   0   0   0   1   0   0   0   0   0   0   0   0   0
    0   0]
 [  9   1   1   2   0  18 229   0  40   0   0   0   0   0   0   0   0   0
    0   0]
 [  0   0  21 273   4   0   1   0   1   0   0   0   0   0   0   0   0   0
    0   0]
 [  0   3   2   3   1   2   1  54 234   0   0   0   0   0   0   0   0   0
    0   0]
 [270   0   1   0   1   0   4   1  23   0   0   0   0   0   0   0   0   0
    0   0]
 [  0   4 195   6   0  95   0   0   0   0   0   0   0   0   0   0   0   0
    0   0]
 [  1   0   4   0 231   1   3   0  60   0   0   0   0   0   0   0   0   0
    0   0]
 [  0 212  84   1   0   2   0   0   1   0   0   0   0   0   0   0   0   0
    0   0]
 [  1   0  49 243   4   2   0   0   1   0   0   0   0   0   0   0   0   0
    0   0]
 [  0   1   1   0   4   3   8 239  44   0   0   0   0   0   0   0   0   0
    0   0]
 [  3   0  76 219   2   0   0   0   0   0   0   0   0   0   0   0   0   0
    0   0]
 [ 14   1   5   0   0   2 265   8   5   0   0   0   0   0   0   0   0   0
    0   0]
 [281   0   5   7   0   0   7   0   0   0   0   0   0   0   0   0   0   0
    0   0]
 [  0   0  10   7   0 267  13   1   2   0   0   0   0   0   0   0   0   0
    0   0]
 [  0   1   5   7 276   0   0   0  11   0   0   0   0   0   0   0   0   0
    0   0]
 [  3 268  15   1   0   0   3   5   5   0   0   0   0   0   0   0   0   0
    0   0]
 [275   0   4  14   0   0   7   0   0   0   0   0   0   0   0   0   0   0
    0   0]
 [  0   0  56   5   0 234   0   4   1   0   0   0   0   0   0   0   0   0
    0   0]
 [  1   0   2  17 250   0   0   0  30   0   0   0   0   0   0   0   0   0
    0   0]
 [  0 237  46   1   0   1  13   2   0   0   0   0   0   0   0   0   0   0
    0   0]]

Epoch 330:   0%|          | 0/47 [00:00<?, ?it/s, loss=0.275, v_num=]         
Epoch 331:   0%|          | 0/47 [00:00<?, ?it/s, loss=0.275, v_num=]/usr/local/lib/python3.13/dist-packages/torch/utils/data/dataloader.py:432: UserWarning: This DataLoader will create 6 worker processes in total. Our suggested max number of worker in current system is 2, which is smaller than what this DataLoader is going to create. Please be aware that excessive worker creation might get DataLoader running slow or even freeze, lower the worker number to avoid potential slowness/freeze if necessary.
  self.check_worker_number_rationality()

Epoch 331:  43%|████▎     | 20/47 [00:01<00:01, 16.54it/s, loss=0.269, v_num=]
Epoch 331:  85%|████████▌ | 40/47 [00:01<00:00, 20.07it/s, loss=0.269, v_num=]
Epoch 331:  85%|████████▌ | 40/47 [00:01<00:00, 20.07it/s, loss=0.275, v_num=]
Epoch 331: 100%|██████████| 47/47 [00:02<00:00, 19.64it/s, loss=0.273, v_num=]
Epoch 331:   0%|          | 0/47 [00:00<?, ?it/s, loss=0.273, v_num=]         
Epoch 332:   0%|          | 0/47 [00:00<?, ?it/s, loss=0.273, v_num=]
Epoch 332:  43%|████▎     | 20/47 [00:01<00:01, 14.12it/s, loss=0.268, v_num=]
Epoch 332:  85%|████████▌ | 40/47 [00:02<00:00, 16.39it/s, loss=0.268, v_num=]
Epoch 332:  85%|████████▌ | 40/47 [00:02<00:00, 16.38it/s, loss=0.269, v_num=]
Epoch 332: 100%|██████████| 47/47 [00:03<00:00, 15.53it/s, loss=0.278, v_num=]
Epoch 332:   0%|          | 0/47 [00:00<?, ?it/s, loss=0.278, v_num=]         
Epoch 333:   0%|          | 0/47 [00:00<?, ?it/s, loss=0.278, v_num=]
Epoch 333:  43%|████▎     | 20/47 [00:01<00:01, 18.65it/s, loss=0.271, v_num=]
Epoch 333:  85%|████████▌ | 40/47 [00:01<00:00, 21.44it/s, loss=0.271, v_num=]
Epoch 333:  85%|████████▌ | 40/47 [00:01<00:00, 21.43it/s, loss=0.269, v_num=]
Epoch 333: 100%|██████████| 47/47 [00:02<00:00, 20.78it/s, loss=0.274, v_num=]
Epoch 333:   0%|          | 0/47 [00:00<?, ?it/s, loss=0.274, v_num=]         
Epoch 334:   0%|          | 0/47 [00:00<?, ?it/s, loss=0.274, v_num=]
Epoch 334:  43%|████▎     | 20/47 [00:01<00:01, 17.91it/s, loss=0.27, v_num=]
Epoch 334:  85%|████████▌ | 40/47 [00:01<00:00, 20.93it/s, loss=0.27, v_num=]
Epoch 334:  85%|████████▌ | 40/47 [00:01<00:00, 20.93it/s, loss=0.27, v_num=]
Epoch 334: 100%|██████████| 47/47 [00:02<00:00, 20.27it/s, loss=0.263, v_num=]
Epoch 334:   0%|          | 0/47 [00:00<?, ?it/s, loss=0.263, v_num=]         
Epoch 335:   0%|          | 0/47 [00:00<?, ?it/s, loss=0.263, v_num=]
Epoch 335:  43%|████▎     | 20/47 [00:01<00:01, 18.53it/s, loss=0.273, v_num=]
Epoch 335:  85%|████████▌ | 40/47 [00:01<00:00, 21.54it/s, loss=0.273, v_num=]
Epoch 335:  85%|████████▌ | 40/47 [00:01<00:00, 21.53it/s, loss=0.268, v_num=]
Epoch 335: 100%|██████████| 47/47 [00:02<00:00, 20.76it/s, loss=0.274, v_num=]/content/DeepDPM-New/src/clustering_models/clusternet_modules/models/Classifiers.py:351: UserWarning: To copy construct from a tensor, it is recommended to use sourceTensor.detach().clone() or sourceTensor.detach().clone().requires_grad_(True), rather than torch.tensor(sourceTensor).
  mus_ind_not_merged = torch.nonzero(torch.logical_not(torch.tensor(merge_decisions)), as_tuple=False)
/content/DeepDPM-New/src/clustering_models/clusternet_modules/models/Classifiers.py:359: UserWarning: To copy construct from a tensor, it is recommended to use sourceTensor.detach().clone() or sourceTensor.detach().clone().requires_grad_(True), rather than torch.tensor(sourceTensor).
  fc1_weights_not_merged = class_fc1.weight.data[torch.logical_not(torch.tensor(merge_decisions)).repeat_interleave(self.hidden_dim), :]
Merging clusters [[7, 8]]
Evaluating...
NMI : 0.6072931333418989, ARI: 0.3633982558191157, ACC: 0.3755, current K: 9
[Merge] K updated → 8 clusters
  [Epoch 335] losses at merge → cluster_loss=0.0421, subcluster_loss=0.4990

Epoch 335:   0%|          | 0/47 [00:00<?, ?it/s, loss=0.274, v_num=]         
Epoch 336:   0%|          | 0/47 [00:00<?, ?it/s, loss=0.274, v_num=]/usr/local/lib/python3.13/dist-packages/torch/utils/data/dataloader.py:432: UserWarning: This DataLoader will create 6 worker processes in total. Our suggested max number of worker in current system is 2, which is smaller than what this DataLoader is going to create. Please be aware that excessive worker creation might get DataLoader running slow or even freeze, lower the worker number to avoid potential slowness/freeze if necessary.
  self.check_worker_number_rationality()

Epoch 336:  43%|████▎     | 20/47 [00:01<00:01, 19.71it/s, loss=0.366, v_num=]
Epoch 336:  85%|████████▌ | 40/47 [00:01<00:00, 22.85it/s, loss=0.366, v_num=]
Epoch 336:  85%|████████▌ | 40/47 [00:01<00:00, 22.85it/s, loss=0.352, v_num=]
Epoch 336: 100%|██████████| 47/47 [00:02<00:00, 22.16it/s, loss=0.344, v_num=]
Epoch 336:   0%|          | 0/47 [00:00<?, ?it/s, loss=0.344, v_num=]         
Epoch 337:   0%|          | 0/47 [00:00<?, ?it/s, loss=0.344, v_num=]
Epoch 337:  43%|████▎     | 20/47 [00:01<00:01, 17.96it/s, loss=0.337, v_num=]
Epoch 337:  85%|████████▌ | 40/47 [00:02<00:00, 19.57it/s, loss=0.337, v_num=]
Epoch 337:  85%|████████▌ | 40/47 [00:02<00:00, 19.56it/s, loss=0.349, v_num=]
Epoch 337: 100%|██████████| 47/47 [00:02<00:00, 18.14it/s, loss=0.344, v_num=]
Epoch 337:   0%|          | 0/47 [00:00<?, ?it/s, loss=0.344, v_num=]         
Epoch 338:   0%|          | 0/47 [00:00<?, ?it/s, loss=0.344, v_num=]
Epoch 338:  43%|████▎     | 20/47 [00:01<00:01, 13.74it/s, loss=0.341, v_num=]
Epoch 338:  85%|████████▌ | 40/47 [00:02<00:00, 18.04it/s, loss=0.341, v_num=]
Epoch 338:  85%|████████▌ | 40/47 [00:02<00:00, 18.04it/s, loss=0.343, v_num=]
Epoch 338: 100%|██████████| 47/47 [00:02<00:00, 18.01it/s, loss=0.343, v_num=]
Epoch 338:   0%|          | 0/47 [00:00<?, ?it/s, loss=0.343, v_num=]         
Epoch 339:   0%|          | 0/47 [00:00<?, ?it/s, loss=0.343, v_num=]
Epoch 339:  43%|████▎     | 20/47 [00:01<00:01, 19.70it/s, loss=0.337, v_num=]
Epoch 339:  85%|████████▌ | 40/47 [00:01<00:00, 22.63it/s, loss=0.337, v_num=]
Epoch 339:  85%|████████▌ | 40/47 [00:01<00:00, 22.63it/s, loss=0.327, v_num=]
Epoch 339: 100%|██████████| 47/47 [00:02<00:00, 21.90it/s, loss=0.326, v_num=]
Epoch 339:   0%|          | 0/47 [00:00<?, ?it/s, loss=0.326, v_num=]         
Epoch 340:   0%|          | 0/47 [00:00<?, ?it/s, loss=0.326, v_num=]
Epoch 340:  43%|████▎     | 20/47 [00:01<00:01, 19.70it/s, loss=0.337, v_num=]
Epoch 340:  85%|████████▌ | 40/47 [00:01<00:00, 22.89it/s, loss=0.337, v_num=]
Epoch 340:  85%|████████▌ | 40/47 [00:01<00:00, 22.89it/s, loss=0.305, v_num=]
Epoch 340: 100%|██████████| 47/47 [00:02<00:00, 22.14it/s, loss=0.318, v_num=]Evaluating...
NMI : 0.6003029888029706, ARI: 0.3595563795394138, ACC: 0.343, current K: 8
Epoch 340 | NMI: 0.6003, ARI: 0.3596, ACC: 0.3430, current K: 8
Confusion Matrix:
[[  9   3  35 246   5   0   0   2   0   0   0   0   0   0   0   0   0   0
    0   0]
 [  8   1   1   2   0  16 245  27   0   0   0   0   0   0   0   0   0   0
    0   0]
 [  0   0  20 273   3   2   1   1   0   0   0   0   0   0   0   0   0   0
    0   0]
 [  0   3   1   3   1   1   3 288   0   0   0   0   0   0   0   0   0   0
    0   0]
 [270   0   1   0   2   0   6  21   0   0   0   0   0   0   0   0   0   0
    0   0]
 [  0   4 151   5   0 139   0   1   0   0   0   0   0   0   0   0   0   0
    0   0]
 [  3   0   8   1 230   2   7  49   0   0   0   0   0   0   0   0   0   0
    0   0]
 [  0 209  85   0   0   5   0   1   0   0   0   0   0   0   0   0   0   0
    0   0]
 [  1   0  49 242   3   4   0   1   0   0   0   0   0   0   0   0   0   0
    0   0]
 [  0   0   1   0   1   2   5 291   0   0   0   0   0   0   0   0   0   0
    0   0]
 [  3   0  82 213   2   0   0   0   0   0   0   0   0   0   0   0   0   0
    0   0]
 [ 13   1   5   0   0   0 265  16   0   0   0   0   0   0   0   0   0   0
    0   0]
 [280   0   5   8   0   0   7   0   0   0   0   0   0   0   0   0   0   0
    0   0]
 [  0   0   8   6   0 263  13  10   0   0   0   0   0   0   0   0   0   0
    0   0]
 [  1   1   6   8 270   0   0  14   0   0   0   0   0   0   0   0   0   0
    0   0]
 [  2 265  16   1   0   0   3  13   0   0   0   0   0   0   0   0   0   0
    0   0]
 [273   0   4  15   0   0   8   0   0   0   0   0   0   0   0   0   0   0
    0   0]
 [  0   0  52   4   0 236   0   8   0   0   0   0   0   0   0   0   0   0
    0   0]
 [  1   0   3  15 244   1   0  36   0   0   0   0   0   0   0   0   0   0
    0   0]
 [  0 234  49   1   0   1  13   2   0   0   0   0   0   0   0   0   0   0
    0   0]]

Epoch 340:   0%|          | 0/47 [00:00<?, ?it/s, loss=0.318, v_num=]         
Epoch 341:   0%|          | 0/47 [00:00<?, ?it/s, loss=0.318, v_num=]/usr/local/lib/python3.13/dist-packages/torch/utils/data/dataloader.py:432: UserWarning: This DataLoader will create 6 worker processes in total. Our suggested max number of worker in current system is 2, which is smaller than what this DataLoader is going to create. Please be aware that excessive worker creation might get DataLoader running slow or even freeze, lower the worker number to avoid potential slowness/freeze if necessary.
  self.check_worker_number_rationality()

Epoch 341:  43%|████▎     | 20/47 [00:01<00:01, 19.38it/s, loss=0.314, v_num=]
Epoch 341:  85%|████████▌ | 40/47 [00:01<00:00, 22.60it/s, loss=0.314, v_num=]
Epoch 341:  85%|████████▌ | 40/47 [00:01<00:00, 22.60it/s, loss=0.317, v_num=]
Epoch 341: 100%|██████████| 47/47 [00:02<00:00, 21.93it/s, loss=0.308, v_num=]
Epoch 341:   0%|          | 0/47 [00:00<?, ?it/s, loss=0.308, v_num=]         
Epoch 342:   0%|          | 0/47 [00:00<?, ?it/s, loss=0.308, v_num=]
Epoch 342:  43%|████▎     | 20/47 [00:01<00:01, 19.68it/s, loss=0.274, v_num=]
Epoch 342:  85%|████████▌ | 40/47 [00:01<00:00, 22.83it/s, loss=0.274, v_num=]
Epoch 342:  85%|████████▌ | 40/47 [00:01<00:00, 22.82it/s, loss=0.271, v_num=]
Epoch 342: 100%|██████████| 47/47 [00:02<00:00, 21.47it/s, loss=0.271, v_num=]
Epoch 342:   0%|          | 0/47 [00:00<?, ?it/s, loss=0.271, v_num=]         
Epoch 343:   0%|          | 0/47 [00:00<?, ?it/s, loss=0.271, v_num=]
Epoch 343:  43%|████▎     | 20/47 [00:01<00:01, 14.25it/s, loss=0.272, v_num=]
Epoch 343:  85%|████████▌ | 40/47 [00:02<00:00, 16.46it/s, loss=0.272, v_num=]
Epoch 343:  85%|████████▌ | 40/47 [00:02<00:00, 16.45it/s, loss=0.277, v_num=]
Epoch 343: 100%|██████████| 47/47 [00:02<00:00, 15.99it/s, loss=0.27, v_num=] 
Epoch 343:   0%|          | 0/47 [00:00<?, ?it/s, loss=0.27, v_num=]         
Epoch 344:   0%|          | 0/47 [00:00<?, ?it/s, loss=0.27, v_num=]
Epoch 344:  43%|████▎     | 20/47 [00:01<00:01, 19.75it/s, loss=0.268, v_num=]
Epoch 344:  85%|████████▌ | 40/47 [00:01<00:00, 22.90it/s, loss=0.268, v_num=]
Epoch 344:  85%|████████▌ | 40/47 [00:01<00:00, 22.90it/s, loss=0.27, v_num=] 
Epoch 344: 100%|██████████| 47/47 [00:02<00:00, 22.19it/s, loss=0.269, v_num=]
Epoch 344:   0%|          | 0/47 [00:00<?, ?it/s, loss=0.269, v_num=]         
Epoch 345:   0%|          | 0/47 [00:00<?, ?it/s, loss=0.269, v_num=]
Epoch 345:  43%|████▎     | 20/47 [00:00<00:01, 20.02it/s, loss=0.273, v_num=]
Epoch 345:  85%|████████▌ | 40/47 [00:01<00:00, 23.09it/s, loss=0.273, v_num=]
Epoch 345:  85%|████████▌ | 40/47 [00:01<00:00, 23.09it/s, loss=0.272, v_num=]
Epoch 345: 100%|██████████| 47/47 [00:02<00:00, 22.26it/s, loss=0.272, v_num=]Evaluating...
NMI : 0.6080363515375158, ARI: 0.3668439162013043, ACC: 0.3425, current K: 8

Epoch 345:   0%|          | 0/47 [00:00<?, ?it/s, loss=0.272, v_num=]         
Epoch 346:   0%|          | 0/47 [00:00<?, ?it/s, loss=0.272, v_num=]/usr/local/lib/python3.13/dist-packages/torch/utils/data/dataloader.py:432: UserWarning: This DataLoader will create 6 worker processes in total. Our suggested max number of worker in current system is 2, which is smaller than what this DataLoader is going to create. Please be aware that excessive worker creation might get DataLoader running slow or even freeze, lower the worker number to avoid potential slowness/freeze if necessary.
  self.check_worker_number_rationality()

Epoch 346:  43%|████▎     | 20/47 [00:01<00:01, 18.55it/s, loss=0.268, v_num=]
Epoch 346:  85%|████████▌ | 40/47 [00:01<00:00, 21.70it/s, loss=0.268, v_num=]
Epoch 346:  85%|████████▌ | 40/47 [00:01<00:00, 21.70it/s, loss=0.274, v_num=]
Epoch 346: 100%|██████████| 47/47 [00:02<00:00, 21.21it/s, loss=0.269, v_num=]
Epoch 346:   0%|          | 0/47 [00:00<?, ?it/s, loss=0.269, v_num=]         
Epoch 347:   0%|          | 0/47 [00:00<?, ?it/s, loss=0.269, v_num=]
Epoch 347:  43%|████▎     | 20/47 [00:01<00:01, 18.95it/s, loss=0.273, v_num=]
Epoch 347:  85%|████████▌ | 40/47 [00:01<00:00, 22.19it/s, loss=0.273, v_num=]
Epoch 347:  85%|████████▌ | 40/47 [00:01<00:00, 22.19it/s, loss=0.267, v_num=]
Epoch 347: 100%|██████████| 47/47 [00:02<00:00, 21.58it/s, loss=0.267, v_num=]
Epoch 347:   0%|          | 0/47 [00:00<?, ?it/s, loss=0.267, v_num=]         
Epoch 348:   0%|          | 0/47 [00:00<?, ?it/s, loss=0.267, v_num=]
Epoch 348:  43%|████▎     | 20/47 [00:01<00:01, 19.77it/s, loss=0.273, v_num=]
Epoch 348:  85%|████████▌ | 40/47 [00:01<00:00, 20.29it/s, loss=0.273, v_num=]
Epoch 348:  85%|████████▌ | 40/47 [00:01<00:00, 20.29it/s, loss=0.267, v_num=]
Epoch 348: 100%|██████████| 47/47 [00:02<00:00, 19.17it/s, loss=0.263, v_num=]
Epoch 348:   0%|          | 0/47 [00:00<?, ?it/s, loss=0.263, v_num=]         
Epoch 349:   0%|          | 0/47 [00:00<?, ?it/s, loss=0.263, v_num=]
Epoch 349:  43%|████▎     | 20/47 [00:01<00:01, 13.53it/s, loss=0.265, v_num=]
Epoch 349:  85%|████████▌ | 40/47 [00:02<00:00, 17.83it/s, loss=0.265, v_num=]
Epoch 349:  85%|████████▌ | 40/47 [00:02<00:00, 17.82it/s, loss=0.266, v_num=]
Epoch 349: 100%|██████████| 47/47 [00:02<00:00, 17.94it/s, loss=0.276, v_num=]
Epoch 349:   0%|          | 0/47 [00:00<?, ?it/s, loss=0.276, v_num=]         
Epoch 350:   0%|          | 0/47 [00:00<?, ?it/s, loss=0.276, v_num=]
Epoch 350:  43%|████▎     | 20/47 [00:01<00:01, 19.56it/s, loss=0.271, v_num=]
Epoch 350:  85%|████████▌ | 40/47 [00:01<00:00, 22.66it/s, loss=0.271, v_num=]
Epoch 350:  85%|████████▌ | 40/47 [00:01<00:00, 22.66it/s, loss=0.271, v_num=]
Epoch 350: 100%|██████████| 47/47 [00:02<00:00, 22.04it/s, loss=0.266, v_num=]Evaluating...
NMI : 0.6106368787018612, ARI: 0.36909622583772234, ACC: 0.34083, current K: 8
Epoch 350 | NMI: 0.6106, ARI: 0.3691, ACC: 0.3408, current K: 8
Confusion Matrix:
[[  9   2  41 242   5   0   0   1   0   0   0   0   0   0   0   0   0   0
    0   0]
 [  9   1   2   2   0  12 260  14   0   0   0   0   0   0   0   0   0   0
    0   0]
 [  0   1  20 272   4   2   0   1   0   0   0   0   0   0   0   0   0   0
    0   0]
 [  0   3   2   3   1   2  11 278   0   0   0   0   0   0   0   0   0   0
    0   0]
 [272   0   1   0   2   0   9  16   0   0   0   0   0   0   0   0   0   0
    0   0]
 [  0   5 118   4   0 173   0   0   0   0   0   0   0   0   0   0   0   0
    0   0]
 [  1   0   8   1 247   0   5  38   0   0   0   0   0   0   0   0   0   0
    0   0]
 [  0 208  87   0   0   4   0   1   0   0   0   0   0   0   0   0   0   0
    0   0]
 [  1   0  56 235   3   4   0   1   0   0   0   0   0   0   0   0   0   0
    0   0]
 [  0   1   1   0   5   2   6 285   0   0   0   0   0   0   0   0   0   0
    0   0]
 [  3   0  90 203   4   0   0   0   0   0   0   0   0   0   0   0   0   0
    0   0]
 [ 15   1   5   0   0   0 273   6   0   0   0   0   0   0   0   0   0   0
    0   0]
 [282   0   2   7   0   0   9   0   0   0   0   0   0   0   0   0   0   0
    0   0]
 [  0   0   6   6   0 268  14   6   0   0   0   0   0   0   0   0   0   0
    0   0]
 [  1   1   8   7 274   0   0   9   0   0   0   0   0   0   0   0   0   0
    0   0]
 [  3 273  16   1   0   0   3   4   0   0   0   0   0   0   0   0   0   0
    0   0]
 [274   0   7  11   0   0   8   0   0   0   0   0   0   0   0   0   0   0
    0   0]
 [  0   2  48   2   0 244   1   3   0   0   0   0   0   0   0   0   0   0
    0   0]
 [  1   0   2  16 256   0   0  25   0   0   0   0   0   0   0   0   0   0
    0   0]
 [  0 234  51   1   0   1  13   0   0   0   0   0   0   0   0   0   0   0
    0   0]]

Epoch 350:   0%|          | 0/47 [00:00<?, ?it/s, loss=0.266, v_num=]         
Epoch 351:   0%|          | 0/47 [00:00<?, ?it/s, loss=0.266, v_num=]/usr/local/lib/python3.13/dist-packages/torch/utils/data/dataloader.py:432: UserWarning: This DataLoader will create 6 worker processes in total. Our suggested max number of worker in current system is 2, which is smaller than what this DataLoader is going to create. Please be aware that excessive worker creation might get DataLoader running slow or even freeze, lower the worker number to avoid potential slowness/freeze if necessary.
  self.check_worker_number_rationality()

Epoch 351:  43%|████▎     | 20/47 [00:01<00:01, 19.45it/s, loss=0.27, v_num=]
Epoch 351:  85%|████████▌ | 40/47 [00:01<00:00, 22.22it/s, loss=0.27, v_num=]
Epoch 351:  85%|████████▌ | 40/47 [00:01<00:00, 22.22it/s, loss=0.267, v_num=]
Epoch 351: 100%|██████████| 47/47 [00:02<00:00, 21.48it/s, loss=0.266, v_num=]
Epoch 351:   0%|          | 0/47 [00:00<?, ?it/s, loss=0.266, v_num=]         
Epoch 352:   0%|          | 0/47 [00:00<?, ?it/s, loss=0.266, v_num=]
Epoch 352:  43%|████▎     | 20/47 [00:01<00:01, 19.62it/s, loss=0.27, v_num=]
Epoch 352:  85%|████████▌ | 40/47 [00:01<00:00, 22.74it/s, loss=0.27, v_num=]
Epoch 352:  85%|████████▌ | 40/47 [00:01<00:00, 22.73it/s, loss=0.268, v_num=]
Epoch 352: 100%|██████████| 47/47 [00:02<00:00, 21.97it/s, loss=0.271, v_num=]
Epoch 352:   0%|          | 0/47 [00:00<?, ?it/s, loss=0.271, v_num=]         
Epoch 353:   0%|          | 0/47 [00:00<?, ?it/s, loss=0.271, v_num=]
Epoch 353:  43%|████▎     | 20/47 [00:01<00:01, 19.17it/s, loss=0.267, v_num=]
Epoch 353:  85%|████████▌ | 40/47 [00:01<00:00, 22.02it/s, loss=0.267, v_num=]
Epoch 353:  85%|████████▌ | 40/47 [00:01<00:00, 22.02it/s, loss=0.273, v_num=]
Epoch 353: 100%|██████████| 47/47 [00:02<00:00, 21.29it/s, loss=0.272, v_num=]
Epoch 353:   0%|          | 0/47 [00:00<?, ?it/s, loss=0.272, v_num=]         
Epoch 354:   0%|          | 0/47 [00:00<?, ?it/s, loss=0.272, v_num=]
Epoch 354:  43%|████▎     | 20/47 [00:01<00:01, 14.94it/s, loss=0.273, v_num=]
Epoch 354:  85%|████████▌ | 40/47 [00:02<00:00, 17.33it/s, loss=0.273, v_num=]
Epoch 354:  85%|████████▌ | 40/47 [00:02<00:00, 17.33it/s, loss=0.26, v_num=] 
Epoch 354: 100%|██████████| 47/47 [00:02<00:00, 16.44it/s, loss=0.269, v_num=]
Epoch 354:   0%|          | 0/47 [00:00<?, ?it/s, loss=0.269, v_num=]         
Epoch 355:   0%|          | 0/47 [00:00<?, ?it/s, loss=0.269, v_num=]
Epoch 355:  43%|████▎     | 20/47 [00:01<00:01, 18.10it/s, loss=0.264, v_num=]
Epoch 355:  85%|████████▌ | 40/47 [00:01<00:00, 21.30it/s, loss=0.264, v_num=]
Epoch 355:  85%|████████▌ | 40/47 [00:01<00:00, 21.29it/s, loss=0.27, v_num=] 
Epoch 355: 100%|██████████| 47/47 [00:02<00:00, 20.48it/s, loss=0.27, v_num=]Evaluating...
NMI : 0.6121062306026387, ARI: 0.36999461876352785, ACC: 0.339, current K: 8

Epoch 355:   0%|          | 0/47 [00:00<?, ?it/s, loss=0.27, v_num=]         
Epoch 356:   0%|          | 0/47 [00:00<?, ?it/s, loss=0.27, v_num=]/usr/local/lib/python3.13/dist-packages/torch/utils/data/dataloader.py:432: UserWarning: This DataLoader will create 6 worker processes in total. Our suggested max number of worker in current system is 2, which is smaller than what this DataLoader is going to create. Please be aware that excessive worker creation might get DataLoader running slow or even freeze, lower the worker number to avoid potential slowness/freeze if necessary.
  self.check_worker_number_rationality()

Epoch 356:  43%|████▎     | 20/47 [00:01<00:01, 19.06it/s, loss=0.268, v_num=]
Epoch 356:  85%|████████▌ | 40/47 [00:01<00:00, 22.64it/s, loss=0.268, v_num=]
Epoch 356:  85%|████████▌ | 40/47 [00:01<00:00, 22.63it/s, loss=0.269, v_num=]
Epoch 356: 100%|██████████| 47/47 [00:02<00:00, 21.85it/s, loss=0.276, v_num=]
Epoch 356:   0%|          | 0/47 [00:00<?, ?it/s, loss=0.276, v_num=]         
Epoch 357:   0%|          | 0/47 [00:00<?, ?it/s, loss=0.276, v_num=]
Epoch 357:  43%|████▎     | 20/47 [00:00<00:01, 20.03it/s, loss=0.269, v_num=]
Epoch 357:  85%|████████▌ | 40/47 [00:01<00:00, 23.34it/s, loss=0.269, v_num=]
Epoch 357:  85%|████████▌ | 40/47 [00:01<00:00, 23.34it/s, loss=0.266, v_num=]
Epoch 357: 100%|██████████| 47/47 [00:02<00:00, 22.31it/s, loss=0.265, v_num=]
Epoch 357:   0%|          | 0/47 [00:00<?, ?it/s, loss=0.265, v_num=]         
Epoch 358:   0%|          | 0/47 [00:00<?, ?it/s, loss=0.265, v_num=]
Epoch 358:  43%|████▎     | 20/47 [00:01<00:01, 19.55it/s, loss=0.269, v_num=]
Epoch 358:  85%|████████▌ | 40/47 [00:01<00:00, 22.72it/s, loss=0.269, v_num=]
Epoch 358:  85%|████████▌ | 40/47 [00:01<00:00, 22.72it/s, loss=0.272, v_num=]
Epoch 358: 100%|██████████| 47/47 [00:02<00:00, 21.89it/s, loss=0.267, v_num=]
Epoch 358:   0%|          | 0/47 [00:00<?, ?it/s, loss=0.267, v_num=]         
Epoch 359:   0%|          | 0/47 [00:00<?, ?it/s, loss=0.267, v_num=]
Epoch 359:  43%|████▎     | 20/47 [00:01<00:01, 18.97it/s, loss=0.266, v_num=]
Epoch 359:  85%|████████▌ | 40/47 [00:02<00:00, 19.76it/s, loss=0.266, v_num=]
Epoch 359:  85%|████████▌ | 40/47 [00:02<00:00, 19.76it/s, loss=0.27, v_num=] 
Epoch 359: 100%|██████████| 47/47 [00:02<00:00, 18.47it/s, loss=0.269, v_num=]
Epoch 359:   0%|          | 0/47 [00:00<?, ?it/s, loss=0.269, v_num=]         
Epoch 360:   0%|          | 0/47 [00:00<?, ?it/s, loss=0.269, v_num=]
Epoch 360:  43%|████▎     | 20/47 [00:01<00:02, 13.21it/s, loss=0.268, v_num=]
Epoch 360:  85%|████████▌ | 40/47 [00:02<00:00, 16.89it/s, loss=0.268, v_num=]
Epoch 360:  85%|████████▌ | 40/47 [00:02<00:00, 16.89it/s, loss=0.268, v_num=]
Epoch 360: 100%|██████████| 47/47 [00:02<00:00, 17.11it/s, loss=0.271, v_num=]Evaluating...
NMI : 0.6112680452024917, ARI: 0.36901296288616725, ACC: 0.33767, current K: 8
Epoch 360 | NMI: 0.6113, ARI: 0.3690, ACC: 0.3377, current K: 8
Confusion Matrix:
[[  8   2  43 241   5   0   0   1   0   0   0   0   0   0   0   0   0   0
    0   0]
 [  9   1   2   3   0  10 264  11   0   0   0   0   0   0   0   0   0   0
    0   0]
 [  0   0  20 274   2   3   0   1   0   0   0   0   0   0   0   0   0   0
    0   0]
 [  0   6   2   3   1   1  14 273   0   0   0   0   0   0   0   0   0   0
    0   0]
 [270   0   4   0   2   0  12  12   0   0   0   0   0   0   0   0   0   0
    0   0]
 [  0   4 104   1   0 191   0   0   0   0   0   0   0   0   0   0   0   0
    0   0]
 [  1   0   9   0 252   0   4  34   0   0   0   0   0   0   0   0   0   0
    0   0]
 [  0 203  92   0   0   4   0   1   0   0   0   0   0   0   0   0   0   0
    0   0]
 [  1   0  61 230   3   4   0   1   0   0   0   0   0   0   0   0   0   0
    0   0]
 [  0   1   1   0  11   2   6 279   0   0   0   0   0   0   0   0   0   0
    0   0]
 [  3   0  94 200   3   0   0   0   0   0   0   0   0   0   0   0   0   0
    0   0]
 [ 16   1   6   0   0   0 272   5   0   0   0   0   0   0   0   0   0   0
    0   0]
 [285   0   2   7   0   0   6   0   0   0   0   0   0   0   0   0   0   0
    0   0]
 [  0   0   7   6   0 266  15   6   0   0   0   0   0   0   0   0   0   0
    0   0]
 [  1   1   8   8 274   0   0   8   0   0   0   0   0   0   0   0   0   0
    0   0]
 [  3 272  17   1   0   0   3   4   0   0   0   0   0   0   0   0   0   0
    0   0]
 [275   0   7  11   0   0   7   0   0   0   0   0   0   0   0   0   0   0
    0   0]
 [  0   2  47   2   0 243   2   4   0   0   0   0   0   0   0   0   0   0
    0   0]
 [  0   0   3  18 259   0   0  20   0   0   0   0   0   0   0   0   0   0
    0   0]
 [  0 234  52   1   0   0  13   0   0   0   0   0   0   0   0   0   0   0
    0   0]]

Epoch 360:   0%|          | 0/47 [00:00<?, ?it/s, loss=0.271, v_num=]         
Epoch 361:   0%|          | 0/47 [00:00<?, ?it/s, loss=0.271, v_num=]/usr/local/lib/python3.13/dist-packages/torch/utils/data/dataloader.py:432: UserWarning: This DataLoader will create 6 worker processes in total. Our suggested max number of worker in current system is 2, which is smaller than what this DataLoader is going to create. Please be aware that excessive worker creation might get DataLoader running slow or even freeze, lower the worker number to avoid potential slowness/freeze if necessary.
  self.check_worker_number_rationality()

Epoch 361:  43%|████▎     | 20/47 [00:01<00:01, 19.63it/s, loss=0.273, v_num=]
Epoch 361:  85%|████████▌ | 40/47 [00:01<00:00, 22.78it/s, loss=0.273, v_num=]
Epoch 361:  85%|████████▌ | 40/47 [00:01<00:00, 22.77it/s, loss=0.266, v_num=]
Epoch 361: 100%|██████████| 47/47 [00:02<00:00, 22.10it/s, loss=0.259, v_num=]
Epoch 361:   0%|          | 0/47 [00:00<?, ?it/s, loss=0.259, v_num=]         
Epoch 362:   0%|          | 0/47 [00:00<?, ?it/s, loss=0.259, v_num=]
Epoch 362:  43%|████▎     | 20/47 [00:01<00:01, 19.74it/s, loss=0.267, v_num=]
Epoch 362:  85%|████████▌ | 40/47 [00:01<00:00, 22.66it/s, loss=0.267, v_num=]
Epoch 362:  85%|████████▌ | 40/47 [00:01<00:00, 22.65it/s, loss=0.268, v_num=]
Epoch 362: 100%|██████████| 47/47 [00:02<00:00, 22.04it/s, loss=0.266, v_num=]
Epoch 362:   0%|          | 0/47 [00:00<?, ?it/s, loss=0.266, v_num=]         
Epoch 363:   0%|          | 0/47 [00:00<?, ?it/s, loss=0.266, v_num=]
Epoch 363:  43%|████▎     | 20/47 [00:01<00:01, 19.53it/s, loss=0.267, v_num=]
Epoch 363:  85%|████████▌ | 40/47 [00:01<00:00, 22.60it/s, loss=0.267, v_num=]
Epoch 363:  85%|████████▌ | 40/47 [00:01<00:00, 22.60it/s, loss=0.264, v_num=]
Epoch 363: 100%|██████████| 47/47 [00:02<00:00, 21.91it/s, loss=0.267, v_num=]
Epoch 363:   0%|          | 0/47 [00:00<?, ?it/s, loss=0.267, v_num=]         
Epoch 364:   0%|          | 0/47 [00:00<?, ?it/s, loss=0.267, v_num=]
Epoch 364:  43%|████▎     | 20/47 [00:01<00:01, 19.19it/s, loss=0.263, v_num=]
Epoch 364:  85%|████████▌ | 40/47 [00:01<00:00, 21.95it/s, loss=0.263, v_num=]
Epoch 364:  85%|████████▌ | 40/47 [00:01<00:00, 21.94it/s, loss=0.274, v_num=]
Epoch 364: 100%|██████████| 47/47 [00:02<00:00, 21.26it/s, loss=0.267, v_num=]
Epoch 364:   0%|          | 0/47 [00:00<?, ?it/s, loss=0.267, v_num=]         
Epoch 365:   0%|          | 0/47 [00:00<?, ?it/s, loss=0.267, v_num=]
Epoch 365:  43%|████▎     | 20/47 [00:01<00:01, 15.36it/s, loss=0.265, v_num=]
Epoch 365:  85%|████████▌ | 40/47 [00:02<00:00, 18.05it/s, loss=0.265, v_num=]
Epoch 365:  85%|████████▌ | 40/47 [00:02<00:00, 18.04it/s, loss=0.265, v_num=]
Epoch 365: 100%|██████████| 47/47 [00:02<00:00, 16.91it/s, loss=0.269, v_num=]Evaluating...
NMI : 0.611310585203586, ARI: 0.3692801045598532, ACC: 0.33633, current K: 8

Epoch 365:   0%|          | 0/47 [00:00<?, ?it/s, loss=0.269, v_num=]         
Epoch 366:   0%|          | 0/47 [00:00<?, ?it/s, loss=0.269, v_num=]/usr/local/lib/python3.13/dist-packages/torch/utils/data/dataloader.py:432: UserWarning: This DataLoader will create 6 worker processes in total. Our suggested max number of worker in current system is 2, which is smaller than what this DataLoader is going to create. Please be aware that excessive worker creation might get DataLoader running slow or even freeze, lower the worker number to avoid potential slowness/freeze if necessary.
  self.check_worker_number_rationality()

Epoch 366:  43%|████▎     | 20/47 [00:01<00:01, 16.05it/s, loss=0.265, v_num=]
Epoch 366:  85%|████████▌ | 40/47 [00:01<00:00, 20.08it/s, loss=0.265, v_num=]
Epoch 366:  85%|████████▌ | 40/47 [00:01<00:00, 20.07it/s, loss=0.269, v_num=]
Epoch 366: 100%|██████████| 47/47 [00:02<00:00, 19.84it/s, loss=0.268, v_num=]
Epoch 366:   0%|          | 0/47 [00:00<?, ?it/s, loss=0.268, v_num=]         
Epoch 367:   0%|          | 0/47 [00:00<?, ?it/s, loss=0.268, v_num=]
Epoch 367:  43%|████▎     | 20/47 [00:01<00:01, 19.55it/s, loss=0.265, v_num=]
Epoch 367:  85%|████████▌ | 40/47 [00:01<00:00, 22.60it/s, loss=0.265, v_num=]
Epoch 367:  85%|████████▌ | 40/47 [00:01<00:00, 22.60it/s, loss=0.264, v_num=]
Epoch 367: 100%|██████████| 47/47 [00:02<00:00, 21.77it/s, loss=0.265, v_num=]
Epoch 367:   0%|          | 0/47 [00:00<?, ?it/s, loss=0.265, v_num=]         
Epoch 368:   0%|          | 0/47 [00:00<?, ?it/s, loss=0.265, v_num=]
Epoch 368:  43%|████▎     | 20/47 [00:01<00:01, 19.47it/s, loss=0.266, v_num=]
Epoch 368:  85%|████████▌ | 40/47 [00:01<00:00, 22.70it/s, loss=0.266, v_num=]
Epoch 368:  85%|████████▌ | 40/47 [00:01<00:00, 22.69it/s, loss=0.266, v_num=]
Epoch 368: 100%|██████████| 47/47 [00:02<00:00, 21.96it/s, loss=0.269, v_num=]
Epoch 368:   0%|          | 0/47 [00:00<?, ?it/s, loss=0.269, v_num=]         
Epoch 369:   0%|          | 0/47 [00:00<?, ?it/s, loss=0.269, v_num=]
Epoch 369:  43%|████▎     | 20/47 [00:01<00:01, 19.38it/s, loss=0.263, v_num=]
Epoch 369:  85%|████████▌ | 40/47 [00:01<00:00, 22.72it/s, loss=0.263, v_num=]
Epoch 369:  85%|████████▌ | 40/47 [00:01<00:00, 22.72it/s, loss=0.27, v_num=] 
Epoch 369: 100%|██████████| 47/47 [00:02<00:00, 21.77it/s, loss=0.265, v_num=]
Epoch 369:   0%|          | 0/47 [00:00<?, ?it/s, loss=0.265, v_num=]         
Epoch 370:   0%|          | 0/47 [00:00<?, ?it/s, loss=0.265, v_num=]
Epoch 370:  43%|████▎     | 20/47 [00:01<00:01, 19.48it/s, loss=0.264, v_num=]
Epoch 370:  85%|████████▌ | 40/47 [00:01<00:00, 22.20it/s, loss=0.264, v_num=]
Epoch 370:  85%|████████▌ | 40/47 [00:01<00:00, 22.19it/s, loss=0.266, v_num=]
Epoch 370: 100%|██████████| 47/47 [00:02<00:00, 19.73it/s, loss=0.267, v_num=]Evaluating...
NMI : 0.6112055976876922, ARI: 0.3689698561055843, ACC: 0.336, current K: 8
Epoch 370 | NMI: 0.6112, ARI: 0.3690, ACC: 0.3360, current K: 8
Confusion Matrix:
[[  8   3  45 238   5   0   0   1   0   0   0   0   0   0   0   0   0   0
    0   0]
 [  9   1   2   3   0  11 266   8   0   0   0   0   0   0   0   0   0   0
    0   0]
 [  0   0  21 274   2   2   0   1   0   0   0   0   0   0   0   0   0   0
    0   0]
 [  0   6   2   3   1   1  16 271   0   0   0   0   0   0   0   0   0   0
    0   0]
 [272   0   3   0   2   0  12  11   0   0   0   0   0   0   0   0   0   0
    0   0]
 [  0   4  98   1   0 197   0   0   0   0   0   0   0   0   0   0   0   0
    0   0]
 [  1   0   9   0 257   0   5  28   0   0   0   0   0   0   0   0   0   0
    0   0]
 [  0 203  92   0   0   4   0   1   0   0   0   0   0   0   0   0   0   0
    0   0]
 [  1   0  65 226   3   4   0   1   0   0   0   0   0   0   0   0   0   0
    0   0]
 [  0   1   1   0  14   2   6 276   0   0   0   0   0   0   0   0   0   0
    0   0]
 [  3   0  96 199   2   0   0   0   0   0   0   0   0   0   0   0   0   0
    0   0]
 [ 16   1   5   0   0   0 273   5   0   0   0   0   0   0   0   0   0   0
    0   0]
 [286   0   2   6   0   0   6   0   0   0   0   0   0   0   0   0   0   0
    0   0]
 [  0   0   9   4   0 265  15   7   0   0   0   0   0   0   0   0   0   0
    0   0]
 [  1   1   9   8 273   0   0   8   0   0   0   0   0   0   0   0   0   0
    0   0]
 [  3 271  18   1   0   0   3   4   0   0   0   0   0   0   0   0   0   0
    0   0]
 [275   0   7  11   0   0   7   0   0   0   0   0   0   0   0   0   0   0
    0   0]
 [  0   2  46   2   0 243   2   5   0   0   0   0   0   0   0   0   0   0
    0   0]
 [  0   0   3  18 260   0   0  19   0   0   0   0   0   0   0   0   0   0
    0   0]
 [  0 230  56   1   0   0  13   0   0   0   0   0   0   0   0   0   0   0
    0   0]]

Epoch 370:   0%|          | 0/47 [00:00<?, ?it/s, loss=0.267, v_num=]         
Epoch 371:   0%|          | 0/47 [00:00<?, ?it/s, loss=0.267, v_num=]/usr/local/lib/python3.13/dist-packages/torch/utils/data/dataloader.py:432: UserWarning: This DataLoader will create 6 worker processes in total. Our suggested max number of worker in current system is 2, which is smaller than what this DataLoader is going to create. Please be aware that excessive worker creation might get DataLoader running slow or even freeze, lower the worker number to avoid potential slowness/freeze if necessary.
  self.check_worker_number_rationality()

Epoch 371:  43%|████▎     | 20/47 [00:01<00:01, 13.77it/s, loss=0.267, v_num=]
Epoch 371:  85%|████████▌ | 40/47 [00:02<00:00, 16.37it/s, loss=0.267, v_num=]
Epoch 371:  85%|████████▌ | 40/47 [00:02<00:00, 16.37it/s, loss=0.261, v_num=]
Epoch 371: 100%|██████████| 47/47 [00:02<00:00, 16.62it/s, loss=0.266, v_num=]
Epoch 371:   0%|          | 0/47 [00:00<?, ?it/s, loss=0.266, v_num=]         
Epoch 372:   0%|          | 0/47 [00:00<?, ?it/s, loss=0.266, v_num=]
Epoch 372:  43%|████▎     | 20/47 [00:01<00:01, 19.78it/s, loss=0.267, v_num=]
Epoch 372:  85%|████████▌ | 40/47 [00:01<00:00, 23.17it/s, loss=0.267, v_num=]
Epoch 372:  85%|████████▌ | 40/47 [00:01<00:00, 23.16it/s, loss=0.266, v_num=]
Epoch 372: 100%|██████████| 47/47 [00:02<00:00, 22.20it/s, loss=0.265, v_num=]
Epoch 372:   0%|          | 0/47 [00:00<?, ?it/s, loss=0.265, v_num=]         
Epoch 373:   0%|          | 0/47 [00:00<?, ?it/s, loss=0.265, v_num=]
Epoch 373:  43%|████▎     | 20/47 [00:00<00:01, 20.02it/s, loss=0.27, v_num=]
Epoch 373:  85%|████████▌ | 40/47 [00:01<00:00, 23.32it/s, loss=0.27, v_num=]
Epoch 373:  85%|████████▌ | 40/47 [00:01<00:00, 23.31it/s, loss=0.258, v_num=]
Epoch 373: 100%|██████████| 47/47 [00:02<00:00, 22.42it/s, loss=0.259, v_num=]
Epoch 373:   0%|          | 0/47 [00:00<?, ?it/s, loss=0.259, v_num=]         
Epoch 374:   0%|          | 0/47 [00:00<?, ?it/s, loss=0.259, v_num=]
Epoch 374:  43%|████▎     | 20/47 [00:00<00:01, 20.09it/s, loss=0.267, v_num=]
Epoch 374:  85%|████████▌ | 40/47 [00:01<00:00, 23.57it/s, loss=0.267, v_num=]
Epoch 374:  85%|████████▌ | 40/47 [00:01<00:00, 23.56it/s, loss=0.268, v_num=]
Epoch 374: 100%|██████████| 47/47 [00:02<00:00, 22.68it/s, loss=0.269, v_num=]
Epoch 374:   0%|          | 0/47 [00:00<?, ?it/s, loss=0.269, v_num=]         
Epoch 375:   0%|          | 0/47 [00:00<?, ?it/s, loss=0.269, v_num=]
Epoch 375:  43%|████▎     | 20/47 [00:01<00:01, 17.45it/s, loss=0.269, v_num=]
Epoch 375:  85%|████████▌ | 40/47 [00:01<00:00, 21.07it/s, loss=0.269, v_num=]
Epoch 375:  85%|████████▌ | 40/47 [00:01<00:00, 21.07it/s, loss=0.264, v_num=]
Epoch 375: 100%|██████████| 47/47 [00:02<00:00, 20.73it/s, loss=0.262, v_num=]Evaluating...
NMI : 0.6096830032533508, ARI: 0.36774744512838653, ACC: 0.33483, current K: 8

Epoch 375:   0%|          | 0/47 [00:00<?, ?it/s, loss=0.262, v_num=]         
Epoch 376:   0%|          | 0/47 [00:00<?, ?it/s, loss=0.262, v_num=]/usr/local/lib/python3.13/dist-packages/torch/utils/data/dataloader.py:432: UserWarning: This DataLoader will create 6 worker processes in total. Our suggested max number of worker in current system is 2, which is smaller than what this DataLoader is going to create. Please be aware that excessive worker creation might get DataLoader running slow or even freeze, lower the worker number to avoid potential slowness/freeze if necessary.
  self.check_worker_number_rationality()

Epoch 376:  43%|████▎     | 20/47 [00:01<00:01, 17.62it/s, loss=0.264, v_num=]
Epoch 376:  85%|████████▌ | 40/47 [00:02<00:00, 19.77it/s, loss=0.264, v_num=]
Epoch 376:  85%|████████▌ | 40/47 [00:02<00:00, 19.77it/s, loss=0.265, v_num=]
Epoch 376: 100%|██████████| 47/47 [00:02<00:00, 18.69it/s, loss=0.264, v_num=]
Epoch 376:   0%|          | 0/47 [00:00<?, ?it/s, loss=0.264, v_num=]         
Epoch 377:   0%|          | 0/47 [00:00<?, ?it/s, loss=0.264, v_num=]
Epoch 377:  43%|████▎     | 20/47 [00:01<00:01, 13.69it/s, loss=0.264, v_num=]
Epoch 377:  85%|████████▌ | 40/47 [00:02<00:00, 18.31it/s, loss=0.264, v_num=]
Epoch 377:  85%|████████▌ | 40/47 [00:02<00:00, 18.31it/s, loss=0.262, v_num=]
Epoch 377: 100%|██████████| 47/47 [00:02<00:00, 18.25it/s, loss=0.264, v_num=]
Epoch 377:   0%|          | 0/47 [00:00<?, ?it/s, loss=0.264, v_num=]         
Epoch 378:   0%|          | 0/47 [00:00<?, ?it/s, loss=0.264, v_num=]
Epoch 378:  43%|████▎     | 20/47 [00:01<00:01, 19.34it/s, loss=0.267, v_num=]
Epoch 378:  85%|████████▌ | 40/47 [00:01<00:00, 22.68it/s, loss=0.267, v_num=]
Epoch 378:  85%|████████▌ | 40/47 [00:01<00:00, 22.67it/s, loss=0.263, v_num=]
Epoch 378: 100%|██████████| 47/47 [00:02<00:00, 21.90it/s, loss=0.269, v_num=]
Epoch 378:   0%|          | 0/47 [00:00<?, ?it/s, loss=0.269, v_num=]         
Epoch 379:   0%|          | 0/47 [00:00<?, ?it/s, loss=0.269, v_num=]
Epoch 379:  43%|████▎     | 20/47 [00:01<00:01, 19.64it/s, loss=0.267, v_num=]
Epoch 379:  85%|████████▌ | 40/47 [00:01<00:00, 22.58it/s, loss=0.267, v_num=]
Epoch 379:  85%|████████▌ | 40/47 [00:01<00:00, 22.57it/s, loss=0.264, v_num=]
Epoch 379: 100%|██████████| 47/47 [00:02<00:00, 21.81it/s, loss=0.266, v_num=]
Epoch 379:   0%|          | 0/47 [00:00<?, ?it/s, loss=0.266, v_num=]         
Epoch 380:   0%|          | 0/47 [00:00<?, ?it/s, loss=0.266, v_num=]
Epoch 380:  43%|████▎     | 20/47 [00:01<00:01, 19.55it/s, loss=0.265, v_num=]
Epoch 380:  85%|████████▌ | 40/47 [00:01<00:00, 22.76it/s, loss=0.265, v_num=]
Epoch 380:  85%|████████▌ | 40/47 [00:01<00:00, 22.76it/s, loss=0.259, v_num=]
Epoch 380: 100%|██████████| 47/47 [00:02<00:00, 22.07it/s, loss=0.267, v_num=]Evaluating...
NMI : 0.6102151612557042, ARI: 0.3683650807551088, ACC: 0.33483, current K: 8
Epoch 380 | NMI: 0.6102, ARI: 0.3684, ACC: 0.3348, current K: 8
Confusion Matrix:
[[  8   3  45 238   5   0   0   1   0   0   0   0   0   0   0   0   0   0
    0   0]
 [  9   1   2   3   0  11 267   7   0   0   0   0   0   0   0   0   0   0
    0   0]
 [  0   0  21 275   2   2   0   0   0   0   0   0   0   0   0   0   0   0
    0   0]
 [  0   5   2   3   1   1  20 268   0   0   0   0   0   0   0   0   0   0
    0   0]
 [273   0   3   0   2   0  13   9   0   0   0   0   0   0   0   0   0   0
    0   0]
 [  0   5  97   1   0 197   0   0   0   0   0   0   0   0   0   0   0   0
    0   0]
 [  1   0   9   2 259   0   4  25   0   0   0   0   0   0   0   0   0   0
    0   0]
 [  0 203  92   0   0   4   0   1   0   0   0   0   0   0   0   0   0   0
    0   0]
 [  1   0  65 225   4   4   0   1   0   0   0   0   0   0   0   0   0   0
    0   0]
 [  0   1   1   0  17   2   6 273   0   0   0   0   0   0   0   0   0   0
    0   0]
 [  3   0  96 199   2   0   0   0   0   0   0   0   0   0   0   0   0   0
    0   0]
 [ 16   1   7   0   0   0 271   5   0   0   0   0   0   0   0   0   0   0
    0   0]
 [286   0   3   6   0   0   5   0   0   0   0   0   0   0   0   0   0   0
    0   0]
 [  0   0  10   3   0 264  15   8   0   0   0   0   0   0   0   0   0   0
    0   0]
 [  1   1   9   8 273   0   0   8   0   0   0   0   0   0   0   0   0   0
    0   0]
 [  3 270  19   1   0   0   3   4   0   0   0   0   0   0   0   0   0   0
    0   0]
 [277   0   7  11   0   0   5   0   0   0   0   0   0   0   0   0   0   0
    0   0]
 [  0   2  47   2   0 241   2   6   0   0   0   0   0   0   0   0   0   0
    0   0]
 [  1   0   3  17 264   0   0  15   0   0   0   0   0   0   0   0   0   0
    0   0]
 [  0 231  55   1   0   0  13   0   0   0   0   0   0   0   0   0   0   0
    0   0]]

Epoch 380:   0%|          | 0/47 [00:00<?, ?it/s, loss=0.267, v_num=]         
Epoch 381:   0%|          | 0/47 [00:00<?, ?it/s, loss=0.267, v_num=]/usr/local/lib/python3.13/dist-packages/torch/utils/data/dataloader.py:432: UserWarning: This DataLoader will create 6 worker processes in total. Our suggested max number of worker in current system is 2, which is smaller than what this DataLoader is going to create. Please be aware that excessive worker creation might get DataLoader running slow or even freeze, lower the worker number to avoid potential slowness/freeze if necessary.
  self.check_worker_number_rationality()

Epoch 381:  43%|████▎     | 20/47 [00:01<00:01, 19.71it/s, loss=0.266, v_num=]
Epoch 381:  85%|████████▌ | 40/47 [00:01<00:00, 22.81it/s, loss=0.266, v_num=]
Epoch 381:  85%|████████▌ | 40/47 [00:01<00:00, 22.80it/s, loss=0.262, v_num=]
Epoch 381: 100%|██████████| 47/47 [00:02<00:00, 21.83it/s, loss=0.26, v_num=] 
Epoch 381:   0%|          | 0/47 [00:00<?, ?it/s, loss=0.26, v_num=]         
Epoch 382:   0%|          | 0/47 [00:00<?, ?it/s, loss=0.26, v_num=]
Epoch 382:  43%|████▎     | 20/47 [00:01<00:01, 14.91it/s, loss=0.262, v_num=]
Epoch 382:  85%|████████▌ | 40/47 [00:02<00:00, 17.31it/s, loss=0.262, v_num=]
Epoch 382:  85%|████████▌ | 40/47 [00:02<00:00, 17.31it/s, loss=0.269, v_num=]
Epoch 382: 100%|██████████| 47/47 [00:02<00:00, 16.44it/s, loss=0.264, v_num=]
Epoch 382:   0%|          | 0/47 [00:00<?, ?it/s, loss=0.264, v_num=]         
Epoch 383:   0%|          | 0/47 [00:00<?, ?it/s, loss=0.264, v_num=]
Epoch 383:  43%|████▎     | 20/47 [00:01<00:01, 19.93it/s, loss=0.266, v_num=]
Epoch 383:  85%|████████▌ | 40/47 [00:01<00:00, 22.96it/s, loss=0.266, v_num=]
Epoch 383:  85%|████████▌ | 40/47 [00:01<00:00, 22.96it/s, loss=0.263, v_num=]
Epoch 383: 100%|██████████| 47/47 [00:02<00:00, 22.26it/s, loss=0.261, v_num=]
Epoch 383:   0%|          | 0/47 [00:00<?, ?it/s, loss=0.261, v_num=]         
Epoch 384:   0%|          | 0/47 [00:00<?, ?it/s, loss=0.261, v_num=]
Epoch 384:  43%|████▎     | 20/47 [00:01<00:01, 18.73it/s, loss=0.264, v_num=]
Epoch 384:  85%|████████▌ | 40/47 [00:01<00:00, 22.09it/s, loss=0.264, v_num=]
Epoch 384:  85%|████████▌ | 40/47 [00:01<00:00, 22.09it/s, loss=0.266, v_num=]
Epoch 384: 100%|██████████| 47/47 [00:02<00:00, 21.47it/s, loss=0.266, v_num=]
Epoch 384:   0%|          | 0/47 [00:00<?, ?it/s, loss=0.266, v_num=]         
Epoch 385:   0%|          | 0/47 [00:00<?, ?it/s, loss=0.266, v_num=]
Epoch 385:  43%|████▎     | 20/47 [00:01<00:01, 19.74it/s, loss=0.268, v_num=]
Epoch 385:  85%|████████▌ | 40/47 [00:01<00:00, 22.94it/s, loss=0.268, v_num=]
Epoch 385:  85%|████████▌ | 40/47 [00:01<00:00, 22.94it/s, loss=0.266, v_num=]
Epoch 385: 100%|██████████| 47/47 [00:02<00:00, 22.19it/s, loss=0.269, v_num=]Evaluating...
NMI : 0.6110884797855891, ARI: 0.3685333557238284, ACC: 0.3345, current K: 8

Epoch 385:   0%|          | 0/47 [00:00<?, ?it/s, loss=0.269, v_num=]         
Epoch 386:   0%|          | 0/47 [00:00<?, ?it/s, loss=0.269, v_num=]/usr/local/lib/python3.13/dist-packages/torch/utils/data/dataloader.py:432: UserWarning: This DataLoader will create 6 worker processes in total. Our suggested max number of worker in current system is 2, which is smaller than what this DataLoader is going to create. Please be aware that excessive worker creation might get DataLoader running slow or even freeze, lower the worker number to avoid potential slowness/freeze if necessary.
  self.check_worker_number_rationality()

Epoch 386:  43%|████▎     | 20/47 [00:01<00:01, 19.78it/s, loss=0.261, v_num=]
Epoch 386:  85%|████████▌ | 40/47 [00:01<00:00, 22.93it/s, loss=0.261, v_num=]
Epoch 386:  85%|████████▌ | 40/47 [00:01<00:00, 22.93it/s, loss=0.269, v_num=]
Epoch 386: 100%|██████████| 47/47 [00:02<00:00, 22.25it/s, loss=0.265, v_num=]
Epoch 386:   0%|          | 0/47 [00:00<?, ?it/s, loss=0.265, v_num=]         
Epoch 387:   0%|          | 0/47 [00:00<?, ?it/s, loss=0.265, v_num=]
Epoch 387:  43%|████▎     | 20/47 [00:01<00:01, 19.67it/s, loss=0.264, v_num=]
Epoch 387:  85%|████████▌ | 40/47 [00:01<00:00, 20.85it/s, loss=0.264, v_num=]
Epoch 387:  85%|████████▌ | 40/47 [00:01<00:00, 20.85it/s, loss=0.266, v_num=]
Epoch 387: 100%|██████████| 47/47 [00:02<00:00, 19.44it/s, loss=0.261, v_num=]
Epoch 387:   0%|          | 0/47 [00:00<?, ?it/s, loss=0.261, v_num=]         
Epoch 388:   0%|          | 0/47 [00:00<?, ?it/s, loss=0.261, v_num=]
Epoch 388:  43%|████▎     | 20/47 [00:01<00:01, 13.97it/s, loss=0.263, v_num=]
Epoch 388:  85%|████████▌ | 40/47 [00:02<00:00, 17.41it/s, loss=0.263, v_num=]
Epoch 388:  85%|████████▌ | 40/47 [00:02<00:00, 17.41it/s, loss=0.265, v_num=]
Epoch 388: 100%|██████████| 47/47 [00:02<00:00, 17.48it/s, loss=0.269, v_num=]
Epoch 388:   0%|          | 0/47 [00:00<?, ?it/s, loss=0.269, v_num=]         
Epoch 389:   0%|          | 0/47 [00:00<?, ?it/s, loss=0.269, v_num=]
Epoch 389:  43%|████▎     | 20/47 [00:01<00:01, 17.50it/s, loss=0.261, v_num=]
Epoch 389:  85%|████████▌ | 40/47 [00:01<00:00, 21.24it/s, loss=0.261, v_num=]
Epoch 389:  85%|████████▌ | 40/47 [00:01<00:00, 21.23it/s, loss=0.259, v_num=]
Epoch 389: 100%|██████████| 47/47 [00:02<00:00, 20.92it/s, loss=0.266, v_num=]
Epoch 389:   0%|          | 0/47 [00:00<?, ?it/s, loss=0.266, v_num=]         
Epoch 390:   0%|          | 0/47 [00:00<?, ?it/s, loss=0.266, v_num=]
Epoch 390:  43%|████▎     | 20/47 [00:01<00:01, 19.65it/s, loss=0.265, v_num=]
Epoch 390:  85%|████████▌ | 40/47 [00:01<00:00, 22.73it/s, loss=0.265, v_num=]
Epoch 390:  85%|████████▌ | 40/47 [00:01<00:00, 22.73it/s, loss=0.265, v_num=]
Epoch 390: 100%|██████████| 47/47 [00:02<00:00, 21.96it/s, loss=0.268, v_num=]Evaluating...
NMI : 0.6115036503868925, ARI: 0.36860937449186193, ACC: 0.33533, current K: 8
Epoch 390 | NMI: 0.6115, ARI: 0.3686, ACC: 0.3353, current K: 8
Confusion Matrix:
[[  6   3  46 238   6   0   0   1   0   0   0   0   0   0   0   0   0   0
    0   0]
 [  7   1   1   3   0  10 272   6   0   0   0   0   0   0   0   0   0   0
    0   0]
 [  0   0  21 275   2   2   0   0   0   0   0   0   0   0   0   0   0   0
    0   0]
 [  0   6   2   3   1   1  20 267   0   0   0   0   0   0   0   0   0   0
    0   0]
 [272   0   4   0   2   0  15   7   0   0   0   0   0   0   0   0   0   0
    0   0]
 [  0   5  99   0   0 196   0   0   0   0   0   0   0   0   0   0   0   0
    0   0]
 [  1   0   9   2 260   0   5  23   0   0   0   0   0   0   0   0   0   0
    0   0]
 [  0 203  92   0   0   4   0   1   0   0   0   0   0   0   0   0   0   0
    0   0]
 [  1   0  67 224   3   4   0   1   0   0   0   0   0   0   0   0   0   0
    0   0]
 [  0   1   1   0  18   2   5 273   0   0   0   0   0   0   0   0   0   0
    0   0]
 [  3   0  95 200   2   0   0   0   0   0   0   0   0   0   0   0   0   0
    0   0]
 [ 17   0   7   0   0   0 271   5   0   0   0   0   0   0   0   0   0   0
    0   0]
 [285   0   4   6   0   0   5   0   0   0   0   0   0   0   0   0   0   0
    0   0]
 [  0   0  11   3   0 262  16   8   0   0   0   0   0   0   0   0   0   0
    0   0]
 [  1   1   9   6 275   0   0   8   0   0   0   0   0   0   0   0   0   0
    0   0]
 [  3 271  18   1   0   0   3   4   0   0   0   0   0   0   0   0   0   0
    0   0]
 [274   0   7  12   0   0   7   0   0   0   0   0   0   0   0   0   0   0
    0   0]
 [  0   2  49   2   0 240   2   5   0   0   0   0   0   0   0   0   0   0
    0   0]
 [  0   0   3  18 264   0   0  15   0   0   0   0   0   0   0   0   0   0
    0   0]
 [  0 229  57   1   0   0  13   0   0   0   0   0   0   0   0   0   0   0
    0   0]]

Epoch 390:   0%|          | 0/47 [00:00<?, ?it/s, loss=0.268, v_num=]         
Epoch 391:   0%|          | 0/47 [00:00<?, ?it/s, loss=0.268, v_num=]/usr/local/lib/python3.13/dist-packages/torch/utils/data/dataloader.py:432: UserWarning: This DataLoader will create 6 worker processes in total. Our suggested max number of worker in current system is 2, which is smaller than what this DataLoader is going to create. Please be aware that excessive worker creation might get DataLoader running slow or even freeze, lower the worker number to avoid potential slowness/freeze if necessary.
  self.check_worker_number_rationality()

Epoch 391:  43%|████▎     | 20/47 [00:00<00:01, 20.12it/s, loss=0.263, v_num=]
Epoch 391:  85%|████████▌ | 40/47 [00:01<00:00, 23.32it/s, loss=0.263, v_num=]
Epoch 391:  85%|████████▌ | 40/47 [00:01<00:00, 23.31it/s, loss=0.264, v_num=]
Epoch 391: 100%|██████████| 47/47 [00:02<00:00, 22.48it/s, loss=0.27, v_num=] 
Epoch 391:   0%|          | 0/47 [00:00<?, ?it/s, loss=0.27, v_num=]         
Epoch 392:   0%|          | 0/47 [00:00<?, ?it/s, loss=0.27, v_num=]
Epoch 392:  43%|████▎     | 20/47 [00:01<00:01, 19.19it/s, loss=0.263, v_num=]
Epoch 392:  85%|████████▌ | 40/47 [00:01<00:00, 22.45it/s, loss=0.263, v_num=]
Epoch 392:  85%|████████▌ | 40/47 [00:01<00:00, 22.45it/s, loss=0.264, v_num=]
Epoch 392: 100%|██████████| 47/47 [00:02<00:00, 21.86it/s, loss=0.262, v_num=]
Epoch 392:   0%|          | 0/47 [00:00<?, ?it/s, loss=0.262, v_num=]         
Epoch 393:   0%|          | 0/47 [00:00<?, ?it/s, loss=0.262, v_num=]
Epoch 393:  43%|████▎     | 20/47 [00:01<00:01, 15.39it/s, loss=0.266, v_num=]
Epoch 393:  85%|████████▌ | 40/47 [00:02<00:00, 18.04it/s, loss=0.266, v_num=]
Epoch 393:  85%|████████▌ | 40/47 [00:02<00:00, 18.02it/s, loss=0.26, v_num=] 
Epoch 393: 100%|██████████| 47/47 [00:02<00:00, 17.15it/s, loss=0.258, v_num=]
Epoch 393:   0%|          | 0/47 [00:00<?, ?it/s, loss=0.258, v_num=]         
Epoch 394:   0%|          | 0/47 [00:00<?, ?it/s, loss=0.258, v_num=]
Epoch 394:  43%|████▎     | 20/47 [00:01<00:01, 16.11it/s, loss=0.259, v_num=]
Epoch 394:  85%|████████▌ | 40/47 [00:01<00:00, 20.30it/s, loss=0.259, v_num=]
Epoch 394:  85%|████████▌ | 40/47 [00:01<00:00, 20.29it/s, loss=0.264, v_num=]
Epoch 394: 100%|██████████| 47/47 [00:02<00:00, 19.98it/s, loss=0.256, v_num=]
Epoch 394:   0%|          | 0/47 [00:00<?, ?it/s, loss=0.256, v_num=]         
Epoch 395:   0%|          | 0/47 [00:00<?, ?it/s, loss=0.256, v_num=]
Epoch 395:  43%|████▎     | 20/47 [00:00<00:01, 20.05it/s, loss=0.266, v_num=]
Epoch 395:  85%|████████▌ | 40/47 [00:01<00:00, 23.19it/s, loss=0.266, v_num=]
Epoch 395:  85%|████████▌ | 40/47 [00:01<00:00, 23.19it/s, loss=0.263, v_num=]
Epoch 395: 100%|██████████| 47/47 [00:02<00:00, 22.38it/s, loss=0.26, v_num=] Evaluating...
NMI : 0.6122613261285692, ARI: 0.3691789203093585, ACC: 0.33533, current K: 8

Epoch 395:   0%|          | 0/47 [00:00<?, ?it/s, loss=0.26, v_num=]         
Epoch 396:   0%|          | 0/47 [00:00<?, ?it/s, loss=0.26, v_num=]/usr/local/lib/python3.13/dist-packages/torch/utils/data/dataloader.py:432: UserWarning: This DataLoader will create 6 worker processes in total. Our suggested max number of worker in current system is 2, which is smaller than what this DataLoader is going to create. Please be aware that excessive worker creation might get DataLoader running slow or even freeze, lower the worker number to avoid potential slowness/freeze if necessary.
  self.check_worker_number_rationality()

Epoch 396:  43%|████▎     | 20/47 [00:01<00:01, 19.93it/s, loss=0.263, v_num=]
Epoch 396:  85%|████████▌ | 40/47 [00:01<00:00, 23.13it/s, loss=0.263, v_num=]
Epoch 396:  85%|████████▌ | 40/47 [00:01<00:00, 23.12it/s, loss=0.259, v_num=]
Epoch 396: 100%|██████████| 47/47 [00:02<00:00, 22.36it/s, loss=0.264, v_num=]
Epoch 396:   0%|          | 0/47 [00:00<?, ?it/s, loss=0.264, v_num=]         
Epoch 397:   0%|          | 0/47 [00:00<?, ?it/s, loss=0.264, v_num=]
Epoch 397:  43%|████▎     | 20/47 [00:01<00:01, 19.44it/s, loss=0.261, v_num=]
Epoch 397:  85%|████████▌ | 40/47 [00:01<00:00, 22.45it/s, loss=0.261, v_num=]
Epoch 397:  85%|████████▌ | 40/47 [00:01<00:00, 22.44it/s, loss=0.267, v_num=]
Epoch 397: 100%|██████████| 47/47 [00:02<00:00, 21.78it/s, loss=0.267, v_num=]
Epoch 397:   0%|          | 0/47 [00:00<?, ?it/s, loss=0.267, v_num=]         
Epoch 398:   0%|          | 0/47 [00:00<?, ?it/s, loss=0.267, v_num=]
Epoch 398:  43%|████▎     | 20/47 [00:00<00:01, 20.16it/s, loss=0.259, v_num=]
Epoch 398:  85%|████████▌ | 40/47 [00:01<00:00, 23.05it/s, loss=0.259, v_num=]
Epoch 398:  85%|████████▌ | 40/47 [00:01<00:00, 23.05it/s, loss=0.264, v_num=]
Epoch 398: 100%|██████████| 47/47 [00:02<00:00, 21.13it/s, loss=0.265, v_num=]
Epoch 398:   0%|          | 0/47 [00:00<?, ?it/s, loss=0.265, v_num=]         
Epoch 399:   0%|          | 0/47 [00:00<?, ?it/s, loss=0.265, v_num=]
Epoch 399:  43%|████▎     | 20/47 [00:01<00:01, 14.74it/s, loss=0.261, v_num=]
Epoch 399:  85%|████████▌ | 40/47 [00:02<00:00, 16.94it/s, loss=0.261, v_num=]
Epoch 399:  85%|████████▌ | 40/47 [00:02<00:00, 16.94it/s, loss=0.266, v_num=]
Epoch 399: 100%|██████████| 47/47 [00:02<00:00, 16.68it/s, loss=0.266, v_num=]
Epoch 399:   0%|          | 0/47 [00:00<?, ?it/s, loss=0.266, v_num=]         
Epoch 400:   0%|          | 0/47 [00:00<?, ?it/s, loss=0.266, v_num=]
Epoch 400:  43%|████▎     | 20/47 [00:01<00:01, 19.86it/s, loss=0.268, v_num=]
Epoch 400:  85%|████████▌ | 40/47 [00:01<00:00, 23.02it/s, loss=0.268, v_num=]
Epoch 400:  85%|████████▌ | 40/47 [00:01<00:00, 23.01it/s, loss=0.262, v_num=]
Epoch 400: 100%|██████████| 47/47 [00:02<00:00, 22.23it/s, loss=0.257, v_num=]Evaluating...
NMI : 0.6123815724520683, ARI: 0.3693300995136449, ACC: 0.33533, current K: 8
Epoch 400 | NMI: 0.6124, ARI: 0.3693, ACC: 0.3353, current K: 8
Confusion Matrix:
[[  6   3  48 237   5   0   0   1   0   0   0   0   0   0   0   0   0   0
    0   0]
 [  6   1   1   3   0   8 275   6   0   0   0   0   0   0   0   0   0   0
    0   0]
 [  0   0  22 275   2   1   0   0   0   0   0   0   0   0   0   0   0   0
    0   0]
 [  0   4   2   3   1   1  20 269   0   0   0   0   0   0   0   0   0   0
    0   0]
 [272   0   4   0   2   0  16   6   0   0   0   0   0   0   0   0   0   0
    0   0]
 [  0   5  98   1   0 196   0   0   0   0   0   0   0   0   0   0   0   0
    0   0]
 [  1   0   9   2 261   0   6  21   0   0   0   0   0   0   0   0   0   0
    0   0]
 [  0 203  93   0   0   3   0   1   0   0   0   0   0   0   0   0   0   0
    0   0]
 [  1   0  66 225   3   4   0   1   0   0   0   0   0   0   0   0   0   0
    0   0]
 [  0   1   1   0  18   2   5 273   0   0   0   0   0   0   0   0   0   0
    0   0]
 [  3   0  95 200   2   0   0   0   0   0   0   0   0   0   0   0   0   0
    0   0]
 [ 16   0   8   0   0   0 272   4   0   0   0   0   0   0   0   0   0   0
    0   0]
 [285   0   4   6   0   0   5   0   0   0   0   0   0   0   0   0   0   0
    0   0]
 [  0   0  12   3   0 261  16   8   0   0   0   0   0   0   0   0   0   0
    0   0]
 [  1   1   9   6 275   0   0   8   0   0   0   0   0   0   0   0   0   0
    0   0]
 [  3 270  19   1   0   0   3   4   0   0   0   0   0   0   0   0   0   0
    0   0]
 [274   0   7  12   0   0   7   0   0   0   0   0   0   0   0   0   0   0
    0   0]
 [  0   2  50   2   0 239   2   5   0   0   0   0   0   0   0   0   0   0
    0   0]
 [  1   0   3  17 264   0   0  15   0   0   0   0   0   0   0   0   0   0
    0   0]
 [  0 227  59   1   0   0  13   0   0   0   0   0   0   0   0   0   0   0
    0   0]]

Epoch 400:   0%|          | 0/47 [00:00<?, ?it/s, loss=0.257, v_num=]         
Epoch 401:   0%|          | 0/47 [00:00<?, ?it/s, loss=0.257, v_num=]/usr/local/lib/python3.13/dist-packages/torch/utils/data/dataloader.py:432: UserWarning: This DataLoader will create 6 worker processes in total. Our suggested max number of worker in current system is 2, which is smaller than what this DataLoader is going to create. Please be aware that excessive worker creation might get DataLoader running slow or even freeze, lower the worker number to avoid potential slowness/freeze if necessary.
  self.check_worker_number_rationality()

Epoch 401:  43%|████▎     | 20/47 [00:01<00:01, 19.82it/s, loss=0.268, v_num=]
Epoch 401:  85%|████████▌ | 40/47 [00:01<00:00, 22.96it/s, loss=0.268, v_num=]
Epoch 401:  85%|████████▌ | 40/47 [00:01<00:00, 22.96it/s, loss=0.26, v_num=] 
Epoch 401: 100%|██████████| 47/47 [00:02<00:00, 22.01it/s, loss=0.263, v_num=]
Epoch 401:   0%|          | 0/47 [00:00<?, ?it/s, loss=0.263, v_num=]         
Epoch 402:   0%|          | 0/47 [00:00<?, ?it/s, loss=0.263, v_num=]
Epoch 402:  43%|████▎     | 20/47 [00:01<00:01, 17.69it/s, loss=0.259, v_num=]
Epoch 402:  85%|████████▌ | 40/47 [00:01<00:00, 21.43it/s, loss=0.259, v_num=]
Epoch 402:  85%|████████▌ | 40/47 [00:01<00:00, 21.42it/s, loss=0.26, v_num=] 
Epoch 402: 100%|██████████| 47/47 [00:02<00:00, 20.82it/s, loss=0.266, v_num=]
Epoch 402:   0%|          | 0/47 [00:00<?, ?it/s, loss=0.266, v_num=]         
Epoch 403:   0%|          | 0/47 [00:00<?, ?it/s, loss=0.266, v_num=]
Epoch 403:  43%|████▎     | 20/47 [00:01<00:01, 19.41it/s, loss=0.262, v_num=]
Epoch 403:  85%|████████▌ | 40/47 [00:01<00:00, 22.85it/s, loss=0.262, v_num=]
Epoch 403:  85%|████████▌ | 40/47 [00:01<00:00, 22.85it/s, loss=0.264, v_num=]
Epoch 403: 100%|██████████| 47/47 [00:02<00:00, 21.97it/s, loss=0.259, v_num=]
Epoch 403:   0%|          | 0/47 [00:00<?, ?it/s, loss=0.259, v_num=]         
Epoch 404:   0%|          | 0/47 [00:00<?, ?it/s, loss=0.259, v_num=]
Epoch 404:  43%|████▎     | 20/47 [00:01<00:01, 18.37it/s, loss=0.258, v_num=]
Epoch 404:  85%|████████▌ | 40/47 [00:02<00:00, 19.68it/s, loss=0.258, v_num=]
Epoch 404:  85%|████████▌ | 40/47 [00:02<00:00, 19.68it/s, loss=0.263, v_num=]
Epoch 404: 100%|██████████| 47/47 [00:02<00:00, 18.44it/s, loss=0.262, v_num=]
Epoch 404:   0%|          | 0/47 [00:00<?, ?it/s, loss=0.262, v_num=]         
Epoch 405:   0%|          | 0/47 [00:00<?, ?it/s, loss=0.262, v_num=]
Epoch 405:  43%|████▎     | 20/47 [00:01<00:01, 14.51it/s, loss=0.26, v_num=]
Epoch 405:  85%|████████▌ | 40/47 [00:02<00:00, 19.08it/s, loss=0.26, v_num=]
Epoch 405:  85%|████████▌ | 40/47 [00:02<00:00, 19.08it/s, loss=0.263, v_num=]
Epoch 405: 100%|██████████| 47/47 [00:02<00:00, 18.91it/s, loss=0.263, v_num=]Evaluating...
NMI : 0.6137228241219702, ARI: 0.37010561214651744, ACC: 0.335, current K: 8

Epoch 405:   0%|          | 0/47 [00:00<?, ?it/s, loss=0.263, v_num=]         
Epoch 406:   0%|          | 0/47 [00:00<?, ?it/s, loss=0.263, v_num=]/usr/local/lib/python3.13/dist-packages/torch/utils/data/dataloader.py:432: UserWarning: This DataLoader will create 6 worker processes in total. Our suggested max number of worker in current system is 2, which is smaller than what this DataLoader is going to create. Please be aware that excessive worker creation might get DataLoader running slow or even freeze, lower the worker number to avoid potential slowness/freeze if necessary.
  self.check_worker_number_rationality()

Epoch 406:  43%|████▎     | 20/47 [00:01<00:01, 18.93it/s, loss=0.261, v_num=]
Epoch 406:  85%|████████▌ | 40/47 [00:01<00:00, 22.46it/s, loss=0.261, v_num=]
Epoch 406:  85%|████████▌ | 40/47 [00:01<00:00, 22.45it/s, loss=0.265, v_num=]
Epoch 406: 100%|██████████| 47/47 [00:02<00:00, 21.66it/s, loss=0.263, v_num=]
Epoch 406:   0%|          | 0/47 [00:00<?, ?it/s, loss=0.263, v_num=]         
Epoch 407:   0%|          | 0/47 [00:00<?, ?it/s, loss=0.263, v_num=]
Epoch 407:  43%|████▎     | 20/47 [00:00<00:01, 20.17it/s, loss=0.262, v_num=]
Epoch 407:  85%|████████▌ | 40/47 [00:01<00:00, 23.55it/s, loss=0.262, v_num=]
Epoch 407:  85%|████████▌ | 40/47 [00:01<00:00, 23.54it/s, loss=0.262, v_num=]
Epoch 407: 100%|██████████| 47/47 [00:02<00:00, 22.53it/s, loss=0.261, v_num=]
Epoch 407:   0%|          | 0/47 [00:00<?, ?it/s, loss=0.261, v_num=]         
Epoch 408:   0%|          | 0/47 [00:00<?, ?it/s, loss=0.261, v_num=]
Epoch 408:  43%|████▎     | 20/47 [00:00<00:01, 20.01it/s, loss=0.264, v_num=]
Epoch 408:  85%|████████▌ | 40/47 [00:01<00:00, 23.11it/s, loss=0.264, v_num=]
Epoch 408:  85%|████████▌ | 40/47 [00:01<00:00, 23.10it/s, loss=0.264, v_num=]
Epoch 408: 100%|██████████| 47/47 [00:02<00:00, 22.17it/s, loss=0.261, v_num=]
Epoch 408:   0%|          | 0/47 [00:00<?, ?it/s, loss=0.261, v_num=]         
Epoch 409:   0%|          | 0/47 [00:00<?, ?it/s, loss=0.261, v_num=]
Epoch 409:  43%|████▎     | 20/47 [00:00<00:01, 20.08it/s, loss=0.265, v_num=]
Epoch 409:  85%|████████▌ | 40/47 [00:01<00:00, 23.34it/s, loss=0.265, v_num=]
Epoch 409:  85%|████████▌ | 40/47 [00:01<00:00, 23.34it/s, loss=0.263, v_num=]
Epoch 409: 100%|██████████| 47/47 [00:02<00:00, 22.42it/s, loss=0.265, v_num=]
Epoch 409:   0%|          | 0/47 [00:00<?, ?it/s, loss=0.265, v_num=]         
Epoch 410:   0%|          | 0/47 [00:00<?, ?it/s, loss=0.265, v_num=]
Epoch 410:  43%|████▎     | 20/47 [00:01<00:01, 16.01it/s, loss=0.264, v_num=]
Epoch 410:  85%|████████▌ | 40/47 [00:02<00:00, 17.99it/s, loss=0.264, v_num=]
Epoch 410:  85%|████████▌ | 40/47 [00:02<00:00, 17.98it/s, loss=0.263, v_num=]
Epoch 410: 100%|██████████| 47/47 [00:02<00:00, 16.86it/s, loss=0.262, v_num=]Evaluating...
NMI : 0.6142848805413567, ARI: 0.3706086065412996, ACC: 0.3355, current K: 8
Epoch 410 | NMI: 0.6143, ARI: 0.3706, ACC: 0.3355, current K: 8
Confusion Matrix:
[[  5   3  44 241   6   0   0   1   0   0   0   0   0   0   0   0   0   0
    0   0]
 [  6   0   2   3   0   8 277   4   0   0   0   0   0   0   0   0   0   0
    0   0]
 [  0   0  22 275   2   1   0   0   0   0   0   0   0   0   0   0   0   0
    0   0]
 [  0   4   2   3   1   1  20 269   0   0   0   0   0   0   0   0   0   0
    0   0]
 [272   0   4   0   2   0  17   5   0   0   0   0   0   0   0   0   0   0
    0   0]
 [  0   5  99   0   0 196   0   0   0   0   0   0   0   0   0   0   0   0
    0   0]
 [  1   0   9   2 266   0   6  16   0   0   0   0   0   0   0   0   0   0
    0   0]
 [  0 203  93   0   0   3   0   1   0   0   0   0   0   0   0   0   0   0
    0   0]
 [  1   0  66 224   4   4   0   1   0   0   0   0   0   0   0   0   0   0
    0   0]
 [  0   1   1   0  18   2   5 273   0   0   0   0   0   0   0   0   0   0
    0   0]
 [  3   0  95 199   3   0   0   0   0   0   0   0   0   0   0   0   0   0
    0   0]
 [ 16   0   8   0   0   0 274   2   0   0   0   0   0   0   0   0   0   0
    0   0]
 [285   0   4   6   0   0   5   0   0   0   0   0   0   0   0   0   0   0
    0   0]
 [  0   0  14   3   0 259  16   8   0   0   0   0   0   0   0   0   0   0
    0   0]
 [  1   1   9   6 275   0   0   8   0   0   0   0   0   0   0   0   0   0
    0   0]
 [  3 270  19   1   0   0   3   4   0   0   0   0   0   0   0   0   0   0
    0   0]
 [274   0   7  12   0   0   7   0   0   0   0   0   0   0   0   0   0   0
    0   0]
 [  0   2  50   2   0 239   2   5   0   0   0   0   0   0   0   0   0   0
    0   0]
 [  1   0   3  17 264   0   0  15   0   0   0   0   0   0   0   0   0   0
    0   0]
 [  0 227  59   1   0   0  13   0   0   0   0   0   0   0   0   0   0   0
    0   0]]

Epoch 410:   0%|          | 0/47 [00:00<?, ?it/s, loss=0.262, v_num=]         
Epoch 411:   0%|          | 0/47 [00:00<?, ?it/s, loss=0.262, v_num=]/usr/local/lib/python3.13/dist-packages/torch/utils/data/dataloader.py:432: UserWarning: This DataLoader will create 6 worker processes in total. Our suggested max number of worker in current system is 2, which is smaller than what this DataLoader is going to create. Please be aware that excessive worker creation might get DataLoader running slow or even freeze, lower the worker number to avoid potential slowness/freeze if necessary.
  self.check_worker_number_rationality()

Epoch 411:  43%|████▎     | 20/47 [00:01<00:01, 16.70it/s, loss=0.264, v_num=]
Epoch 411:  85%|████████▌ | 40/47 [00:01<00:00, 20.74it/s, loss=0.264, v_num=]
Epoch 411:  85%|████████▌ | 40/47 [00:01<00:00, 20.73it/s, loss=0.262, v_num=]
Epoch 411: 100%|██████████| 47/47 [00:02<00:00, 20.26it/s, loss=0.258, v_num=]
Epoch 411:   0%|          | 0/47 [00:00<?, ?it/s, loss=0.258, v_num=]         
Epoch 412:   0%|          | 0/47 [00:00<?, ?it/s, loss=0.258, v_num=]
Epoch 412:  43%|████▎     | 20/47 [00:01<00:01, 19.63it/s, loss=0.262, v_num=]
Epoch 412:  85%|████████▌ | 40/47 [00:01<00:00, 22.53it/s, loss=0.262, v_num=]
Epoch 412:  85%|████████▌ | 40/47 [00:01<00:00, 22.53it/s, loss=0.261, v_num=]
Epoch 412: 100%|██████████| 47/47 [00:02<00:00, 21.92it/s, loss=0.258, v_num=]
Epoch 412:   0%|          | 0/47 [00:00<?, ?it/s, loss=0.258, v_num=]         
Epoch 413:   0%|          | 0/47 [00:00<?, ?it/s, loss=0.258, v_num=]
Epoch 413:  43%|████▎     | 20/47 [00:01<00:01, 19.79it/s, loss=0.26, v_num=]
Epoch 413:  85%|████████▌ | 40/47 [00:01<00:00, 22.96it/s, loss=0.26, v_num=]
Epoch 413:  85%|████████▌ | 40/47 [00:01<00:00, 22.96it/s, loss=0.264, v_num=]
Epoch 413: 100%|██████████| 47/47 [00:02<00:00, 22.09it/s, loss=0.265, v_num=]
Epoch 413:   0%|          | 0/47 [00:00<?, ?it/s, loss=0.265, v_num=]         
Epoch 414:   0%|          | 0/47 [00:00<?, ?it/s, loss=0.265, v_num=]
Epoch 414:  43%|████▎     | 20/47 [00:01<00:01, 19.47it/s, loss=0.264, v_num=]
Epoch 414:  85%|████████▌ | 40/47 [00:01<00:00, 22.24it/s, loss=0.264, v_num=]
Epoch 414:  85%|████████▌ | 40/47 [00:01<00:00, 22.23it/s, loss=0.263, v_num=]
Epoch 414: 100%|██████████| 47/47 [00:02<00:00, 21.50it/s, loss=0.258, v_num=]
Epoch 414:   0%|          | 0/47 [00:00<?, ?it/s, loss=0.258, v_num=]         
Epoch 415:   0%|          | 0/47 [00:00<?, ?it/s, loss=0.258, v_num=]
Epoch 415:  43%|████▎     | 20/47 [00:01<00:01, 18.65it/s, loss=0.263, v_num=]
Epoch 415:  85%|████████▌ | 40/47 [00:02<00:00, 19.94it/s, loss=0.263, v_num=]
Epoch 415:  85%|████████▌ | 40/47 [00:02<00:00, 19.93it/s, loss=0.265, v_num=]
Epoch 415: 100%|██████████| 47/47 [00:02<00:00, 18.60it/s, loss=0.267, v_num=]Evaluating...
NMI : 0.6149936766140041, ARI: 0.3707041833276513, ACC: 0.33517, current K: 8

Epoch 415:   0%|          | 0/47 [00:00<?, ?it/s, loss=0.267, v_num=]         
Epoch 416:   0%|          | 0/47 [00:00<?, ?it/s, loss=0.267, v_num=]/usr/local/lib/python3.13/dist-packages/torch/utils/data/dataloader.py:432: UserWarning: This DataLoader will create 6 worker processes in total. Our suggested max number of worker in current system is 2, which is smaller than what this DataLoader is going to create. Please be aware that excessive worker creation might get DataLoader running slow or even freeze, lower the worker number to avoid potential slowness/freeze if necessary.
  self.check_worker_number_rationality()

Epoch 416:  43%|████▎     | 20/47 [00:01<00:01, 14.01it/s, loss=0.26, v_num=]
Epoch 416:  85%|████████▌ | 40/47 [00:02<00:00, 16.75it/s, loss=0.26, v_num=]
Epoch 416:  85%|████████▌ | 40/47 [00:02<00:00, 16.75it/s, loss=0.266, v_num=]
Epoch 416: 100%|██████████| 47/47 [00:02<00:00, 17.06it/s, loss=0.265, v_num=]
Epoch 416:   0%|          | 0/47 [00:00<?, ?it/s, loss=0.265, v_num=]         
Epoch 417:   0%|          | 0/47 [00:00<?, ?it/s, loss=0.265, v_num=]
Epoch 417:  43%|████▎     | 20/47 [00:01<00:01, 19.80it/s, loss=0.263, v_num=]
Epoch 417:  85%|████████▌ | 40/47 [00:01<00:00, 22.87it/s, loss=0.263, v_num=]
Epoch 417:  85%|████████▌ | 40/47 [00:01<00:00, 22.86it/s, loss=0.266, v_num=]
Epoch 417: 100%|██████████| 47/47 [00:02<00:00, 22.15it/s, loss=0.268, v_num=]
Epoch 417:   0%|          | 0/47 [00:00<?, ?it/s, loss=0.268, v_num=]         
Epoch 418:   0%|          | 0/47 [00:00<?, ?it/s, loss=0.268, v_num=]
Epoch 418:  43%|████▎     | 20/47 [00:01<00:01, 19.70it/s, loss=0.264, v_num=]
Epoch 418:  85%|████████▌ | 40/47 [00:01<00:00, 22.80it/s, loss=0.264, v_num=]
Epoch 418:  85%|████████▌ | 40/47 [00:01<00:00, 22.79it/s, loss=0.258, v_num=]
Epoch 418: 100%|██████████| 47/47 [00:02<00:00, 22.09it/s, loss=0.26, v_num=] 
Epoch 418:   0%|          | 0/47 [00:00<?, ?it/s, loss=0.26, v_num=]         
Epoch 419:   0%|          | 0/47 [00:00<?, ?it/s, loss=0.26, v_num=]
Epoch 419:  43%|████▎     | 20/47 [00:01<00:01, 19.42it/s, loss=0.257, v_num=]
Epoch 419:  85%|████████▌ | 40/47 [00:01<00:00, 22.40it/s, loss=0.257, v_num=]
Epoch 419:  85%|████████▌ | 40/47 [00:01<00:00, 22.39it/s, loss=0.262, v_num=]
Epoch 419: 100%|██████████| 47/47 [00:02<00:00, 21.59it/s, loss=0.269, v_num=]
Epoch 419:   0%|          | 0/47 [00:00<?, ?it/s, loss=0.269, v_num=]         
Epoch 420:   0%|          | 0/47 [00:00<?, ?it/s, loss=0.269, v_num=]
Epoch 420:  43%|████▎     | 20/47 [00:01<00:01, 19.52it/s, loss=0.268, v_num=]
Epoch 420:  85%|████████▌ | 40/47 [00:01<00:00, 22.57it/s, loss=0.268, v_num=]
Epoch 420:  85%|████████▌ | 40/47 [00:01<00:00, 22.57it/s, loss=0.26, v_num=] 
Epoch 420: 100%|██████████| 47/47 [00:02<00:00, 21.58it/s, loss=0.261, v_num=]Evaluating...
NMI : 0.6148581511554932, ARI: 0.37073060051823153, ACC: 0.33533, current K: 8
Epoch 420 | NMI: 0.6149, ARI: 0.3707, ACC: 0.3353, current K: 8
Confusion Matrix:
[[  5   3  44 241   6   0   0   1   0   0   0   0   0   0   0   0   0   0
    0   0]
 [  6   0   2   3   0   8 277   4   0   0   0   0   0   0   0   0   0   0
    0   0]
 [  0   0  22 275   2   1   0   0   0   0   0   0   0   0   0   0   0   0
    0   0]
 [  0   4   2   3   2   1  20 268   0   0   0   0   0   0   0   0   0   0
    0   0]
 [271   0   4   0   2   0  18   5   0   0   0   0   0   0   0   0   0   0
    0   0]
 [  0   5  98   0   0 197   0   0   0   0   0   0   0   0   0   0   0   0
    0   0]
 [  1   0   9   2 266   0   7  15   0   0   0   0   0   0   0   0   0   0
    0   0]
 [  0 202  94   0   0   3   0   1   0   0   0   0   0   0   0   0   0   0
    0   0]
 [  1   0  66 225   3   4   0   1   0   0   0   0   0   0   0   0   0   0
    0   0]
 [  0   1   1   0  19   2   5 272   0   0   0   0   0   0   0   0   0   0
    0   0]
 [  2   0  95 201   2   0   0   0   0   0   0   0   0   0   0   0   0   0
    0   0]
 [ 15   0   8   0   0   0 275   2   0   0   0   0   0   0   0   0   0   0
    0   0]
 [286   0   3   6   0   0   5   0   0   0   0   0   0   0   0   0   0   0
    0   0]
 [  0   0  14   3   0 260  16   7   0   0   0   0   0   0   0   0   0   0
    0   0]
 [  1   1   9   6 275   0   0   8   0   0   0   0   0   0   0   0   0   0
    0   0]
 [  3 269  20   1   0   0   3   4   0   0   0   0   0   0   0   0   0   0
    0   0]
 [274   0   7  12   0   0   7   0   0   0   0   0   0   0   0   0   0   0
    0   0]
 [  0   2  51   2   0 238   2   5   0   0   0   0   0   0   0   0   0   0
    0   0]
 [  1   0   3  17 264   0   0  15   0   0   0   0   0   0   0   0   0   0
    0   0]
 [  0 228  58   1   0   0  13   0   0   0   0   0   0   0   0   0   0   0
    0   0]]

Epoch 420:   0%|          | 0/47 [00:00<?, ?it/s, loss=0.261, v_num=]         
Epoch 421:   0%|          | 0/47 [00:00<?, ?it/s, loss=0.261, v_num=]/usr/local/lib/python3.13/dist-packages/torch/utils/data/dataloader.py:432: UserWarning: This DataLoader will create 6 worker processes in total. Our suggested max number of worker in current system is 2, which is smaller than what this DataLoader is going to create. Please be aware that excessive worker creation might get DataLoader running slow or even freeze, lower the worker number to avoid potential slowness/freeze if necessary.
  self.check_worker_number_rationality()

Epoch 421:  43%|████▎     | 20/47 [00:01<00:01, 17.25it/s, loss=0.262, v_num=]
Epoch 421:  85%|████████▌ | 40/47 [00:02<00:00, 19.33it/s, loss=0.262, v_num=]
Epoch 421:  85%|████████▌ | 40/47 [00:02<00:00, 19.33it/s, loss=0.261, v_num=]
Epoch 421: 100%|██████████| 47/47 [00:02<00:00, 18.44it/s, loss=0.259, v_num=]
Epoch 421:   0%|          | 0/47 [00:00<?, ?it/s, loss=0.259, v_num=]         
Epoch 422:   0%|          | 0/47 [00:00<?, ?it/s, loss=0.259, v_num=]
Epoch 422:  43%|████▎     | 20/47 [00:01<00:01, 14.34it/s, loss=0.263, v_num=]
Epoch 422:  85%|████████▌ | 40/47 [00:02<00:00, 18.70it/s, loss=0.263, v_num=]
Epoch 422:  85%|████████▌ | 40/47 [00:02<00:00, 18.70it/s, loss=0.261, v_num=]
Epoch 422: 100%|██████████| 47/47 [00:02<00:00, 18.67it/s, loss=0.257, v_num=]
Epoch 422:   0%|          | 0/47 [00:00<?, ?it/s, loss=0.257, v_num=]         
Epoch 423:   0%|          | 0/47 [00:00<?, ?it/s, loss=0.257, v_num=]
Epoch 423:  43%|████▎     | 20/47 [00:01<00:01, 19.86it/s, loss=0.262, v_num=]
Epoch 423:  85%|████████▌ | 40/47 [00:01<00:00, 23.05it/s, loss=0.262, v_num=]
Epoch 423:  85%|████████▌ | 40/47 [00:01<00:00, 23.04it/s, loss=0.264, v_num=]
Epoch 423: 100%|██████████| 47/47 [00:02<00:00, 22.01it/s, loss=0.259, v_num=]
Epoch 423:   0%|          | 0/47 [00:00<?, ?it/s, loss=0.259, v_num=]         
Epoch 424:   0%|          | 0/47 [00:00<?, ?it/s, loss=0.259, v_num=]
Epoch 424:  43%|████▎     | 20/47 [00:01<00:01, 19.69it/s, loss=0.264, v_num=]
Epoch 424:  85%|████████▌ | 40/47 [00:01<00:00, 23.13it/s, loss=0.264, v_num=]
Epoch 424:  85%|████████▌ | 40/47 [00:01<00:00, 23.13it/s, loss=0.261, v_num=]
Epoch 424: 100%|██████████| 47/47 [00:02<00:00, 22.20it/s, loss=0.264, v_num=]
Epoch 424:   0%|          | 0/47 [00:00<?, ?it/s, loss=0.264, v_num=]         
Epoch 425:   0%|          | 0/47 [00:00<?, ?it/s, loss=0.264, v_num=]
Epoch 425:  43%|████▎     | 20/47 [00:01<00:01, 19.78it/s, loss=0.265, v_num=]
Epoch 425:  85%|████████▌ | 40/47 [00:01<00:00, 23.20it/s, loss=0.265, v_num=]
Epoch 425:  85%|████████▌ | 40/47 [00:01<00:00, 23.19it/s, loss=0.262, v_num=]
Epoch 425: 100%|██████████| 47/47 [00:02<00:00, 22.27it/s, loss=0.263, v_num=]Evaluating...
NMI : 0.6138935982303042, ARI: 0.36924608213906207, ACC: 0.33517, current K: 8

Epoch 425:   0%|          | 0/47 [00:00<?, ?it/s, loss=0.263, v_num=]         
Epoch 426:   0%|          | 0/47 [00:00<?, ?it/s, loss=0.263, v_num=]/usr/local/lib/python3.13/dist-packages/torch/utils/data/dataloader.py:432: UserWarning: This DataLoader will create 6 worker processes in total. Our suggested max number of worker in current system is 2, which is smaller than what this DataLoader is going to create. Please be aware that excessive worker creation might get DataLoader running slow or even freeze, lower the worker number to avoid potential slowness/freeze if necessary.
  self.check_worker_number_rationality()

Epoch 426:  43%|████▎     | 20/47 [00:01<00:01, 19.63it/s, loss=0.264, v_num=]
Epoch 426:  85%|████████▌ | 40/47 [00:01<00:00, 22.81it/s, loss=0.264, v_num=]
Epoch 426:  85%|████████▌ | 40/47 [00:01<00:00, 22.81it/s, loss=0.264, v_num=]
Epoch 426: 100%|██████████| 47/47 [00:02<00:00, 21.34it/s, loss=0.26, v_num=] 
Epoch 426:   0%|          | 0/47 [00:00<?, ?it/s, loss=0.26, v_num=]         
Epoch 427:   0%|          | 0/47 [00:00<?, ?it/s, loss=0.26, v_num=]
Epoch 427:  43%|████▎     | 20/47 [00:01<00:01, 15.05it/s, loss=0.26, v_num=]
Epoch 427:  85%|████████▌ | 40/47 [00:02<00:00, 17.39it/s, loss=0.26, v_num=]
Epoch 427:  85%|████████▌ | 40/47 [00:02<00:00, 17.39it/s, loss=0.268, v_num=]
Epoch 427: 100%|██████████| 47/47 [00:02<00:00, 16.48it/s, loss=0.263, v_num=]
Epoch 427:   0%|          | 0/47 [00:00<?, ?it/s, loss=0.263, v_num=]         
Epoch 428:   0%|          | 0/47 [00:00<?, ?it/s, loss=0.263, v_num=]
Epoch 428:  43%|████▎     | 20/47 [00:01<00:01, 16.89it/s, loss=0.26, v_num=]
Epoch 428:  85%|████████▌ | 40/47 [00:01<00:00, 20.78it/s, loss=0.26, v_num=]
Epoch 428:  85%|████████▌ | 40/47 [00:01<00:00, 20.78it/s, loss=0.262, v_num=]
Epoch 428: 100%|██████████| 47/47 [00:02<00:00, 20.33it/s, loss=0.264, v_num=]
Epoch 428:   0%|          | 0/47 [00:00<?, ?it/s, loss=0.264, v_num=]         
Epoch 429:   0%|          | 0/47 [00:00<?, ?it/s, loss=0.264, v_num=]
Epoch 429:  43%|████▎     | 20/47 [00:01<00:01, 19.47it/s, loss=0.258, v_num=]
Epoch 429:  85%|████████▌ | 40/47 [00:01<00:00, 22.64it/s, loss=0.258, v_num=]
Epoch 429:  85%|████████▌ | 40/47 [00:01<00:00, 22.63it/s, loss=0.261, v_num=]
Epoch 429: 100%|██████████| 47/47 [00:02<00:00, 21.92it/s, loss=0.262, v_num=]
Epoch 429:   0%|          | 0/47 [00:00<?, ?it/s, loss=0.262, v_num=]         
Epoch 430:   0%|          | 0/47 [00:00<?, ?it/s, loss=0.262, v_num=]
Epoch 430:  43%|████▎     | 20/47 [00:01<00:01, 19.64it/s, loss=0.264, v_num=]
Epoch 430:  85%|████████▌ | 40/47 [00:01<00:00, 22.86it/s, loss=0.264, v_num=]
Epoch 430:  85%|████████▌ | 40/47 [00:01<00:00, 22.85it/s, loss=0.263, v_num=]
Epoch 430: 100%|██████████| 47/47 [00:02<00:00, 22.14it/s, loss=0.255, v_num=]Evaluating...
NMI : 0.6136634356009967, ARI: 0.3693982695420125, ACC: 0.3355, current K: 8
Epoch 430 | NMI: 0.6137, ARI: 0.3694, ACC: 0.3355, current K: 8
Confusion Matrix:
[[  5   3  44 241   6   0   0   1   0   0   0   0   0   0   0   0   0   0
    0   0]
 [  6   0   3   3   0   7 277   4   0   0   0   0   0   0   0   0   0   0
    0   0]
 [  0   0  22 275   2   1   0   0   0   0   0   0   0   0   0   0   0   0
    0   0]
 [  0   4   2   3   2   1  20 268   0   0   0   0   0   0   0   0   0   0
    0   0]
 [270   0   4   0   2   0  19   5   0   0   0   0   0   0   0   0   0   0
    0   0]
 [  0   5 102   0   0 193   0   0   0   0   0   0   0   0   0   0   0   0
    0   0]
 [  1   0   9   2 265   0   8  15   0   0   0   0   0   0   0   0   0   0
    0   0]
 [  0 201  95   0   0   3   0   1   0   0   0   0   0   0   0   0   0   0
    0   0]
 [  1   0  66 225   3   4   0   1   0   0   0   0   0   0   0   0   0   0
    0   0]
 [  0   1   3   0  19   2   4 271   0   0   0   0   0   0   0   0   0   0
    0   0]
 [  3   0  95 200   2   0   0   0   0   0   0   0   0   0   0   0   0   0
    0   0]
 [ 16   0   8   0   0   0 274   2   0   0   0   0   0   0   0   0   0   0
    0   0]
 [286   0   3   6   0   0   5   0   0   0   0   0   0   0   0   0   0   0
    0   0]
 [  0   0  16   3   0 259  16   6   0   0   0   0   0   0   0   0   0   0
    0   0]
 [  1   1  10   6 274   0   0   8   0   0   0   0   0   0   0   0   0   0
    0   0]
 [  3 269  22   1   0   0   1   4   0   0   0   0   0   0   0   0   0   0
    0   0]
 [274   0   7  12   0   0   7   0   0   0   0   0   0   0   0   0   0   0
    0   0]
 [  0   0  53   2   0 237   2   6   0   0   0   0   0   0   0   0   0   0
    0   0]
 [  1   0   3  17 264   0   0  15   0   0   0   0   0   0   0   0   0   0
    0   0]
 [  0 228  58   1   0   0  13   0   0   0   0   0   0   0   0   0   0   0
    0   0]]

Epoch 430:   0%|          | 0/47 [00:00<?, ?it/s, loss=0.255, v_num=]         
Epoch 431:   0%|          | 0/47 [00:00<?, ?it/s, loss=0.255, v_num=]/usr/local/lib/python3.13/dist-packages/torch/utils/data/dataloader.py:432: UserWarning: This DataLoader will create 6 worker processes in total. Our suggested max number of worker in current system is 2, which is smaller than what this DataLoader is going to create. Please be aware that excessive worker creation might get DataLoader running slow or even freeze, lower the worker number to avoid potential slowness/freeze if necessary.
  self.check_worker_number_rationality()

Epoch 431:  43%|████▎     | 20/47 [00:01<00:01, 19.59it/s, loss=0.262, v_num=]
Epoch 431:  85%|████████▌ | 40/47 [00:01<00:00, 22.81it/s, loss=0.262, v_num=]
Epoch 431:  85%|████████▌ | 40/47 [00:01<00:00, 22.81it/s, loss=0.26, v_num=] 
Epoch 431: 100%|██████████| 47/47 [00:02<00:00, 22.05it/s, loss=0.265, v_num=]
Epoch 431:   0%|          | 0/47 [00:00<?, ?it/s, loss=0.265, v_num=]         
Epoch 432:   0%|          | 0/47 [00:00<?, ?it/s, loss=0.265, v_num=]
Epoch 432:  43%|████▎     | 20/47 [00:01<00:01, 19.15it/s, loss=0.266, v_num=]
Epoch 432:  85%|████████▌ | 40/47 [00:02<00:00, 19.92it/s, loss=0.266, v_num=]
Epoch 432:  85%|████████▌ | 40/47 [00:02<00:00, 19.91it/s, loss=0.264, v_num=]
Epoch 432: 100%|██████████| 47/47 [00:02<00:00, 18.39it/s, loss=0.262, v_num=]
Epoch 432:   0%|          | 0/47 [00:00<?, ?it/s, loss=0.262, v_num=]         
Epoch 433:   0%|          | 0/47 [00:00<?, ?it/s, loss=0.262, v_num=]
Epoch 433:  43%|████▎     | 20/47 [00:01<00:01, 14.08it/s, loss=0.262, v_num=]
Epoch 433:  85%|████████▌ | 40/47 [00:02<00:00, 18.50it/s, loss=0.262, v_num=]
Epoch 433:  85%|████████▌ | 40/47 [00:02<00:00, 18.49it/s, loss=0.26, v_num=] 
Epoch 433: 100%|██████████| 47/47 [00:02<00:00, 18.48it/s, loss=0.259, v_num=]
Epoch 433:   0%|          | 0/47 [00:00<?, ?it/s, loss=0.259, v_num=]         
Epoch 434:   0%|          | 0/47 [00:00<?, ?it/s, loss=0.259, v_num=]
Epoch 434:  43%|████▎     | 20/47 [00:01<00:01, 19.92it/s, loss=0.261, v_num=]
Epoch 434:  85%|████████▌ | 40/47 [00:01<00:00, 23.08it/s, loss=0.261, v_num=]
Epoch 434:  85%|████████▌ | 40/47 [00:01<00:00, 23.07it/s, loss=0.261, v_num=]
Epoch 434: 100%|██████████| 47/47 [00:02<00:00, 22.37it/s, loss=0.262, v_num=]
Epoch 434:   0%|          | 0/47 [00:00<?, ?it/s, loss=0.262, v_num=]         
Epoch 435:   0%|          | 0/47 [00:00<?, ?it/s, loss=0.262, v_num=]
Epoch 435:  43%|████▎     | 20/47 [00:01<00:01, 19.46it/s, loss=0.263, v_num=]
Epoch 435:  85%|████████▌ | 40/47 [00:01<00:00, 22.81it/s, loss=0.263, v_num=]
Epoch 435:  85%|████████▌ | 40/47 [00:01<00:00, 22.80it/s, loss=0.258, v_num=]
Epoch 435: 100%|██████████| 47/47 [00:02<00:00, 22.14it/s, loss=0.261, v_num=]Evaluating...
NMI : 0.6147388595229689, ARI: 0.36999512740590174, ACC: 0.3355, current K: 8

Epoch 435:   0%|          | 0/47 [00:00<?, ?it/s, loss=0.261, v_num=]         
Epoch 436:   0%|          | 0/47 [00:00<?, ?it/s, loss=0.261, v_num=]/usr/local/lib/python3.13/dist-packages/torch/utils/data/dataloader.py:432: UserWarning: This DataLoader will create 6 worker processes in total. Our suggested max number of worker in current system is 2, which is smaller than what this DataLoader is going to create. Please be aware that excessive worker creation might get DataLoader running slow or even freeze, lower the worker number to avoid potential slowness/freeze if necessary.
  self.check_worker_number_rationality()

Epoch 436:  43%|████▎     | 20/47 [00:01<00:01, 19.76it/s, loss=0.263, v_num=]
Epoch 436:  85%|████████▌ | 40/47 [00:01<00:00, 22.99it/s, loss=0.263, v_num=]
Epoch 436:  85%|████████▌ | 40/47 [00:01<00:00, 22.99it/s, loss=0.263, v_num=]
Epoch 436: 100%|██████████| 47/47 [00:02<00:00, 22.30it/s, loss=0.264, v_num=]
Epoch 436:   0%|          | 0/47 [00:00<?, ?it/s, loss=0.264, v_num=]         
Epoch 437:   0%|          | 0/47 [00:00<?, ?it/s, loss=0.264, v_num=]
Epoch 437:  43%|████▎     | 20/47 [00:01<00:01, 19.02it/s, loss=0.26, v_num=]
Epoch 437:  85%|████████▌ | 40/47 [00:01<00:00, 22.19it/s, loss=0.26, v_num=]
Epoch 437:  85%|████████▌ | 40/47 [00:01<00:00, 22.18it/s, loss=0.259, v_num=]
Epoch 437: 100%|██████████| 47/47 [00:02<00:00, 21.61it/s, loss=0.258, v_num=]
Epoch 437:   0%|          | 0/47 [00:00<?, ?it/s, loss=0.258, v_num=]         
Epoch 438:   0%|          | 0/47 [00:00<?, ?it/s, loss=0.258, v_num=]
Epoch 438:  43%|████▎     | 20/47 [00:01<00:01, 15.70it/s, loss=0.258, v_num=]
Epoch 438:  85%|████████▌ | 40/47 [00:02<00:00, 17.84it/s, loss=0.258, v_num=]
Epoch 438:  85%|████████▌ | 40/47 [00:02<00:00, 17.84it/s, loss=0.263, v_num=]
Epoch 438: 100%|██████████| 47/47 [00:02<00:00, 16.87it/s, loss=0.268, v_num=]
Epoch 438:   0%|          | 0/47 [00:00<?, ?it/s, loss=0.268, v_num=]         
Epoch 439:   0%|          | 0/47 [00:00<?, ?it/s, loss=0.268, v_num=]
Epoch 439:  43%|████▎     | 20/47 [00:01<00:01, 16.99it/s, loss=0.262, v_num=]
Epoch 439:  85%|████████▌ | 40/47 [00:01<00:00, 20.98it/s, loss=0.262, v_num=]
Epoch 439:  85%|████████▌ | 40/47 [00:01<00:00, 20.98it/s, loss=0.259, v_num=]
Epoch 439: 100%|██████████| 47/47 [00:02<00:00, 20.52it/s, loss=0.261, v_num=]
Epoch 439:   0%|          | 0/47 [00:00<?, ?it/s, loss=0.261, v_num=]         
Epoch 440:   0%|          | 0/47 [00:00<?, ?it/s, loss=0.261, v_num=]
Epoch 440:  43%|████▎     | 20/47 [00:01<00:01, 19.75it/s, loss=0.258, v_num=]
Epoch 440:  85%|████████▌ | 40/47 [00:01<00:00, 22.66it/s, loss=0.258, v_num=]
Epoch 440:  85%|████████▌ | 40/47 [00:01<00:00, 22.66it/s, loss=0.262, v_num=]
Epoch 440: 100%|██████████| 47/47 [00:02<00:00, 22.02it/s, loss=0.262, v_num=]Evaluating...
NMI : 0.6146096750064054, ARI: 0.370070710764149, ACC: 0.336, current K: 8
Epoch 440 | NMI: 0.6146, ARI: 0.3701, ACC: 0.3360, current K: 8
Confusion Matrix:
[[  5   3  44 241   6   0   0   1   0   0   0   0   0   0   0   0   0   0
    0   0]
 [  6   0   3   3   0   5 279   4   0   0   0   0   0   0   0   0   0   0
    0   0]
 [  0   0  22 275   2   1   0   0   0   0   0   0   0   0   0   0   0   0
    0   0]
 [  0   4   2   3   2   1  20 268   0   0   0   0   0   0   0   0   0   0
    0   0]
 [270   0   4   0   2   0  19   5   0   0   0   0   0   0   0   0   0   0
    0   0]
 [  0   5 103   0   0 192   0   0   0   0   0   0   0   0   0   0   0   0
    0   0]
 [  1   0   9   2 264   0   8  16   0   0   0   0   0   0   0   0   0   0
    0   0]
 [  0 200  96   0   0   3   0   1   0   0   0   0   0   0   0   0   0   0
    0   0]
 [  1   0  66 226   2   4   0   1   0   0   0   0   0   0   0   0   0   0
    0   0]
 [  0   1   3   0  19   2   4 271   0   0   0   0   0   0   0   0   0   0
    0   0]
 [  1   0  94 203   2   0   0   0   0   0   0   0   0   0   0   0   0   0
    0   0]
 [ 14   0   6   2   0   0 276   2   0   0   0   0   0   0   0   0   0   0
    0   0]
 [286   0   3   6   0   0   5   0   0   0   0   0   0   0   0   0   0   0
    0   0]
 [  0   0  16   3   0 259  16   6   0   0   0   0   0   0   0   0   0   0
    0   0]
 [  1   1  11   6 273   0   0   8   0   0   0   0   0   0   0   0   0   0
    0   0]
 [  3 270  21   1   0   0   1   4   0   0   0   0   0   0   0   0   0   0
    0   0]
 [274   0   7  12   0   0   7   0   0   0   0   0   0   0   0   0   0   0
    0   0]
 [  0   0  53   2   0 235   2   8   0   0   0   0   0   0   0   0   0   0
    0   0]
 [  1   0   3  17 264   0   0  15   0   0   0   0   0   0   0   0   0   0
    0   0]
 [  0 229  58   1   0   0  12   0   0   0   0   0   0   0   0   0   0   0
    0   0]]

Epoch 440:   0%|          | 0/47 [00:00<?, ?it/s, loss=0.262, v_num=]         
Epoch 441:   0%|          | 0/47 [00:00<?, ?it/s, loss=0.262, v_num=]/usr/local/lib/python3.13/dist-packages/torch/utils/data/dataloader.py:432: UserWarning: This DataLoader will create 6 worker processes in total. Our suggested max number of worker in current system is 2, which is smaller than what this DataLoader is going to create. Please be aware that excessive worker creation might get DataLoader running slow or even freeze, lower the worker number to avoid potential slowness/freeze if necessary.
  self.check_worker_number_rationality()

Epoch 441:  43%|████▎     | 20/47 [00:01<00:01, 19.07it/s, loss=0.263, v_num=]
Epoch 441:  85%|████████▌ | 40/47 [00:01<00:00, 20.79it/s, loss=0.263, v_num=]
Epoch 441:  85%|████████▌ | 40/47 [00:01<00:00, 20.79it/s, loss=0.262, v_num=]
Epoch 441: 100%|██████████| 47/47 [00:02<00:00, 20.29it/s, loss=0.258, v_num=]
Epoch 441:   0%|          | 0/47 [00:00<?, ?it/s, loss=0.258, v_num=]         
Epoch 442:   0%|          | 0/47 [00:00<?, ?it/s, loss=0.258, v_num=]
Epoch 442:  43%|████▎     | 20/47 [00:01<00:01, 19.64it/s, loss=0.263, v_num=]
Epoch 442:  85%|████████▌ | 40/47 [00:01<00:00, 22.96it/s, loss=0.263, v_num=]
Epoch 442:  85%|████████▌ | 40/47 [00:01<00:00, 22.95it/s, loss=0.262, v_num=]
Epoch 442: 100%|██████████| 47/47 [00:02<00:00, 21.90it/s, loss=0.257, v_num=]
Epoch 442:   0%|          | 0/47 [00:00<?, ?it/s, loss=0.257, v_num=]         
Epoch 443:   0%|          | 0/47 [00:00<?, ?it/s, loss=0.257, v_num=]
Epoch 443:  43%|████▎     | 20/47 [00:01<00:01, 19.80it/s, loss=0.263, v_num=]
Epoch 443:  85%|████████▌ | 40/47 [00:01<00:00, 22.07it/s, loss=0.263, v_num=]
Epoch 443:  85%|████████▌ | 40/47 [00:01<00:00, 22.07it/s, loss=0.26, v_num=] 
Epoch 443: 100%|██████████| 47/47 [00:02<00:00, 20.09it/s, loss=0.257, v_num=]
Epoch 443:   0%|          | 0/47 [00:00<?, ?it/s, loss=0.257, v_num=]         
Epoch 444:   0%|          | 0/47 [00:00<?, ?it/s, loss=0.257, v_num=]
Epoch 444:  43%|████▎     | 20/47 [00:01<00:01, 14.30it/s, loss=0.257, v_num=]
Epoch 444:  85%|████████▌ | 40/47 [00:02<00:00, 16.90it/s, loss=0.257, v_num=]
Epoch 444:  85%|████████▌ | 40/47 [00:02<00:00, 16.89it/s, loss=0.262, v_num=]
Epoch 444: 100%|██████████| 47/47 [00:02<00:00, 17.03it/s, loss=0.264, v_num=]
Epoch 444:   0%|          | 0/47 [00:00<?, ?it/s, loss=0.264, v_num=]         
Epoch 445:   0%|          | 0/47 [00:00<?, ?it/s, loss=0.264, v_num=]
Epoch 445:  43%|████▎     | 20/47 [00:01<00:01, 19.65it/s, loss=0.259, v_num=]
Epoch 445:  85%|████████▌ | 40/47 [00:01<00:00, 22.70it/s, loss=0.259, v_num=]
Epoch 445:  85%|████████▌ | 40/47 [00:01<00:00, 22.69it/s, loss=0.263, v_num=]
Epoch 445: 100%|██████████| 47/47 [00:02<00:00, 21.80it/s, loss=0.263, v_num=]Evaluating...
NMI : 0.6139704740004226, ARI: 0.3694951295671895, ACC: 0.3355, current K: 8

Epoch 445:   0%|          | 0/47 [00:00<?, ?it/s, loss=0.263, v_num=]         
Epoch 446:   0%|          | 0/47 [00:00<?, ?it/s, loss=0.263, v_num=]/usr/local/lib/python3.13/dist-packages/torch/utils/data/dataloader.py:432: UserWarning: This DataLoader will create 6 worker processes in total. Our suggested max number of worker in current system is 2, which is smaller than what this DataLoader is going to create. Please be aware that excessive worker creation might get DataLoader running slow or even freeze, lower the worker number to avoid potential slowness/freeze if necessary.
  self.check_worker_number_rationality()

Epoch 446:  43%|████▎     | 20/47 [00:01<00:01, 19.65it/s, loss=0.257, v_num=]
Epoch 446:  85%|████████▌ | 40/47 [00:01<00:00, 23.04it/s, loss=0.257, v_num=]
Epoch 446:  85%|████████▌ | 40/47 [00:01<00:00, 23.03it/s, loss=0.262, v_num=]
Epoch 446: 100%|██████████| 47/47 [00:02<00:00, 22.24it/s, loss=0.26, v_num=] 
Epoch 446:   0%|          | 0/47 [00:00<?, ?it/s, loss=0.26, v_num=]         
Epoch 447:   0%|          | 0/47 [00:00<?, ?it/s, loss=0.26, v_num=]
Epoch 447:  43%|████▎     | 20/47 [00:01<00:01, 19.93it/s, loss=0.263, v_num=]
Epoch 447:  85%|████████▌ | 40/47 [00:01<00:00, 23.19it/s, loss=0.263, v_num=]
Epoch 447:  85%|████████▌ | 40/47 [00:01<00:00, 23.19it/s, loss=0.258, v_num=]
Epoch 447: 100%|██████████| 47/47 [00:02<00:00, 22.27it/s, loss=0.262, v_num=]
Epoch 447:   0%|          | 0/47 [00:00<?, ?it/s, loss=0.262, v_num=]         
Epoch 448:   0%|          | 0/47 [00:00<?, ?it/s, loss=0.262, v_num=]
Epoch 448:  43%|████▎     | 20/47 [00:01<00:01, 19.73it/s, loss=0.265, v_num=]
Epoch 448:  85%|████████▌ | 40/47 [00:01<00:00, 22.49it/s, loss=0.265, v_num=]
Epoch 448:  85%|████████▌ | 40/47 [00:01<00:00, 22.49it/s, loss=0.26, v_num=] 
Epoch 448: 100%|██████████| 47/47 [00:02<00:00, 21.87it/s, loss=0.252, v_num=]
Epoch 448:   0%|          | 0/47 [00:00<?, ?it/s, loss=0.252, v_num=]         
Epoch 449:   0%|          | 0/47 [00:00<?, ?it/s, loss=0.252, v_num=]
Epoch 449:  43%|████▎     | 20/47 [00:01<00:01, 17.57it/s, loss=0.263, v_num=]
Epoch 449:  85%|████████▌ | 40/47 [00:02<00:00, 19.55it/s, loss=0.263, v_num=]
Epoch 449:  85%|████████▌ | 40/47 [00:02<00:00, 19.55it/s, loss=0.258, v_num=]
Epoch 449: 100%|██████████| 47/47 [00:02<00:00, 18.33it/s, loss=0.258, v_num=]
Epoch 449:   0%|          | 0/47 [00:00<?, ?it/s, loss=0.258, v_num=]         
Epoch 450:   0%|          | 0/47 [00:00<?, ?it/s, loss=0.258, v_num=]
Epoch 450:  43%|████▎     | 20/47 [00:01<00:01, 14.55it/s, loss=0.258, v_num=]
Epoch 450:  85%|████████▌ | 40/47 [00:02<00:00, 18.96it/s, loss=0.258, v_num=]
Epoch 450:  85%|████████▌ | 40/47 [00:02<00:00, 18.95it/s, loss=0.263, v_num=]
Epoch 450: 100%|██████████| 47/47 [00:02<00:00, 18.74it/s, loss=0.265, v_num=]Evaluating...
NMI : 0.6143567217204825, ARI: 0.36961544373980504, ACC: 0.33567, current K: 8
Epoch 450 | NMI: 0.6144, ARI: 0.3696, ACC: 0.3357, current K: 8
Confusion Matrix:
[[  5   3  44 241   6   0   0   1   0   0   0   0   0   0   0   0   0   0
    0   0]
 [  7   0   3   3   0   5 278   4   0   0   0   0   0   0   0   0   0   0
    0   0]
 [  0   0  22 275   2   1   0   0   0   0   0   0   0   0   0   0   0   0
    0   0]
 [  0   4   2   3   2   1  20 268   0   0   0   0   0   0   0   0   0   0
    0   0]
 [270   0   4   0   2   0  19   5   0   0   0   0   0   0   0   0   0   0
    0   0]
 [  0   5 103   0   0 192   0   0   0   0   0   0   0   0   0   0   0   0
    0   0]
 [  1   0   9   2 264   0   8  16   0   0   0   0   0   0   0   0   0   0
    0   0]
 [  0 199  97   0   0   3   0   1   0   0   0   0   0   0   0   0   0   0
    0   0]
 [  1   0  66 226   2   4   0   1   0   0   0   0   0   0   0   0   0   0
    0   0]
 [  0   1   2   0  19   2   4 272   0   0   0   0   0   0   0   0   0   0
    0   0]
 [  1   0  94 203   2   0   0   0   0   0   0   0   0   0   0   0   0   0
    0   0]
 [ 13   0   7   2   0   0 276   2   0   0   0   0   0   0   0   0   0   0
    0   0]
 [286   0   3   6   0   0   5   0   0   0   0   0   0   0   0   0   0   0
    0   0]
 [  0   0  18   3   0 257  17   5   0   0   0   0   0   0   0   0   0   0
    0   0]
 [  1   1  11   6 273   0   0   8   0   0   0   0   0   0   0   0   0   0
    0   0]
 [  3 270  21   1   0   0   1   4   0   0   0   0   0   0   0   0   0   0
    0   0]
 [274   0   7  12   0   0   7   0   0   0   0   0   0   0   0   0   0   0
    0   0]
 [  0   0  54   2   0 235   1   8   0   0   0   0   0   0   0   0   0   0
    0   0]
 [  1   0   3  17 264   0   0  15   0   0   0   0   0   0   0   0   0   0
    0   0]
 [  0 228  58   1   0   0  13   0   0   0   0   0   0   0   0   0   0   0
    0   0]]

Epoch 450:   0%|          | 0/47 [00:00<?, ?it/s, loss=0.265, v_num=]         
Epoch 451:   0%|          | 0/47 [00:00<?, ?it/s, loss=0.265, v_num=]/usr/local/lib/python3.13/dist-packages/torch/utils/data/dataloader.py:432: UserWarning: This DataLoader will create 6 worker processes in total. Our suggested max number of worker in current system is 2, which is smaller than what this DataLoader is going to create. Please be aware that excessive worker creation might get DataLoader running slow or even freeze, lower the worker number to avoid potential slowness/freeze if necessary.
  self.check_worker_number_rationality()

Epoch 451:  43%|████▎     | 20/47 [00:01<00:01, 19.38it/s, loss=0.264, v_num=]
Epoch 451:  85%|████████▌ | 40/47 [00:01<00:00, 22.79it/s, loss=0.264, v_num=]
Epoch 451:  85%|████████▌ | 40/47 [00:01<00:00, 22.78it/s, loss=0.261, v_num=]
Epoch 451: 100%|██████████| 47/47 [00:02<00:00, 21.87it/s, loss=0.256, v_num=]
Epoch 451:   0%|          | 0/47 [00:00<?, ?it/s, loss=0.256, v_num=]         
Epoch 452:   0%|          | 0/47 [00:00<?, ?it/s, loss=0.256, v_num=]
Epoch 452:  43%|████▎     | 20/47 [00:01<00:01, 19.82it/s, loss=0.258, v_num=]
Epoch 452:  85%|████████▌ | 40/47 [00:01<00:00, 22.56it/s, loss=0.258, v_num=]
Epoch 452:  85%|████████▌ | 40/47 [00:01<00:00, 22.56it/s, loss=0.261, v_num=]
Epoch 452: 100%|██████████| 47/47 [00:02<00:00, 21.89it/s, loss=0.262, v_num=]
Epoch 452:   0%|          | 0/47 [00:00<?, ?it/s, loss=0.262, v_num=]         
Epoch 453:   0%|          | 0/47 [00:00<?, ?it/s, loss=0.262, v_num=]
Epoch 453:  43%|████▎     | 20/47 [00:01<00:01, 19.30it/s, loss=0.263, v_num=]
Epoch 453:  85%|████████▌ | 40/47 [00:01<00:00, 22.56it/s, loss=0.263, v_num=]
Epoch 453:  85%|████████▌ | 40/47 [00:01<00:00, 22.55it/s, loss=0.264, v_num=]
Epoch 453: 100%|██████████| 47/47 [00:02<00:00, 21.96it/s, loss=0.262, v_num=]
Epoch 453:   0%|          | 0/47 [00:00<?, ?it/s, loss=0.262, v_num=]         
Epoch 454:   0%|          | 0/47 [00:00<?, ?it/s, loss=0.262, v_num=]
Epoch 454:  43%|████▎     | 20/47 [00:01<00:01, 19.80it/s, loss=0.253, v_num=]
Epoch 454:  85%|████████▌ | 40/47 [00:01<00:00, 22.11it/s, loss=0.253, v_num=]
Epoch 454:  85%|████████▌ | 40/47 [00:01<00:00, 22.10it/s, loss=0.26, v_num=] 
Epoch 454: 100%|██████████| 47/47 [00:02<00:00, 19.82it/s, loss=0.266, v_num=]
Epoch 454:   0%|          | 0/47 [00:00<?, ?it/s, loss=0.266, v_num=]         
Epoch 455:   0%|          | 0/47 [00:00<?, ?it/s, loss=0.266, v_num=]
Epoch 455:  43%|████▎     | 20/47 [00:01<00:01, 14.74it/s, loss=0.258, v_num=]
Epoch 455:  85%|████████▌ | 40/47 [00:02<00:00, 16.79it/s, loss=0.258, v_num=]
Epoch 455:  85%|████████▌ | 40/47 [00:02<00:00, 16.79it/s, loss=0.265, v_num=]
Epoch 455: 100%|██████████| 47/47 [00:02<00:00, 16.51it/s, loss=0.261, v_num=]Evaluating...
NMI : 0.6143983164359116, ARI: 0.36937986043537147, ACC: 0.33567, current K: 8

Epoch 455:   0%|          | 0/47 [00:00<?, ?it/s, loss=0.261, v_num=]         
Epoch 456:   0%|          | 0/47 [00:00<?, ?it/s, loss=0.261, v_num=]/usr/local/lib/python3.13/dist-packages/torch/utils/data/dataloader.py:432: UserWarning: This DataLoader will create 6 worker processes in total. Our suggested max number of worker in current system is 2, which is smaller than what this DataLoader is going to create. Please be aware that excessive worker creation might get DataLoader running slow or even freeze, lower the worker number to avoid potential slowness/freeze if necessary.
  self.check_worker_number_rationality()

Epoch 456:  43%|████▎     | 20/47 [00:01<00:01, 19.33it/s, loss=0.259, v_num=]
Epoch 456:  85%|████████▌ | 40/47 [00:01<00:00, 22.57it/s, loss=0.259, v_num=]
Epoch 456:  85%|████████▌ | 40/47 [00:01<00:00, 22.56it/s, loss=0.261, v_num=]
Epoch 456: 100%|██████████| 47/47 [00:02<00:00, 21.51it/s, loss=0.258, v_num=]
Epoch 456:   0%|          | 0/47 [00:00<?, ?it/s, loss=0.258, v_num=]         
Epoch 457:   0%|          | 0/47 [00:00<?, ?it/s, loss=0.258, v_num=]
Epoch 457:  43%|████▎     | 20/47 [00:01<00:01, 18.85it/s, loss=0.259, v_num=]
Epoch 457:  85%|████████▌ | 40/47 [00:01<00:00, 22.16it/s, loss=0.259, v_num=]
Epoch 457:  85%|████████▌ | 40/47 [00:01<00:00, 22.16it/s, loss=0.262, v_num=]
Epoch 457: 100%|██████████| 47/47 [00:02<00:00, 21.55it/s, loss=0.266, v_num=]
Epoch 457:   0%|          | 0/47 [00:00<?, ?it/s, loss=0.266, v_num=]         
Epoch 458:   0%|          | 0/47 [00:00<?, ?it/s, loss=0.266, v_num=]
Epoch 458:  43%|████▎     | 20/47 [00:01<00:01, 19.48it/s, loss=0.259, v_num=]
Epoch 458:  85%|████████▌ | 40/47 [00:01<00:00, 22.59it/s, loss=0.259, v_num=]
Epoch 458:  85%|████████▌ | 40/47 [00:01<00:00, 22.58it/s, loss=0.259, v_num=]
Epoch 458: 100%|██████████| 47/47 [00:02<00:00, 21.99it/s, loss=0.258, v_num=]
Epoch 458:   0%|          | 0/47 [00:00<?, ?it/s, loss=0.258, v_num=]         
Epoch 459:   0%|          | 0/47 [00:00<?, ?it/s, loss=0.258, v_num=]
Epoch 459:  43%|████▎     | 20/47 [00:00<00:01, 20.07it/s, loss=0.263, v_num=]
Epoch 459:  85%|████████▌ | 40/47 [00:01<00:00, 23.30it/s, loss=0.263, v_num=]
Epoch 459:  85%|████████▌ | 40/47 [00:01<00:00, 23.29it/s, loss=0.262, v_num=]
Epoch 459: 100%|██████████| 47/47 [00:02<00:00, 22.53it/s, loss=0.256, v_num=]
Epoch 459:   0%|          | 0/47 [00:00<?, ?it/s, loss=0.256, v_num=]         
Epoch 460:   0%|          | 0/47 [00:00<?, ?it/s, loss=0.256, v_num=]
Epoch 460:  43%|████▎     | 20/47 [00:01<00:01, 19.81it/s, loss=0.262, v_num=]
Epoch 460:  85%|████████▌ | 40/47 [00:01<00:00, 20.66it/s, loss=0.262, v_num=]
Epoch 460:  85%|████████▌ | 40/47 [00:01<00:00, 20.65it/s, loss=0.26, v_num=] 
Epoch 460: 100%|██████████| 47/47 [00:02<00:00, 18.98it/s, loss=0.262, v_num=]Evaluating...
NMI : 0.6135980017686784, ARI: 0.36879184581568786, ACC: 0.33567, current K: 8
Epoch 460 | NMI: 0.6136, ARI: 0.3688, ACC: 0.3357, current K: 8
Confusion Matrix:
[[  5   3  44 241   6   0   0   1   0   0   0   0   0   0   0   0   0   0
    0   0]
 [  7   0   3   3   0   5 278   4   0   0   0   0   0   0   0   0   0   0
    0   0]
 [  0   0  24 274   2   0   0   0   0   0   0   0   0   0   0   0   0   0
    0   0]
 [  0   4   2   3   2   1  20 268   0   0   0   0   0   0   0   0   0   0
    0   0]
 [270   0   4   0   2   0  19   5   0   0   0   0   0   0   0   0   0   0
    0   0]
 [  0   4 105   0   0 191   0   0   0   0   0   0   0   0   0   0   0   0
    0   0]
 [  1   0   9   2 263   0   8  17   0   0   0   0   0   0   0   0   0   0
    0   0]
 [  0 199  97   0   0   3   0   1   0   0   0   0   0   0   0   0   0   0
    0   0]
 [  1   0  66 226   2   4   0   1   0   0   0   0   0   0   0   0   0   0
    0   0]
 [  0   1   2   0  19   2   4 272   0   0   0   0   0   0   0   0   0   0
    0   0]
 [  2   0  94 202   2   0   0   0   0   0   0   0   0   0   0   0   0   0
    0   0]
 [ 14   0   7   2   0   0 274   3   0   0   0   0   0   0   0   0   0   0
    0   0]
 [286   0   3   6   0   0   5   0   0   0   0   0   0   0   0   0   0   0
    0   0]
 [  0   0  18   3   0 257  17   5   0   0   0   0   0   0   0   0   0   0
    0   0]
 [  1   1  11   6 273   0   0   8   0   0   0   0   0   0   0   0   0   0
    0   0]
 [  3 269  22   1   0   0   1   4   0   0   0   0   0   0   0   0   0   0
    0   0]
 [274   0   7  12   0   0   7   0   0   0   0   0   0   0   0   0   0   0
    0   0]
 [  0   0  55   2   0 234   1   8   0   0   0   0   0   0   0   0   0   0
    0   0]
 [  1   0   3  17 264   0   0  15   0   0   0   0   0   0   0   0   0   0
    0   0]
 [  0 229  58   1   0   0  12   0   0   0   0   0   0   0   0   0   0   0
    0   0]]

Epoch 460:   0%|          | 0/47 [00:00<?, ?it/s, loss=0.262, v_num=]         
Epoch 461:   0%|          | 0/47 [00:00<?, ?it/s, loss=0.262, v_num=]/usr/local/lib/python3.13/dist-packages/torch/utils/data/dataloader.py:432: UserWarning: This DataLoader will create 6 worker processes in total. Our suggested max number of worker in current system is 2, which is smaller than what this DataLoader is going to create. Please be aware that excessive worker creation might get DataLoader running slow or even freeze, lower the worker number to avoid potential slowness/freeze if necessary.
  self.check_worker_number_rationality()

Epoch 461:  43%|████▎     | 20/47 [00:01<00:02, 13.03it/s, loss=0.26, v_num=]
Epoch 461:  85%|████████▌ | 40/47 [00:02<00:00, 17.27it/s, loss=0.26, v_num=]
Epoch 461:  85%|████████▌ | 40/47 [00:02<00:00, 17.26it/s, loss=0.263, v_num=]
Epoch 461: 100%|██████████| 47/47 [00:02<00:00, 17.46it/s, loss=0.266, v_num=]
Epoch 461:   0%|          | 0/47 [00:00<?, ?it/s, loss=0.266, v_num=]         
Epoch 462:   0%|          | 0/47 [00:00<?, ?it/s, loss=0.266, v_num=]
Epoch 462:  43%|████▎     | 20/47 [00:01<00:01, 19.76it/s, loss=0.26, v_num=]
Epoch 462:  85%|████████▌ | 40/47 [00:01<00:00, 22.95it/s, loss=0.26, v_num=]
Epoch 462:  85%|████████▌ | 40/47 [00:01<00:00, 22.94it/s, loss=0.261, v_num=]
Epoch 462: 100%|██████████| 47/47 [00:02<00:00, 22.24it/s, loss=0.26, v_num=] 
Epoch 462:   0%|          | 0/47 [00:00<?, ?it/s, loss=0.26, v_num=]         
Epoch 463:   0%|          | 0/47 [00:00<?, ?it/s, loss=0.26, v_num=]
Epoch 463:  43%|████▎     | 20/47 [00:01<00:01, 19.50it/s, loss=0.261, v_num=]
Epoch 463:  85%|████████▌ | 40/47 [00:01<00:00, 22.72it/s, loss=0.261, v_num=]
Epoch 463:  85%|████████▌ | 40/47 [00:01<00:00, 22.72it/s, loss=0.265, v_num=]
Epoch 463: 100%|██████████| 47/47 [00:02<00:00, 22.05it/s, loss=0.257, v_num=]
Epoch 463:   0%|          | 0/47 [00:00<?, ?it/s, loss=0.257, v_num=]         
Epoch 464:   0%|          | 0/47 [00:00<?, ?it/s, loss=0.257, v_num=]
Epoch 464:  43%|████▎     | 20/47 [00:01<00:01, 19.50it/s, loss=0.255, v_num=]
Epoch 464:  85%|████████▌ | 40/47 [00:01<00:00, 22.65it/s, loss=0.255, v_num=]
Epoch 464:  85%|████████▌ | 40/47 [00:01<00:00, 22.65it/s, loss=0.263, v_num=]
Epoch 464: 100%|██████████| 47/47 [00:02<00:00, 21.80it/s, loss=0.263, v_num=]
Epoch 464:   0%|          | 0/47 [00:00<?, ?it/s, loss=0.263, v_num=]         
Epoch 465:   0%|          | 0/47 [00:00<?, ?it/s, loss=0.263, v_num=]
Epoch 465:  43%|████▎     | 20/47 [00:01<00:01, 19.62it/s, loss=0.259, v_num=]
Epoch 465:  85%|████████▌ | 40/47 [00:01<00:00, 22.94it/s, loss=0.259, v_num=]
Epoch 465:  85%|████████▌ | 40/47 [00:01<00:00, 22.94it/s, loss=0.261, v_num=]
Epoch 465: 100%|██████████| 47/47 [00:02<00:00, 21.94it/s, loss=0.264, v_num=]Evaluating...
NMI : 0.6150880010137639, ARI: 0.36975678086907154, ACC: 0.336, current K: 8

Epoch 465:   0%|          | 0/47 [00:00<?, ?it/s, loss=0.264, v_num=]         
Epoch 466:   0%|          | 0/47 [00:00<?, ?it/s, loss=0.264, v_num=]/usr/local/lib/python3.13/dist-packages/torch/utils/data/dataloader.py:432: UserWarning: This DataLoader will create 6 worker processes in total. Our suggested max number of worker in current system is 2, which is smaller than what this DataLoader is going to create. Please be aware that excessive worker creation might get DataLoader running slow or even freeze, lower the worker number to avoid potential slowness/freeze if necessary.
  self.check_worker_number_rationality()

Epoch 466:  43%|████▎     | 20/47 [00:01<00:01, 15.15it/s, loss=0.258, v_num=]
Epoch 466:  85%|████████▌ | 40/47 [00:02<00:00, 17.56it/s, loss=0.258, v_num=]
Epoch 466:  85%|████████▌ | 40/47 [00:02<00:00, 17.56it/s, loss=0.263, v_num=]
Epoch 466: 100%|██████████| 47/47 [00:02<00:00, 16.83it/s, loss=0.261, v_num=]
Epoch 466:   0%|          | 0/47 [00:00<?, ?it/s, loss=0.261, v_num=]         
Epoch 467:   0%|          | 0/47 [00:00<?, ?it/s, loss=0.261, v_num=]
Epoch 467:  43%|████▎     | 20/47 [00:01<00:01, 17.00it/s, loss=0.265, v_num=]
Epoch 467:  85%|████████▌ | 40/47 [00:02<00:00, 19.68it/s, loss=0.265, v_num=]
Epoch 467:  85%|████████▌ | 40/47 [00:02<00:00, 19.67it/s, loss=0.259, v_num=]
Epoch 467: 100%|██████████| 47/47 [00:02<00:00, 19.38it/s, loss=0.26, v_num=] 
Epoch 467:   0%|          | 0/47 [00:00<?, ?it/s, loss=0.26, v_num=]         
Epoch 468:   0%|          | 0/47 [00:00<?, ?it/s, loss=0.26, v_num=]
Epoch 468:  43%|████▎     | 20/47 [00:01<00:01, 19.57it/s, loss=0.259, v_num=]
Epoch 468:  85%|████████▌ | 40/47 [00:01<00:00, 22.59it/s, loss=0.259, v_num=]
Epoch 468:  85%|████████▌ | 40/47 [00:01<00:00, 22.58it/s, loss=0.256, v_num=]
Epoch 468: 100%|██████████| 47/47 [00:02<00:00, 21.75it/s, loss=0.257, v_num=]
Epoch 468:   0%|          | 0/47 [00:00<?, ?it/s, loss=0.257, v_num=]         
Epoch 469:   0%|          | 0/47 [00:00<?, ?it/s, loss=0.257, v_num=]
Epoch 469:  43%|████▎     | 20/47 [00:01<00:01, 19.45it/s, loss=0.262, v_num=]
Epoch 469:  85%|████████▌ | 40/47 [00:01<00:00, 22.73it/s, loss=0.262, v_num=]
Epoch 469:  85%|████████▌ | 40/47 [00:01<00:00, 22.73it/s, loss=0.262, v_num=]
Epoch 469: 100%|██████████| 47/47 [00:02<00:00, 21.90it/s, loss=0.258, v_num=]
Epoch 469:   0%|          | 0/47 [00:00<?, ?it/s, loss=0.258, v_num=]         
Epoch 470:   0%|          | 0/47 [00:00<?, ?it/s, loss=0.258, v_num=]
Epoch 470:  43%|████▎     | 20/47 [00:01<00:01, 18.79it/s, loss=0.259, v_num=]
Epoch 470:  85%|████████▌ | 40/47 [00:01<00:00, 22.18it/s, loss=0.259, v_num=]
Epoch 470:  85%|████████▌ | 40/47 [00:01<00:00, 22.18it/s, loss=0.262, v_num=]
Epoch 470: 100%|██████████| 47/47 [00:02<00:00, 21.66it/s, loss=0.261, v_num=]Evaluating...
NMI : 0.6143434175461079, ARI: 0.3693020800592688, ACC: 0.336, current K: 8
Epoch 470 | NMI: 0.6143, ARI: 0.3693, ACC: 0.3360, current K: 8
Confusion Matrix:
[[  5   4  42 242   6   0   0   1   0   0   0   0   0   0   0   0   0   0
    0   0]
 [  6   0   4   3   0   5 278   4   0   0   0   0   0   0   0   0   0   0
    0   0]
 [  0   0  24 273   3   0   0   0   0   0   0   0   0   0   0   0   0   0
    0   0]
 [  0   4   2   3   2   1  20 268   0   0   0   0   0   0   0   0   0   0
    0   0]
 [270   0   4   0   2   0  19   5   0   0   0   0   0   0   0   0   0   0
    0   0]
 [  0   4 104   0   0 192   0   0   0   0   0   0   0   0   0   0   0   0
    0   0]
 [  1   0   8   2 264   0   8  17   0   0   0   0   0   0   0   0   0   0
    0   0]
 [  0 198  98   0   0   3   0   1   0   0   0   0   0   0   0   0   0   0
    0   0]
 [  1   0  67 225   3   3   0   1   0   0   0   0   0   0   0   0   0   0
    0   0]
 [  0   1   2   0  19   2   4 272   0   0   0   0   0   0   0   0   0   0
    0   0]
 [  1   0  94 203   2   0   0   0   0   0   0   0   0   0   0   0   0   0
    0   0]
 [ 13   0   7   2   0   0 275   3   0   0   0   0   0   0   0   0   0   0
    0   0]
 [286   0   3   6   0   0   5   0   0   0   0   0   0   0   0   0   0   0
    0   0]
 [  0   0  18   3   0 259  15   5   0   0   0   0   0   0   0   0   0   0
    0   0]
 [  1   1  10   6 274   0   0   8   0   0   0   0   0   0   0   0   0   0
    0   0]
 [  3 270  21   1   0   0   1   4   0   0   0   0   0   0   0   0   0   0
    0   0]
 [274   0   7  12   0   0   7   0   0   0   0   0   0   0   0   0   0   0
    0   0]
 [  0   0  59   2   0 231   1   7   0   0   0   0   0   0   0   0   0   0
    0   0]
 [  1   0   3  17 264   0   0  15   0   0   0   0   0   0   0   0   0   0
    0   0]
 [  0 228  59   1   0   0  12   0   0   0   0   0   0   0   0   0   0   0
    0   0]]

Epoch 470:   0%|          | 0/47 [00:00<?, ?it/s, loss=0.261, v_num=]         
Epoch 471:   0%|          | 0/47 [00:00<?, ?it/s, loss=0.261, v_num=]/usr/local/lib/python3.13/dist-packages/torch/utils/data/dataloader.py:432: UserWarning: This DataLoader will create 6 worker processes in total. Our suggested max number of worker in current system is 2, which is smaller than what this DataLoader is going to create. Please be aware that excessive worker creation might get DataLoader running slow or even freeze, lower the worker number to avoid potential slowness/freeze if necessary.
  self.check_worker_number_rationality()

Epoch 471:  43%|████▎     | 20/47 [00:01<00:01, 19.89it/s, loss=0.257, v_num=]
Epoch 471:  85%|████████▌ | 40/47 [00:01<00:00, 22.00it/s, loss=0.257, v_num=]
Epoch 471:  85%|████████▌ | 40/47 [00:01<00:00, 21.99it/s, loss=0.259, v_num=]
Epoch 471: 100%|██████████| 47/47 [00:02<00:00, 20.10it/s, loss=0.258, v_num=]
Epoch 471:   0%|          | 0/47 [00:00<?, ?it/s, loss=0.258, v_num=]         
Epoch 472:   0%|          | 0/47 [00:00<?, ?it/s, loss=0.258, v_num=]
Epoch 472:  43%|████▎     | 20/47 [00:01<00:01, 14.61it/s, loss=0.26, v_num=]
Epoch 472:  85%|████████▌ | 40/47 [00:02<00:00, 16.98it/s, loss=0.26, v_num=]
Epoch 472:  85%|████████▌ | 40/47 [00:02<00:00, 16.98it/s, loss=0.256, v_num=]
Epoch 472: 100%|██████████| 47/47 [00:02<00:00, 17.21it/s, loss=0.258, v_num=]
Epoch 472:   0%|          | 0/47 [00:00<?, ?it/s, loss=0.258, v_num=]         
Epoch 473:   0%|          | 0/47 [00:00<?, ?it/s, loss=0.258, v_num=]
Epoch 473:  43%|████▎     | 20/47 [00:00<00:01, 20.10it/s, loss=0.261, v_num=]
Epoch 473:  85%|████████▌ | 40/47 [00:01<00:00, 23.10it/s, loss=0.261, v_num=]
Epoch 473:  85%|████████▌ | 40/47 [00:01<00:00, 23.10it/s, loss=0.261, v_num=]
Epoch 473: 100%|██████████| 47/47 [00:02<00:00, 22.27it/s, loss=0.261, v_num=]
Epoch 473:   0%|          | 0/47 [00:00<?, ?it/s, loss=0.261, v_num=]         
Epoch 474:   0%|          | 0/47 [00:00<?, ?it/s, loss=0.261, v_num=]
Epoch 474:  43%|████▎     | 20/47 [00:01<00:01, 19.69it/s, loss=0.261, v_num=]
Epoch 474:  85%|████████▌ | 40/47 [00:01<00:00, 22.28it/s, loss=0.261, v_num=]
Epoch 474:  85%|████████▌ | 40/47 [00:01<00:00, 22.28it/s, loss=0.262, v_num=]
Epoch 474: 100%|██████████| 47/47 [00:02<00:00, 21.58it/s, loss=0.254, v_num=]
Epoch 474:   0%|          | 0/47 [00:00<?, ?it/s, loss=0.254, v_num=]         
Epoch 475:   0%|          | 0/47 [00:00<?, ?it/s, loss=0.254, v_num=]
Epoch 475:  43%|████▎     | 20/47 [00:01<00:01, 19.70it/s, loss=0.264, v_num=]
Epoch 475:  85%|████████▌ | 40/47 [00:01<00:00, 22.85it/s, loss=0.264, v_num=]
Epoch 475:  85%|████████▌ | 40/47 [00:01<00:00, 22.85it/s, loss=0.257, v_num=]
Epoch 475: 100%|██████████| 47/47 [00:02<00:00, 22.13it/s, loss=0.259, v_num=]Evaluating...
NMI : 0.6144865182797441, ARI: 0.3690992965684575, ACC: 0.33617, current K: 8

Epoch 475:   0%|          | 0/47 [00:00<?, ?it/s, loss=0.259, v_num=]         
Epoch 476:   0%|          | 0/47 [00:00<?, ?it/s, loss=0.259, v_num=]/usr/local/lib/python3.13/dist-packages/torch/utils/data/dataloader.py:432: UserWarning: This DataLoader will create 6 worker processes in total. Our suggested max number of worker in current system is 2, which is smaller than what this DataLoader is going to create. Please be aware that excessive worker creation might get DataLoader running slow or even freeze, lower the worker number to avoid potential slowness/freeze if necessary.
  self.check_worker_number_rationality()

Epoch 476:  43%|████▎     | 20/47 [00:01<00:01, 19.85it/s, loss=0.261, v_num=]
Epoch 476:  85%|████████▌ | 40/47 [00:01<00:00, 23.04it/s, loss=0.261, v_num=]
Epoch 476:  85%|████████▌ | 40/47 [00:01<00:00, 23.03it/s, loss=0.257, v_num=]
Epoch 476: 100%|██████████| 47/47 [00:02<00:00, 22.30it/s, loss=0.255, v_num=]
Epoch 476:   0%|          | 0/47 [00:00<?, ?it/s, loss=0.255, v_num=]         
Epoch 477:   0%|          | 0/47 [00:00<?, ?it/s, loss=0.255, v_num=]
Epoch 477:  43%|████▎     | 20/47 [00:01<00:01, 17.88it/s, loss=0.26, v_num=]
Epoch 477:  85%|████████▌ | 40/47 [00:02<00:00, 19.62it/s, loss=0.26, v_num=]
Epoch 477:  85%|████████▌ | 40/47 [00:02<00:00, 19.61it/s, loss=0.259, v_num=]
Epoch 477: 100%|██████████| 47/47 [00:02<00:00, 18.15it/s, loss=0.263, v_num=]
Epoch 477:   0%|          | 0/47 [00:00<?, ?it/s, loss=0.263, v_num=]         
Epoch 478:   0%|          | 0/47 [00:00<?, ?it/s, loss=0.263, v_num=]
Epoch 478:  43%|████▎     | 20/47 [00:01<00:01, 14.36it/s, loss=0.259, v_num=]
Epoch 478:  85%|████████▌ | 40/47 [00:02<00:00, 18.47it/s, loss=0.259, v_num=]
Epoch 478:  85%|████████▌ | 40/47 [00:02<00:00, 18.47it/s, loss=0.257, v_num=]
Epoch 478: 100%|██████████| 47/47 [00:02<00:00, 18.44it/s, loss=0.261, v_num=]
Epoch 478:   0%|          | 0/47 [00:00<?, ?it/s, loss=0.261, v_num=]         
Epoch 479:   0%|          | 0/47 [00:00<?, ?it/s, loss=0.261, v_num=]
Epoch 479:  43%|████▎     | 20/47 [00:01<00:01, 19.29it/s, loss=0.261, v_num=]
Epoch 479:  85%|████████▌ | 40/47 [00:01<00:00, 22.50it/s, loss=0.261, v_num=]
Epoch 479:  85%|████████▌ | 40/47 [00:01<00:00, 22.50it/s, loss=0.262, v_num=]
Epoch 479: 100%|██████████| 47/47 [00:02<00:00, 21.85it/s, loss=0.259, v_num=]
Epoch 479:   0%|          | 0/47 [00:00<?, ?it/s, loss=0.259, v_num=]         
Epoch 480:   0%|          | 0/47 [00:00<?, ?it/s, loss=0.259, v_num=]
Epoch 480:  43%|████▎     | 20/47 [00:01<00:01, 19.66it/s, loss=0.259, v_num=]
Epoch 480:  85%|████████▌ | 40/47 [00:01<00:00, 22.91it/s, loss=0.259, v_num=]
Epoch 480:  85%|████████▌ | 40/47 [00:01<00:00, 22.91it/s, loss=0.258, v_num=]
Epoch 480: 100%|██████████| 47/47 [00:02<00:00, 22.18it/s, loss=0.257, v_num=]Evaluating...
NMI : 0.6142049311551251, ARI: 0.3689529573889416, ACC: 0.33633, current K: 8
Epoch 480 | NMI: 0.6142, ARI: 0.3690, ACC: 0.3363, current K: 8
Confusion Matrix:
[[  5   4  40 244   6   0   0   1   0   0   0   0   0   0   0   0   0   0
    0   0]
 [  6   0   4   3   0   5 278   4   0   0   0   0   0   0   0   0   0   0
    0   0]
 [  0   0  24 273   3   0   0   0   0   0   0   0   0   0   0   0   0   0
    0   0]
 [  0   4   2   3   2   1  20 268   0   0   0   0   0   0   0   0   0   0
    0   0]
 [269   0   4   0   3   0  19   5   0   0   0   0   0   0   0   0   0   0
    0   0]
 [  0   4 106   0   0 190   0   0   0   0   0   0   0   0   0   0   0   0
    0   0]
 [  1   0   8   2 264   0   8  17   0   0   0   0   0   0   0   0   0   0
    0   0]
 [  0 197  99   0   0   3   0   1   0   0   0   0   0   0   0   0   0   0
    0   0]
 [  1   0  67 226   2   3   0   1   0   0   0   0   0   0   0   0   0   0
    0   0]
 [  0   1   2   0  19   1   4 273   0   0   0   0   0   0   0   0   0   0
    0   0]
 [  1   0  94 203   2   0   0   0   0   0   0   0   0   0   0   0   0   0
    0   0]
 [ 13   0   7   2   0   0 275   3   0   0   0   0   0   0   0   0   0   0
    0   0]
 [286   0   3   6   0   0   5   0   0   0   0   0   0   0   0   0   0   0
    0   0]
 [  0   0  18   3   0 259  15   5   0   0   0   0   0   0   0   0   0   0
    0   0]
 [  1   1  10   6 274   0   0   8   0   0   0   0   0   0   0   0   0   0
    0   0]
 [  3 269  22   1   0   0   1   4   0   0   0   0   0   0   0   0   0   0
    0   0]
 [274   0   7  12   0   0   7   0   0   0   0   0   0   0   0   0   0   0
    0   0]
 [  0   0  60   2   0 229   1   8   0   0   0   0   0   0   0   0   0   0
    0   0]
 [  1   0   3  17 264   0   0  15   0   0   0   0   0   0   0   0   0   0
    0   0]
 [  0 227  60   1   0   0  12   0   0   0   0   0   0   0   0   0   0   0
    0   0]]

Epoch 480:   0%|          | 0/47 [00:00<?, ?it/s, loss=0.257, v_num=]         
Epoch 481:   0%|          | 0/47 [00:00<?, ?it/s, loss=0.257, v_num=]/usr/local/lib/python3.13/dist-packages/torch/utils/data/dataloader.py:432: UserWarning: This DataLoader will create 6 worker processes in total. Our suggested max number of worker in current system is 2, which is smaller than what this DataLoader is going to create. Please be aware that excessive worker creation might get DataLoader running slow or even freeze, lower the worker number to avoid potential slowness/freeze if necessary.
  self.check_worker_number_rationality()

Epoch 481:  43%|████▎     | 20/47 [00:01<00:01, 18.99it/s, loss=0.255, v_num=]
Epoch 481:  85%|████████▌ | 40/47 [00:01<00:00, 22.19it/s, loss=0.255, v_num=]
Epoch 481:  85%|████████▌ | 40/47 [00:01<00:00, 22.18it/s, loss=0.26, v_num=] 
Epoch 481: 100%|██████████| 47/47 [00:02<00:00, 21.42it/s, loss=0.259, v_num=]
Epoch 481:   0%|          | 0/47 [00:00<?, ?it/s, loss=0.259, v_num=]         
Epoch 482:   0%|          | 0/47 [00:00<?, ?it/s, loss=0.259, v_num=]
Epoch 482:  43%|████▎     | 20/47 [00:01<00:01, 17.57it/s, loss=0.256, v_num=]
Epoch 482:  85%|████████▌ | 40/47 [00:01<00:00, 21.53it/s, loss=0.256, v_num=]
Epoch 482:  85%|████████▌ | 40/47 [00:01<00:00, 21.53it/s, loss=0.262, v_num=]
Epoch 482: 100%|██████████| 47/47 [00:02<00:00, 19.43it/s, loss=0.266, v_num=]
Epoch 482:   0%|          | 0/47 [00:00<?, ?it/s, loss=0.266, v_num=]         
Epoch 483:   0%|          | 0/47 [00:00<?, ?it/s, loss=0.266, v_num=]
Epoch 483:  43%|████▎     | 20/47 [00:01<00:01, 13.87it/s, loss=0.257, v_num=]
Epoch 483:  85%|████████▌ | 40/47 [00:02<00:00, 16.18it/s, loss=0.257, v_num=]
Epoch 483:  85%|████████▌ | 40/47 [00:02<00:00, 16.18it/s, loss=0.255, v_num=]
Epoch 483: 100%|██████████| 47/47 [00:02<00:00, 16.30it/s, loss=0.258, v_num=]
Epoch 483:   0%|          | 0/47 [00:00<?, ?it/s, loss=0.258, v_num=]         
Epoch 484:   0%|          | 0/47 [00:00<?, ?it/s, loss=0.258, v_num=]
Epoch 484:  43%|████▎     | 20/47 [00:01<00:01, 19.13it/s, loss=0.262, v_num=]
Epoch 484:  85%|████████▌ | 40/47 [00:01<00:00, 22.46it/s, loss=0.262, v_num=]
Epoch 484:  85%|████████▌ | 40/47 [00:01<00:00, 22.46it/s, loss=0.261, v_num=]
Epoch 484: 100%|██████████| 47/47 [00:02<00:00, 21.62it/s, loss=0.257, v_num=]
Epoch 484:   0%|          | 0/47 [00:00<?, ?it/s, loss=0.257, v_num=]         
Epoch 485:   0%|          | 0/47 [00:00<?, ?it/s, loss=0.257, v_num=]
Epoch 485:  43%|████▎     | 20/47 [00:01<00:01, 18.91it/s, loss=0.259, v_num=]
Epoch 485:  85%|████████▌ | 40/47 [00:01<00:00, 22.39it/s, loss=0.259, v_num=]
Epoch 485:  85%|████████▌ | 40/47 [00:01<00:00, 22.38it/s, loss=0.254, v_num=]
Epoch 485: 100%|██████████| 47/47 [00:02<00:00, 21.62it/s, loss=0.264, v_num=]Evaluating...
NMI : 0.614851347629141, ARI: 0.3692258093450012, ACC: 0.33633, current K: 8

Epoch 485:   0%|          | 0/47 [00:00<?, ?it/s, loss=0.264, v_num=]         
Epoch 486:   0%|          | 0/47 [00:00<?, ?it/s, loss=0.264, v_num=]/usr/local/lib/python3.13/dist-packages/torch/utils/data/dataloader.py:432: UserWarning: This DataLoader will create 6 worker processes in total. Our suggested max number of worker in current system is 2, which is smaller than what this DataLoader is going to create. Please be aware that excessive worker creation might get DataLoader running slow or even freeze, lower the worker number to avoid potential slowness/freeze if necessary.
  self.check_worker_number_rationality()

Epoch 486:  43%|████▎     | 20/47 [00:01<00:01, 19.61it/s, loss=0.259, v_num=]
Epoch 486:  85%|████████▌ | 40/47 [00:01<00:00, 22.83it/s, loss=0.259, v_num=]
Epoch 486:  85%|████████▌ | 40/47 [00:01<00:00, 22.82it/s, loss=0.256, v_num=]
Epoch 486: 100%|██████████| 47/47 [00:02<00:00, 22.16it/s, loss=0.263, v_num=]
Epoch 486:   0%|          | 0/47 [00:00<?, ?it/s, loss=0.263, v_num=]         
Epoch 487:   0%|          | 0/47 [00:00<?, ?it/s, loss=0.263, v_num=]
Epoch 487:  43%|████▎     | 20/47 [00:01<00:01, 19.96it/s, loss=0.262, v_num=]
Epoch 487:  85%|████████▌ | 40/47 [00:01<00:00, 22.44it/s, loss=0.262, v_num=]
Epoch 487:  85%|████████▌ | 40/47 [00:01<00:00, 22.44it/s, loss=0.257, v_num=]
Epoch 487: 100%|██████████| 47/47 [00:02<00:00, 21.62it/s, loss=0.261, v_num=]
Epoch 487:   0%|          | 0/47 [00:00<?, ?it/s, loss=0.261, v_num=]         
Epoch 488:   0%|          | 0/47 [00:00<?, ?it/s, loss=0.261, v_num=]
Epoch 488:  43%|████▎     | 20/47 [00:01<00:01, 18.57it/s, loss=0.262, v_num=]
Epoch 488:  85%|████████▌ | 40/47 [00:01<00:00, 20.02it/s, loss=0.262, v_num=]
Epoch 488:  85%|████████▌ | 40/47 [00:01<00:00, 20.02it/s, loss=0.255, v_num=]
Epoch 488: 100%|██████████| 47/47 [00:02<00:00, 18.55it/s, loss=0.261, v_num=]
Epoch 488:   0%|          | 0/47 [00:00<?, ?it/s, loss=0.261, v_num=]         
Epoch 489:   0%|          | 0/47 [00:00<?, ?it/s, loss=0.261, v_num=]
Epoch 489:  43%|████▎     | 20/47 [00:01<00:01, 14.22it/s, loss=0.26, v_num=]
Epoch 489:  85%|████████▌ | 40/47 [00:02<00:00, 18.72it/s, loss=0.26, v_num=]
Epoch 489:  85%|████████▌ | 40/47 [00:02<00:00, 18.72it/s, loss=0.255, v_num=]
Epoch 489: 100%|██████████| 47/47 [00:02<00:00, 18.71it/s, loss=0.26, v_num=] 
Epoch 489:   0%|          | 0/47 [00:00<?, ?it/s, loss=0.26, v_num=]         
Epoch 490:   0%|          | 0/47 [00:00<?, ?it/s, loss=0.26, v_num=]
Epoch 490:  43%|████▎     | 20/47 [00:01<00:01, 19.75it/s, loss=0.256, v_num=]
Epoch 490:  85%|████████▌ | 40/47 [00:01<00:00, 22.67it/s, loss=0.256, v_num=]
Epoch 490:  85%|████████▌ | 40/47 [00:01<00:00, 22.67it/s, loss=0.259, v_num=]
Epoch 490: 100%|██████████| 47/47 [00:02<00:00, 21.97it/s, loss=0.264, v_num=]Evaluating...
NMI : 0.6151834977942494, ARI: 0.3697752120172939, ACC: 0.33633, current K: 8
Epoch 490 | NMI: 0.6152, ARI: 0.3698, ACC: 0.3363, current K: 8
Confusion Matrix:
[[  5   4  38 246   6   0   0   1   0   0   0   0   0   0   0   0   0   0
    0   0]
 [  6   0   6   1   0   5 278   4   0   0   0   0   0   0   0   0   0   0
    0   0]
 [  0   0  24 273   3   0   0   0   0   0   0   0   0   0   0   0   0   0
    0   0]
 [  0   4   2   3   2   1  20 268   0   0   0   0   0   0   0   0   0   0
    0   0]
 [270   0   4   0   2   0  19   5   0   0   0   0   0   0   0   0   0   0
    0   0]
 [  0   5 106   0   0 189   0   0   0   0   0   0   0   0   0   0   0   0
    0   0]
 [  1   0   8   2 265   0   8  16   0   0   0   0   0   0   0   0   0   0
    0   0]
 [  0 197  99   0   0   3   0   1   0   0   0   0   0   0   0   0   0   0
    0   0]
 [  1   0  67 226   2   3   0   1   0   0   0   0   0   0   0   0   0   0
    0   0]
 [  0   1   2   0  19   1   4 273   0   0   0   0   0   0   0   0   0   0
    0   0]
 [  1   0  93 204   2   0   0   0   0   0   0   0   0   0   0   0   0   0
    0   0]
 [ 13   0   7   2   0   0 275   3   0   0   0   0   0   0   0   0   0   0
    0   0]
 [286   0   3   6   0   0   5   0   0   0   0   0   0   0   0   0   0   0
    0   0]
 [  0   0  18   3   0 259  15   5   0   0   0   0   0   0   0   0   0   0
    0   0]
 [  1   1  11   6 273   0   0   8   0   0   0   0   0   0   0   0   0   0
    0   0]
 [  3 270  21   1   0   0   1   4   0   0   0   0   0   0   0   0   0   0
    0   0]
 [275   0   7  11   0   0   7   0   0   0   0   0   0   0   0   0   0   0
    0   0]
 [  0   0  61   2   0 228   1   8   0   0   0   0   0   0   0   0   0   0
    0   0]
 [  1   0   3  17 265   0   0  14   0   0   0   0   0   0   0   0   0   0
    0   0]
 [  0 228  59   1   0   0  12   0   0   0   0   0   0   0   0   0   0   0
    0   0]]

Epoch 490:   0%|          | 0/47 [00:00<?, ?it/s, loss=0.264, v_num=]         
Epoch 491:   0%|          | 0/47 [00:00<?, ?it/s, loss=0.264, v_num=]/usr/local/lib/python3.13/dist-packages/torch/utils/data/dataloader.py:432: UserWarning: This DataLoader will create 6 worker processes in total. Our suggested max number of worker in current system is 2, which is smaller than what this DataLoader is going to create. Please be aware that excessive worker creation might get DataLoader running slow or even freeze, lower the worker number to avoid potential slowness/freeze if necessary.
  self.check_worker_number_rationality()

Epoch 491:  43%|████▎     | 20/47 [00:01<00:01, 19.30it/s, loss=0.26, v_num=]
Epoch 491:  85%|████████▌ | 40/47 [00:01<00:00, 22.40it/s, loss=0.26, v_num=]
Epoch 491:  85%|████████▌ | 40/47 [00:01<00:00, 22.40it/s, loss=0.254, v_num=]
Epoch 491: 100%|██████████| 47/47 [00:02<00:00, 21.50it/s, loss=0.256, v_num=]
Epoch 491:   0%|          | 0/47 [00:00<?, ?it/s, loss=0.256, v_num=]         
Epoch 492:   0%|          | 0/47 [00:00<?, ?it/s, loss=0.256, v_num=]
Epoch 492:  43%|████▎     | 20/47 [00:01<00:01, 19.37it/s, loss=0.258, v_num=]
Epoch 492:  85%|████████▌ | 40/47 [00:01<00:00, 22.56it/s, loss=0.258, v_num=]
Epoch 492:  85%|████████▌ | 40/47 [00:01<00:00, 22.55it/s, loss=0.254, v_num=]
Epoch 492: 100%|██████████| 47/47 [00:02<00:00, 21.83it/s, loss=0.258, v_num=]
Epoch 492:   0%|          | 0/47 [00:00<?, ?it/s, loss=0.258, v_num=]         
Epoch 493:   0%|          | 0/47 [00:00<?, ?it/s, loss=0.258, v_num=]
Epoch 493:  43%|████▎     | 20/47 [00:01<00:01, 19.71it/s, loss=0.264, v_num=]
Epoch 493:  85%|████████▌ | 40/47 [00:01<00:00, 22.88it/s, loss=0.264, v_num=]
Epoch 493:  85%|████████▌ | 40/47 [00:01<00:00, 22.88it/s, loss=0.257, v_num=]
Epoch 493: 100%|██████████| 47/47 [00:02<00:00, 21.88it/s, loss=0.259, v_num=]
Epoch 493:   0%|          | 0/47 [00:00<?, ?it/s, loss=0.259, v_num=]         
Epoch 494:   0%|          | 0/47 [00:00<?, ?it/s, loss=0.259, v_num=]
Epoch 494:  43%|████▎     | 20/47 [00:01<00:01, 14.55it/s, loss=0.258, v_num=]
Epoch 494:  85%|████████▌ | 40/47 [00:02<00:00, 17.16it/s, loss=0.258, v_num=]
Epoch 494:  85%|████████▌ | 40/47 [00:02<00:00, 17.15it/s, loss=0.261, v_num=]
Epoch 494: 100%|██████████| 47/47 [00:02<00:00, 16.39it/s, loss=0.262, v_num=]
Epoch 494:   0%|          | 0/47 [00:00<?, ?it/s, loss=0.262, v_num=]         
Epoch 495:   0%|          | 0/47 [00:00<?, ?it/s, loss=0.262, v_num=]
Epoch 495:  43%|████▎     | 20/47 [00:01<00:01, 19.32it/s, loss=0.26, v_num=]
Epoch 495:  85%|████████▌ | 40/47 [00:01<00:00, 22.59it/s, loss=0.26, v_num=]
Epoch 495:  85%|████████▌ | 40/47 [00:01<00:00, 22.58it/s, loss=0.259, v_num=]
Epoch 495: 100%|██████████| 47/47 [00:02<00:00, 21.87it/s, loss=0.258, v_num=]Evaluating...
NMI : 0.6146218107816936, ARI: 0.3695045675867387, ACC: 0.336, current K: 8

Epoch 495:   0%|          | 0/47 [00:00<?, ?it/s, loss=0.258, v_num=]         
Epoch 496:   0%|          | 0/47 [00:00<?, ?it/s, loss=0.258, v_num=]/usr/local/lib/python3.13/dist-packages/torch/utils/data/dataloader.py:432: UserWarning: This DataLoader will create 6 worker processes in total. Our suggested max number of worker in current system is 2, which is smaller than what this DataLoader is going to create. Please be aware that excessive worker creation might get DataLoader running slow or even freeze, lower the worker number to avoid potential slowness/freeze if necessary.
  self.check_worker_number_rationality()

Epoch 496:  43%|████▎     | 20/47 [00:01<00:01, 19.05it/s, loss=0.26, v_num=]
Epoch 496:  85%|████████▌ | 40/47 [00:01<00:00, 22.30it/s, loss=0.26, v_num=]
Epoch 496:  85%|████████▌ | 40/47 [00:01<00:00, 22.29it/s, loss=0.258, v_num=]
Epoch 496: 100%|██████████| 47/47 [00:02<00:00, 21.73it/s, loss=0.258, v_num=]
Epoch 496:   0%|          | 0/47 [00:00<?, ?it/s, loss=0.258, v_num=]         
Epoch 497:   0%|          | 0/47 [00:00<?, ?it/s, loss=0.258, v_num=]
Epoch 497:  43%|████▎     | 20/47 [00:01<00:01, 19.46it/s, loss=0.257, v_num=]
Epoch 497:  85%|████████▌ | 40/47 [00:01<00:00, 22.70it/s, loss=0.257, v_num=]
Epoch 497:  85%|████████▌ | 40/47 [00:01<00:00, 22.69it/s, loss=0.258, v_num=]
Epoch 497: 100%|██████████| 47/47 [00:02<00:00, 22.02it/s, loss=0.259, v_num=]
Epoch 497:   0%|          | 0/47 [00:00<?, ?it/s, loss=0.259, v_num=]         
Epoch 498:   0%|          | 0/47 [00:00<?, ?it/s, loss=0.259, v_num=]
Epoch 498:  43%|████▎     | 20/47 [00:01<00:01, 19.91it/s, loss=0.26, v_num=]
Epoch 498:  85%|████████▌ | 40/47 [00:01<00:00, 22.94it/s, loss=0.26, v_num=]
Epoch 498:  85%|████████▌ | 40/47 [00:01<00:00, 22.94it/s, loss=0.254, v_num=]
Epoch 498: 100%|██████████| 47/47 [00:02<00:00, 22.20it/s, loss=0.256, v_num=]
Epoch 498:   0%|          | 0/47 [00:00<?, ?it/s, loss=0.256, v_num=]         
Epoch 499:   0%|          | 0/47 [00:00<?, ?it/s, loss=0.256, v_num=]
Epoch 499:  43%|████▎     | 20/47 [00:01<00:01, 19.54it/s, loss=0.263, v_num=]
Epoch 499:  85%|████████▌ | 40/47 [00:01<00:00, 20.57it/s, loss=0.263, v_num=]
Epoch 499:  85%|████████▌ | 40/47 [00:01<00:00, 20.57it/s, loss=0.259, v_num=]
Epoch 499: 100%|██████████| 47/47 [00:02<00:00, 19.14it/s, loss=0.256, v_num=]
Epoch 499: 100%|██████████| 47/47 [00:02<00:00, 18.84it/s, loss=0.256, v_num=]
Finished training!
Training history plot saved to: logs/mnist24579_full_info_split_merge_40_s45_baseline/training_history.png
Metrics history plot saved to: logs/mnist24579_full_info_split_merge_40_s45_baseline/metrics_history.png
Confusion matrix plot saved to: logs/mnist24579_full_info_split_merge_40_s45_baseline/confusion_matrix.png
NMI: 0.61582, ARI: 0.37023, acc: 0.336, final K: 8
