/usr/local/lib/python3.13/dist-packages/torch/utils/data/dataloader.py:424: UserWarning: This DataLoader will create 6 worker processes in total. Our suggested max number of worker in current system is 2, which is smaller than what this DataLoader is going to create. Please be aware that excessive worker creation might get DataLoader running slow or even freeze, lower the worker number to avoid potential slowness/freeze if necessary.
  self.check_worker_number_rationality()
Global seed set to 46
Global seed set to 46
GPU available: True, used: True
TPU available: False, using: 0 TPU cores
/usr/local/lib/python3.13/dist-packages/pytorch_lightning/utilities/distributed.py:68: UserWarning: you defined a validation_step but have no val_dataloader. Skipping validation loop
  warnings.warn(*args, **kwargs)
LOCAL_RANK: 0 - CUDA_VISIBLE_DEVICES: [0]

  | Name              | Type              | Params
--------------------------------------------------------
0 | cluster_net       | MLP_Classifier    | 601   
1 | subclustering_net | Subclustering_net | 652   
--------------------------------------------------------
1.3 K     Trainable params
0         Non-trainable params
1.3 K     Total params
0.005     Total estimated model params size (MB)
Test data not found! running only with train data
Sequential()

Training: 0it [00:00, ?it/s]
Training:   0%|          | 0/32 [00:00<?, ?it/s]
Epoch 0:   0%|          | 0/32 [00:00<?, ?it/s] /usr/local/lib/python3.13/dist-packages/torch/utils/data/dataloader.py:432: UserWarning: This DataLoader will create 6 worker processes in total. Our suggested max number of worker in current system is 2, which is smaller than what this DataLoader is going to create. Please be aware that excessive worker creation might get DataLoader running slow or even freeze, lower the worker number to avoid potential slowness/freeze if necessary.
  self.check_worker_number_rationality()
/usr/local/lib/python3.13/dist-packages/pytorch_lightning/utilities/distributed.py:68: UserWarning: training_step returned None if it was on purpose, ignore this warning...
  warnings.warn(*args, **kwargs)

Epoch 0:  62%|██████▎   | 20/32 [00:00<00:00, 62.64it/s]
Epoch 0:  62%|██████▎   | 20/32 [00:00<00:00, 62.48it/s, loss=nan, v_num=]
Epoch 0: 100%|██████████| 32/32 [00:00<00:00, 72.77it/s, loss=nan, v_num=]Initializing clusters params using Kmeans...

Epoch 0:   0%|          | 0/32 [00:00<?, ?it/s, loss=nan, v_num=]         
Epoch 1:   0%|          | 0/32 [00:00<?, ?it/s, loss=nan, v_num=]/usr/local/lib/python3.13/dist-packages/torch/utils/data/dataloader.py:432: UserWarning: This DataLoader will create 6 worker processes in total. Our suggested max number of worker in current system is 2, which is smaller than what this DataLoader is going to create. Please be aware that excessive worker creation might get DataLoader running slow or even freeze, lower the worker number to avoid potential slowness/freeze if necessary.
  self.check_worker_number_rationality()

Epoch 1:  62%|██████▎   | 20/32 [00:01<00:00, 14.30it/s, loss=nan, v_num=]
Epoch 1:  62%|██████▎   | 20/32 [00:01<00:00, 14.29it/s, loss=0, v_num=]  
Epoch 1: 100%|██████████| 32/32 [00:01<00:00, 18.83it/s, loss=0, v_num=]
Epoch 1:   0%|          | 0/32 [00:00<?, ?it/s, loss=0, v_num=]         
Epoch 2:   0%|          | 0/32 [00:00<?, ?it/s, loss=0, v_num=]
Epoch 2:  62%|██████▎   | 20/32 [00:00<00:00, 28.67it/s, loss=0, v_num=]
Epoch 2:  62%|██████▎   | 20/32 [00:00<00:00, 28.63it/s, loss=0, v_num=]
Epoch 2: 100%|██████████| 32/32 [00:01<00:00, 30.14it/s, loss=0, v_num=]
Epoch 2:   0%|          | 0/32 [00:00<?, ?it/s, loss=0, v_num=]         
Epoch 3:   0%|          | 0/32 [00:00<?, ?it/s, loss=0, v_num=]
Epoch 3:  62%|██████▎   | 20/32 [00:00<00:00, 42.55it/s, loss=0, v_num=]
Epoch 3:  62%|██████▎   | 20/32 [00:00<00:00, 42.48it/s, loss=0, v_num=]
Epoch 3: 100%|██████████| 32/32 [00:00<00:00, 44.15it/s, loss=0, v_num=]
Epoch 3:   0%|          | 0/32 [00:00<?, ?it/s, loss=0, v_num=]         
Epoch 4:   0%|          | 0/32 [00:00<?, ?it/s, loss=0, v_num=]
Epoch 4:  62%|██████▎   | 20/32 [00:00<00:00, 41.05it/s, loss=0, v_num=]
Epoch 4:  62%|██████▎   | 20/32 [00:00<00:00, 40.98it/s, loss=0, v_num=]
Epoch 4: 100%|██████████| 32/32 [00:00<00:00, 43.27it/s, loss=0, v_num=]
Epoch 4:   0%|          | 0/32 [00:00<?, ?it/s, loss=0, v_num=]         
Epoch 5:   0%|          | 0/32 [00:00<?, ?it/s, loss=0, v_num=]
Epoch 5:  62%|██████▎   | 20/32 [00:00<00:00, 40.22it/s, loss=0, v_num=]
Epoch 5:  62%|██████▎   | 20/32 [00:00<00:00, 40.16it/s, loss=0, v_num=]
Epoch 5: 100%|██████████| 32/32 [00:00<00:00, 43.00it/s, loss=0, v_num=]Evaluating...
NMI : 0.0, ARI: 0.0, ACC: 0.05, current K: 1

Epoch 5:   0%|          | 0/32 [00:00<?, ?it/s, loss=0, v_num=]         
Epoch 6:   0%|          | 0/32 [00:00<?, ?it/s, loss=0, v_num=]/usr/local/lib/python3.13/dist-packages/torch/utils/data/dataloader.py:432: UserWarning: This DataLoader will create 6 worker processes in total. Our suggested max number of worker in current system is 2, which is smaller than what this DataLoader is going to create. Please be aware that excessive worker creation might get DataLoader running slow or even freeze, lower the worker number to avoid potential slowness/freeze if necessary.
  self.check_worker_number_rationality()

Epoch 6:  62%|██████▎   | 20/32 [00:00<00:00, 41.30it/s, loss=0, v_num=]
Epoch 6:  62%|██████▎   | 20/32 [00:00<00:00, 41.24it/s, loss=0, v_num=]
Epoch 6: 100%|██████████| 32/32 [00:00<00:00, 42.73it/s, loss=0, v_num=]
Epoch 6:   0%|          | 0/32 [00:00<?, ?it/s, loss=0, v_num=]         
Epoch 7:   0%|          | 0/32 [00:00<?, ?it/s, loss=0, v_num=]
Epoch 7:  62%|██████▎   | 20/32 [00:00<00:00, 41.29it/s, loss=0, v_num=]
Epoch 7:  62%|██████▎   | 20/32 [00:00<00:00, 41.22it/s, loss=0, v_num=]
Epoch 7: 100%|██████████| 32/32 [00:00<00:00, 42.82it/s, loss=0, v_num=]
Epoch 7:   0%|          | 0/32 [00:00<?, ?it/s, loss=0, v_num=]         
Epoch 8:   0%|          | 0/32 [00:00<?, ?it/s, loss=0, v_num=]
Epoch 8:  62%|██████▎   | 20/32 [00:00<00:00, 39.80it/s, loss=0, v_num=]
Epoch 8:  62%|██████▎   | 20/32 [00:00<00:00, 39.74it/s, loss=0, v_num=]
Epoch 8: 100%|██████████| 32/32 [00:00<00:00, 42.10it/s, loss=0, v_num=]
Epoch 8:   0%|          | 0/32 [00:00<?, ?it/s, loss=0, v_num=]         
Epoch 9:   0%|          | 0/32 [00:00<?, ?it/s, loss=0, v_num=]
Epoch 9:  62%|██████▎   | 20/32 [00:00<00:00, 39.79it/s, loss=0, v_num=]
Epoch 9:  62%|██████▎   | 20/32 [00:00<00:00, 39.73it/s, loss=0, v_num=]
Epoch 9: 100%|██████████| 32/32 [00:00<00:00, 42.02it/s, loss=0, v_num=]
Epoch 9:   0%|          | 0/32 [00:00<?, ?it/s, loss=0, v_num=]         
Epoch 10:   0%|          | 0/32 [00:00<?, ?it/s, loss=0, v_num=]
Epoch 10:  62%|██████▎   | 20/32 [00:00<00:00, 41.50it/s, loss=0, v_num=]
Epoch 10:  62%|██████▎   | 20/32 [00:00<00:00, 41.43it/s, loss=0, v_num=]
Epoch 10: 100%|██████████| 32/32 [00:00<00:00, 39.07it/s, loss=0, v_num=]Evaluating...
NMI : 0.0, ARI: 0.0, ACC: 0.05, current K: 1

Epoch 10:   0%|          | 0/32 [00:00<?, ?it/s, loss=0, v_num=]         
Epoch 11:   0%|          | 0/32 [00:00<?, ?it/s, loss=0, v_num=]/usr/local/lib/python3.13/dist-packages/torch/utils/data/dataloader.py:432: UserWarning: This DataLoader will create 6 worker processes in total. Our suggested max number of worker in current system is 2, which is smaller than what this DataLoader is going to create. Please be aware that excessive worker creation might get DataLoader running slow or even freeze, lower the worker number to avoid potential slowness/freeze if necessary.
  self.check_worker_number_rationality()

Epoch 11:  62%|██████▎   | 20/32 [00:00<00:00, 41.39it/s, loss=0, v_num=]
Epoch 11:  62%|██████▎   | 20/32 [00:00<00:00, 41.33it/s, loss=0, v_num=]
Epoch 11: 100%|██████████| 32/32 [00:00<00:00, 42.71it/s, loss=0, v_num=]
Epoch 11:   0%|          | 0/32 [00:00<?, ?it/s, loss=0, v_num=]         
Epoch 12:   0%|          | 0/32 [00:00<?, ?it/s, loss=0, v_num=]
Epoch 12:  62%|██████▎   | 20/32 [00:00<00:00, 38.65it/s, loss=0, v_num=]
Epoch 12:  62%|██████▎   | 20/32 [00:00<00:00, 38.60it/s, loss=0, v_num=]
Epoch 12: 100%|██████████| 32/32 [00:00<00:00, 41.05it/s, loss=0, v_num=]
Epoch 12:   0%|          | 0/32 [00:00<?, ?it/s, loss=0, v_num=]         
Epoch 13:   0%|          | 0/32 [00:00<?, ?it/s, loss=0, v_num=]
Epoch 13:  62%|██████▎   | 20/32 [00:00<00:00, 40.18it/s, loss=0, v_num=]
Epoch 13:  62%|██████▎   | 20/32 [00:00<00:00, 40.12it/s, loss=0, v_num=]
Epoch 13: 100%|██████████| 32/32 [00:00<00:00, 40.84it/s, loss=0, v_num=]
Epoch 13:   0%|          | 0/32 [00:00<?, ?it/s, loss=0, v_num=]         
Epoch 14:   0%|          | 0/32 [00:00<?, ?it/s, loss=0, v_num=]
Epoch 14:  62%|██████▎   | 20/32 [00:00<00:00, 40.92it/s, loss=0, v_num=]
Epoch 14:  62%|██████▎   | 20/32 [00:00<00:00, 40.86it/s, loss=0, v_num=]
Epoch 14: 100%|██████████| 32/32 [00:00<00:00, 42.66it/s, loss=0, v_num=]
Epoch 14:   0%|          | 0/32 [00:00<?, ?it/s, loss=0, v_num=]         
Epoch 15:   0%|          | 0/32 [00:00<?, ?it/s, loss=0, v_num=]
Epoch 15:  62%|██████▎   | 20/32 [00:00<00:00, 41.16it/s, loss=0, v_num=]
Epoch 15:  62%|██████▎   | 20/32 [00:00<00:00, 41.09it/s, loss=0, v_num=]
Epoch 15: 100%|██████████| 32/32 [00:00<00:00, 38.75it/s, loss=0, v_num=]Evaluating...
NMI : 0.0, ARI: 0.0, ACC: 0.05, current K: 1

Epoch 15:   0%|          | 0/32 [00:00<?, ?it/s, loss=0, v_num=]         
Epoch 16:   0%|          | 0/32 [00:00<?, ?it/s, loss=0, v_num=]/usr/local/lib/python3.13/dist-packages/torch/utils/data/dataloader.py:432: UserWarning: This DataLoader will create 6 worker processes in total. Our suggested max number of worker in current system is 2, which is smaller than what this DataLoader is going to create. Please be aware that excessive worker creation might get DataLoader running slow or even freeze, lower the worker number to avoid potential slowness/freeze if necessary.
  self.check_worker_number_rationality()

Epoch 16:  62%|██████▎   | 20/32 [00:00<00:00, 28.76it/s, loss=0, v_num=]
Epoch 16:  62%|██████▎   | 20/32 [00:00<00:00, 28.73it/s, loss=0, v_num=]
Epoch 16: 100%|██████████| 32/32 [00:01<00:00, 29.60it/s, loss=0, v_num=]
Epoch 16:   0%|          | 0/32 [00:00<?, ?it/s, loss=0, v_num=]         
Epoch 17:   0%|          | 0/32 [00:00<?, ?it/s, loss=0, v_num=]
Epoch 17:  62%|██████▎   | 20/32 [00:00<00:00, 27.81it/s, loss=0, v_num=]
Epoch 17:  62%|██████▎   | 20/32 [00:00<00:00, 27.77it/s, loss=0, v_num=]
Epoch 17: 100%|██████████| 32/32 [00:01<00:00, 28.97it/s, loss=0, v_num=]
Epoch 17:   0%|          | 0/32 [00:00<?, ?it/s, loss=0, v_num=]         
Epoch 18:   0%|          | 0/32 [00:00<?, ?it/s, loss=0, v_num=]
Epoch 18:  62%|██████▎   | 20/32 [00:00<00:00, 27.68it/s, loss=0, v_num=]
Epoch 18:  62%|██████▎   | 20/32 [00:00<00:00, 27.65it/s, loss=0, v_num=]
Epoch 18: 100%|██████████| 32/32 [00:00<00:00, 32.39it/s, loss=0, v_num=]
Epoch 18:   0%|          | 0/32 [00:00<?, ?it/s, loss=0, v_num=]         
Epoch 19:   0%|          | 0/32 [00:00<?, ?it/s, loss=0, v_num=]
Epoch 19:  62%|██████▎   | 20/32 [00:00<00:00, 40.50it/s, loss=0, v_num=]
Epoch 19:  62%|██████▎   | 20/32 [00:00<00:00, 40.44it/s, loss=0, v_num=]
Epoch 19: 100%|██████████| 32/32 [00:00<00:00, 42.72it/s, loss=0, v_num=]
Epoch 19:   0%|          | 0/32 [00:00<?, ?it/s, loss=0, v_num=]         
Epoch 20:   0%|          | 0/32 [00:00<?, ?it/s, loss=0, v_num=]
Epoch 20:  62%|██████▎   | 20/32 [00:00<00:00, 39.04it/s, loss=0, v_num=]
Epoch 20:  62%|██████▎   | 20/32 [00:00<00:00, 38.98it/s, loss=0, v_num=]
Epoch 20: 100%|██████████| 32/32 [00:00<00:00, 41.43it/s, loss=0, v_num=]Evaluating...
NMI : 0.0, ARI: 0.0, ACC: 0.05, current K: 1

Epoch 20:   0%|          | 0/32 [00:00<?, ?it/s, loss=0, v_num=]         
Epoch 21:   0%|          | 0/32 [00:00<?, ?it/s, loss=0, v_num=]/usr/local/lib/python3.13/dist-packages/torch/utils/data/dataloader.py:432: UserWarning: This DataLoader will create 6 worker processes in total. Our suggested max number of worker in current system is 2, which is smaller than what this DataLoader is going to create. Please be aware that excessive worker creation might get DataLoader running slow or even freeze, lower the worker number to avoid potential slowness/freeze if necessary.
  self.check_worker_number_rationality()

Epoch 21:  62%|██████▎   | 20/32 [00:00<00:00, 39.71it/s, loss=0, v_num=]
Epoch 21:  62%|██████▎   | 20/32 [00:00<00:00, 39.65it/s, loss=0, v_num=]
Epoch 21: 100%|██████████| 32/32 [00:00<00:00, 41.99it/s, loss=0, v_num=]
Epoch 21:   0%|          | 0/32 [00:00<?, ?it/s, loss=0, v_num=]         
Epoch 22:   0%|          | 0/32 [00:00<?, ?it/s, loss=0, v_num=]
Epoch 22:  62%|██████▎   | 20/32 [00:00<00:00, 40.70it/s, loss=0, v_num=]
Epoch 22:  62%|██████▎   | 20/32 [00:00<00:00, 40.63it/s, loss=0, v_num=]
Epoch 22: 100%|██████████| 32/32 [00:00<00:00, 42.08it/s, loss=0, v_num=]
Epoch 22:   0%|          | 0/32 [00:00<?, ?it/s, loss=0, v_num=]         
Epoch 23:   0%|          | 0/32 [00:00<?, ?it/s, loss=0, v_num=]
Epoch 23:  62%|██████▎   | 20/32 [00:00<00:00, 40.96it/s, loss=0, v_num=]
Epoch 23:  62%|██████▎   | 20/32 [00:00<00:00, 40.89it/s, loss=0, v_num=]
Epoch 23: 100%|██████████| 32/32 [00:00<00:00, 42.81it/s, loss=0, v_num=]
Epoch 23:   0%|          | 0/32 [00:00<?, ?it/s, loss=0, v_num=]         
Epoch 24:   0%|          | 0/32 [00:00<?, ?it/s, loss=0, v_num=]
Epoch 24:  62%|██████▎   | 20/32 [00:00<00:00, 39.80it/s, loss=0, v_num=]
Epoch 24:  62%|██████▎   | 20/32 [00:00<00:00, 39.74it/s, loss=0, v_num=]
Epoch 24: 100%|██████████| 32/32 [00:00<00:00, 42.38it/s, loss=0, v_num=]
Epoch 24:   0%|          | 0/32 [00:00<?, ?it/s, loss=0, v_num=]         
Epoch 25:   0%|          | 0/32 [00:00<?, ?it/s, loss=0, v_num=]
Epoch 25:  62%|██████▎   | 20/32 [00:00<00:00, 38.06it/s, loss=0, v_num=]
Epoch 25:  62%|██████▎   | 20/32 [00:00<00:00, 38.01it/s, loss=0, v_num=]
Epoch 25: 100%|██████████| 32/32 [00:00<00:00, 40.92it/s, loss=0, v_num=]Evaluating...
NMI : 0.0, ARI: 0.0, ACC: 0.05, current K: 1

Epoch 25:   0%|          | 0/32 [00:00<?, ?it/s, loss=0, v_num=]         
Epoch 26:   0%|          | 0/32 [00:00<?, ?it/s, loss=0, v_num=]/usr/local/lib/python3.13/dist-packages/torch/utils/data/dataloader.py:432: UserWarning: This DataLoader will create 6 worker processes in total. Our suggested max number of worker in current system is 2, which is smaller than what this DataLoader is going to create. Please be aware that excessive worker creation might get DataLoader running slow or even freeze, lower the worker number to avoid potential slowness/freeze if necessary.
  self.check_worker_number_rationality()

Epoch 26:  62%|██████▎   | 20/32 [00:00<00:00, 39.80it/s, loss=0, v_num=]
Epoch 26:  62%|██████▎   | 20/32 [00:00<00:00, 39.73it/s, loss=0, v_num=]
Epoch 26: 100%|██████████| 32/32 [00:00<00:00, 40.56it/s, loss=0, v_num=]
Epoch 26:   0%|          | 0/32 [00:00<?, ?it/s, loss=0, v_num=]         
Epoch 27:   0%|          | 0/32 [00:00<?, ?it/s, loss=0, v_num=]
Epoch 27:  62%|██████▎   | 20/32 [00:00<00:00, 41.73it/s, loss=0, v_num=]
Epoch 27:  62%|██████▎   | 20/32 [00:00<00:00, 41.67it/s, loss=0, v_num=]
Epoch 27: 100%|██████████| 32/32 [00:00<00:00, 43.36it/s, loss=0, v_num=]
Epoch 27:   0%|          | 0/32 [00:00<?, ?it/s, loss=0, v_num=]         
Epoch 28:   0%|          | 0/32 [00:00<?, ?it/s, loss=0, v_num=]
Epoch 28:  62%|██████▎   | 20/32 [00:00<00:00, 39.14it/s, loss=0, v_num=]
Epoch 28:  62%|██████▎   | 20/32 [00:00<00:00, 39.09it/s, loss=0, v_num=]
Epoch 28: 100%|██████████| 32/32 [00:00<00:00, 41.65it/s, loss=0, v_num=]
Epoch 28:   0%|          | 0/32 [00:00<?, ?it/s, loss=0, v_num=]         
Epoch 29:   0%|          | 0/32 [00:00<?, ?it/s, loss=0, v_num=]
Epoch 29:  62%|██████▎   | 20/32 [00:00<00:00, 38.79it/s, loss=0, v_num=]
Epoch 29:  62%|██████▎   | 20/32 [00:00<00:00, 38.73it/s, loss=0, v_num=]
Epoch 29: 100%|██████████| 32/32 [00:00<00:00, 41.44it/s, loss=0, v_num=]
Epoch 29:   0%|          | 0/32 [00:00<?, ?it/s, loss=0, v_num=]         
Epoch 30:   0%|          | 0/32 [00:00<?, ?it/s, loss=0, v_num=]
Epoch 30:  62%|██████▎   | 20/32 [00:00<00:00, 40.70it/s, loss=0, v_num=]
Epoch 30:  62%|██████▎   | 20/32 [00:00<00:00, 40.64it/s, loss=0, v_num=]
Epoch 30: 100%|██████████| 32/32 [00:00<00:00, 41.77it/s, loss=0, v_num=]Evaluating...
NMI : 0.0, ARI: 0.0, ACC: 0.05, current K: 1

Epoch 30:   0%|          | 0/32 [00:00<?, ?it/s, loss=0, v_num=]         
Epoch 31:   0%|          | 0/32 [00:00<?, ?it/s, loss=0, v_num=]/usr/local/lib/python3.13/dist-packages/torch/utils/data/dataloader.py:432: UserWarning: This DataLoader will create 6 worker processes in total. Our suggested max number of worker in current system is 2, which is smaller than what this DataLoader is going to create. Please be aware that excessive worker creation might get DataLoader running slow or even freeze, lower the worker number to avoid potential slowness/freeze if necessary.
  self.check_worker_number_rationality()

Epoch 31:  62%|██████▎   | 20/32 [00:00<00:00, 33.03it/s, loss=0, v_num=]
Epoch 31:  62%|██████▎   | 20/32 [00:00<00:00, 32.98it/s, loss=0, v_num=]
Epoch 31: 100%|██████████| 32/32 [00:00<00:00, 32.69it/s, loss=0, v_num=]
Epoch 31:   0%|          | 0/32 [00:00<?, ?it/s, loss=0, v_num=]         
Epoch 32:   0%|          | 0/32 [00:00<?, ?it/s, loss=0, v_num=]
Epoch 32:  62%|██████▎   | 20/32 [00:00<00:00, 29.06it/s, loss=0, v_num=]
Epoch 32:  62%|██████▎   | 20/32 [00:00<00:00, 29.03it/s, loss=0, v_num=]
Epoch 32: 100%|██████████| 32/32 [00:01<00:00, 30.14it/s, loss=0, v_num=]
Epoch 32:   0%|          | 0/32 [00:00<?, ?it/s, loss=0, v_num=]         
Epoch 33:   0%|          | 0/32 [00:00<?, ?it/s, loss=0, v_num=]
Epoch 33:  62%|██████▎   | 20/32 [00:00<00:00, 27.96it/s, loss=0, v_num=]
Epoch 33:  62%|██████▎   | 20/32 [00:00<00:00, 27.92it/s, loss=0, v_num=]
Epoch 33: 100%|██████████| 32/32 [00:01<00:00, 29.01it/s, loss=0, v_num=]
Epoch 33:   0%|          | 0/32 [00:00<?, ?it/s, loss=0, v_num=]         
Epoch 34:   0%|          | 0/32 [00:00<?, ?it/s, loss=0, v_num=]
Epoch 34:  62%|██████▎   | 20/32 [00:00<00:00, 37.84it/s, loss=0, v_num=]
Epoch 34:  62%|██████▎   | 20/32 [00:00<00:00, 37.78it/s, loss=0, v_num=]
Epoch 34: 100%|██████████| 32/32 [00:00<00:00, 40.58it/s, loss=0, v_num=]
Epoch 34:   0%|          | 0/32 [00:00<?, ?it/s, loss=0, v_num=]         
Epoch 35:   0%|          | 0/32 [00:00<?, ?it/s, loss=0, v_num=]
Epoch 35:  62%|██████▎   | 20/32 [00:00<00:00, 40.22it/s, loss=0, v_num=]
Epoch 35:  62%|██████▎   | 20/32 [00:00<00:00, 40.15it/s, loss=0, v_num=]
Epoch 35: 100%|██████████| 32/32 [00:00<00:00, 42.06it/s, loss=0, v_num=]Evaluating...
NMI : 0.0, ARI: 0.0, ACC: 0.05, current K: 1

Epoch 35:   0%|          | 0/32 [00:00<?, ?it/s, loss=0, v_num=]         
Epoch 36:   0%|          | 0/32 [00:00<?, ?it/s, loss=0, v_num=]/usr/local/lib/python3.13/dist-packages/torch/utils/data/dataloader.py:432: UserWarning: This DataLoader will create 6 worker processes in total. Our suggested max number of worker in current system is 2, which is smaller than what this DataLoader is going to create. Please be aware that excessive worker creation might get DataLoader running slow or even freeze, lower the worker number to avoid potential slowness/freeze if necessary.
  self.check_worker_number_rationality()

Epoch 36:  62%|██████▎   | 20/32 [00:00<00:00, 39.96it/s, loss=0, v_num=]
Epoch 36:  62%|██████▎   | 20/32 [00:00<00:00, 39.90it/s, loss=0, v_num=]
Epoch 36: 100%|██████████| 32/32 [00:00<00:00, 42.52it/s, loss=0, v_num=]
Epoch 36:   0%|          | 0/32 [00:00<?, ?it/s, loss=0, v_num=]         
Epoch 37:   0%|          | 0/32 [00:00<?, ?it/s, loss=0, v_num=]
Epoch 37:  62%|██████▎   | 20/32 [00:00<00:00, 40.14it/s, loss=0, v_num=]
Epoch 37:  62%|██████▎   | 20/32 [00:00<00:00, 40.07it/s, loss=0, v_num=]
Epoch 37: 100%|██████████| 32/32 [00:00<00:00, 41.39it/s, loss=0, v_num=]
Epoch 37:   0%|          | 0/32 [00:00<?, ?it/s, loss=0, v_num=]         
Epoch 38:   0%|          | 0/32 [00:00<?, ?it/s, loss=0, v_num=]
Epoch 38:  62%|██████▎   | 20/32 [00:00<00:00, 40.22it/s, loss=0, v_num=]
Epoch 38:  62%|██████▎   | 20/32 [00:00<00:00, 40.14it/s, loss=0, v_num=]
Epoch 38: 100%|██████████| 32/32 [00:00<00:00, 41.96it/s, loss=0, v_num=]
Epoch 38:   0%|          | 0/32 [00:00<?, ?it/s, loss=0, v_num=]         
Epoch 39:   0%|          | 0/32 [00:00<?, ?it/s, loss=0, v_num=]
Epoch 39:  62%|██████▎   | 20/32 [00:00<00:00, 39.84it/s, loss=0, v_num=]
Epoch 39:  62%|██████▎   | 20/32 [00:00<00:00, 39.78it/s, loss=0, v_num=]
Epoch 39: 100%|██████████| 32/32 [00:00<00:00, 42.26it/s, loss=0, v_num=]
Epoch 39:   0%|          | 0/32 [00:00<?, ?it/s, loss=0, v_num=]         
Epoch 40:   0%|          | 0/32 [00:00<?, ?it/s, loss=0, v_num=]
Epoch 40:  62%|██████▎   | 20/32 [00:00<00:00, 40.41it/s, loss=0, v_num=]
Epoch 40:  62%|██████▎   | 20/32 [00:00<00:00, 40.35it/s, loss=0, v_num=]
Epoch 40: 100%|██████████| 32/32 [00:00<00:00, 42.86it/s, loss=0, v_num=]Evaluating...
NMI : 0.0, ARI: 0.0, ACC: 0.05, current K: 1

Epoch 40:   0%|          | 0/32 [00:00<?, ?it/s, loss=0, v_num=]         
Epoch 41:   0%|          | 0/32 [00:00<?, ?it/s, loss=0, v_num=]/usr/local/lib/python3.13/dist-packages/torch/utils/data/dataloader.py:432: UserWarning: This DataLoader will create 6 worker processes in total. Our suggested max number of worker in current system is 2, which is smaller than what this DataLoader is going to create. Please be aware that excessive worker creation might get DataLoader running slow or even freeze, lower the worker number to avoid potential slowness/freeze if necessary.
  self.check_worker_number_rationality()

Epoch 41:  62%|██████▎   | 20/32 [00:00<00:00, 40.38it/s, loss=0, v_num=]
Epoch 41:  62%|██████▎   | 20/32 [00:00<00:00, 40.32it/s, loss=0, v_num=]
Epoch 41: 100%|██████████| 32/32 [00:00<00:00, 41.30it/s, loss=0, v_num=]
Epoch 41:   0%|          | 0/32 [00:00<?, ?it/s, loss=0, v_num=]         
Epoch 42:   0%|          | 0/32 [00:00<?, ?it/s, loss=0, v_num=]
Epoch 42:  62%|██████▎   | 20/32 [00:00<00:00, 40.39it/s, loss=0, v_num=]
Epoch 42:  62%|██████▎   | 20/32 [00:00<00:00, 40.33it/s, loss=0, v_num=]
Epoch 42: 100%|██████████| 32/32 [00:00<00:00, 42.55it/s, loss=0, v_num=]
Epoch 42:   0%|          | 0/32 [00:00<?, ?it/s, loss=0, v_num=]         
Epoch 43:   0%|          | 0/32 [00:00<?, ?it/s, loss=0, v_num=]
Epoch 43:  62%|██████▎   | 20/32 [00:00<00:00, 39.30it/s, loss=0, v_num=]
Epoch 43:  62%|██████▎   | 20/32 [00:00<00:00, 39.24it/s, loss=0, v_num=]
Epoch 43: 100%|██████████| 32/32 [00:00<00:00, 42.00it/s, loss=0, v_num=]
Epoch 43:   0%|          | 0/32 [00:00<?, ?it/s, loss=0, v_num=]         
Epoch 44:   0%|          | 0/32 [00:00<?, ?it/s, loss=0, v_num=]
Epoch 44:  62%|██████▎   | 20/32 [00:00<00:00, 38.79it/s, loss=0, v_num=]
Epoch 44:  62%|██████▎   | 20/32 [00:00<00:00, 38.73it/s, loss=0, v_num=]
Epoch 44: 100%|██████████| 32/32 [00:00<00:00, 41.19it/s, loss=0, v_num=]
Epoch 44:   0%|          | 0/32 [00:00<?, ?it/s, loss=0, v_num=]         
Epoch 45:   0%|          | 0/32 [00:00<?, ?it/s, loss=0, v_num=]/usr/local/lib/python3.13/dist-packages/torch/utils/data/dataloader.py:432: UserWarning: This DataLoader will create 6 worker processes in total. Our suggested max number of worker in current system is 2, which is smaller than what this DataLoader is going to create. Please be aware that excessive worker creation might get DataLoader running slow or even freeze, lower the worker number to avoid potential slowness/freeze if necessary.
  self.check_worker_number_rationality()

Epoch 45:  62%|██████▎   | 20/32 [00:00<00:00, 30.01it/s, loss=0, v_num=]
Epoch 45:  62%|██████▎   | 20/32 [00:00<00:00, 29.98it/s, loss=0.526, v_num=]
Epoch 45: 100%|██████████| 32/32 [00:00<00:00, 33.29it/s, loss=0.493, v_num=]Evaluating...
NMI : 0.0, ARI: 0.0, ACC: 0.05, current K: 1

Epoch 45:   0%|          | 0/32 [00:00<?, ?it/s, loss=0.493, v_num=]         
Epoch 46:   0%|          | 0/32 [00:00<?, ?it/s, loss=0.493, v_num=]/usr/local/lib/python3.13/dist-packages/torch/utils/data/dataloader.py:432: UserWarning: This DataLoader will create 6 worker processes in total. Our suggested max number of worker in current system is 2, which is smaller than what this DataLoader is going to create. Please be aware that excessive worker creation might get DataLoader running slow or even freeze, lower the worker number to avoid potential slowness/freeze if necessary.
  self.check_worker_number_rationality()

Epoch 46:  62%|██████▎   | 20/32 [00:00<00:00, 31.67it/s, loss=0.493, v_num=]
Epoch 46:  62%|██████▎   | 20/32 [00:00<00:00, 31.61it/s, loss=0.477, v_num=]
Epoch 46: 100%|██████████| 32/32 [00:01<00:00, 29.99it/s, loss=0.475, v_num=]
Epoch 46:   0%|          | 0/32 [00:00<?, ?it/s, loss=0.475, v_num=]         
Epoch 47:   0%|          | 0/32 [00:00<?, ?it/s, loss=0.475, v_num=]
Epoch 47:  62%|██████▎   | 20/32 [00:00<00:00, 25.48it/s, loss=0.475, v_num=]
Epoch 47:  62%|██████▎   | 20/32 [00:00<00:00, 25.45it/s, loss=0.451, v_num=]
Epoch 47: 100%|██████████| 32/32 [00:01<00:00, 27.21it/s, loss=0.45, v_num=] 
Epoch 47:   0%|          | 0/32 [00:00<?, ?it/s, loss=0.45, v_num=]         
Epoch 48:   0%|          | 0/32 [00:00<?, ?it/s, loss=0.45, v_num=]
Epoch 48:  62%|██████▎   | 20/32 [00:00<00:00, 23.71it/s, loss=0.45, v_num=]
Epoch 48:  62%|██████▎   | 20/32 [00:00<00:00, 23.69it/s, loss=0.443, v_num=]
Epoch 48: 100%|██████████| 32/32 [00:01<00:00, 24.00it/s, loss=0.444, v_num=]
Epoch 48:   0%|          | 0/32 [00:00<?, ?it/s, loss=0.444, v_num=]         
Epoch 49:   0%|          | 0/32 [00:00<?, ?it/s, loss=0.444, v_num=]
Epoch 49:  62%|██████▎   | 20/32 [00:00<00:00, 35.67it/s, loss=0.444, v_num=]
Epoch 49:  62%|██████▎   | 20/32 [00:00<00:00, 35.62it/s, loss=0.442, v_num=]
Epoch 49: 100%|██████████| 32/32 [00:00<00:00, 37.15it/s, loss=0.443, v_num=]
Epoch 49:   0%|          | 0/32 [00:00<?, ?it/s, loss=0.443, v_num=]         
Epoch 50:   0%|          | 0/32 [00:00<?, ?it/s, loss=0.443, v_num=]
Epoch 50:  62%|██████▎   | 20/32 [00:00<00:00, 36.49it/s, loss=0.443, v_num=]
Epoch 50:  62%|██████▎   | 20/32 [00:00<00:00, 36.43it/s, loss=0.442, v_num=]
Epoch 50: 100%|██████████| 32/32 [00:00<00:00, 37.87it/s, loss=0.445, v_num=]Evaluating...
NMI : 0.0, ARI: 0.0, ACC: 0.05, current K: 1
Epoch 50 | NMI: 0.0000, ARI: 0.0000, ACC: 0.0500, current K: 1
Confusion Matrix:
[[200   0   0   0   0   0   0   0   0   0   0   0   0   0   0   0   0   0
    0   0]
 [200   0   0   0   0   0   0   0   0   0   0   0   0   0   0   0   0   0
    0   0]
 [200   0   0   0   0   0   0   0   0   0   0   0   0   0   0   0   0   0
    0   0]
 [200   0   0   0   0   0   0   0   0   0   0   0   0   0   0   0   0   0
    0   0]
 [200   0   0   0   0   0   0   0   0   0   0   0   0   0   0   0   0   0
    0   0]
 [200   0   0   0   0   0   0   0   0   0   0   0   0   0   0   0   0   0
    0   0]
 [200   0   0   0   0   0   0   0   0   0   0   0   0   0   0   0   0   0
    0   0]
 [200   0   0   0   0   0   0   0   0   0   0   0   0   0   0   0   0   0
    0   0]
 [200   0   0   0   0   0   0   0   0   0   0   0   0   0   0   0   0   0
    0   0]
 [200   0   0   0   0   0   0   0   0   0   0   0   0   0   0   0   0   0
    0   0]
 [200   0   0   0   0   0   0   0   0   0   0   0   0   0   0   0   0   0
    0   0]
 [200   0   0   0   0   0   0   0   0   0   0   0   0   0   0   0   0   0
    0   0]
 [200   0   0   0   0   0   0   0   0   0   0   0   0   0   0   0   0   0
    0   0]
 [200   0   0   0   0   0   0   0   0   0   0   0   0   0   0   0   0   0
    0   0]
 [200   0   0   0   0   0   0   0   0   0   0   0   0   0   0   0   0   0
    0   0]
 [200   0   0   0   0   0   0   0   0   0   0   0   0   0   0   0   0   0
    0   0]
 [200   0   0   0   0   0   0   0   0   0   0   0   0   0   0   0   0   0
    0   0]
 [200   0   0   0   0   0   0   0   0   0   0   0   0   0   0   0   0   0
    0   0]
 [200   0   0   0   0   0   0   0   0   0   0   0   0   0   0   0   0   0
    0   0]
 [200   0   0   0   0   0   0   0   0   0   0   0   0   0   0   0   0   0
    0   0]]

Epoch 50:   0%|          | 0/32 [00:00<?, ?it/s, loss=0.445, v_num=]         
Epoch 51:   0%|          | 0/32 [00:00<?, ?it/s, loss=0.445, v_num=]/usr/local/lib/python3.13/dist-packages/torch/utils/data/dataloader.py:432: UserWarning: This DataLoader will create 6 worker processes in total. Our suggested max number of worker in current system is 2, which is smaller than what this DataLoader is going to create. Please be aware that excessive worker creation might get DataLoader running slow or even freeze, lower the worker number to avoid potential slowness/freeze if necessary.
  self.check_worker_number_rationality()

Epoch 51:  62%|██████▎   | 20/32 [00:00<00:00, 35.19it/s, loss=0.445, v_num=]
Epoch 51:  62%|██████▎   | 20/32 [00:00<00:00, 35.14it/s, loss=0.441, v_num=]
Epoch 51: 100%|██████████| 32/32 [00:00<00:00, 36.57it/s, loss=0.443, v_num=]
Epoch 51:   0%|          | 0/32 [00:00<?, ?it/s, loss=0.443, v_num=]         
Epoch 52:   0%|          | 0/32 [00:00<?, ?it/s, loss=0.443, v_num=]
Epoch 52:  62%|██████▎   | 20/32 [00:00<00:00, 35.36it/s, loss=0.443, v_num=]
Epoch 52:  62%|██████▎   | 20/32 [00:00<00:00, 35.31it/s, loss=0.445, v_num=]
Epoch 52: 100%|██████████| 32/32 [00:00<00:00, 36.48it/s, loss=0.44, v_num=] 
Epoch 52:   0%|          | 0/32 [00:00<?, ?it/s, loss=0.44, v_num=]         
Epoch 53:   0%|          | 0/32 [00:00<?, ?it/s, loss=0.44, v_num=]
Epoch 53:  62%|██████▎   | 20/32 [00:00<00:00, 35.33it/s, loss=0.44, v_num=]
Epoch 53:  62%|██████▎   | 20/32 [00:00<00:00, 35.28it/s, loss=0.441, v_num=]
Epoch 53: 100%|██████████| 32/32 [00:00<00:00, 36.01it/s, loss=0.443, v_num=]
Epoch 53:   0%|          | 0/32 [00:00<?, ?it/s, loss=0.443, v_num=]         
Epoch 54:   0%|          | 0/32 [00:00<?, ?it/s, loss=0.443, v_num=]
Epoch 54:  62%|██████▎   | 20/32 [00:00<00:00, 35.09it/s, loss=0.443, v_num=]
Epoch 54:  62%|██████▎   | 20/32 [00:00<00:00, 35.05it/s, loss=0.441, v_num=]
Epoch 54: 100%|██████████| 32/32 [00:00<00:00, 35.98it/s, loss=0.448, v_num=]
Epoch 54:   0%|          | 0/32 [00:00<?, ?it/s, loss=0.448, v_num=]         
Epoch 55:   0%|          | 0/32 [00:00<?, ?it/s, loss=0.448, v_num=]
Epoch 55:  62%|██████▎   | 20/32 [00:00<00:00, 33.77it/s, loss=0.448, v_num=]
Epoch 55:  62%|██████▎   | 20/32 [00:00<00:00, 33.73it/s, loss=0.439, v_num=]
Epoch 55: 100%|██████████| 32/32 [00:00<00:00, 35.43it/s, loss=0.443, v_num=]/content/DeepDPM-New/src/clustering_models/clusternet_modules/clusternetasmodel.py:682: UserWarning: To copy construct from a tensor, it is recommended to use sourceTensor.detach().clone() or sourceTensor.detach().clone().requires_grad_(True), rather than torch.tensor(sourceTensor).
  mus_ind_to_split = torch.nonzero(torch.tensor(split_decisions), as_tuple=False)
Splitting clusters [0]
Evaluating...
NMI : 0.0, ARI: 0.0, ACC: 0.05, current K: 1
[Split] K updated → 2 clusters
  [Epoch 55] losses at split → cluster_loss=0.0000, subcluster_loss=0.8844

Epoch 55:   0%|          | 0/32 [00:00<?, ?it/s, loss=0.443, v_num=]         
Epoch 56:   0%|          | 0/32 [00:00<?, ?it/s, loss=0.443, v_num=]/usr/local/lib/python3.13/dist-packages/torch/utils/data/dataloader.py:432: UserWarning: This DataLoader will create 6 worker processes in total. Our suggested max number of worker in current system is 2, which is smaller than what this DataLoader is going to create. Please be aware that excessive worker creation might get DataLoader running slow or even freeze, lower the worker number to avoid potential slowness/freeze if necessary.
  self.check_worker_number_rationality()

Epoch 56:  62%|██████▎   | 20/32 [00:00<00:00, 30.39it/s, loss=0.443, v_num=]
Epoch 56:  62%|██████▎   | 20/32 [00:00<00:00, 30.36it/s, loss=0.759, v_num=]
Epoch 56: 100%|██████████| 32/32 [00:00<00:00, 32.15it/s, loss=0.707, v_num=]
Epoch 56:   0%|          | 0/32 [00:00<?, ?it/s, loss=0.707, v_num=]         
Epoch 57:   0%|          | 0/32 [00:00<?, ?it/s, loss=0.707, v_num=]
Epoch 57:  62%|██████▎   | 20/32 [00:00<00:00, 31.60it/s, loss=0.707, v_num=]
Epoch 57:  62%|██████▎   | 20/32 [00:00<00:00, 31.57it/s, loss=0.657, v_num=]
Epoch 57: 100%|██████████| 32/32 [00:00<00:00, 32.92it/s, loss=0.621, v_num=]
Epoch 57:   0%|          | 0/32 [00:00<?, ?it/s, loss=0.621, v_num=]         
Epoch 58:   0%|          | 0/32 [00:00<?, ?it/s, loss=0.621, v_num=]
Epoch 58:  62%|██████▎   | 20/32 [00:00<00:00, 30.42it/s, loss=0.621, v_num=]
Epoch 58:  62%|██████▎   | 20/32 [00:00<00:00, 30.38it/s, loss=0.564, v_num=]
Epoch 58: 100%|██████████| 32/32 [00:01<00:00, 31.95it/s, loss=0.536, v_num=]
Epoch 58:   0%|          | 0/32 [00:00<?, ?it/s, loss=0.536, v_num=]         
Epoch 59:   0%|          | 0/32 [00:00<?, ?it/s, loss=0.536, v_num=]
Epoch 59:  62%|██████▎   | 20/32 [00:00<00:00, 30.67it/s, loss=0.536, v_num=]
Epoch 59:  62%|██████▎   | 20/32 [00:00<00:00, 30.62it/s, loss=0.493, v_num=]
Epoch 59: 100%|██████████| 32/32 [00:01<00:00, 28.13it/s, loss=0.478, v_num=]
Epoch 59:   0%|          | 0/32 [00:00<?, ?it/s, loss=0.478, v_num=]         
Epoch 60:   0%|          | 0/32 [00:00<?, ?it/s, loss=0.478, v_num=]
Epoch 60:  62%|██████▎   | 20/32 [00:00<00:00, 22.95it/s, loss=0.478, v_num=]
Epoch 60:  62%|██████▎   | 20/32 [00:00<00:00, 22.93it/s, loss=0.453, v_num=]
Epoch 60: 100%|██████████| 32/32 [00:01<00:00, 23.84it/s, loss=0.445, v_num=]Evaluating...
NMI : 0.329511331210406, ARI: 0.09120808389958346, ACC: 0.1, current K: 2
Epoch 60 | NMI: 0.3295, ARI: 0.0912, ACC: 0.1000, current K: 2
Confusion Matrix:
[[  3 197   0   0   0   0   0   0   0   0   0   0   0   0   0   0   0   0
    0   0]
 [199   1   0   0   0   0   0   0   0   0   0   0   0   0   0   0   0   0
    0   0]
 [  2 198   0   0   0   0   0   0   0   0   0   0   0   0   0   0   0   0
    0   0]
 [199   1   0   0   0   0   0   0   0   0   0   0   0   0   0   0   0   0
    0   0]
 [  8 192   0   0   0   0   0   0   0   0   0   0   0   0   0   0   0   0
    0   0]
 [190  10   0   0   0   0   0   0   0   0   0   0   0   0   0   0   0   0
    0   0]
 [  1 199   0   0   0   0   0   0   0   0   0   0   0   0   0   0   0   0
    0   0]
 [200   0   0   0   0   0   0   0   0   0   0   0   0   0   0   0   0   0
    0   0]
 [  0 200   0   0   0   0   0   0   0   0   0   0   0   0   0   0   0   0
    0   0]
 [194   6   0   0   0   0   0   0   0   0   0   0   0   0   0   0   0   0
    0   0]
 [ 46 154   0   0   0   0   0   0   0   0   0   0   0   0   0   0   0   0
    0   0]
 [197   3   0   0   0   0   0   0   0   0   0   0   0   0   0   0   0   0
    0   0]
 [  0 200   0   0   0   0   0   0   0   0   0   0   0   0   0   0   0   0
    0   0]
 [195   5   0   0   0   0   0   0   0   0   0   0   0   0   0   0   0   0
    0   0]
 [  0 200   0   0   0   0   0   0   0   0   0   0   0   0   0   0   0   0
    0   0]
 [198   2   0   0   0   0   0   0   0   0   0   0   0   0   0   0   0   0
    0   0]
 [  4 196   0   0   0   0   0   0   0   0   0   0   0   0   0   0   0   0
    0   0]
 [198   2   0   0   0   0   0   0   0   0   0   0   0   0   0   0   0   0
    0   0]
 [  1 199   0   0   0   0   0   0   0   0   0   0   0   0   0   0   0   0
    0   0]
 [200   0   0   0   0   0   0   0   0   0   0   0   0   0   0   0   0   0
    0   0]]

Epoch 60:   0%|          | 0/32 [00:00<?, ?it/s, loss=0.445, v_num=]         
Epoch 61:   0%|          | 0/32 [00:00<?, ?it/s, loss=0.445, v_num=]/usr/local/lib/python3.13/dist-packages/torch/utils/data/dataloader.py:432: UserWarning: This DataLoader will create 6 worker processes in total. Our suggested max number of worker in current system is 2, which is smaller than what this DataLoader is going to create. Please be aware that excessive worker creation might get DataLoader running slow or even freeze, lower the worker number to avoid potential slowness/freeze if necessary.
  self.check_worker_number_rationality()

Epoch 61:  62%|██████▎   | 20/32 [00:00<00:00, 22.33it/s, loss=0.445, v_num=]
Epoch 61:  62%|██████▎   | 20/32 [00:00<00:00, 22.31it/s, loss=0.425, v_num=]
Epoch 61: 100%|██████████| 32/32 [00:01<00:00, 24.38it/s, loss=0.432, v_num=]
Epoch 61:   0%|          | 0/32 [00:00<?, ?it/s, loss=0.432, v_num=]         
Epoch 62:   0%|          | 0/32 [00:00<?, ?it/s, loss=0.432, v_num=]
Epoch 62:  62%|██████▎   | 20/32 [00:00<00:00, 32.68it/s, loss=0.432, v_num=]
Epoch 62:  62%|██████▎   | 20/32 [00:00<00:00, 32.64it/s, loss=0.398, v_num=]
Epoch 62: 100%|██████████| 32/32 [00:00<00:00, 33.60it/s, loss=0.393, v_num=]
Epoch 62:   0%|          | 0/32 [00:00<?, ?it/s, loss=0.393, v_num=]         
Epoch 63:   0%|          | 0/32 [00:00<?, ?it/s, loss=0.393, v_num=]
Epoch 63:  62%|██████▎   | 20/32 [00:00<00:00, 32.31it/s, loss=0.393, v_num=]
Epoch 63:  62%|██████▎   | 20/32 [00:00<00:00, 32.27it/s, loss=0.392, v_num=]
Epoch 63: 100%|██████████| 32/32 [00:00<00:00, 33.29it/s, loss=0.389, v_num=]
Epoch 63:   0%|          | 0/32 [00:00<?, ?it/s, loss=0.389, v_num=]         
Epoch 64:   0%|          | 0/32 [00:00<?, ?it/s, loss=0.389, v_num=]
Epoch 64:  62%|██████▎   | 20/32 [00:00<00:00, 33.56it/s, loss=0.389, v_num=]
Epoch 64:  62%|██████▎   | 20/32 [00:00<00:00, 33.53it/s, loss=0.386, v_num=]
Epoch 64: 100%|██████████| 32/32 [00:00<00:00, 33.66it/s, loss=0.388, v_num=]
Epoch 64:   0%|          | 0/32 [00:00<?, ?it/s, loss=0.388, v_num=]         
Epoch 65:   0%|          | 0/32 [00:00<?, ?it/s, loss=0.388, v_num=]
Epoch 65:  62%|██████▎   | 20/32 [00:00<00:00, 32.80it/s, loss=0.388, v_num=]
Epoch 65:  62%|██████▎   | 20/32 [00:00<00:00, 32.76it/s, loss=0.382, v_num=]
Epoch 65: 100%|██████████| 32/32 [00:00<00:00, 32.94it/s, loss=0.381, v_num=]Evaluating...
NMI : 0.333696901194227, ARI: 0.09285881704620845, ACC: 0.1, current K: 2

Epoch 65:   0%|          | 0/32 [00:00<?, ?it/s, loss=0.381, v_num=]         
Epoch 66:   0%|          | 0/32 [00:00<?, ?it/s, loss=0.381, v_num=]/usr/local/lib/python3.13/dist-packages/torch/utils/data/dataloader.py:432: UserWarning: This DataLoader will create 6 worker processes in total. Our suggested max number of worker in current system is 2, which is smaller than what this DataLoader is going to create. Please be aware that excessive worker creation might get DataLoader running slow or even freeze, lower the worker number to avoid potential slowness/freeze if necessary.
  self.check_worker_number_rationality()

Epoch 66:  62%|██████▎   | 20/32 [00:00<00:00, 33.29it/s, loss=0.381, v_num=]
Epoch 66:  62%|██████▎   | 20/32 [00:00<00:00, 33.25it/s, loss=0.382, v_num=]
Epoch 66: 100%|██████████| 32/32 [00:00<00:00, 33.41it/s, loss=0.385, v_num=]
Epoch 66:   0%|          | 0/32 [00:00<?, ?it/s, loss=0.385, v_num=]         
Epoch 67:   0%|          | 0/32 [00:00<?, ?it/s, loss=0.385, v_num=]
Epoch 67:  62%|██████▎   | 20/32 [00:00<00:00, 32.13it/s, loss=0.385, v_num=]
Epoch 67:  62%|██████▎   | 20/32 [00:00<00:00, 32.09it/s, loss=0.379, v_num=]
Epoch 67: 100%|██████████| 32/32 [00:00<00:00, 32.14it/s, loss=0.381, v_num=]
Epoch 67:   0%|          | 0/32 [00:00<?, ?it/s, loss=0.381, v_num=]         
Epoch 68:   0%|          | 0/32 [00:00<?, ?it/s, loss=0.381, v_num=]
Epoch 68:  62%|██████▎   | 20/32 [00:00<00:00, 31.81it/s, loss=0.381, v_num=]
Epoch 68:  62%|██████▎   | 20/32 [00:00<00:00, 31.76it/s, loss=0.379, v_num=]
Epoch 68: 100%|██████████| 32/32 [00:00<00:00, 32.63it/s, loss=0.379, v_num=]
Epoch 68:   0%|          | 0/32 [00:00<?, ?it/s, loss=0.379, v_num=]         
Epoch 69:   0%|          | 0/32 [00:00<?, ?it/s, loss=0.379, v_num=]
Epoch 69:  62%|██████▎   | 20/32 [00:00<00:00, 32.30it/s, loss=0.379, v_num=]
Epoch 69:  62%|██████▎   | 20/32 [00:00<00:00, 32.26it/s, loss=0.375, v_num=]
Epoch 69: 100%|██████████| 32/32 [00:00<00:00, 33.50it/s, loss=0.374, v_num=]
Epoch 69:   0%|          | 0/32 [00:00<?, ?it/s, loss=0.374, v_num=]         
Epoch 70:   0%|          | 0/32 [00:00<?, ?it/s, loss=0.374, v_num=]
Epoch 70:  62%|██████▎   | 20/32 [00:00<00:00, 30.84it/s, loss=0.374, v_num=]
Epoch 70:  62%|██████▎   | 20/32 [00:00<00:00, 30.80it/s, loss=0.376, v_num=]
Epoch 70: 100%|██████████| 32/32 [00:00<00:00, 32.30it/s, loss=0.37, v_num=] Evaluating...
NMI : 0.3403196856221406, ARI: 0.09422335884670949, ACC: 0.1, current K: 2
Epoch 70 | NMI: 0.3403, ARI: 0.0942, ACC: 0.1000, current K: 2
Confusion Matrix:
[[  2 198   0   0   0   0   0   0   0   0   0   0   0   0   0   0   0   0
    0   0]
 [196   4   0   0   0   0   0   0   0   0   0   0   0   0   0   0   0   0
    0   0]
 [  2 198   0   0   0   0   0   0   0   0   0   0   0   0   0   0   0   0
    0   0]
 [199   1   0   0   0   0   0   0   0   0   0   0   0   0   0   0   0   0
    0   0]
 [  4 196   0   0   0   0   0   0   0   0   0   0   0   0   0   0   0   0
    0   0]
 [188  12   0   0   0   0   0   0   0   0   0   0   0   0   0   0   0   0
    0   0]
 [  1 199   0   0   0   0   0   0   0   0   0   0   0   0   0   0   0   0
    0   0]
 [200   0   0   0   0   0   0   0   0   0   0   0   0   0   0   0   0   0
    0   0]
 [  0 200   0   0   0   0   0   0   0   0   0   0   0   0   0   0   0   0
    0   0]
 [195   5   0   0   0   0   0   0   0   0   0   0   0   0   0   0   0   0
    0   0]
 [  8 192   0   0   0   0   0   0   0   0   0   0   0   0   0   0   0   0
    0   0]
 [197   3   0   0   0   0   0   0   0   0   0   0   0   0   0   0   0   0
    0   0]
 [  0 200   0   0   0   0   0   0   0   0   0   0   0   0   0   0   0   0
    0   0]
 [195   5   0   0   0   0   0   0   0   0   0   0   0   0   0   0   0   0
    0   0]
 [  1 199   0   0   0   0   0   0   0   0   0   0   0   0   0   0   0   0
    0   0]
 [198   2   0   0   0   0   0   0   0   0   0   0   0   0   0   0   0   0
    0   0]
 [  2 198   0   0   0   0   0   0   0   0   0   0   0   0   0   0   0   0
    0   0]
 [198   2   0   0   0   0   0   0   0   0   0   0   0   0   0   0   0   0
    0   0]
 [  1 199   0   0   0   0   0   0   0   0   0   0   0   0   0   0   0   0
    0   0]
 [200   0   0   0   0   0   0   0   0   0   0   0   0   0   0   0   0   0
    0   0]]

Epoch 70:   0%|          | 0/32 [00:00<?, ?it/s, loss=0.37, v_num=]         
Epoch 71:   0%|          | 0/32 [00:00<?, ?it/s, loss=0.37, v_num=]/usr/local/lib/python3.13/dist-packages/torch/utils/data/dataloader.py:432: UserWarning: This DataLoader will create 6 worker processes in total. Our suggested max number of worker in current system is 2, which is smaller than what this DataLoader is going to create. Please be aware that excessive worker creation might get DataLoader running slow or even freeze, lower the worker number to avoid potential slowness/freeze if necessary.
  self.check_worker_number_rationality()

Epoch 71:  62%|██████▎   | 20/32 [00:00<00:00, 31.22it/s, loss=0.37, v_num=]
Epoch 71:  62%|██████▎   | 20/32 [00:00<00:00, 31.18it/s, loss=0.37, v_num=]
Epoch 71: 100%|██████████| 32/32 [00:01<00:00, 30.09it/s, loss=0.377, v_num=]
Epoch 71:   0%|          | 0/32 [00:00<?, ?it/s, loss=0.377, v_num=]         
Epoch 72:   0%|          | 0/32 [00:00<?, ?it/s, loss=0.377, v_num=]
Epoch 72:  62%|██████▎   | 20/32 [00:00<00:00, 23.15it/s, loss=0.377, v_num=]
Epoch 72:  62%|██████▎   | 20/32 [00:00<00:00, 23.13it/s, loss=0.369, v_num=]
Epoch 72: 100%|██████████| 32/32 [00:01<00:00, 23.72it/s, loss=0.375, v_num=]
Epoch 72:   0%|          | 0/32 [00:00<?, ?it/s, loss=0.375, v_num=]         
Epoch 73:   0%|          | 0/32 [00:00<?, ?it/s, loss=0.375, v_num=]
Epoch 73:  62%|██████▎   | 20/32 [00:00<00:00, 22.94it/s, loss=0.375, v_num=]
Epoch 73:  62%|██████▎   | 20/32 [00:00<00:00, 22.92it/s, loss=0.371, v_num=]
Epoch 73: 100%|██████████| 32/32 [00:01<00:00, 23.31it/s, loss=0.373, v_num=]
Epoch 73:   0%|          | 0/32 [00:00<?, ?it/s, loss=0.373, v_num=]         
Epoch 74:   0%|          | 0/32 [00:00<?, ?it/s, loss=0.373, v_num=]
Epoch 74:  62%|██████▎   | 20/32 [00:00<00:00, 32.03it/s, loss=0.373, v_num=]
Epoch 74:  62%|██████▎   | 20/32 [00:00<00:00, 31.99it/s, loss=0.367, v_num=]
Epoch 74: 100%|██████████| 32/32 [00:00<00:00, 33.11it/s, loss=0.372, v_num=]
Epoch 74:   0%|          | 0/32 [00:00<?, ?it/s, loss=0.372, v_num=]         
Epoch 75:   0%|          | 0/32 [00:00<?, ?it/s, loss=0.372, v_num=]
Epoch 75:  62%|██████▎   | 20/32 [00:00<00:00, 31.89it/s, loss=0.372, v_num=]
Epoch 75:  62%|██████▎   | 20/32 [00:00<00:00, 31.85it/s, loss=0.372, v_num=]
Epoch 75: 100%|██████████| 32/32 [00:00<00:00, 32.92it/s, loss=0.37, v_num=] Evaluating...
NMI : 0.3432554680342335, ARI: 0.09478401563764542, ACC: 0.1, current K: 2

Epoch 75:   0%|          | 0/32 [00:00<?, ?it/s, loss=0.37, v_num=]         
Epoch 76:   0%|          | 0/32 [00:00<?, ?it/s, loss=0.37, v_num=]/usr/local/lib/python3.13/dist-packages/torch/utils/data/dataloader.py:432: UserWarning: This DataLoader will create 6 worker processes in total. Our suggested max number of worker in current system is 2, which is smaller than what this DataLoader is going to create. Please be aware that excessive worker creation might get DataLoader running slow or even freeze, lower the worker number to avoid potential slowness/freeze if necessary.
  self.check_worker_number_rationality()

Epoch 76:  62%|██████▎   | 20/32 [00:00<00:00, 32.21it/s, loss=0.37, v_num=]
Epoch 76:  62%|██████▎   | 20/32 [00:00<00:00, 32.16it/s, loss=0.372, v_num=]
Epoch 76: 100%|██████████| 32/32 [00:00<00:00, 33.14it/s, loss=0.368, v_num=]
Epoch 76:   0%|          | 0/32 [00:00<?, ?it/s, loss=0.368, v_num=]         
Epoch 77:   0%|          | 0/32 [00:00<?, ?it/s, loss=0.368, v_num=]
Epoch 77:  62%|██████▎   | 20/32 [00:00<00:00, 33.09it/s, loss=0.368, v_num=]
Epoch 77:  62%|██████▎   | 20/32 [00:00<00:00, 33.05it/s, loss=0.366, v_num=]
Epoch 77: 100%|██████████| 32/32 [00:01<00:00, 31.81it/s, loss=0.369, v_num=]
Epoch 77:   0%|          | 0/32 [00:00<?, ?it/s, loss=0.369, v_num=]         
Epoch 78:   0%|          | 0/32 [00:00<?, ?it/s, loss=0.369, v_num=]
Epoch 78:  62%|██████▎   | 20/32 [00:01<00:00, 15.24it/s, loss=0.369, v_num=]
Epoch 78:  62%|██████▎   | 20/32 [00:01<00:00, 15.23it/s, loss=0.367, v_num=]
Epoch 78: 100%|██████████| 32/32 [00:01<00:00, 19.46it/s, loss=0.37, v_num=] 
Epoch 78:   0%|          | 0/32 [00:00<?, ?it/s, loss=0.37, v_num=]         
Epoch 79:   0%|          | 0/32 [00:00<?, ?it/s, loss=0.37, v_num=]
Epoch 79:  62%|██████▎   | 20/32 [00:00<00:00, 31.10it/s, loss=0.37, v_num=]
Epoch 79:  62%|██████▎   | 20/32 [00:00<00:00, 31.06it/s, loss=0.365, v_num=]
Epoch 79: 100%|██████████| 32/32 [00:00<00:00, 32.57it/s, loss=0.371, v_num=]
Epoch 79:   0%|          | 0/32 [00:00<?, ?it/s, loss=0.371, v_num=]         
Epoch 80:   0%|          | 0/32 [00:00<?, ?it/s, loss=0.371, v_num=]
Epoch 80:  62%|██████▎   | 20/32 [00:00<00:00, 30.69it/s, loss=0.371, v_num=]
Epoch 80:  62%|██████▎   | 20/32 [00:00<00:00, 30.65it/s, loss=0.368, v_num=]
Epoch 80: 100%|██████████| 32/32 [00:00<00:00, 32.02it/s, loss=0.37, v_num=] Evaluating...
NMI : 0.34415912846543556, ARI: 0.09496909419739648, ACC: 0.1, current K: 2
Epoch 80 | NMI: 0.3442, ARI: 0.0950, ACC: 0.1000, current K: 2
Confusion Matrix:
[[  2 198   0   0   0   0   0   0   0   0   0   0   0   0   0   0   0   0
    0   0]
 [196   4   0   0   0   0   0   0   0   0   0   0   0   0   0   0   0   0
    0   0]
 [  2 198   0   0   0   0   0   0   0   0   0   0   0   0   0   0   0   0
    0   0]
 [199   1   0   0   0   0   0   0   0   0   0   0   0   0   0   0   0   0
    0   0]
 [  4 196   0   0   0   0   0   0   0   0   0   0   0   0   0   0   0   0
    0   0]
 [190  10   0   0   0   0   0   0   0   0   0   0   0   0   0   0   0   0
    0   0]
 [  1 199   0   0   0   0   0   0   0   0   0   0   0   0   0   0   0   0
    0   0]
 [200   0   0   0   0   0   0   0   0   0   0   0   0   0   0   0   0   0
    0   0]
 [  0 200   0   0   0   0   0   0   0   0   0   0   0   0   0   0   0   0
    0   0]
 [195   5   0   0   0   0   0   0   0   0   0   0   0   0   0   0   0   0
    0   0]
 [  4 196   0   0   0   0   0   0   0   0   0   0   0   0   0   0   0   0
    0   0]
 [197   3   0   0   0   0   0   0   0   0   0   0   0   0   0   0   0   0
    0   0]
 [  0 200   0   0   0   0   0   0   0   0   0   0   0   0   0   0   0   0
    0   0]
 [196   4   0   0   0   0   0   0   0   0   0   0   0   0   0   0   0   0
    0   0]
 [  1 199   0   0   0   0   0   0   0   0   0   0   0   0   0   0   0   0
    0   0]
 [198   2   0   0   0   0   0   0   0   0   0   0   0   0   0   0   0   0
    0   0]
 [  1 199   0   0   0   0   0   0   0   0   0   0   0   0   0   0   0   0
    0   0]
 [198   2   0   0   0   0   0   0   0   0   0   0   0   0   0   0   0   0
    0   0]
 [  1 199   0   0   0   0   0   0   0   0   0   0   0   0   0   0   0   0
    0   0]
 [200   0   0   0   0   0   0   0   0   0   0   0   0   0   0   0   0   0
    0   0]]

Epoch 80:   0%|          | 0/32 [00:00<?, ?it/s, loss=0.37, v_num=]         
Epoch 81:   0%|          | 0/32 [00:00<?, ?it/s, loss=0.37, v_num=]/usr/local/lib/python3.13/dist-packages/torch/utils/data/dataloader.py:432: UserWarning: This DataLoader will create 6 worker processes in total. Our suggested max number of worker in current system is 2, which is smaller than what this DataLoader is going to create. Please be aware that excessive worker creation might get DataLoader running slow or even freeze, lower the worker number to avoid potential slowness/freeze if necessary.
  self.check_worker_number_rationality()

Epoch 81:  62%|██████▎   | 20/32 [00:00<00:00, 30.33it/s, loss=0.37, v_num=]
Epoch 81:  62%|██████▎   | 20/32 [00:00<00:00, 30.29it/s, loss=0.37, v_num=]
Epoch 81: 100%|██████████| 32/32 [00:00<00:00, 32.01it/s, loss=0.366, v_num=]
Epoch 81:   0%|          | 0/32 [00:00<?, ?it/s, loss=0.366, v_num=]         
Epoch 82:   0%|          | 0/32 [00:00<?, ?it/s, loss=0.366, v_num=]
Epoch 82:  62%|██████▎   | 20/32 [00:00<00:00, 29.85it/s, loss=0.366, v_num=]
Epoch 82:  62%|██████▎   | 20/32 [00:00<00:00, 29.82it/s, loss=0.366, v_num=]
Epoch 82: 100%|██████████| 32/32 [00:01<00:00, 31.40it/s, loss=0.369, v_num=]
Epoch 82:   0%|          | 0/32 [00:00<?, ?it/s, loss=0.369, v_num=]         
Epoch 83:   0%|          | 0/32 [00:00<?, ?it/s, loss=0.369, v_num=]
Epoch 83:  62%|██████▎   | 20/32 [00:00<00:00, 24.35it/s, loss=0.369, v_num=]
Epoch 83:  62%|██████▎   | 20/32 [00:00<00:00, 24.32it/s, loss=0.366, v_num=]
Epoch 83: 100%|██████████| 32/32 [00:01<00:00, 24.65it/s, loss=0.369, v_num=]
Epoch 83:   0%|          | 0/32 [00:00<?, ?it/s, loss=0.369, v_num=]         
Epoch 84:   0%|          | 0/32 [00:00<?, ?it/s, loss=0.369, v_num=]
Epoch 84:  62%|██████▎   | 20/32 [00:00<00:00, 22.67it/s, loss=0.369, v_num=]
Epoch 84:  62%|██████▎   | 20/32 [00:00<00:00, 22.65it/s, loss=0.363, v_num=]
Epoch 84: 100%|██████████| 32/32 [00:01<00:00, 23.65it/s, loss=0.366, v_num=]
Epoch 84:   0%|          | 0/32 [00:00<?, ?it/s, loss=0.366, v_num=]         
Epoch 85:   0%|          | 0/32 [00:00<?, ?it/s, loss=0.366, v_num=]
Epoch 85:  62%|██████▎   | 20/32 [00:00<00:00, 22.28it/s, loss=0.366, v_num=]
Epoch 85:  62%|██████▎   | 20/32 [00:00<00:00, 22.26it/s, loss=0.364, v_num=]
Epoch 85: 100%|██████████| 32/32 [00:01<00:00, 22.43it/s, loss=0.367, v_num=]Evaluating...
NMI : 0.3466949037830432, ARI: 0.09535629229663545, ACC: 0.1, current K: 2

Epoch 85:   0%|          | 0/32 [00:00<?, ?it/s, loss=0.367, v_num=]         
Epoch 86:   0%|          | 0/32 [00:00<?, ?it/s, loss=0.367, v_num=]/usr/local/lib/python3.13/dist-packages/torch/utils/data/dataloader.py:432: UserWarning: This DataLoader will create 6 worker processes in total. Our suggested max number of worker in current system is 2, which is smaller than what this DataLoader is going to create. Please be aware that excessive worker creation might get DataLoader running slow or even freeze, lower the worker number to avoid potential slowness/freeze if necessary.
  self.check_worker_number_rationality()

Epoch 86:  62%|██████▎   | 20/32 [00:01<00:00, 16.81it/s, loss=0.367, v_num=]
Epoch 86:  62%|██████▎   | 20/32 [00:01<00:00, 16.74it/s, loss=0.366, v_num=]
Epoch 86: 100%|██████████| 32/32 [00:02<00:00, 15.47it/s, loss=0.364, v_num=]
Epoch 86:   0%|          | 0/32 [00:00<?, ?it/s, loss=0.364, v_num=]         
Epoch 87:   0%|          | 0/32 [00:00<?, ?it/s, loss=0.364, v_num=]
Epoch 87:  62%|██████▎   | 20/32 [00:00<00:00, 30.50it/s, loss=0.364, v_num=]
Epoch 87:  62%|██████▎   | 20/32 [00:00<00:00, 30.46it/s, loss=0.368, v_num=]
Epoch 87: 100%|██████████| 32/32 [00:01<00:00, 31.74it/s, loss=0.365, v_num=]
Epoch 87:   0%|          | 0/32 [00:00<?, ?it/s, loss=0.365, v_num=]         
Epoch 88:   0%|          | 0/32 [00:00<?, ?it/s, loss=0.365, v_num=]
Epoch 88:  62%|██████▎   | 20/32 [00:00<00:00, 29.80it/s, loss=0.365, v_num=]
Epoch 88:  62%|██████▎   | 20/32 [00:00<00:00, 29.77it/s, loss=0.363, v_num=]
Epoch 88: 100%|██████████| 32/32 [00:01<00:00, 31.68it/s, loss=0.362, v_num=]
Epoch 88:   0%|          | 0/32 [00:00<?, ?it/s, loss=0.362, v_num=]         
Epoch 89:   0%|          | 0/32 [00:00<?, ?it/s, loss=0.362, v_num=]
Epoch 89:  62%|██████▎   | 20/32 [00:00<00:00, 31.20it/s, loss=0.362, v_num=]
Epoch 89:  62%|██████▎   | 20/32 [00:00<00:00, 31.16it/s, loss=0.365, v_num=]
Epoch 89: 100%|██████████| 32/32 [00:00<00:00, 32.80it/s, loss=0.364, v_num=]
Epoch 89:   0%|          | 0/32 [00:00<?, ?it/s, loss=0.364, v_num=]         
Epoch 90:   0%|          | 0/32 [00:00<?, ?it/s, loss=0.364, v_num=]
Epoch 90:  62%|██████▎   | 20/32 [00:00<00:00, 30.42it/s, loss=0.364, v_num=]
Epoch 90:  62%|██████▎   | 20/32 [00:00<00:00, 30.38it/s, loss=0.368, v_num=]
Epoch 90: 100%|██████████| 32/32 [00:00<00:00, 32.14it/s, loss=0.369, v_num=]Evaluating...
NMI : 0.3478031343542994, ARI: 0.09555234176677416, ACC: 0.1, current K: 2
Epoch 90 | NMI: 0.3478, ARI: 0.0956, ACC: 0.1000, current K: 2
Confusion Matrix:
[[  2 198   0   0   0   0   0   0   0   0   0   0   0   0   0   0   0   0
    0   0]
 [198   2   0   0   0   0   0   0   0   0   0   0   0   0   0   0   0   0
    0   0]
 [  2 198   0   0   0   0   0   0   0   0   0   0   0   0   0   0   0   0
    0   0]
 [199   1   0   0   0   0   0   0   0   0   0   0   0   0   0   0   0   0
    0   0]
 [  4 196   0   0   0   0   0   0   0   0   0   0   0   0   0   0   0   0
    0   0]
 [190  10   0   0   0   0   0   0   0   0   0   0   0   0   0   0   0   0
    0   0]
 [  0 200   0   0   0   0   0   0   0   0   0   0   0   0   0   0   0   0
    0   0]
 [200   0   0   0   0   0   0   0   0   0   0   0   0   0   0   0   0   0
    0   0]
 [  0 200   0   0   0   0   0   0   0   0   0   0   0   0   0   0   0   0
    0   0]
 [196   4   0   0   0   0   0   0   0   0   0   0   0   0   0   0   0   0
    0   0]
 [  2 198   0   0   0   0   0   0   0   0   0   0   0   0   0   0   0   0
    0   0]
 [197   3   0   0   0   0   0   0   0   0   0   0   0   0   0   0   0   0
    0   0]
 [  0 200   0   0   0   0   0   0   0   0   0   0   0   0   0   0   0   0
    0   0]
 [196   4   0   0   0   0   0   0   0   0   0   0   0   0   0   0   0   0
    0   0]
 [  1 199   0   0   0   0   0   0   0   0   0   0   0   0   0   0   0   0
    0   0]
 [198   2   0   0   0   0   0   0   0   0   0   0   0   0   0   0   0   0
    0   0]
 [  1 199   0   0   0   0   0   0   0   0   0   0   0   0   0   0   0   0
    0   0]
 [198   2   0   0   0   0   0   0   0   0   0   0   0   0   0   0   0   0
    0   0]
 [  1 199   0   0   0   0   0   0   0   0   0   0   0   0   0   0   0   0
    0   0]
 [200   0   0   0   0   0   0   0   0   0   0   0   0   0   0   0   0   0
    0   0]]

Epoch 90:   0%|          | 0/32 [00:00<?, ?it/s, loss=0.369, v_num=]         
Epoch 91:   0%|          | 0/32 [00:00<?, ?it/s, loss=0.369, v_num=]/usr/local/lib/python3.13/dist-packages/torch/utils/data/dataloader.py:432: UserWarning: This DataLoader will create 6 worker processes in total. Our suggested max number of worker in current system is 2, which is smaller than what this DataLoader is going to create. Please be aware that excessive worker creation might get DataLoader running slow or even freeze, lower the worker number to avoid potential slowness/freeze if necessary.
  self.check_worker_number_rationality()

Epoch 91:  62%|██████▎   | 20/32 [00:00<00:00, 30.46it/s, loss=0.369, v_num=]
Epoch 91:  62%|██████▎   | 20/32 [00:00<00:00, 30.43it/s, loss=0.366, v_num=]
Epoch 91: 100%|██████████| 32/32 [00:00<00:00, 32.03it/s, loss=0.365, v_num=]
Epoch 91:   0%|          | 0/32 [00:00<?, ?it/s, loss=0.365, v_num=]         
Epoch 92:   0%|          | 0/32 [00:00<?, ?it/s, loss=0.365, v_num=]
Epoch 92:  62%|██████▎   | 20/32 [00:00<00:00, 32.03it/s, loss=0.365, v_num=]
Epoch 92:  62%|██████▎   | 20/32 [00:00<00:00, 31.99it/s, loss=0.366, v_num=]
Epoch 92: 100%|██████████| 32/32 [00:00<00:00, 33.29it/s, loss=0.361, v_num=]
Epoch 92:   0%|          | 0/32 [00:00<?, ?it/s, loss=0.361, v_num=]         
Epoch 93:   0%|          | 0/32 [00:00<?, ?it/s, loss=0.361, v_num=]
Epoch 93:  62%|██████▎   | 20/32 [00:00<00:00, 30.47it/s, loss=0.361, v_num=]
Epoch 93:  62%|██████▎   | 20/32 [00:00<00:00, 30.43it/s, loss=0.369, v_num=]
Epoch 93: 100%|██████████| 32/32 [00:01<00:00, 30.14it/s, loss=0.362, v_num=]
Epoch 93:   0%|          | 0/32 [00:00<?, ?it/s, loss=0.362, v_num=]         
Epoch 94:   0%|          | 0/32 [00:00<?, ?it/s, loss=0.362, v_num=]
Epoch 94:  62%|██████▎   | 20/32 [00:00<00:00, 23.15it/s, loss=0.362, v_num=]
Epoch 94:  62%|██████▎   | 20/32 [00:00<00:00, 23.13it/s, loss=0.364, v_num=]
Epoch 94: 100%|██████████| 32/32 [00:01<00:00, 23.27it/s, loss=0.368, v_num=]
Epoch 94:   0%|          | 0/32 [00:00<?, ?it/s, loss=0.368, v_num=]         
Epoch 95:   0%|          | 0/32 [00:00<?, ?it/s, loss=0.368, v_num=]
Epoch 95:  62%|██████▎   | 20/32 [00:00<00:00, 21.35it/s, loss=0.368, v_num=]
Epoch 95:  62%|██████▎   | 20/32 [00:00<00:00, 21.32it/s, loss=0.364, v_num=]
Epoch 95: 100%|██████████| 32/32 [00:01<00:00, 22.19it/s, loss=0.364, v_num=]Evaluating...
NMI : 0.34769105912308373, ARI: 0.09546821513986135, ACC: 0.1, current K: 2

Epoch 95:   0%|          | 0/32 [00:00<?, ?it/s, loss=0.364, v_num=]         
Epoch 96:   0%|          | 0/32 [00:00<?, ?it/s, loss=0.364, v_num=]/usr/local/lib/python3.13/dist-packages/torch/utils/data/dataloader.py:432: UserWarning: This DataLoader will create 6 worker processes in total. Our suggested max number of worker in current system is 2, which is smaller than what this DataLoader is going to create. Please be aware that excessive worker creation might get DataLoader running slow or even freeze, lower the worker number to avoid potential slowness/freeze if necessary.
  self.check_worker_number_rationality()

Epoch 96:  62%|██████▎   | 20/32 [00:00<00:00, 30.05it/s, loss=0.364, v_num=]
Epoch 96:  62%|██████▎   | 20/32 [00:00<00:00, 30.02it/s, loss=0.363, v_num=]
Epoch 96: 100%|██████████| 32/32 [00:01<00:00, 31.61it/s, loss=0.363, v_num=]
Epoch 96:   0%|          | 0/32 [00:00<?, ?it/s, loss=0.363, v_num=]         
Epoch 97:   0%|          | 0/32 [00:00<?, ?it/s, loss=0.363, v_num=]
Epoch 97:  62%|██████▎   | 20/32 [00:00<00:00, 30.05it/s, loss=0.363, v_num=]
Epoch 97:  62%|██████▎   | 20/32 [00:00<00:00, 30.01it/s, loss=0.362, v_num=]
Epoch 97: 100%|██████████| 32/32 [00:01<00:00, 31.84it/s, loss=0.366, v_num=]
Epoch 97:   0%|          | 0/32 [00:00<?, ?it/s, loss=0.366, v_num=]         
Epoch 98:   0%|          | 0/32 [00:00<?, ?it/s, loss=0.366, v_num=]
Epoch 98:  62%|██████▎   | 20/32 [00:00<00:00, 29.67it/s, loss=0.366, v_num=]
Epoch 98:  62%|██████▎   | 20/32 [00:00<00:00, 29.63it/s, loss=0.363, v_num=]
Epoch 98: 100%|██████████| 32/32 [00:01<00:00, 31.12it/s, loss=0.366, v_num=]
Epoch 98:   0%|          | 0/32 [00:00<?, ?it/s, loss=0.366, v_num=]         
Epoch 99:   0%|          | 0/32 [00:00<?, ?it/s, loss=0.366, v_num=]
Epoch 99:  62%|██████▎   | 20/32 [00:00<00:00, 29.76it/s, loss=0.366, v_num=]
Epoch 99:  62%|██████▎   | 20/32 [00:00<00:00, 29.72it/s, loss=0.366, v_num=]
Epoch 99: 100%|██████████| 32/32 [00:01<00:00, 31.54it/s, loss=0.363, v_num=]
Epoch 99:   0%|          | 0/32 [00:00<?, ?it/s, loss=0.363, v_num=]         
Epoch 100:   0%|          | 0/32 [00:00<?, ?it/s, loss=0.363, v_num=]
Epoch 100:  62%|██████▎   | 20/32 [00:00<00:00, 29.44it/s, loss=0.363, v_num=]
Epoch 100:  62%|██████▎   | 20/32 [00:00<00:00, 29.41it/s, loss=0.367, v_num=]
Epoch 100: 100%|██████████| 32/32 [00:01<00:00, 31.18it/s, loss=0.365, v_num=]Evaluating...
NMI : 0.34769105912308373, ARI: 0.09546821513986135, ACC: 0.1, current K: 2
Epoch 100 | NMI: 0.3477, ARI: 0.0955, ACC: 0.1000, current K: 2
Confusion Matrix:
[[  1 199   0   0   0   0   0   0   0   0   0   0   0   0   0   0   0   0
    0   0]
 [198   2   0   0   0   0   0   0   0   0   0   0   0   0   0   0   0   0
    0   0]
 [  2 198   0   0   0   0   0   0   0   0   0   0   0   0   0   0   0   0
    0   0]
 [199   1   0   0   0   0   0   0   0   0   0   0   0   0   0   0   0   0
    0   0]
 [  4 196   0   0   0   0   0   0   0   0   0   0   0   0   0   0   0   0
    0   0]
 [188  12   0   0   0   0   0   0   0   0   0   0   0   0   0   0   0   0
    0   0]
 [  0 200   0   0   0   0   0   0   0   0   0   0   0   0   0   0   0   0
    0   0]
 [200   0   0   0   0   0   0   0   0   0   0   0   0   0   0   0   0   0
    0   0]
 [  0 200   0   0   0   0   0   0   0   0   0   0   0   0   0   0   0   0
    0   0]
 [196   4   0   0   0   0   0   0   0   0   0   0   0   0   0   0   0   0
    0   0]
 [  2 198   0   0   0   0   0   0   0   0   0   0   0   0   0   0   0   0
    0   0]
 [197   3   0   0   0   0   0   0   0   0   0   0   0   0   0   0   0   0
    0   0]
 [  0 200   0   0   0   0   0   0   0   0   0   0   0   0   0   0   0   0
    0   0]
 [196   4   0   0   0   0   0   0   0   0   0   0   0   0   0   0   0   0
    0   0]
 [  1 199   0   0   0   0   0   0   0   0   0   0   0   0   0   0   0   0
    0   0]
 [198   2   0   0   0   0   0   0   0   0   0   0   0   0   0   0   0   0
    0   0]
 [  1 199   0   0   0   0   0   0   0   0   0   0   0   0   0   0   0   0
    0   0]
 [198   2   0   0   0   0   0   0   0   0   0   0   0   0   0   0   0   0
    0   0]
 [  1 199   0   0   0   0   0   0   0   0   0   0   0   0   0   0   0   0
    0   0]
 [200   0   0   0   0   0   0   0   0   0   0   0   0   0   0   0   0   0
    0   0]]

Epoch 100:   0%|          | 0/32 [00:00<?, ?it/s, loss=0.365, v_num=]         
Epoch 101:   0%|          | 0/32 [00:00<?, ?it/s, loss=0.365, v_num=]/usr/local/lib/python3.13/dist-packages/torch/utils/data/dataloader.py:432: UserWarning: This DataLoader will create 6 worker processes in total. Our suggested max number of worker in current system is 2, which is smaller than what this DataLoader is going to create. Please be aware that excessive worker creation might get DataLoader running slow or even freeze, lower the worker number to avoid potential slowness/freeze if necessary.
  self.check_worker_number_rationality()

Epoch 101:  62%|██████▎   | 20/32 [00:00<00:00, 29.24it/s, loss=0.365, v_num=]
Epoch 101:  62%|██████▎   | 20/32 [00:00<00:00, 29.20it/s, loss=0.367, v_num=]
Epoch 101: 100%|██████████| 32/32 [00:01<00:00, 31.54it/s, loss=0.361, v_num=]
Epoch 101:   0%|          | 0/32 [00:00<?, ?it/s, loss=0.361, v_num=]         
Epoch 102:   0%|          | 0/32 [00:00<?, ?it/s, loss=0.361, v_num=]
Epoch 102:  62%|██████▎   | 20/32 [00:00<00:00, 29.91it/s, loss=0.361, v_num=]
Epoch 102:  62%|██████▎   | 20/32 [00:00<00:00, 29.87it/s, loss=0.36, v_num=] 
Epoch 102: 100%|██████████| 32/32 [00:01<00:00, 29.95it/s, loss=0.364, v_num=]
Epoch 102:   0%|          | 0/32 [00:00<?, ?it/s, loss=0.364, v_num=]         
Epoch 103:   0%|          | 0/32 [00:00<?, ?it/s, loss=0.364, v_num=]
Epoch 103:  62%|██████▎   | 20/32 [00:00<00:00, 30.29it/s, loss=0.364, v_num=]
Epoch 103:  62%|██████▎   | 20/32 [00:00<00:00, 30.26it/s, loss=0.363, v_num=]
Epoch 103: 100%|██████████| 32/32 [00:01<00:00, 31.88it/s, loss=0.361, v_num=]
Epoch 103:   0%|          | 0/32 [00:00<?, ?it/s, loss=0.361, v_num=]         
Epoch 104:   0%|          | 0/32 [00:00<?, ?it/s, loss=0.361, v_num=]
Epoch 104:  62%|██████▎   | 20/32 [00:00<00:00, 29.98it/s, loss=0.361, v_num=]
Epoch 104:  62%|██████▎   | 20/32 [00:00<00:00, 29.95it/s, loss=0.368, v_num=]
Epoch 104: 100%|██████████| 32/32 [00:01<00:00, 31.64it/s, loss=0.364, v_num=]
Epoch 104:   0%|          | 0/32 [00:00<?, ?it/s, loss=0.364, v_num=]         
Epoch 105:   0%|          | 0/32 [00:00<?, ?it/s, loss=0.364, v_num=]
Epoch 105:  62%|██████▎   | 20/32 [00:00<00:00, 22.17it/s, loss=0.364, v_num=]
Epoch 105:  62%|██████▎   | 20/32 [00:00<00:00, 22.14it/s, loss=0.362, v_num=]
Epoch 105: 100%|██████████| 32/32 [00:01<00:00, 22.96it/s, loss=0.361, v_num=]Evaluating...
NMI : 0.34769105912308373, ARI: 0.09546821513986135, ACC: 0.1, current K: 2

Epoch 105:   0%|          | 0/32 [00:00<?, ?it/s, loss=0.361, v_num=]         
Epoch 106:   0%|          | 0/32 [00:00<?, ?it/s, loss=0.361, v_num=]/usr/local/lib/python3.13/dist-packages/torch/utils/data/dataloader.py:432: UserWarning: This DataLoader will create 6 worker processes in total. Our suggested max number of worker in current system is 2, which is smaller than what this DataLoader is going to create. Please be aware that excessive worker creation might get DataLoader running slow or even freeze, lower the worker number to avoid potential slowness/freeze if necessary.
  self.check_worker_number_rationality()

Epoch 106:  62%|██████▎   | 20/32 [00:00<00:00, 21.45it/s, loss=0.361, v_num=]
Epoch 106:  62%|██████▎   | 20/32 [00:00<00:00, 21.43it/s, loss=0.365, v_num=]
Epoch 106: 100%|██████████| 32/32 [00:01<00:00, 22.25it/s, loss=0.358, v_num=]
Epoch 106:   0%|          | 0/32 [00:00<?, ?it/s, loss=0.358, v_num=]         
Epoch 107:   0%|          | 0/32 [00:00<?, ?it/s, loss=0.358, v_num=]
Epoch 107:  62%|██████▎   | 20/32 [00:00<00:00, 25.25it/s, loss=0.358, v_num=]
Epoch 107:  62%|██████▎   | 20/32 [00:00<00:00, 25.22it/s, loss=0.365, v_num=]
Epoch 107: 100%|██████████| 32/32 [00:01<00:00, 27.99it/s, loss=0.364, v_num=]
Epoch 107:   0%|          | 0/32 [00:00<?, ?it/s, loss=0.364, v_num=]         
Epoch 108:   0%|          | 0/32 [00:00<?, ?it/s, loss=0.364, v_num=]
Epoch 108:  62%|██████▎   | 20/32 [00:00<00:00, 29.42it/s, loss=0.364, v_num=]
Epoch 108:  62%|██████▎   | 20/32 [00:00<00:00, 29.38it/s, loss=0.363, v_num=]
Epoch 108: 100%|██████████| 32/32 [00:01<00:00, 30.94it/s, loss=0.364, v_num=]
Epoch 108:   0%|          | 0/32 [00:00<?, ?it/s, loss=0.364, v_num=]         
Epoch 109:   0%|          | 0/32 [00:00<?, ?it/s, loss=0.364, v_num=]
Epoch 109:  62%|██████▎   | 20/32 [00:00<00:00, 29.53it/s, loss=0.364, v_num=]
Epoch 109:  62%|██████▎   | 20/32 [00:00<00:00, 29.50it/s, loss=0.362, v_num=]
Epoch 109: 100%|██████████| 32/32 [00:01<00:00, 31.11it/s, loss=0.364, v_num=]
Epoch 109:   0%|          | 0/32 [00:00<?, ?it/s, loss=0.364, v_num=]         
Epoch 110:   0%|          | 0/32 [00:00<?, ?it/s, loss=0.364, v_num=]
Epoch 110:  62%|██████▎   | 20/32 [00:00<00:00, 28.82it/s, loss=0.364, v_num=]
Epoch 110:  62%|██████▎   | 20/32 [00:00<00:00, 28.79it/s, loss=0.36, v_num=] 
Epoch 110: 100%|██████████| 32/32 [00:01<00:00, 30.87it/s, loss=0.36, v_num=]Evaluating...
NMI : 0.3480721437693515, ARI: 0.0955583751626248, ACC: 0.1, current K: 2
Epoch 110 | NMI: 0.3481, ARI: 0.0956, ACC: 0.1000, current K: 2
Confusion Matrix:
[[  1 199   0   0   0   0   0   0   0   0   0   0   0   0   0   0   0   0
    0   0]
 [198   2   0   0   0   0   0   0   0   0   0   0   0   0   0   0   0   0
    0   0]
 [  2 198   0   0   0   0   0   0   0   0   0   0   0   0   0   0   0   0
    0   0]
 [199   1   0   0   0   0   0   0   0   0   0   0   0   0   0   0   0   0
    0   0]
 [  4 196   0   0   0   0   0   0   0   0   0   0   0   0   0   0   0   0
    0   0]
 [189  11   0   0   0   0   0   0   0   0   0   0   0   0   0   0   0   0
    0   0]
 [  0 200   0   0   0   0   0   0   0   0   0   0   0   0   0   0   0   0
    0   0]
 [200   0   0   0   0   0   0   0   0   0   0   0   0   0   0   0   0   0
    0   0]
 [  0 200   0   0   0   0   0   0   0   0   0   0   0   0   0   0   0   0
    0   0]
 [196   4   0   0   0   0   0   0   0   0   0   0   0   0   0   0   0   0
    0   0]
 [  2 198   0   0   0   0   0   0   0   0   0   0   0   0   0   0   0   0
    0   0]
 [197   3   0   0   0   0   0   0   0   0   0   0   0   0   0   0   0   0
    0   0]
 [  0 200   0   0   0   0   0   0   0   0   0   0   0   0   0   0   0   0
    0   0]
 [196   4   0   0   0   0   0   0   0   0   0   0   0   0   0   0   0   0
    0   0]
 [  1 199   0   0   0   0   0   0   0   0   0   0   0   0   0   0   0   0
    0   0]
 [198   2   0   0   0   0   0   0   0   0   0   0   0   0   0   0   0   0
    0   0]
 [  1 199   0   0   0   0   0   0   0   0   0   0   0   0   0   0   0   0
    0   0]
 [198   2   0   0   0   0   0   0   0   0   0   0   0   0   0   0   0   0
    0   0]
 [  1 199   0   0   0   0   0   0   0   0   0   0   0   0   0   0   0   0
    0   0]
 [200   0   0   0   0   0   0   0   0   0   0   0   0   0   0   0   0   0
    0   0]]

Epoch 110:   0%|          | 0/32 [00:00<?, ?it/s, loss=0.36, v_num=]         
Epoch 111:   0%|          | 0/32 [00:00<?, ?it/s, loss=0.36, v_num=]/usr/local/lib/python3.13/dist-packages/torch/utils/data/dataloader.py:432: UserWarning: This DataLoader will create 6 worker processes in total. Our suggested max number of worker in current system is 2, which is smaller than what this DataLoader is going to create. Please be aware that excessive worker creation might get DataLoader running slow or even freeze, lower the worker number to avoid potential slowness/freeze if necessary.
  self.check_worker_number_rationality()

Epoch 111:  62%|██████▎   | 20/32 [00:00<00:00, 29.48it/s, loss=0.36, v_num=]
Epoch 111:  62%|██████▎   | 20/32 [00:00<00:00, 29.44it/s, loss=0.364, v_num=]
Epoch 111: 100%|██████████| 32/32 [00:01<00:00, 31.17it/s, loss=0.364, v_num=]
Epoch 111:   0%|          | 0/32 [00:00<?, ?it/s, loss=0.364, v_num=]         
Epoch 112:   0%|          | 0/32 [00:00<?, ?it/s, loss=0.364, v_num=]
Epoch 112:  62%|██████▎   | 20/32 [00:00<00:00, 30.69it/s, loss=0.364, v_num=]
Epoch 112:  62%|██████▎   | 20/32 [00:00<00:00, 30.65it/s, loss=0.361, v_num=]
Epoch 112: 100%|██████████| 32/32 [00:00<00:00, 32.14it/s, loss=0.365, v_num=]
Epoch 112:   0%|          | 0/32 [00:00<?, ?it/s, loss=0.365, v_num=]         
Epoch 113:   0%|          | 0/32 [00:00<?, ?it/s, loss=0.365, v_num=]
Epoch 113:  62%|██████▎   | 20/32 [00:00<00:00, 29.48it/s, loss=0.365, v_num=]
Epoch 113:  62%|██████▎   | 20/32 [00:00<00:00, 29.45it/s, loss=0.361, v_num=]
Epoch 113: 100%|██████████| 32/32 [00:01<00:00, 31.18it/s, loss=0.363, v_num=]
Epoch 113:   0%|          | 0/32 [00:00<?, ?it/s, loss=0.363, v_num=]         
Epoch 114:   0%|          | 0/32 [00:00<?, ?it/s, loss=0.363, v_num=]
Epoch 114:  62%|██████▎   | 20/32 [00:00<00:00, 29.72it/s, loss=0.363, v_num=]
Epoch 114:  62%|██████▎   | 20/32 [00:00<00:00, 29.69it/s, loss=0.363, v_num=]
Epoch 114: 100%|██████████| 32/32 [00:01<00:00, 31.55it/s, loss=0.37, v_num=] 
Epoch 114:   0%|          | 0/32 [00:00<?, ?it/s, loss=0.37, v_num=]         
Epoch 115:   0%|          | 0/32 [00:00<?, ?it/s, loss=0.37, v_num=]
Epoch 115:  62%|██████▎   | 20/32 [00:00<00:00, 30.15it/s, loss=0.37, v_num=]
Epoch 115:  62%|██████▎   | 20/32 [00:00<00:00, 30.12it/s, loss=0.361, v_num=]
Epoch 115: 100%|██████████| 32/32 [00:01<00:00, 31.71it/s, loss=0.367, v_num=]Evaluating...
NMI : 0.34909084020503833, ARI: 0.09566429399891474, ACC: 0.1, current K: 2

Epoch 115:   0%|          | 0/32 [00:00<?, ?it/s, loss=0.367, v_num=]         
Epoch 116:   0%|          | 0/32 [00:00<?, ?it/s, loss=0.367, v_num=]/usr/local/lib/python3.13/dist-packages/torch/utils/data/dataloader.py:432: UserWarning: This DataLoader will create 6 worker processes in total. Our suggested max number of worker in current system is 2, which is smaller than what this DataLoader is going to create. Please be aware that excessive worker creation might get DataLoader running slow or even freeze, lower the worker number to avoid potential slowness/freeze if necessary.
  self.check_worker_number_rationality()

Epoch 116:  62%|██████▎   | 20/32 [00:00<00:00, 29.60it/s, loss=0.367, v_num=]
Epoch 116:  62%|██████▎   | 20/32 [00:00<00:00, 29.56it/s, loss=0.361, v_num=]
Epoch 116: 100%|██████████| 32/32 [00:01<00:00, 29.68it/s, loss=0.363, v_num=]
Epoch 116:   0%|          | 0/32 [00:00<?, ?it/s, loss=0.363, v_num=]         
Epoch 117:   0%|          | 0/32 [00:00<?, ?it/s, loss=0.363, v_num=]
Epoch 117:  62%|██████▎   | 20/32 [00:00<00:00, 22.37it/s, loss=0.363, v_num=]
Epoch 117:  62%|██████▎   | 20/32 [00:00<00:00, 22.35it/s, loss=0.364, v_num=]
Epoch 117: 100%|██████████| 32/32 [00:01<00:00, 22.79it/s, loss=0.365, v_num=]
Epoch 117:   0%|          | 0/32 [00:00<?, ?it/s, loss=0.365, v_num=]         
Epoch 118:   0%|          | 0/32 [00:00<?, ?it/s, loss=0.365, v_num=]
Epoch 118:  62%|██████▎   | 20/32 [00:00<00:00, 21.84it/s, loss=0.365, v_num=]
Epoch 118:  62%|██████▎   | 20/32 [00:00<00:00, 21.81it/s, loss=0.363, v_num=]
Epoch 118: 100%|██████████| 32/32 [00:01<00:00, 22.26it/s, loss=0.36, v_num=] 
Epoch 118:   0%|          | 0/32 [00:00<?, ?it/s, loss=0.36, v_num=]         
Epoch 119:   0%|          | 0/32 [00:00<?, ?it/s, loss=0.36, v_num=]
Epoch 119:  62%|██████▎   | 20/32 [00:00<00:00, 29.83it/s, loss=0.36, v_num=]
Epoch 119:  62%|██████▎   | 20/32 [00:00<00:00, 29.80it/s, loss=0.362, v_num=]
Epoch 119: 100%|██████████| 32/32 [00:01<00:00, 30.89it/s, loss=0.358, v_num=]
Epoch 119:   0%|          | 0/32 [00:00<?, ?it/s, loss=0.358, v_num=]         
Epoch 120:   0%|          | 0/32 [00:00<?, ?it/s, loss=0.358, v_num=]
Epoch 120:  62%|██████▎   | 20/32 [00:00<00:00, 29.47it/s, loss=0.358, v_num=]
Epoch 120:  62%|██████▎   | 20/32 [00:00<00:00, 29.43it/s, loss=0.363, v_num=]
Epoch 120: 100%|██████████| 32/32 [00:01<00:00, 30.94it/s, loss=0.359, v_num=]Evaluating...
NMI : 0.35006693453708354, ARI: 0.09585352936183962, ACC: 0.1, current K: 2
Epoch 120 | NMI: 0.3501, ARI: 0.0959, ACC: 0.1000, current K: 2
Confusion Matrix:
[[  1 199   0   0   0   0   0   0   0   0   0   0   0   0   0   0   0   0
    0   0]
 [198   2   0   0   0   0   0   0   0   0   0   0   0   0   0   0   0   0
    0   0]
 [  2 198   0   0   0   0   0   0   0   0   0   0   0   0   0   0   0   0
    0   0]
 [199   1   0   0   0   0   0   0   0   0   0   0   0   0   0   0   0   0
    0   0]
 [  4 196   0   0   0   0   0   0   0   0   0   0   0   0   0   0   0   0
    0   0]
 [189  11   0   0   0   0   0   0   0   0   0   0   0   0   0   0   0   0
    0   0]
 [  0 200   0   0   0   0   0   0   0   0   0   0   0   0   0   0   0   0
    0   0]
 [200   0   0   0   0   0   0   0   0   0   0   0   0   0   0   0   0   0
    0   0]
 [  0 200   0   0   0   0   0   0   0   0   0   0   0   0   0   0   0   0
    0   0]
 [196   4   0   0   0   0   0   0   0   0   0   0   0   0   0   0   0   0
    0   0]
 [  2 198   0   0   0   0   0   0   0   0   0   0   0   0   0   0   0   0
    0   0]
 [197   3   0   0   0   0   0   0   0   0   0   0   0   0   0   0   0   0
    0   0]
 [  0 200   0   0   0   0   0   0   0   0   0   0   0   0   0   0   0   0
    0   0]
 [198   2   0   0   0   0   0   0   0   0   0   0   0   0   0   0   0   0
    0   0]
 [  1 199   0   0   0   0   0   0   0   0   0   0   0   0   0   0   0   0
    0   0]
 [198   2   0   0   0   0   0   0   0   0   0   0   0   0   0   0   0   0
    0   0]
 [  0 200   0   0   0   0   0   0   0   0   0   0   0   0   0   0   0   0
    0   0]
 [198   2   0   0   0   0   0   0   0   0   0   0   0   0   0   0   0   0
    0   0]
 [  1 199   0   0   0   0   0   0   0   0   0   0   0   0   0   0   0   0
    0   0]
 [200   0   0   0   0   0   0   0   0   0   0   0   0   0   0   0   0   0
    0   0]]

Epoch 120:   0%|          | 0/32 [00:00<?, ?it/s, loss=0.359, v_num=]         
Epoch 121:   0%|          | 0/32 [00:00<?, ?it/s, loss=0.359, v_num=]/usr/local/lib/python3.13/dist-packages/torch/utils/data/dataloader.py:432: UserWarning: This DataLoader will create 6 worker processes in total. Our suggested max number of worker in current system is 2, which is smaller than what this DataLoader is going to create. Please be aware that excessive worker creation might get DataLoader running slow or even freeze, lower the worker number to avoid potential slowness/freeze if necessary.
  self.check_worker_number_rationality()

Epoch 121:  62%|██████▎   | 20/32 [00:00<00:00, 29.39it/s, loss=0.359, v_num=]
Epoch 121:  62%|██████▎   | 20/32 [00:00<00:00, 29.35it/s, loss=0.363, v_num=]
Epoch 121: 100%|██████████| 32/32 [00:01<00:00, 31.33it/s, loss=0.359, v_num=]
Epoch 121:   0%|          | 0/32 [00:00<?, ?it/s, loss=0.359, v_num=]         
Epoch 122:   0%|          | 0/32 [00:00<?, ?it/s, loss=0.359, v_num=]
Epoch 122:  62%|██████▎   | 20/32 [00:00<00:00, 29.62it/s, loss=0.359, v_num=]
Epoch 122:  62%|██████▎   | 20/32 [00:00<00:00, 29.58it/s, loss=0.361, v_num=]
Epoch 122: 100%|██████████| 32/32 [00:01<00:00, 31.32it/s, loss=0.366, v_num=]
Epoch 122:   0%|          | 0/32 [00:00<?, ?it/s, loss=0.366, v_num=]         
Epoch 123:   0%|          | 0/32 [00:00<?, ?it/s, loss=0.366, v_num=]
Epoch 123:  62%|██████▎   | 20/32 [00:00<00:00, 29.46it/s, loss=0.366, v_num=]
Epoch 123:  62%|██████▎   | 20/32 [00:00<00:00, 29.43it/s, loss=0.362, v_num=]
Epoch 123: 100%|██████████| 32/32 [00:01<00:00, 31.16it/s, loss=0.362, v_num=]
Epoch 123:   0%|          | 0/32 [00:00<?, ?it/s, loss=0.362, v_num=]         
Epoch 124:   0%|          | 0/32 [00:00<?, ?it/s, loss=0.362, v_num=]
Epoch 124:  62%|██████▎   | 20/32 [00:00<00:00, 29.09it/s, loss=0.362, v_num=]
Epoch 124:  62%|██████▎   | 20/32 [00:00<00:00, 29.05it/s, loss=0.365, v_num=]
Epoch 124: 100%|██████████| 32/32 [00:01<00:00, 30.83it/s, loss=0.365, v_num=]
Epoch 124:   0%|          | 0/32 [00:00<?, ?it/s, loss=0.365, v_num=]         
Epoch 125:   0%|          | 0/32 [00:00<?, ?it/s, loss=0.365, v_num=]
Epoch 125:  62%|██████▎   | 20/32 [00:00<00:00, 30.11it/s, loss=0.365, v_num=]
Epoch 125:  62%|██████▎   | 20/32 [00:00<00:00, 30.07it/s, loss=0.359, v_num=]
Epoch 125: 100%|██████████| 32/32 [00:01<00:00, 31.75it/s, loss=0.366, v_num=]Evaluating...
NMI : 0.3506150872885426, ARI: 0.09595151120104808, ACC: 0.1, current K: 2

Epoch 125:   0%|          | 0/32 [00:00<?, ?it/s, loss=0.366, v_num=]         
Epoch 126:   0%|          | 0/32 [00:00<?, ?it/s, loss=0.366, v_num=]/usr/local/lib/python3.13/dist-packages/torch/utils/data/dataloader.py:432: UserWarning: This DataLoader will create 6 worker processes in total. Our suggested max number of worker in current system is 2, which is smaller than what this DataLoader is going to create. Please be aware that excessive worker creation might get DataLoader running slow or even freeze, lower the worker number to avoid potential slowness/freeze if necessary.
  self.check_worker_number_rationality()

Epoch 126:  62%|██████▎   | 20/32 [00:00<00:00, 29.50it/s, loss=0.366, v_num=]
Epoch 126:  62%|██████▎   | 20/32 [00:00<00:00, 29.47it/s, loss=0.361, v_num=]
Epoch 126: 100%|██████████| 32/32 [00:01<00:00, 31.01it/s, loss=0.361, v_num=]
Epoch 126:   0%|          | 0/32 [00:00<?, ?it/s, loss=0.361, v_num=]         
Epoch 127:   0%|          | 0/32 [00:00<?, ?it/s, loss=0.361, v_num=]
Epoch 127:  62%|██████▎   | 20/32 [00:00<00:00, 29.37it/s, loss=0.361, v_num=]
Epoch 127:  62%|██████▎   | 20/32 [00:00<00:00, 29.34it/s, loss=0.361, v_num=]
Epoch 127: 100%|██████████| 32/32 [00:01<00:00, 31.02it/s, loss=0.361, v_num=]
Epoch 127:   0%|          | 0/32 [00:00<?, ?it/s, loss=0.361, v_num=]         
Epoch 128:   0%|          | 0/32 [00:00<?, ?it/s, loss=0.361, v_num=]
Epoch 128:  62%|██████▎   | 20/32 [00:00<00:00, 26.08it/s, loss=0.361, v_num=]
Epoch 128:  62%|██████▎   | 20/32 [00:00<00:00, 26.04it/s, loss=0.362, v_num=]
Epoch 128: 100%|██████████| 32/32 [00:01<00:00, 25.82it/s, loss=0.357, v_num=]
Epoch 128:   0%|          | 0/32 [00:00<?, ?it/s, loss=0.357, v_num=]         
Epoch 129:   0%|          | 0/32 [00:00<?, ?it/s, loss=0.357, v_num=]
Epoch 129:  62%|██████▎   | 20/32 [00:00<00:00, 20.18it/s, loss=0.357, v_num=]
Epoch 129:  62%|██████▎   | 20/32 [00:00<00:00, 20.16it/s, loss=0.36, v_num=] 
Epoch 129: 100%|██████████| 32/32 [00:01<00:00, 21.63it/s, loss=0.363, v_num=]
Epoch 129:   0%|          | 0/32 [00:00<?, ?it/s, loss=0.363, v_num=]         
Epoch 130:   0%|          | 0/32 [00:00<?, ?it/s, loss=0.363, v_num=]
Epoch 130:  62%|██████▎   | 20/32 [00:00<00:00, 20.61it/s, loss=0.363, v_num=]
Epoch 130:  62%|██████▎   | 20/32 [00:00<00:00, 20.59it/s, loss=0.36, v_num=] 
Epoch 130: 100%|██████████| 32/32 [00:01<00:00, 23.75it/s, loss=0.362, v_num=]Evaluating...
NMI : 0.3504097539432778, ARI: 0.09586737567436289, ACC: 0.1, current K: 2
Epoch 130 | NMI: 0.3504, ARI: 0.0959, ACC: 0.1000, current K: 2
Confusion Matrix:
[[  1 199   0   0   0   0   0   0   0   0   0   0   0   0   0   0   0   0
    0   0]
 [198   2   0   0   0   0   0   0   0   0   0   0   0   0   0   0   0   0
    0   0]
 [  2 198   0   0   0   0   0   0   0   0   0   0   0   0   0   0   0   0
    0   0]
 [199   1   0   0   0   0   0   0   0   0   0   0   0   0   0   0   0   0
    0   0]
 [  3 197   0   0   0   0   0   0   0   0   0   0   0   0   0   0   0   0
    0   0]
 [187  13   0   0   0   0   0   0   0   0   0   0   0   0   0   0   0   0
    0   0]
 [  0 200   0   0   0   0   0   0   0   0   0   0   0   0   0   0   0   0
    0   0]
 [200   0   0   0   0   0   0   0   0   0   0   0   0   0   0   0   0   0
    0   0]
 [  0 200   0   0   0   0   0   0   0   0   0   0   0   0   0   0   0   0
    0   0]
 [197   3   0   0   0   0   0   0   0   0   0   0   0   0   0   0   0   0
    0   0]
 [  2 198   0   0   0   0   0   0   0   0   0   0   0   0   0   0   0   0
    0   0]
 [197   3   0   0   0   0   0   0   0   0   0   0   0   0   0   0   0   0
    0   0]
 [  0 200   0   0   0   0   0   0   0   0   0   0   0   0   0   0   0   0
    0   0]
 [198   2   0   0   0   0   0   0   0   0   0   0   0   0   0   0   0   0
    0   0]
 [  1 199   0   0   0   0   0   0   0   0   0   0   0   0   0   0   0   0
    0   0]
 [198   2   0   0   0   0   0   0   0   0   0   0   0   0   0   0   0   0
    0   0]
 [  0 200   0   0   0   0   0   0   0   0   0   0   0   0   0   0   0   0
    0   0]
 [198   2   0   0   0   0   0   0   0   0   0   0   0   0   0   0   0   0
    0   0]
 [  1 199   0   0   0   0   0   0   0   0   0   0   0   0   0   0   0   0
    0   0]
 [200   0   0   0   0   0   0   0   0   0   0   0   0   0   0   0   0   0
    0   0]]

Epoch 130:   0%|          | 0/32 [00:00<?, ?it/s, loss=0.362, v_num=]         
Epoch 131:   0%|          | 0/32 [00:00<?, ?it/s, loss=0.362, v_num=]/usr/local/lib/python3.13/dist-packages/torch/utils/data/dataloader.py:432: UserWarning: This DataLoader will create 6 worker processes in total. Our suggested max number of worker in current system is 2, which is smaller than what this DataLoader is going to create. Please be aware that excessive worker creation might get DataLoader running slow or even freeze, lower the worker number to avoid potential slowness/freeze if necessary.
  self.check_worker_number_rationality()

Epoch 131:  62%|██████▎   | 20/32 [00:00<00:00, 29.49it/s, loss=0.362, v_num=]
Epoch 131:  62%|██████▎   | 20/32 [00:00<00:00, 29.46it/s, loss=0.363, v_num=]
Epoch 131: 100%|██████████| 32/32 [00:01<00:00, 31.16it/s, loss=0.36, v_num=] 
Epoch 131:   0%|          | 0/32 [00:00<?, ?it/s, loss=0.36, v_num=]         
Epoch 132:   0%|          | 0/32 [00:00<?, ?it/s, loss=0.36, v_num=]
Epoch 132:  62%|██████▎   | 20/32 [00:00<00:00, 29.10it/s, loss=0.36, v_num=]
Epoch 132:  62%|██████▎   | 20/32 [00:00<00:00, 29.07it/s, loss=0.36, v_num=]
Epoch 132: 100%|██████████| 32/32 [00:01<00:00, 30.81it/s, loss=0.364, v_num=]
Epoch 132:   0%|          | 0/32 [00:00<?, ?it/s, loss=0.364, v_num=]         
Epoch 133:   0%|          | 0/32 [00:00<?, ?it/s, loss=0.364, v_num=]
Epoch 133:  62%|██████▎   | 20/32 [00:00<00:00, 29.15it/s, loss=0.364, v_num=]
Epoch 133:  62%|██████▎   | 20/32 [00:00<00:00, 29.12it/s, loss=0.362, v_num=]
Epoch 133: 100%|██████████| 32/32 [00:01<00:00, 31.04it/s, loss=0.363, v_num=]
Epoch 133:   0%|          | 0/32 [00:00<?, ?it/s, loss=0.363, v_num=]         
Epoch 134:   0%|          | 0/32 [00:00<?, ?it/s, loss=0.363, v_num=]
Epoch 134:  62%|██████▎   | 20/32 [00:00<00:00, 30.64it/s, loss=0.363, v_num=]
Epoch 134:  62%|██████▎   | 20/32 [00:00<00:00, 30.60it/s, loss=0.364, v_num=]
Epoch 134: 100%|██████████| 32/32 [00:01<00:00, 31.74it/s, loss=0.359, v_num=]
Epoch 134:   0%|          | 0/32 [00:00<?, ?it/s, loss=0.359, v_num=]         
Epoch 135:   0%|          | 0/32 [00:00<?, ?it/s, loss=0.359, v_num=]
Epoch 135:  62%|██████▎   | 20/32 [00:00<00:00, 29.69it/s, loss=0.359, v_num=]
Epoch 135:  62%|██████▎   | 20/32 [00:00<00:00, 29.65it/s, loss=0.362, v_num=]
Epoch 135: 100%|██████████| 32/32 [00:01<00:00, 31.22it/s, loss=0.361, v_num=]/content/DeepDPM-New/src/clustering_models/clusternet_modules/clusternetasmodel.py:682: UserWarning: To copy construct from a tensor, it is recommended to use sourceTensor.detach().clone() or sourceTensor.detach().clone().requires_grad_(True), rather than torch.tensor(sourceTensor).
  mus_ind_to_split = torch.nonzero(torch.tensor(split_decisions), as_tuple=False)
Splitting clusters [0 1]
Evaluating...
NMI : 0.3510764843417515, ARI: 0.09596754294574188, ACC: 0.1, current K: 2
[Split] K updated → 4 clusters
  [Epoch 135] losses at split → cluster_loss=0.0084, subcluster_loss=0.7146

Epoch 135:   0%|          | 0/32 [00:00<?, ?it/s, loss=0.361, v_num=]         
Epoch 136:   0%|          | 0/32 [00:00<?, ?it/s, loss=0.361, v_num=]/usr/local/lib/python3.13/dist-packages/torch/utils/data/dataloader.py:432: UserWarning: This DataLoader will create 6 worker processes in total. Our suggested max number of worker in current system is 2, which is smaller than what this DataLoader is going to create. Please be aware that excessive worker creation might get DataLoader running slow or even freeze, lower the worker number to avoid potential slowness/freeze if necessary.
  self.check_worker_number_rationality()

Epoch 136:  62%|██████▎   | 20/32 [00:00<00:00, 24.73it/s, loss=0.361, v_num=]
Epoch 136:  62%|██████▎   | 20/32 [00:00<00:00, 24.71it/s, loss=0.81, v_num=] 
Epoch 136: 100%|██████████| 32/32 [00:01<00:00, 26.32it/s, loss=0.748, v_num=]
Epoch 136:   0%|          | 0/32 [00:00<?, ?it/s, loss=0.748, v_num=]         
Epoch 137:   0%|          | 0/32 [00:00<?, ?it/s, loss=0.748, v_num=]
Epoch 137:  62%|██████▎   | 20/32 [00:00<00:00, 24.93it/s, loss=0.748, v_num=]
Epoch 137:  62%|██████▎   | 20/32 [00:00<00:00, 24.90it/s, loss=0.718, v_num=]
Epoch 137: 100%|██████████| 32/32 [00:01<00:00, 26.22it/s, loss=0.652, v_num=]
Epoch 137:   0%|          | 0/32 [00:00<?, ?it/s, loss=0.652, v_num=]         
Epoch 138:   0%|          | 0/32 [00:00<?, ?it/s, loss=0.652, v_num=]
Epoch 138:  62%|██████▎   | 20/32 [00:00<00:00, 25.31it/s, loss=0.652, v_num=]
Epoch 138:  62%|██████▎   | 20/32 [00:00<00:00, 25.29it/s, loss=0.625, v_num=]
Epoch 138: 100%|██████████| 32/32 [00:01<00:00, 26.18it/s, loss=0.546, v_num=]
Epoch 138:   0%|          | 0/32 [00:00<?, ?it/s, loss=0.546, v_num=]         
Epoch 139:   0%|          | 0/32 [00:00<?, ?it/s, loss=0.546, v_num=]
Epoch 139:  62%|██████▎   | 20/32 [00:00<00:00, 24.67it/s, loss=0.546, v_num=]
Epoch 139:  62%|██████▎   | 20/32 [00:00<00:00, 24.64it/s, loss=0.478, v_num=]
Epoch 139: 100%|██████████| 32/32 [00:01<00:00, 23.36it/s, loss=0.455, v_num=]
Epoch 139:   0%|          | 0/32 [00:00<?, ?it/s, loss=0.455, v_num=]         
Epoch 140:   0%|          | 0/32 [00:00<?, ?it/s, loss=0.455, v_num=]
Epoch 140:  62%|██████▎   | 20/32 [00:01<00:00, 18.91it/s, loss=0.455, v_num=]
Epoch 140:  62%|██████▎   | 20/32 [00:01<00:00, 18.89it/s, loss=0.417, v_num=]
Epoch 140: 100%|██████████| 32/32 [00:01<00:00, 19.32it/s, loss=0.403, v_num=]Evaluating...
NMI : 0.5525740304545677, ARI: 0.219014235048633, ACC: 0.198, current K: 4
Epoch 140 | NMI: 0.5526, ARI: 0.2190, ACC: 0.1980, current K: 4
Confusion Matrix:
[[  1   0   2 197   0   0   0   0   0   0   0   0   0   0   0   0   0   0
    0   0]
 [194   5   0   1   0   0   0   0   0   0   0   0   0   0   0   0   0   0
    0   0]
 [  1   1   0 198   0   0   0   0   0   0   0   0   0   0   0   0   0   0
    0   0]
 [199   0   0   1   0   0   0   0   0   0   0   0   0   0   0   0   0   0
    0   0]
 [  4   0 190   6   0   0   0   0   0   0   0   0   0   0   0   0   0   0
    0   0]
 [ 22 169   0   9   0   0   0   0   0   0   0   0   0   0   0   0   0   0
    0   0]
 [  1   1   1 197   0   0   0   0   0   0   0   0   0   0   0   0   0   0
    0   0]
 [  6 190   0   4   0   0   0   0   0   0   0   0   0   0   0   0   0   0
    0   0]
 [  0   0   0 200   0   0   0   0   0   0   0   0   0   0   0   0   0   0
    0   0]
 [195   3   0   2   0   0   0   0   0   0   0   0   0   0   0   0   0   0
    0   0]
 [  0   2   0 198   0   0   0   0   0   0   0   0   0   0   0   0   0   0
    0   0]
 [197   0   3   0   0   0   0   0   0   0   0   0   0   0   0   0   0   0
    0   0]
 [  0   0 199   1   0   0   0   0   0   0   0   0   0   0   0   0   0   0
    0   0]
 [197   1   0   2   0   0   0   0   0   0   0   0   0   0   0   0   0   0
    0   0]
 [  0   1   0 199   0   0   0   0   0   0   0   0   0   0   0   0   0   0
    0   0]
 [  5 194   0   1   0   0   0   0   0   0   0   0   0   0   0   0   0   0
    0   0]
 [  1   0 184  15   0   0   0   0   0   0   0   0   0   0   0   0   0   0
    0   0]
 [198   0   0   2   0   0   0   0   0   0   0   0   0   0   0   0   0   0
    0   0]
 [  1   0   0 199   0   0   0   0   0   0   0   0   0   0   0   0   0   0
    0   0]
 [ 12 187   0   1   0   0   0   0   0   0   0   0   0   0   0   0   0   0
    0   0]]

Epoch 140:   0%|          | 0/32 [00:00<?, ?it/s, loss=0.403, v_num=]         
Epoch 141:   0%|          | 0/32 [00:00<?, ?it/s, loss=0.403, v_num=]/usr/local/lib/python3.13/dist-packages/torch/utils/data/dataloader.py:432: UserWarning: This DataLoader will create 6 worker processes in total. Our suggested max number of worker in current system is 2, which is smaller than what this DataLoader is going to create. Please be aware that excessive worker creation might get DataLoader running slow or even freeze, lower the worker number to avoid potential slowness/freeze if necessary.
  self.check_worker_number_rationality()

Epoch 141:  62%|██████▎   | 20/32 [00:01<00:00, 19.73it/s, loss=0.403, v_num=]
Epoch 141:  62%|██████▎   | 20/32 [00:01<00:00, 19.72it/s, loss=0.384, v_num=]
Epoch 141: 100%|██████████| 32/32 [00:01<00:00, 22.22it/s, loss=0.378, v_num=]
Epoch 141:   0%|          | 0/32 [00:00<?, ?it/s, loss=0.378, v_num=]         
Epoch 142:   0%|          | 0/32 [00:00<?, ?it/s, loss=0.378, v_num=]
Epoch 142:  62%|██████▎   | 20/32 [00:00<00:00, 25.62it/s, loss=0.378, v_num=]
Epoch 142:  62%|██████▎   | 20/32 [00:00<00:00, 25.59it/s, loss=0.33, v_num=] 
Epoch 142: 100%|██████████| 32/32 [00:01<00:00, 26.71it/s, loss=0.312, v_num=]
Epoch 142:   0%|          | 0/32 [00:00<?, ?it/s, loss=0.312, v_num=]         
Epoch 143:   0%|          | 0/32 [00:00<?, ?it/s, loss=0.312, v_num=]
Epoch 143:  62%|██████▎   | 20/32 [00:00<00:00, 26.06it/s, loss=0.312, v_num=]
Epoch 143:  62%|██████▎   | 20/32 [00:00<00:00, 26.03it/s, loss=0.314, v_num=]
Epoch 143: 100%|██████████| 32/32 [00:01<00:00, 27.50it/s, loss=0.313, v_num=]
Epoch 143:   0%|          | 0/32 [00:00<?, ?it/s, loss=0.313, v_num=]         
Epoch 144:   0%|          | 0/32 [00:00<?, ?it/s, loss=0.313, v_num=]
Epoch 144:  62%|██████▎   | 20/32 [00:00<00:00, 25.19it/s, loss=0.313, v_num=]
Epoch 144:  62%|██████▎   | 20/32 [00:00<00:00, 25.16it/s, loss=0.31, v_num=] 
Epoch 144: 100%|██████████| 32/32 [00:01<00:00, 25.73it/s, loss=0.301, v_num=]
Epoch 144:   0%|          | 0/32 [00:00<?, ?it/s, loss=0.301, v_num=]         
Epoch 145:   0%|          | 0/32 [00:00<?, ?it/s, loss=0.301, v_num=]
Epoch 145:  62%|██████▎   | 20/32 [00:00<00:00, 24.87it/s, loss=0.301, v_num=]
Epoch 145:  62%|██████▎   | 20/32 [00:00<00:00, 24.85it/s, loss=0.303, v_num=]
Epoch 145: 100%|██████████| 32/32 [00:01<00:00, 26.49it/s, loss=0.308, v_num=]Evaluating...
NMI : 0.5682200916861209, ARI: 0.22816822480002197, ACC: 0.1985, current K: 4

Epoch 145:   0%|          | 0/32 [00:00<?, ?it/s, loss=0.308, v_num=]         
Epoch 146:   0%|          | 0/32 [00:00<?, ?it/s, loss=0.308, v_num=]/usr/local/lib/python3.13/dist-packages/torch/utils/data/dataloader.py:432: UserWarning: This DataLoader will create 6 worker processes in total. Our suggested max number of worker in current system is 2, which is smaller than what this DataLoader is going to create. Please be aware that excessive worker creation might get DataLoader running slow or even freeze, lower the worker number to avoid potential slowness/freeze if necessary.
  self.check_worker_number_rationality()

Epoch 146:  62%|██████▎   | 20/32 [00:00<00:00, 25.52it/s, loss=0.308, v_num=]
Epoch 146:  62%|██████▎   | 20/32 [00:00<00:00, 25.49it/s, loss=0.295, v_num=]
Epoch 146: 100%|██████████| 32/32 [00:01<00:00, 26.33it/s, loss=0.288, v_num=]
Epoch 146:   0%|          | 0/32 [00:00<?, ?it/s, loss=0.288, v_num=]         
Epoch 147:   0%|          | 0/32 [00:00<?, ?it/s, loss=0.288, v_num=]
Epoch 147:  62%|██████▎   | 20/32 [00:00<00:00, 25.95it/s, loss=0.288, v_num=]
Epoch 147:  62%|██████▎   | 20/32 [00:00<00:00, 25.92it/s, loss=0.29, v_num=] 
Epoch 147: 100%|██████████| 32/32 [00:01<00:00, 26.69it/s, loss=0.283, v_num=]
Epoch 147:   0%|          | 0/32 [00:00<?, ?it/s, loss=0.283, v_num=]         
Epoch 148:   0%|          | 0/32 [00:00<?, ?it/s, loss=0.283, v_num=]
Epoch 148:  62%|██████▎   | 20/32 [00:00<00:00, 25.84it/s, loss=0.283, v_num=]
Epoch 148:  62%|██████▎   | 20/32 [00:00<00:00, 25.81it/s, loss=0.283, v_num=]
Epoch 148: 100%|██████████| 32/32 [00:01<00:00, 26.84it/s, loss=0.284, v_num=]
Epoch 148:   0%|          | 0/32 [00:00<?, ?it/s, loss=0.284, v_num=]         
Epoch 149:   0%|          | 0/32 [00:00<?, ?it/s, loss=0.284, v_num=]
Epoch 149:  62%|██████▎   | 20/32 [00:00<00:00, 22.18it/s, loss=0.284, v_num=]
Epoch 149:  62%|██████▎   | 20/32 [00:00<00:00, 22.16it/s, loss=0.294, v_num=]
Epoch 149: 100%|██████████| 32/32 [00:01<00:00, 21.98it/s, loss=0.28, v_num=] 
Epoch 149:   0%|          | 0/32 [00:00<?, ?it/s, loss=0.28, v_num=]         
Epoch 150:   0%|          | 0/32 [00:00<?, ?it/s, loss=0.28, v_num=]
Epoch 150:  62%|██████▎   | 20/32 [00:01<00:00, 18.32it/s, loss=0.28, v_num=]
Epoch 150:  62%|██████▎   | 20/32 [00:01<00:00, 18.30it/s, loss=0.278, v_num=]
Epoch 150: 100%|██████████| 32/32 [00:01<00:00, 19.63it/s, loss=0.288, v_num=]Evaluating...
NMI : 0.571392741990941, ARI: 0.22947220990113176, ACC: 0.19875, current K: 4
Epoch 150 | NMI: 0.5714, ARI: 0.2295, ACC: 0.1988, current K: 4
Confusion Matrix:
[[  1   2   2 195   0   0   0   0   0   0   0   0   0   0   0   0   0   0
    0   0]
 [194   5   0   1   0   0   0   0   0   0   0   0   0   0   0   0   0   0
    0   0]
 [  1   0   0 199   0   0   0   0   0   0   0   0   0   0   0   0   0   0
    0   0]
 [197   2   1   0   0   0   0   0   0   0   0   0   0   0   0   0   0   0
    0   0]
 [  4   0 196   0   0   0   0   0   0   0   0   0   0   0   0   0   0   0
    0   0]
 [  8 188   0   4   0   0   0   0   0   0   0   0   0   0   0   0   0   0
    0   0]
 [  1   1   1 197   0   0   0   0   0   0   0   0   0   0   0   0   0   0
    0   0]
 [  0 196   0   4   0   0   0   0   0   0   0   0   0   0   0   0   0   0
    0   0]
 [  0   0   0 200   0   0   0   0   0   0   0   0   0   0   0   0   0   0
    0   0]
 [196   1   0   3   0   0   0   0   0   0   0   0   0   0   0   0   0   0
    0   0]
 [  0   2   0 198   0   0   0   0   0   0   0   0   0   0   0   0   0   0
    0   0]
 [196   0   4   0   0   0   0   0   0   0   0   0   0   0   0   0   0   0
    0   0]
 [  0   0 199   1   0   0   0   0   0   0   0   0   0   0   0   0   0   0
    0   0]
 [197   2   0   1   0   0   0   0   0   0   0   0   0   0   0   0   0   0
    0   0]
 [  0   1   1 198   0   0   0   0   0   0   0   0   0   0   0   0   0   0
    0   0]
 [  2 198   0   0   0   0   0   0   0   0   0   0   0   0   0   0   0   0
    0   0]
 [  1   0 191   8   0   0   0   0   0   0   0   0   0   0   0   0   0   0
    0   0]
 [198   0   1   1   0   0   0   0   0   0   0   0   0   0   0   0   0   0
    0   0]
 [  1   0   0 199   0   0   0   0   0   0   0   0   0   0   0   0   0   0
    0   0]
 [  6 193   0   1   0   0   0   0   0   0   0   0   0   0   0   0   0   0
    0   0]]

Epoch 150:   0%|          | 0/32 [00:00<?, ?it/s, loss=0.288, v_num=]         
Epoch 151:   0%|          | 0/32 [00:00<?, ?it/s, loss=0.288, v_num=]/usr/local/lib/python3.13/dist-packages/torch/utils/data/dataloader.py:432: UserWarning: This DataLoader will create 6 worker processes in total. Our suggested max number of worker in current system is 2, which is smaller than what this DataLoader is going to create. Please be aware that excessive worker creation might get DataLoader running slow or even freeze, lower the worker number to avoid potential slowness/freeze if necessary.
  self.check_worker_number_rationality()

Epoch 151:  62%|██████▎   | 20/32 [00:00<00:00, 21.67it/s, loss=0.288, v_num=]
Epoch 151:  62%|██████▎   | 20/32 [00:00<00:00, 21.65it/s, loss=0.283, v_num=]
Epoch 151: 100%|██████████| 32/32 [00:01<00:00, 24.12it/s, loss=0.272, v_num=]
Epoch 151:   0%|          | 0/32 [00:00<?, ?it/s, loss=0.272, v_num=]         
Epoch 152:   0%|          | 0/32 [00:00<?, ?it/s, loss=0.272, v_num=]
Epoch 152:  62%|██████▎   | 20/32 [00:00<00:00, 25.84it/s, loss=0.272, v_num=]
Epoch 152:  62%|██████▎   | 20/32 [00:00<00:00, 25.81it/s, loss=0.279, v_num=]
Epoch 152: 100%|██████████| 32/32 [00:01<00:00, 26.53it/s, loss=0.276, v_num=]
Epoch 152:   0%|          | 0/32 [00:00<?, ?it/s, loss=0.276, v_num=]         
Epoch 153:   0%|          | 0/32 [00:00<?, ?it/s, loss=0.276, v_num=]
Epoch 153:  62%|██████▎   | 20/32 [00:00<00:00, 22.62it/s, loss=0.276, v_num=]
Epoch 153:  62%|██████▎   | 20/32 [00:00<00:00, 22.60it/s, loss=0.274, v_num=]
Epoch 153: 100%|██████████| 32/32 [00:01<00:00, 24.44it/s, loss=0.277, v_num=]
Epoch 153:   0%|          | 0/32 [00:00<?, ?it/s, loss=0.277, v_num=]         
Epoch 154:   0%|          | 0/32 [00:00<?, ?it/s, loss=0.277, v_num=]
Epoch 154:  62%|██████▎   | 20/32 [00:00<00:00, 24.97it/s, loss=0.277, v_num=]
Epoch 154:  62%|██████▎   | 20/32 [00:00<00:00, 24.94it/s, loss=0.278, v_num=]
Epoch 154: 100%|██████████| 32/32 [00:01<00:00, 26.38it/s, loss=0.27, v_num=] 
Epoch 154:   0%|          | 0/32 [00:00<?, ?it/s, loss=0.27, v_num=]         
Epoch 155:   0%|          | 0/32 [00:00<?, ?it/s, loss=0.27, v_num=]
Epoch 155:  62%|██████▎   | 20/32 [00:00<00:00, 25.02it/s, loss=0.27, v_num=]
Epoch 155:  62%|██████▎   | 20/32 [00:00<00:00, 25.00it/s, loss=0.275, v_num=]
Epoch 155: 100%|██████████| 32/32 [00:01<00:00, 26.25it/s, loss=0.267, v_num=]Evaluating...
NMI : 0.5753484072678879, ARI: 0.23084470970415913, ACC: 0.19875, current K: 4

Epoch 155:   0%|          | 0/32 [00:00<?, ?it/s, loss=0.267, v_num=]         
Epoch 156:   0%|          | 0/32 [00:00<?, ?it/s, loss=0.267, v_num=]/usr/local/lib/python3.13/dist-packages/torch/utils/data/dataloader.py:432: UserWarning: This DataLoader will create 6 worker processes in total. Our suggested max number of worker in current system is 2, which is smaller than what this DataLoader is going to create. Please be aware that excessive worker creation might get DataLoader running slow or even freeze, lower the worker number to avoid potential slowness/freeze if necessary.
  self.check_worker_number_rationality()

Epoch 156:  62%|██████▎   | 20/32 [00:00<00:00, 24.91it/s, loss=0.267, v_num=]
Epoch 156:  62%|██████▎   | 20/32 [00:00<00:00, 24.89it/s, loss=0.273, v_num=]
Epoch 156: 100%|██████████| 32/32 [00:01<00:00, 26.15it/s, loss=0.265, v_num=]
Epoch 156:   0%|          | 0/32 [00:00<?, ?it/s, loss=0.265, v_num=]         
Epoch 157:   0%|          | 0/32 [00:00<?, ?it/s, loss=0.265, v_num=]
Epoch 157:  62%|██████▎   | 20/32 [00:00<00:00, 25.53it/s, loss=0.265, v_num=]
Epoch 157:  62%|██████▎   | 20/32 [00:00<00:00, 25.50it/s, loss=0.273, v_num=]
Epoch 157: 100%|██████████| 32/32 [00:01<00:00, 26.20it/s, loss=0.271, v_num=]
Epoch 157:   0%|          | 0/32 [00:00<?, ?it/s, loss=0.271, v_num=]         
Epoch 158:   0%|          | 0/32 [00:00<?, ?it/s, loss=0.271, v_num=]
Epoch 158:  62%|██████▎   | 20/32 [00:00<00:00, 25.59it/s, loss=0.271, v_num=]
Epoch 158:  62%|██████▎   | 20/32 [00:00<00:00, 25.57it/s, loss=0.273, v_num=]
Epoch 158: 100%|██████████| 32/32 [00:01<00:00, 26.49it/s, loss=0.266, v_num=]
Epoch 158:   0%|          | 0/32 [00:00<?, ?it/s, loss=0.266, v_num=]         
Epoch 159:   0%|          | 0/32 [00:00<?, ?it/s, loss=0.266, v_num=]
Epoch 159:  62%|██████▎   | 20/32 [00:00<00:00, 20.86it/s, loss=0.266, v_num=]
Epoch 159:  62%|██████▎   | 20/32 [00:00<00:00, 20.84it/s, loss=0.272, v_num=]
Epoch 159: 100%|██████████| 32/32 [00:01<00:00, 21.21it/s, loss=0.265, v_num=]
Epoch 159:   0%|          | 0/32 [00:00<?, ?it/s, loss=0.265, v_num=]         
Epoch 160:   0%|          | 0/32 [00:00<?, ?it/s, loss=0.265, v_num=]
Epoch 160:  62%|██████▎   | 20/32 [00:01<00:00, 17.94it/s, loss=0.265, v_num=]
Epoch 160:  62%|██████▎   | 20/32 [00:01<00:00, 17.93it/s, loss=0.272, v_num=]
Epoch 160: 100%|██████████| 32/32 [00:01<00:00, 18.86it/s, loss=0.267, v_num=]Evaluating...
NMI : 0.5784318571880872, ARI: 0.23222483299031557, ACC: 0.199, current K: 4
Epoch 160 | NMI: 0.5784, ARI: 0.2322, ACC: 0.1990, current K: 4
Confusion Matrix:
[[  0   2   3 195   0   0   0   0   0   0   0   0   0   0   0   0   0   0
    0   0]
 [194   5   0   1   0   0   0   0   0   0   0   0   0   0   0   0   0   0
    0   0]
 [  1   0   0 199   0   0   0   0   0   0   0   0   0   0   0   0   0   0
    0   0]
 [197   2   1   0   0   0   0   0   0   0   0   0   0   0   0   0   0   0
    0   0]
 [  2   0 198   0   0   0   0   0   0   0   0   0   0   0   0   0   0   0
    0   0]
 [  5 193   0   2   0   0   0   0   0   0   0   0   0   0   0   0   0   0
    0   0]
 [  1   0   1 198   0   0   0   0   0   0   0   0   0   0   0   0   0   0
    0   0]
 [  0 197   0   3   0   0   0   0   0   0   0   0   0   0   0   0   0   0
    0   0]
 [  0   0   0 200   0   0   0   0   0   0   0   0   0   0   0   0   0   0
    0   0]
 [197   0   0   3   0   0   0   0   0   0   0   0   0   0   0   0   0   0
    0   0]
 [  0   2   0 198   0   0   0   0   0   0   0   0   0   0   0   0   0   0
    0   0]
 [196   0   4   0   0   0   0   0   0   0   0   0   0   0   0   0   0   0
    0   0]
 [  0   0 199   1   0   0   0   0   0   0   0   0   0   0   0   0   0   0
    0   0]
 [197   1   0   2   0   0   0   0   0   0   0   0   0   0   0   0   0   0
    0   0]
 [  0   1   1 198   0   0   0   0   0   0   0   0   0   0   0   0   0   0
    0   0]
 [  1 199   0   0   0   0   0   0   0   0   0   0   0   0   0   0   0   0
    0   0]
 [  1   0 193   6   0   0   0   0   0   0   0   0   0   0   0   0   0   0
    0   0]
 [198   0   1   1   0   0   0   0   0   0   0   0   0   0   0   0   0   0
    0   0]
 [  1   0   0 199   0   0   0   0   0   0   0   0   0   0   0   0   0   0
    0   0]
 [  6 193   0   1   0   0   0   0   0   0   0   0   0   0   0   0   0   0
    0   0]]

Epoch 160:   0%|          | 0/32 [00:00<?, ?it/s, loss=0.267, v_num=]         
Epoch 161:   0%|          | 0/32 [00:00<?, ?it/s, loss=0.267, v_num=]/usr/local/lib/python3.13/dist-packages/torch/utils/data/dataloader.py:432: UserWarning: This DataLoader will create 6 worker processes in total. Our suggested max number of worker in current system is 2, which is smaller than what this DataLoader is going to create. Please be aware that excessive worker creation might get DataLoader running slow or even freeze, lower the worker number to avoid potential slowness/freeze if necessary.
  self.check_worker_number_rationality()

Epoch 161:  62%|██████▎   | 20/32 [00:00<00:00, 25.39it/s, loss=0.267, v_num=]
Epoch 161:  62%|██████▎   | 20/32 [00:00<00:00, 25.37it/s, loss=0.269, v_num=]
Epoch 161: 100%|██████████| 32/32 [00:01<00:00, 26.60it/s, loss=0.272, v_num=]
Epoch 161:   0%|          | 0/32 [00:00<?, ?it/s, loss=0.272, v_num=]         
Epoch 162:   0%|          | 0/32 [00:00<?, ?it/s, loss=0.272, v_num=]
Epoch 162:  62%|██████▎   | 20/32 [00:00<00:00, 26.07it/s, loss=0.272, v_num=]
Epoch 162:  62%|██████▎   | 20/32 [00:00<00:00, 26.05it/s, loss=0.272, v_num=]
Epoch 162: 100%|██████████| 32/32 [00:01<00:00, 26.95it/s, loss=0.267, v_num=]
Epoch 162:   0%|          | 0/32 [00:00<?, ?it/s, loss=0.267, v_num=]         
Epoch 163:   0%|          | 0/32 [00:00<?, ?it/s, loss=0.267, v_num=]
Epoch 163:  62%|██████▎   | 20/32 [00:00<00:00, 25.29it/s, loss=0.267, v_num=]
Epoch 163:  62%|██████▎   | 20/32 [00:00<00:00, 25.27it/s, loss=0.26, v_num=] 
Epoch 163: 100%|██████████| 32/32 [00:01<00:00, 26.58it/s, loss=0.271, v_num=]
Epoch 163:   0%|          | 0/32 [00:00<?, ?it/s, loss=0.271, v_num=]         
Epoch 164:   0%|          | 0/32 [00:00<?, ?it/s, loss=0.271, v_num=]
Epoch 164:  62%|██████▎   | 20/32 [00:00<00:00, 25.41it/s, loss=0.271, v_num=]
Epoch 164:  62%|██████▎   | 20/32 [00:00<00:00, 25.39it/s, loss=0.268, v_num=]
Epoch 164: 100%|██████████| 32/32 [00:01<00:00, 26.61it/s, loss=0.265, v_num=]
Epoch 164:   0%|          | 0/32 [00:00<?, ?it/s, loss=0.265, v_num=]         
Epoch 165:   0%|          | 0/32 [00:00<?, ?it/s, loss=0.265, v_num=]
Epoch 165:  62%|██████▎   | 20/32 [00:00<00:00, 25.94it/s, loss=0.265, v_num=]
Epoch 165:  62%|██████▎   | 20/32 [00:00<00:00, 25.91it/s, loss=0.266, v_num=]
Epoch 165: 100%|██████████| 32/32 [00:01<00:00, 26.44it/s, loss=0.266, v_num=]Evaluating...
NMI : 0.580782675880748, ARI: 0.23302826068131618, ACC: 0.199, current K: 4

Epoch 165:   0%|          | 0/32 [00:00<?, ?it/s, loss=0.266, v_num=]         
Epoch 166:   0%|          | 0/32 [00:00<?, ?it/s, loss=0.266, v_num=]/usr/local/lib/python3.13/dist-packages/torch/utils/data/dataloader.py:432: UserWarning: This DataLoader will create 6 worker processes in total. Our suggested max number of worker in current system is 2, which is smaller than what this DataLoader is going to create. Please be aware that excessive worker creation might get DataLoader running slow or even freeze, lower the worker number to avoid potential slowness/freeze if necessary.
  self.check_worker_number_rationality()

Epoch 166:  62%|██████▎   | 20/32 [00:00<00:00, 26.29it/s, loss=0.266, v_num=]
Epoch 166:  62%|██████▎   | 20/32 [00:00<00:00, 26.27it/s, loss=0.265, v_num=]
Epoch 166: 100%|██████████| 32/32 [00:01<00:00, 26.93it/s, loss=0.268, v_num=]
Epoch 166:   0%|          | 0/32 [00:00<?, ?it/s, loss=0.268, v_num=]         
Epoch 167:   0%|          | 0/32 [00:00<?, ?it/s, loss=0.268, v_num=]
Epoch 167:  62%|██████▎   | 20/32 [00:00<00:00, 25.67it/s, loss=0.268, v_num=]
Epoch 167:  62%|██████▎   | 20/32 [00:00<00:00, 25.64it/s, loss=0.262, v_num=]
Epoch 167: 100%|██████████| 32/32 [00:01<00:00, 26.96it/s, loss=0.267, v_num=]
Epoch 167:   0%|          | 0/32 [00:00<?, ?it/s, loss=0.267, v_num=]         
Epoch 168:   0%|          | 0/32 [00:00<?, ?it/s, loss=0.267, v_num=]
Epoch 168:  62%|██████▎   | 20/32 [00:00<00:00, 25.92it/s, loss=0.267, v_num=]
Epoch 168:  62%|██████▎   | 20/32 [00:00<00:00, 25.89it/s, loss=0.266, v_num=]
Epoch 168: 100%|██████████| 32/32 [00:01<00:00, 27.24it/s, loss=0.27, v_num=] 
Epoch 168:   0%|          | 0/32 [00:00<?, ?it/s, loss=0.27, v_num=]         
Epoch 169:   0%|          | 0/32 [00:00<?, ?it/s, loss=0.27, v_num=]
Epoch 169:  62%|██████▎   | 20/32 [00:01<00:00, 19.91it/s, loss=0.27, v_num=]
Epoch 169:  62%|██████▎   | 20/32 [00:01<00:00, 19.89it/s, loss=0.266, v_num=]
Epoch 169: 100%|██████████| 32/32 [00:01<00:00, 20.04it/s, loss=0.264, v_num=]
Epoch 169:   0%|          | 0/32 [00:00<?, ?it/s, loss=0.264, v_num=]         
Epoch 170:   0%|          | 0/32 [00:00<?, ?it/s, loss=0.264, v_num=]
Epoch 170:  62%|██████▎   | 20/32 [00:01<00:00, 17.45it/s, loss=0.264, v_num=]
Epoch 170:  62%|██████▎   | 20/32 [00:01<00:00, 17.43it/s, loss=0.27, v_num=] 
Epoch 170: 100%|██████████| 32/32 [00:01<00:00, 18.80it/s, loss=0.263, v_num=]Evaluating...
NMI : 0.5831038490643736, ARI: 0.23373037638216781, ACC: 0.19925, current K: 4
Epoch 170 | NMI: 0.5831, ARI: 0.2337, ACC: 0.1993, current K: 4
Confusion Matrix:
[[  0   2   2 196   0   0   0   0   0   0   0   0   0   0   0   0   0   0
    0   0]
 [195   4   0   1   0   0   0   0   0   0   0   0   0   0   0   0   0   0
    0   0]
 [  1   0   0 199   0   0   0   0   0   0   0   0   0   0   0   0   0   0
    0   0]
 [197   2   0   1   0   0   0   0   0   0   0   0   0   0   0   0   0   0
    0   0]
 [  2   0 198   0   0   0   0   0   0   0   0   0   0   0   0   0   0   0
    0   0]
 [  2 196   0   2   0   0   0   0   0   0   0   0   0   0   0   0   0   0
    0   0]
 [  1   0   1 198   0   0   0   0   0   0   0   0   0   0   0   0   0   0
    0   0]
 [  0 197   0   3   0   0   0   0   0   0   0   0   0   0   0   0   0   0
    0   0]
 [  0   0   0 200   0   0   0   0   0   0   0   0   0   0   0   0   0   0
    0   0]
 [197   0   0   3   0   0   0   0   0   0   0   0   0   0   0   0   0   0
    0   0]
 [  0   2   0 198   0   0   0   0   0   0   0   0   0   0   0   0   0   0
    0   0]
 [196   0   4   0   0   0   0   0   0   0   0   0   0   0   0   0   0   0
    0   0]
 [  0   0 199   1   0   0   0   0   0   0   0   0   0   0   0   0   0   0
    0   0]
 [197   1   0   2   0   0   0   0   0   0   0   0   0   0   0   0   0   0
    0   0]
 [  0   1   0 199   0   0   0   0   0   0   0   0   0   0   0   0   0   0
    0   0]
 [  0 200   0   0   0   0   0   0   0   0   0   0   0   0   0   0   0   0
    0   0]
 [  1   0 195   4   0   0   0   0   0   0   0   0   0   0   0   0   0   0
    0   0]
 [198   0   1   1   0   0   0   0   0   0   0   0   0   0   0   0   0   0
    0   0]
 [  1   0   0 199   0   0   0   0   0   0   0   0   0   0   0   0   0   0
    0   0]
 [  6 193   0   1   0   0   0   0   0   0   0   0   0   0   0   0   0   0
    0   0]]

Epoch 170:   0%|          | 0/32 [00:00<?, ?it/s, loss=0.263, v_num=]         
Epoch 171:   0%|          | 0/32 [00:00<?, ?it/s, loss=0.263, v_num=]/usr/local/lib/python3.13/dist-packages/torch/utils/data/dataloader.py:432: UserWarning: This DataLoader will create 6 worker processes in total. Our suggested max number of worker in current system is 2, which is smaller than what this DataLoader is going to create. Please be aware that excessive worker creation might get DataLoader running slow or even freeze, lower the worker number to avoid potential slowness/freeze if necessary.
  self.check_worker_number_rationality()

Epoch 171:  62%|██████▎   | 20/32 [00:00<00:00, 25.03it/s, loss=0.263, v_num=]
Epoch 171:  62%|██████▎   | 20/32 [00:00<00:00, 25.00it/s, loss=0.264, v_num=]
Epoch 171: 100%|██████████| 32/32 [00:01<00:00, 26.29it/s, loss=0.269, v_num=]
Epoch 171:   0%|          | 0/32 [00:00<?, ?it/s, loss=0.269, v_num=]         
Epoch 172:   0%|          | 0/32 [00:00<?, ?it/s, loss=0.269, v_num=]
Epoch 172:  62%|██████▎   | 20/32 [00:00<00:00, 25.95it/s, loss=0.269, v_num=]
Epoch 172:  62%|██████▎   | 20/32 [00:00<00:00, 25.92it/s, loss=0.267, v_num=]
Epoch 172: 100%|██████████| 32/32 [00:01<00:00, 26.85it/s, loss=0.266, v_num=]
Epoch 172:   0%|          | 0/32 [00:00<?, ?it/s, loss=0.266, v_num=]         
Epoch 173:   0%|          | 0/32 [00:00<?, ?it/s, loss=0.266, v_num=]
Epoch 173:  62%|██████▎   | 20/32 [00:00<00:00, 25.84it/s, loss=0.266, v_num=]
Epoch 173:  62%|██████▎   | 20/32 [00:00<00:00, 25.81it/s, loss=0.263, v_num=]
Epoch 173: 100%|██████████| 32/32 [00:01<00:00, 26.74it/s, loss=0.263, v_num=]
Epoch 173:   0%|          | 0/32 [00:00<?, ?it/s, loss=0.263, v_num=]         
Epoch 174:   0%|          | 0/32 [00:00<?, ?it/s, loss=0.263, v_num=]
Epoch 174:  62%|██████▎   | 20/32 [00:00<00:00, 25.24it/s, loss=0.263, v_num=]
Epoch 174:  62%|██████▎   | 20/32 [00:00<00:00, 25.21it/s, loss=0.261, v_num=]
Epoch 174: 100%|██████████| 32/32 [00:01<00:00, 26.61it/s, loss=0.266, v_num=]
Epoch 174:   0%|          | 0/32 [00:00<?, ?it/s, loss=0.266, v_num=]         
Epoch 175:   0%|          | 0/32 [00:00<?, ?it/s, loss=0.266, v_num=]
Epoch 175:  62%|██████▎   | 20/32 [00:00<00:00, 25.93it/s, loss=0.266, v_num=]
Epoch 175:  62%|██████▎   | 20/32 [00:00<00:00, 25.90it/s, loss=0.268, v_num=]
Epoch 175: 100%|██████████| 32/32 [00:01<00:00, 26.68it/s, loss=0.261, v_num=]Evaluating...
NMI : 0.5833511380662386, ARI: 0.23404513478394523, ACC: 0.199, current K: 4

Epoch 175:   0%|          | 0/32 [00:00<?, ?it/s, loss=0.261, v_num=]         
Epoch 176:   0%|          | 0/32 [00:00<?, ?it/s, loss=0.261, v_num=]/usr/local/lib/python3.13/dist-packages/torch/utils/data/dataloader.py:432: UserWarning: This DataLoader will create 6 worker processes in total. Our suggested max number of worker in current system is 2, which is smaller than what this DataLoader is going to create. Please be aware that excessive worker creation might get DataLoader running slow or even freeze, lower the worker number to avoid potential slowness/freeze if necessary.
  self.check_worker_number_rationality()

Epoch 176:  62%|██████▎   | 20/32 [00:00<00:00, 22.59it/s, loss=0.261, v_num=]
Epoch 176:  62%|██████▎   | 20/32 [00:00<00:00, 22.56it/s, loss=0.261, v_num=]
Epoch 176: 100%|██████████| 32/32 [00:01<00:00, 23.87it/s, loss=0.266, v_num=]
Epoch 176:   0%|          | 0/32 [00:00<?, ?it/s, loss=0.266, v_num=]         
Epoch 177:   0%|          | 0/32 [00:00<?, ?it/s, loss=0.266, v_num=]
Epoch 177:  62%|██████▎   | 20/32 [00:00<00:00, 25.55it/s, loss=0.266, v_num=]
Epoch 177:  62%|██████▎   | 20/32 [00:00<00:00, 25.52it/s, loss=0.27, v_num=] 
Epoch 177: 100%|██████████| 32/32 [00:01<00:00, 26.30it/s, loss=0.256, v_num=]
Epoch 177:   0%|          | 0/32 [00:00<?, ?it/s, loss=0.256, v_num=]         
Epoch 178:   0%|          | 0/32 [00:00<?, ?it/s, loss=0.256, v_num=]
Epoch 178:  62%|██████▎   | 20/32 [00:00<00:00, 24.88it/s, loss=0.256, v_num=]
Epoch 178:  62%|██████▎   | 20/32 [00:00<00:00, 24.85it/s, loss=0.261, v_num=]
Epoch 178: 100%|██████████| 32/32 [00:01<00:00, 23.83it/s, loss=0.264, v_num=]
Epoch 178:   0%|          | 0/32 [00:00<?, ?it/s, loss=0.264, v_num=]         
Epoch 179:   0%|          | 0/32 [00:00<?, ?it/s, loss=0.264, v_num=]
Epoch 179:  62%|██████▎   | 20/32 [00:01<00:00, 18.08it/s, loss=0.264, v_num=]
Epoch 179:  62%|██████▎   | 20/32 [00:01<00:00, 18.06it/s, loss=0.261, v_num=]
Epoch 179: 100%|██████████| 32/32 [00:01<00:00, 19.24it/s, loss=0.268, v_num=]
Epoch 179:   0%|          | 0/32 [00:00<?, ?it/s, loss=0.268, v_num=]         
Epoch 180:   0%|          | 0/32 [00:00<?, ?it/s, loss=0.268, v_num=]
Epoch 180:  62%|██████▎   | 20/32 [00:01<00:00, 17.63it/s, loss=0.268, v_num=]
Epoch 180:  62%|██████▎   | 20/32 [00:01<00:00, 17.62it/s, loss=0.261, v_num=]
Epoch 180: 100%|██████████| 32/32 [00:01<00:00, 20.64it/s, loss=0.265, v_num=]Evaluating...
NMI : 0.5844440563721662, ARI: 0.2343979760725428, ACC: 0.199, current K: 4
Epoch 180 | NMI: 0.5844, ARI: 0.2344, ACC: 0.1990, current K: 4
Confusion Matrix:
[[  0   1   2 197   0   0   0   0   0   0   0   0   0   0   0   0   0   0
    0   0]
 [195   3   0   2   0   0   0   0   0   0   0   0   0   0   0   0   0   0
    0   0]
 [  1   0   0 199   0   0   0   0   0   0   0   0   0   0   0   0   0   0
    0   0]
 [197   2   0   1   0   0   0   0   0   0   0   0   0   0   0   0   0   0
    0   0]
 [  2   0 198   0   0   0   0   0   0   0   0   0   0   0   0   0   0   0
    0   0]
 [  2 196   0   2   0   0   0   0   0   0   0   0   0   0   0   0   0   0
    0   0]
 [  1   0   1 198   0   0   0   0   0   0   0   0   0   0   0   0   0   0
    0   0]
 [  0 198   0   2   0   0   0   0   0   0   0   0   0   0   0   0   0   0
    0   0]
 [  0   0   0 200   0   0   0   0   0   0   0   0   0   0   0   0   0   0
    0   0]
 [197   0   0   3   0   0   0   0   0   0   0   0   0   0   0   0   0   0
    0   0]
 [  0   2   0 198   0   0   0   0   0   0   0   0   0   0   0   0   0   0
    0   0]
 [196   0   4   0   0   0   0   0   0   0   0   0   0   0   0   0   0   0
    0   0]
 [  0   0 199   1   0   0   0   0   0   0   0   0   0   0   0   0   0   0
    0   0]
 [197   1   0   2   0   0   0   0   0   0   0   0   0   0   0   0   0   0
    0   0]
 [  0   1   0 199   0   0   0   0   0   0   0   0   0   0   0   0   0   0
    0   0]
 [  0 200   0   0   0   0   0   0   0   0   0   0   0   0   0   0   0   0
    0   0]
 [  1   0 197   2   0   0   0   0   0   0   0   0   0   0   0   0   0   0
    0   0]
 [197   1   1   1   0   0   0   0   0   0   0   0   0   0   0   0   0   0
    0   0]
 [  1   0   0 199   0   0   0   0   0   0   0   0   0   0   0   0   0   0
    0   0]
 [  6 193   0   1   0   0   0   0   0   0   0   0   0   0   0   0   0   0
    0   0]]

Epoch 180:   0%|          | 0/32 [00:00<?, ?it/s, loss=0.265, v_num=]         
Epoch 181:   0%|          | 0/32 [00:00<?, ?it/s, loss=0.265, v_num=]/usr/local/lib/python3.13/dist-packages/torch/utils/data/dataloader.py:432: UserWarning: This DataLoader will create 6 worker processes in total. Our suggested max number of worker in current system is 2, which is smaller than what this DataLoader is going to create. Please be aware that excessive worker creation might get DataLoader running slow or even freeze, lower the worker number to avoid potential slowness/freeze if necessary.
  self.check_worker_number_rationality()

Epoch 181:  62%|██████▎   | 20/32 [00:00<00:00, 25.09it/s, loss=0.265, v_num=]
Epoch 181:  62%|██████▎   | 20/32 [00:00<00:00, 25.06it/s, loss=0.266, v_num=]
Epoch 181: 100%|██████████| 32/32 [00:01<00:00, 26.18it/s, loss=0.254, v_num=]
Epoch 181:   0%|          | 0/32 [00:00<?, ?it/s, loss=0.254, v_num=]         
Epoch 182:   0%|          | 0/32 [00:00<?, ?it/s, loss=0.254, v_num=]
Epoch 182:  62%|██████▎   | 20/32 [00:00<00:00, 25.14it/s, loss=0.254, v_num=]
Epoch 182:  62%|██████▎   | 20/32 [00:00<00:00, 25.12it/s, loss=0.264, v_num=]
Epoch 182: 100%|██████████| 32/32 [00:01<00:00, 25.61it/s, loss=0.264, v_num=]
Epoch 182:   0%|          | 0/32 [00:00<?, ?it/s, loss=0.264, v_num=]         
Epoch 183:   0%|          | 0/32 [00:00<?, ?it/s, loss=0.264, v_num=]
Epoch 183:  62%|██████▎   | 20/32 [00:00<00:00, 25.29it/s, loss=0.264, v_num=]
Epoch 183:  62%|██████▎   | 20/32 [00:00<00:00, 25.27it/s, loss=0.259, v_num=]
Epoch 183: 100%|██████████| 32/32 [00:01<00:00, 26.15it/s, loss=0.264, v_num=]
Epoch 183:   0%|          | 0/32 [00:00<?, ?it/s, loss=0.264, v_num=]         
Epoch 184:   0%|          | 0/32 [00:00<?, ?it/s, loss=0.264, v_num=]
Epoch 184:  62%|██████▎   | 20/32 [00:00<00:00, 24.91it/s, loss=0.264, v_num=]
Epoch 184:  62%|██████▎   | 20/32 [00:00<00:00, 24.88it/s, loss=0.262, v_num=]
Epoch 184: 100%|██████████| 32/32 [00:01<00:00, 26.00it/s, loss=0.264, v_num=]
Epoch 184:   0%|          | 0/32 [00:00<?, ?it/s, loss=0.264, v_num=]         
Epoch 185:   0%|          | 0/32 [00:00<?, ?it/s, loss=0.264, v_num=]
Epoch 185:  62%|██████▎   | 20/32 [00:00<00:00, 24.87it/s, loss=0.264, v_num=]
Epoch 185:  62%|██████▎   | 20/32 [00:00<00:00, 24.84it/s, loss=0.268, v_num=]
Epoch 185: 100%|██████████| 32/32 [00:01<00:00, 26.15it/s, loss=0.259, v_num=]Evaluating...
NMI : 0.5850565479667379, ARI: 0.23464310997850235, ACC: 0.199, current K: 4

Epoch 185:   0%|          | 0/32 [00:00<?, ?it/s, loss=0.259, v_num=]         
Epoch 186:   0%|          | 0/32 [00:00<?, ?it/s, loss=0.259, v_num=]/usr/local/lib/python3.13/dist-packages/torch/utils/data/dataloader.py:432: UserWarning: This DataLoader will create 6 worker processes in total. Our suggested max number of worker in current system is 2, which is smaller than what this DataLoader is going to create. Please be aware that excessive worker creation might get DataLoader running slow or even freeze, lower the worker number to avoid potential slowness/freeze if necessary.
  self.check_worker_number_rationality()

Epoch 186:  62%|██████▎   | 20/32 [00:00<00:00, 24.85it/s, loss=0.259, v_num=]
Epoch 186:  62%|██████▎   | 20/32 [00:00<00:00, 24.82it/s, loss=0.263, v_num=]
Epoch 186: 100%|██████████| 32/32 [00:01<00:00, 25.87it/s, loss=0.258, v_num=]
Epoch 186:   0%|          | 0/32 [00:00<?, ?it/s, loss=0.258, v_num=]         
Epoch 187:   0%|          | 0/32 [00:00<?, ?it/s, loss=0.258, v_num=]
Epoch 187:  62%|██████▎   | 20/32 [00:00<00:00, 25.58it/s, loss=0.258, v_num=]
Epoch 187:  62%|██████▎   | 20/32 [00:00<00:00, 25.56it/s, loss=0.269, v_num=]
Epoch 187: 100%|██████████| 32/32 [00:01<00:00, 26.44it/s, loss=0.254, v_num=]
Epoch 187:   0%|          | 0/32 [00:00<?, ?it/s, loss=0.254, v_num=]         
Epoch 188:   0%|          | 0/32 [00:00<?, ?it/s, loss=0.254, v_num=]
Epoch 188:  62%|██████▎   | 20/32 [00:00<00:00, 23.53it/s, loss=0.254, v_num=]
Epoch 188:  62%|██████▎   | 20/32 [00:00<00:00, 23.51it/s, loss=0.265, v_num=]
Epoch 188: 100%|██████████| 32/32 [00:01<00:00, 22.15it/s, loss=0.26, v_num=] 
Epoch 188:   0%|          | 0/32 [00:00<?, ?it/s, loss=0.26, v_num=]         
Epoch 189:   0%|          | 0/32 [00:00<?, ?it/s, loss=0.26, v_num=]
Epoch 189:  62%|██████▎   | 20/32 [00:01<00:00, 18.53it/s, loss=0.26, v_num=]
Epoch 189:  62%|██████▎   | 20/32 [00:01<00:00, 18.51it/s, loss=0.261, v_num=]
Epoch 189: 100%|██████████| 32/32 [00:01<00:00, 19.40it/s, loss=0.26, v_num=] 
Epoch 189:   0%|          | 0/32 [00:00<?, ?it/s, loss=0.26, v_num=]         
Epoch 190:   0%|          | 0/32 [00:00<?, ?it/s, loss=0.26, v_num=]
Epoch 190:  62%|██████▎   | 20/32 [00:00<00:00, 22.34it/s, loss=0.26, v_num=]
Epoch 190:  62%|██████▎   | 20/32 [00:00<00:00, 22.32it/s, loss=0.268, v_num=]
Epoch 190: 100%|██████████| 32/32 [00:01<00:00, 24.04it/s, loss=0.274, v_num=]Evaluating...
NMI : 0.5855004223831186, ARI: 0.2348526553521322, ACC: 0.199, current K: 4
Epoch 190 | NMI: 0.5855, ARI: 0.2349, ACC: 0.1990, current K: 4
Confusion Matrix:
[[  0   1   2 197   0   0   0   0   0   0   0   0   0   0   0   0   0   0
    0   0]
 [195   3   0   2   0   0   0   0   0   0   0   0   0   0   0   0   0   0
    0   0]
 [  1   0   0 199   0   0   0   0   0   0   0   0   0   0   0   0   0   0
    0   0]
 [197   2   0   1   0   0   0   0   0   0   0   0   0   0   0   0   0   0
    0   0]
 [  2   0 198   0   0   0   0   0   0   0   0   0   0   0   0   0   0   0
    0   0]
 [  2 196   0   2   0   0   0   0   0   0   0   0   0   0   0   0   0   0
    0   0]
 [  1   0   1 198   0   0   0   0   0   0   0   0   0   0   0   0   0   0
    0   0]
 [  0 199   0   1   0   0   0   0   0   0   0   0   0   0   0   0   0   0
    0   0]
 [  0   0   0 200   0   0   0   0   0   0   0   0   0   0   0   0   0   0
    0   0]
 [197   0   0   3   0   0   0   0   0   0   0   0   0   0   0   0   0   0
    0   0]
 [  0   2   0 198   0   0   0   0   0   0   0   0   0   0   0   0   0   0
    0   0]
 [196   0   4   0   0   0   0   0   0   0   0   0   0   0   0   0   0   0
    0   0]
 [  0   0 199   1   0   0   0   0   0   0   0   0   0   0   0   0   0   0
    0   0]
 [197   1   0   2   0   0   0   0   0   0   0   0   0   0   0   0   0   0
    0   0]
 [  0   1   0 199   0   0   0   0   0   0   0   0   0   0   0   0   0   0
    0   0]
 [  0 200   0   0   0   0   0   0   0   0   0   0   0   0   0   0   0   0
    0   0]
 [  1   0 197   2   0   0   0   0   0   0   0   0   0   0   0   0   0   0
    0   0]
 [197   1   1   1   0   0   0   0   0   0   0   0   0   0   0   0   0   0
    0   0]
 [  1   0   0 199   0   0   0   0   0   0   0   0   0   0   0   0   0   0
    0   0]
 [  5 194   0   1   0   0   0   0   0   0   0   0   0   0   0   0   0   0
    0   0]]

Epoch 190:   0%|          | 0/32 [00:00<?, ?it/s, loss=0.274, v_num=]         
Epoch 191:   0%|          | 0/32 [00:00<?, ?it/s, loss=0.274, v_num=]/usr/local/lib/python3.13/dist-packages/torch/utils/data/dataloader.py:432: UserWarning: This DataLoader will create 6 worker processes in total. Our suggested max number of worker in current system is 2, which is smaller than what this DataLoader is going to create. Please be aware that excessive worker creation might get DataLoader running slow or even freeze, lower the worker number to avoid potential slowness/freeze if necessary.
  self.check_worker_number_rationality()

Epoch 191:  62%|██████▎   | 20/32 [00:00<00:00, 25.32it/s, loss=0.274, v_num=]
Epoch 191:  62%|██████▎   | 20/32 [00:00<00:00, 25.30it/s, loss=0.264, v_num=]
Epoch 191: 100%|██████████| 32/32 [00:01<00:00, 26.53it/s, loss=0.265, v_num=]
Epoch 191:   0%|          | 0/32 [00:00<?, ?it/s, loss=0.265, v_num=]         
Epoch 192:   0%|          | 0/32 [00:00<?, ?it/s, loss=0.265, v_num=]
Epoch 192:  62%|██████▎   | 20/32 [00:00<00:00, 25.03it/s, loss=0.265, v_num=]
Epoch 192:  62%|██████▎   | 20/32 [00:00<00:00, 25.00it/s, loss=0.262, v_num=]
Epoch 192: 100%|██████████| 32/32 [00:01<00:00, 26.46it/s, loss=0.266, v_num=]
Epoch 192:   0%|          | 0/32 [00:00<?, ?it/s, loss=0.266, v_num=]         
Epoch 193:   0%|          | 0/32 [00:00<?, ?it/s, loss=0.266, v_num=]
Epoch 193:  62%|██████▎   | 20/32 [00:00<00:00, 25.20it/s, loss=0.266, v_num=]
Epoch 193:  62%|██████▎   | 20/32 [00:00<00:00, 25.17it/s, loss=0.264, v_num=]
Epoch 193: 100%|██████████| 32/32 [00:01<00:00, 26.28it/s, loss=0.265, v_num=]
Epoch 193:   0%|          | 0/32 [00:00<?, ?it/s, loss=0.265, v_num=]         
Epoch 194:   0%|          | 0/32 [00:00<?, ?it/s, loss=0.265, v_num=]
Epoch 194:  62%|██████▎   | 20/32 [00:00<00:00, 25.42it/s, loss=0.265, v_num=]
Epoch 194:  62%|██████▎   | 20/32 [00:00<00:00, 25.40it/s, loss=0.258, v_num=]
Epoch 194: 100%|██████████| 32/32 [00:01<00:00, 25.94it/s, loss=0.264, v_num=]
Epoch 194:   0%|          | 0/32 [00:00<?, ?it/s, loss=0.264, v_num=]         
Epoch 195:   0%|          | 0/32 [00:00<?, ?it/s, loss=0.264, v_num=]
Epoch 195:  62%|██████▎   | 20/32 [00:00<00:00, 25.66it/s, loss=0.264, v_num=]
Epoch 195:  62%|██████▎   | 20/32 [00:00<00:00, 25.64it/s, loss=0.267, v_num=]
Epoch 195: 100%|██████████| 32/32 [00:01<00:00, 26.24it/s, loss=0.262, v_num=]Evaluating...
NMI : 0.5853072683141555, ARI: 0.23490729169530125, ACC: 0.19925, current K: 4

Epoch 195:   0%|          | 0/32 [00:00<?, ?it/s, loss=0.262, v_num=]         
Epoch 196:   0%|          | 0/32 [00:00<?, ?it/s, loss=0.262, v_num=]/usr/local/lib/python3.13/dist-packages/torch/utils/data/dataloader.py:432: UserWarning: This DataLoader will create 6 worker processes in total. Our suggested max number of worker in current system is 2, which is smaller than what this DataLoader is going to create. Please be aware that excessive worker creation might get DataLoader running slow or even freeze, lower the worker number to avoid potential slowness/freeze if necessary.
  self.check_worker_number_rationality()

Epoch 196:  62%|██████▎   | 20/32 [00:00<00:00, 24.77it/s, loss=0.262, v_num=]
Epoch 196:  62%|██████▎   | 20/32 [00:00<00:00, 24.75it/s, loss=0.262, v_num=]
Epoch 196: 100%|██████████| 32/32 [00:01<00:00, 26.28it/s, loss=0.267, v_num=]
Epoch 196:   0%|          | 0/32 [00:00<?, ?it/s, loss=0.267, v_num=]         
Epoch 197:   0%|          | 0/32 [00:00<?, ?it/s, loss=0.267, v_num=]
Epoch 197:  62%|██████▎   | 20/32 [00:00<00:00, 25.64it/s, loss=0.267, v_num=]
Epoch 197:  62%|██████▎   | 20/32 [00:00<00:00, 25.61it/s, loss=0.259, v_num=]
Epoch 197: 100%|██████████| 32/32 [00:01<00:00, 26.80it/s, loss=0.261, v_num=]
Epoch 197:   0%|          | 0/32 [00:00<?, ?it/s, loss=0.261, v_num=]         
Epoch 198:   0%|          | 0/32 [00:00<?, ?it/s, loss=0.261, v_num=]
Epoch 198:  62%|██████▎   | 20/32 [00:00<00:00, 21.81it/s, loss=0.261, v_num=]
Epoch 198:  62%|██████▎   | 20/32 [00:00<00:00, 21.78it/s, loss=0.262, v_num=]
Epoch 198: 100%|██████████| 32/32 [00:01<00:00, 21.87it/s, loss=0.259, v_num=]
Epoch 198:   0%|          | 0/32 [00:00<?, ?it/s, loss=0.259, v_num=]         
Epoch 199:   0%|          | 0/32 [00:00<?, ?it/s, loss=0.259, v_num=]
Epoch 199:  62%|██████▎   | 20/32 [00:01<00:00, 17.52it/s, loss=0.259, v_num=]
Epoch 199:  62%|██████▎   | 20/32 [00:01<00:00, 17.50it/s, loss=0.265, v_num=]
Epoch 199: 100%|██████████| 32/32 [00:01<00:00, 16.87it/s, loss=0.264, v_num=]
Epoch 199:   0%|          | 0/32 [00:00<?, ?it/s, loss=0.264, v_num=]         
Epoch 200:   0%|          | 0/32 [00:00<?, ?it/s, loss=0.264, v_num=]
Epoch 200:  62%|██████▎   | 20/32 [00:00<00:00, 20.40it/s, loss=0.264, v_num=]
Epoch 200:  62%|██████▎   | 20/32 [00:00<00:00, 20.39it/s, loss=0.258, v_num=]
Epoch 200: 100%|██████████| 32/32 [00:01<00:00, 22.70it/s, loss=0.259, v_num=]Evaluating...
NMI : 0.586616624317102, ARI: 0.23526000102127087, ACC: 0.19925, current K: 4
Epoch 200 | NMI: 0.5866, ARI: 0.2353, ACC: 0.1993, current K: 4
Confusion Matrix:
[[  0   1   2 197   0   0   0   0   0   0   0   0   0   0   0   0   0   0
    0   0]
 [195   3   0   2   0   0   0   0   0   0   0   0   0   0   0   0   0   0
    0   0]
 [  1   0   0 199   0   0   0   0   0   0   0   0   0   0   0   0   0   0
    0   0]
 [197   2   0   1   0   0   0   0   0   0   0   0   0   0   0   0   0   0
    0   0]
 [  2   0 198   0   0   0   0   0   0   0   0   0   0   0   0   0   0   0
    0   0]
 [  1 197   0   2   0   0   0   0   0   0   0   0   0   0   0   0   0   0
    0   0]
 [  1   0   1 198   0   0   0   0   0   0   0   0   0   0   0   0   0   0
    0   0]
 [  0 199   0   1   0   0   0   0   0   0   0   0   0   0   0   0   0   0
    0   0]
 [  0   0   0 200   0   0   0   0   0   0   0   0   0   0   0   0   0   0
    0   0]
 [198   0   0   2   0   0   0   0   0   0   0   0   0   0   0   0   0   0
    0   0]
 [  0   2   0 198   0   0   0   0   0   0   0   0   0   0   0   0   0   0
    0   0]
 [196   0   4   0   0   0   0   0   0   0   0   0   0   0   0   0   0   0
    0   0]
 [  0   0 199   1   0   0   0   0   0   0   0   0   0   0   0   0   0   0
    0   0]
 [197   1   0   2   0   0   0   0   0   0   0   0   0   0   0   0   0   0
    0   0]
 [  0   1   0 199   0   0   0   0   0   0   0   0   0   0   0   0   0   0
    0   0]
 [  0 200   0   0   0   0   0   0   0   0   0   0   0   0   0   0   0   0
    0   0]
 [  1   0 197   2   0   0   0   0   0   0   0   0   0   0   0   0   0   0
    0   0]
 [197   1   1   1   0   0   0   0   0   0   0   0   0   0   0   0   0   0
    0   0]
 [  1   0   0 199   0   0   0   0   0   0   0   0   0   0   0   0   0   0
    0   0]
 [  5 194   0   1   0   0   0   0   0   0   0   0   0   0   0   0   0   0
    0   0]]

Epoch 200:   0%|          | 0/32 [00:00<?, ?it/s, loss=0.259, v_num=]         
Epoch 201:   0%|          | 0/32 [00:00<?, ?it/s, loss=0.259, v_num=]/usr/local/lib/python3.13/dist-packages/torch/utils/data/dataloader.py:432: UserWarning: This DataLoader will create 6 worker processes in total. Our suggested max number of worker in current system is 2, which is smaller than what this DataLoader is going to create. Please be aware that excessive worker creation might get DataLoader running slow or even freeze, lower the worker number to avoid potential slowness/freeze if necessary.
  self.check_worker_number_rationality()

Epoch 201:  62%|██████▎   | 20/32 [00:00<00:00, 25.74it/s, loss=0.259, v_num=]
Epoch 201:  62%|██████▎   | 20/32 [00:00<00:00, 25.71it/s, loss=0.261, v_num=]
Epoch 201: 100%|██████████| 32/32 [00:01<00:00, 26.59it/s, loss=0.262, v_num=]
Epoch 201:   0%|          | 0/32 [00:00<?, ?it/s, loss=0.262, v_num=]         
Epoch 202:   0%|          | 0/32 [00:00<?, ?it/s, loss=0.262, v_num=]
Epoch 202:  62%|██████▎   | 20/32 [00:00<00:00, 24.86it/s, loss=0.262, v_num=]
Epoch 202:  62%|██████▎   | 20/32 [00:00<00:00, 24.84it/s, loss=0.26, v_num=] 
Epoch 202: 100%|██████████| 32/32 [00:01<00:00, 26.03it/s, loss=0.261, v_num=]
Epoch 202:   0%|          | 0/32 [00:00<?, ?it/s, loss=0.261, v_num=]         
Epoch 203:   0%|          | 0/32 [00:00<?, ?it/s, loss=0.261, v_num=]
Epoch 203:  62%|██████▎   | 20/32 [00:00<00:00, 24.88it/s, loss=0.261, v_num=]
Epoch 203:  62%|██████▎   | 20/32 [00:00<00:00, 24.85it/s, loss=0.265, v_num=]
Epoch 203: 100%|██████████| 32/32 [00:01<00:00, 26.14it/s, loss=0.263, v_num=]
Epoch 203:   0%|          | 0/32 [00:00<?, ?it/s, loss=0.263, v_num=]         
Epoch 204:   0%|          | 0/32 [00:00<?, ?it/s, loss=0.263, v_num=]
Epoch 204:  62%|██████▎   | 20/32 [00:00<00:00, 24.90it/s, loss=0.263, v_num=]
Epoch 204:  62%|██████▎   | 20/32 [00:00<00:00, 24.88it/s, loss=0.264, v_num=]
Epoch 204: 100%|██████████| 32/32 [00:01<00:00, 25.96it/s, loss=0.263, v_num=]
Epoch 204:   0%|          | 0/32 [00:00<?, ?it/s, loss=0.263, v_num=]         
Epoch 205:   0%|          | 0/32 [00:00<?, ?it/s, loss=0.263, v_num=]
Epoch 205:  62%|██████▎   | 20/32 [00:00<00:00, 25.75it/s, loss=0.263, v_num=]
Epoch 205:  62%|██████▎   | 20/32 [00:00<00:00, 25.72it/s, loss=0.257, v_num=]
Epoch 205: 100%|██████████| 32/32 [00:01<00:00, 26.44it/s, loss=0.274, v_num=]Evaluating...
NMI : 0.5859049089873893, ARI: 0.2351228321533163, ACC: 0.19925, current K: 4

Epoch 205:   0%|          | 0/32 [00:00<?, ?it/s, loss=0.274, v_num=]         
Epoch 206:   0%|          | 0/32 [00:00<?, ?it/s, loss=0.274, v_num=]/usr/local/lib/python3.13/dist-packages/torch/utils/data/dataloader.py:432: UserWarning: This DataLoader will create 6 worker processes in total. Our suggested max number of worker in current system is 2, which is smaller than what this DataLoader is going to create. Please be aware that excessive worker creation might get DataLoader running slow or even freeze, lower the worker number to avoid potential slowness/freeze if necessary.
  self.check_worker_number_rationality()

Epoch 206:  62%|██████▎   | 20/32 [00:00<00:00, 25.41it/s, loss=0.274, v_num=]
Epoch 206:  62%|██████▎   | 20/32 [00:00<00:00, 25.38it/s, loss=0.259, v_num=]
Epoch 206: 100%|██████████| 32/32 [00:01<00:00, 26.51it/s, loss=0.265, v_num=]
Epoch 206:   0%|          | 0/32 [00:00<?, ?it/s, loss=0.265, v_num=]         
Epoch 207:   0%|          | 0/32 [00:00<?, ?it/s, loss=0.265, v_num=]
Epoch 207:  62%|██████▎   | 20/32 [00:00<00:00, 25.71it/s, loss=0.265, v_num=]
Epoch 207:  62%|██████▎   | 20/32 [00:00<00:00, 25.68it/s, loss=0.267, v_num=]
Epoch 207: 100%|██████████| 32/32 [00:01<00:00, 26.79it/s, loss=0.263, v_num=]
Epoch 207:   0%|          | 0/32 [00:00<?, ?it/s, loss=0.263, v_num=]         
Epoch 208:   0%|          | 0/32 [00:00<?, ?it/s, loss=0.263, v_num=]
Epoch 208:  62%|██████▎   | 20/32 [00:00<00:00, 21.94it/s, loss=0.263, v_num=]
Epoch 208:  62%|██████▎   | 20/32 [00:00<00:00, 21.91it/s, loss=0.267, v_num=]
Epoch 208: 100%|██████████| 32/32 [00:01<00:00, 21.59it/s, loss=0.264, v_num=]
Epoch 208:   0%|          | 0/32 [00:00<?, ?it/s, loss=0.264, v_num=]         
Epoch 209:   0%|          | 0/32 [00:00<?, ?it/s, loss=0.264, v_num=]
Epoch 209:  62%|██████▎   | 20/32 [00:01<00:00, 18.29it/s, loss=0.264, v_num=]
Epoch 209:  62%|██████▎   | 20/32 [00:01<00:00, 18.27it/s, loss=0.258, v_num=]
Epoch 209: 100%|██████████| 32/32 [00:01<00:00, 18.90it/s, loss=0.266, v_num=]
Epoch 209:   0%|          | 0/32 [00:00<?, ?it/s, loss=0.266, v_num=]         
Epoch 210:   0%|          | 0/32 [00:00<?, ?it/s, loss=0.266, v_num=]
Epoch 210:  62%|██████▎   | 20/32 [00:00<00:00, 25.38it/s, loss=0.266, v_num=]
Epoch 210:  62%|██████▎   | 20/32 [00:00<00:00, 25.36it/s, loss=0.261, v_num=]
Epoch 210: 100%|██████████| 32/32 [00:01<00:00, 26.58it/s, loss=0.265, v_num=]Evaluating...
NMI : 0.5859049089873893, ARI: 0.2351228321533163, ACC: 0.19925, current K: 4
Epoch 210 | NMI: 0.5859, ARI: 0.2351, ACC: 0.1993, current K: 4
Confusion Matrix:
[[  1   1   2 196   0   0   0   0   0   0   0   0   0   0   0   0   0   0
    0   0]
 [195   3   0   2   0   0   0   0   0   0   0   0   0   0   0   0   0   0
    0   0]
 [  1   0   0 199   0   0   0   0   0   0   0   0   0   0   0   0   0   0
    0   0]
 [197   2   0   1   0   0   0   0   0   0   0   0   0   0   0   0   0   0
    0   0]
 [  2   0 198   0   0   0   0   0   0   0   0   0   0   0   0   0   0   0
    0   0]
 [  1 197   0   2   0   0   0   0   0   0   0   0   0   0   0   0   0   0
    0   0]
 [  1   0   1 198   0   0   0   0   0   0   0   0   0   0   0   0   0   0
    0   0]
 [  0 199   0   1   0   0   0   0   0   0   0   0   0   0   0   0   0   0
    0   0]
 [  0   0   0 200   0   0   0   0   0   0   0   0   0   0   0   0   0   0
    0   0]
 [198   0   0   2   0   0   0   0   0   0   0   0   0   0   0   0   0   0
    0   0]
 [  0   2   0 198   0   0   0   0   0   0   0   0   0   0   0   0   0   0
    0   0]
 [196   0   4   0   0   0   0   0   0   0   0   0   0   0   0   0   0   0
    0   0]
 [  0   0 199   1   0   0   0   0   0   0   0   0   0   0   0   0   0   0
    0   0]
 [197   1   0   2   0   0   0   0   0   0   0   0   0   0   0   0   0   0
    0   0]
 [  0   1   0 199   0   0   0   0   0   0   0   0   0   0   0   0   0   0
    0   0]
 [  0 200   0   0   0   0   0   0   0   0   0   0   0   0   0   0   0   0
    0   0]
 [  1   0 197   2   0   0   0   0   0   0   0   0   0   0   0   0   0   0
    0   0]
 [197   1   1   1   0   0   0   0   0   0   0   0   0   0   0   0   0   0
    0   0]
 [  1   0   0 199   0   0   0   0   0   0   0   0   0   0   0   0   0   0
    0   0]
 [  5 194   0   1   0   0   0   0   0   0   0   0   0   0   0   0   0   0
    0   0]]

Epoch 210:   0%|          | 0/32 [00:00<?, ?it/s, loss=0.265, v_num=]         
Epoch 211:   0%|          | 0/32 [00:00<?, ?it/s, loss=0.265, v_num=]/usr/local/lib/python3.13/dist-packages/torch/utils/data/dataloader.py:432: UserWarning: This DataLoader will create 6 worker processes in total. Our suggested max number of worker in current system is 2, which is smaller than what this DataLoader is going to create. Please be aware that excessive worker creation might get DataLoader running slow or even freeze, lower the worker number to avoid potential slowness/freeze if necessary.
  self.check_worker_number_rationality()

Epoch 211:  62%|██████▎   | 20/32 [00:00<00:00, 25.96it/s, loss=0.265, v_num=]
Epoch 211:  62%|██████▎   | 20/32 [00:00<00:00, 25.94it/s, loss=0.259, v_num=]
Epoch 211: 100%|██████████| 32/32 [00:01<00:00, 27.04it/s, loss=0.265, v_num=]
Epoch 211:   0%|          | 0/32 [00:00<?, ?it/s, loss=0.265, v_num=]         
Epoch 212:   0%|          | 0/32 [00:00<?, ?it/s, loss=0.265, v_num=]
Epoch 212:  62%|██████▎   | 20/32 [00:00<00:00, 25.78it/s, loss=0.265, v_num=]
Epoch 212:  62%|██████▎   | 20/32 [00:00<00:00, 25.75it/s, loss=0.262, v_num=]
Epoch 212: 100%|██████████| 32/32 [00:01<00:00, 26.64it/s, loss=0.251, v_num=]
Epoch 212:   0%|          | 0/32 [00:00<?, ?it/s, loss=0.251, v_num=]         
Epoch 213:   0%|          | 0/32 [00:00<?, ?it/s, loss=0.251, v_num=]
Epoch 213:  62%|██████▎   | 20/32 [00:00<00:00, 26.34it/s, loss=0.251, v_num=]
Epoch 213:  62%|██████▎   | 20/32 [00:00<00:00, 26.31it/s, loss=0.259, v_num=]
Epoch 213: 100%|██████████| 32/32 [00:01<00:00, 26.93it/s, loss=0.263, v_num=]
Epoch 213:   0%|          | 0/32 [00:00<?, ?it/s, loss=0.263, v_num=]         
Epoch 214:   0%|          | 0/32 [00:00<?, ?it/s, loss=0.263, v_num=]
Epoch 214:  62%|██████▎   | 20/32 [00:00<00:00, 25.45it/s, loss=0.263, v_num=]
Epoch 214:  62%|██████▎   | 20/32 [00:00<00:00, 25.42it/s, loss=0.26, v_num=] 
Epoch 214: 100%|██████████| 32/32 [00:01<00:00, 26.86it/s, loss=0.269, v_num=]
Epoch 214:   0%|          | 0/32 [00:00<?, ?it/s, loss=0.269, v_num=]         
Epoch 215:   0%|          | 0/32 [00:00<?, ?it/s, loss=0.269, v_num=]
Epoch 215:  62%|██████▎   | 20/32 [00:00<00:00, 25.32it/s, loss=0.269, v_num=]
Epoch 215:  62%|██████▎   | 20/32 [00:00<00:00, 25.30it/s, loss=0.257, v_num=]
Epoch 215: 100%|██████████| 32/32 [00:01<00:00, 26.42it/s, loss=0.256, v_num=]/content/DeepDPM-New/src/clustering_models/clusternet_modules/clusternetasmodel.py:682: UserWarning: To copy construct from a tensor, it is recommended to use sourceTensor.detach().clone() or sourceTensor.detach().clone().requires_grad_(True), rather than torch.tensor(sourceTensor).
  mus_ind_to_split = torch.nonzero(torch.tensor(split_decisions), as_tuple=False)
Splitting clusters [0 1 2 3]
Evaluating...
NMI : 0.5874270262011266, ARI: 0.23545425230289163, ACC: 0.19925, current K: 4
[Split] K updated → 8 clusters
  [Epoch 215] losses at split → cluster_loss=0.0185, subcluster_loss=0.5040

Epoch 215:   0%|          | 0/32 [00:00<?, ?it/s, loss=0.256, v_num=]         
Epoch 216:   0%|          | 0/32 [00:00<?, ?it/s, loss=0.256, v_num=]/usr/local/lib/python3.13/dist-packages/torch/utils/data/dataloader.py:432: UserWarning: This DataLoader will create 6 worker processes in total. Our suggested max number of worker in current system is 2, which is smaller than what this DataLoader is going to create. Please be aware that excessive worker creation might get DataLoader running slow or even freeze, lower the worker number to avoid potential slowness/freeze if necessary.
  self.check_worker_number_rationality()

Epoch 216:  62%|██████▎   | 20/32 [00:01<00:00, 18.78it/s, loss=0.256, v_num=]
Epoch 216:  62%|██████▎   | 20/32 [00:01<00:00, 18.76it/s, loss=0.741, v_num=]
Epoch 216: 100%|██████████| 32/32 [00:01<00:00, 19.70it/s, loss=0.655, v_num=]
Epoch 216:   0%|          | 0/32 [00:00<?, ?it/s, loss=0.655, v_num=]         
Epoch 217:   0%|          | 0/32 [00:00<?, ?it/s, loss=0.655, v_num=]
Epoch 217:  62%|██████▎   | 20/32 [00:01<00:00, 19.07it/s, loss=0.655, v_num=]
Epoch 217:  62%|██████▎   | 20/32 [00:01<00:00, 19.06it/s, loss=0.56, v_num=] 
Epoch 217: 100%|██████████| 32/32 [00:01<00:00, 17.67it/s, loss=0.547, v_num=]
Epoch 217:   0%|          | 0/32 [00:00<?, ?it/s, loss=0.547, v_num=]         
Epoch 218:   0%|          | 0/32 [00:00<?, ?it/s, loss=0.547, v_num=]
Epoch 218:  62%|██████▎   | 20/32 [00:01<00:00, 15.01it/s, loss=0.547, v_num=]
Epoch 218:  62%|██████▎   | 20/32 [00:01<00:00, 15.00it/s, loss=0.537, v_num=]
Epoch 218: 100%|██████████| 32/32 [00:02<00:00, 15.58it/s, loss=0.518, v_num=]
Epoch 218:   0%|          | 0/32 [00:00<?, ?it/s, loss=0.518, v_num=]         
Epoch 219:   0%|          | 0/32 [00:00<?, ?it/s, loss=0.518, v_num=]
Epoch 219:  62%|██████▎   | 20/32 [00:00<00:00, 20.21it/s, loss=0.518, v_num=]
Epoch 219:  62%|██████▎   | 20/32 [00:00<00:00, 20.19it/s, loss=0.499, v_num=]
Epoch 219: 100%|██████████| 32/32 [00:01<00:00, 20.64it/s, loss=0.438, v_num=]
Epoch 219:   0%|          | 0/32 [00:00<?, ?it/s, loss=0.438, v_num=]         
Epoch 220:   0%|          | 0/32 [00:00<?, ?it/s, loss=0.438, v_num=]
Epoch 220:  62%|██████▎   | 20/32 [00:01<00:00, 19.56it/s, loss=0.438, v_num=]
Epoch 220:  62%|██████▎   | 20/32 [00:01<00:00, 19.55it/s, loss=0.396, v_num=]
Epoch 220: 100%|██████████| 32/32 [00:01<00:00, 20.04it/s, loss=0.371, v_num=]Evaluating...
NMI : 0.7016028339662309, ARI: 0.38118472066623754, ACC: 0.37675, current K: 8
Epoch 220 | NMI: 0.7016, ARI: 0.3812, ACC: 0.3767, current K: 8
Confusion Matrix:
[[  1   0   1   0   2   0   0 196   0   0   0   0   0   0   0   0   0   0
    0   0]
 [181  14   2   1   0   0   0   2   0   0   0   0   0   0   0   0   0   0
    0   0]
 [  1   0   0   0   0   0   0 199   0   0   0   0   0   0   0   0   0   0
    0   0]
 [  3 195   0   1   0   0   0   1   0   0   0   0   0   0   0   0   0   0
    0   0]
 [  2   0   0   0 198   0   0   0   0   0   0   0   0   0   0   0   0   0
    0   0]
 [  0   2 191   5   0   0   0   2   0   0   0   0   0   0   0   0   0   0
    0   0]
 [  1   0   0   0   1   0 164  34   0   0   0   0   0   0   0   0   0   0
    0   0]
 [  0   0   2 198   0   0   0   0   0   0   0   0   0   0   0   0   0   0
    0   0]
 [  0   0   0   0   0   0  93 107   0   0   0   0   0   0   0   0   0   0
    0   0]
 [199   0   0   0   0   0   0   1   0   0   0   0   0   0   0   0   0   0
    0   0]
 [  0   0   1   1   0   0  98 100   0   0   0   0   0   0   0   0   0   0
    0   0]
 [195   1   0   0   4   0   0   0   0   0   0   0   0   0   0   0   0   0
    0   0]
 [  0   0   0   0  45 154   0   1   0   0   0   0   0   0   0   0   0   0
    0   0]
 [  1 196   0   2   0   0   0   1   0   0   0   0   0   0   0   0   0   0
    0   0]
 [  0   0   0   1   0   0   0 199   0   0   0   0   0   0   0   0   0   0
    0   0]
 [  0   0 198   1   0   0   0   1   0   0   0   0   0   0   0   0   0   0
    0   0]
 [  1   0   0   0 199   0   0   0   0   0   0   0   0   0   0   0   0   0
    0   0]
 [  4 193   1   0   1   0   0   1   0   0   0   0   0   0   0   0   0   0
    0   0]
 [  1   0   0   0   0   0   1 198   0   0   0   0   0   0   0   0   0   0
    0   0]
 [  5   0   7 187   0   0   0   1   0   0   0   0   0   0   0   0   0   0
    0   0]]

Epoch 220:   0%|          | 0/32 [00:00<?, ?it/s, loss=0.371, v_num=]         
Epoch 221:   0%|          | 0/32 [00:00<?, ?it/s, loss=0.371, v_num=]/usr/local/lib/python3.13/dist-packages/torch/utils/data/dataloader.py:432: UserWarning: This DataLoader will create 6 worker processes in total. Our suggested max number of worker in current system is 2, which is smaller than what this DataLoader is going to create. Please be aware that excessive worker creation might get DataLoader running slow or even freeze, lower the worker number to avoid potential slowness/freeze if necessary.
  self.check_worker_number_rationality()

Epoch 221:  62%|██████▎   | 20/32 [00:01<00:00, 17.38it/s, loss=0.371, v_num=]
Epoch 221:  62%|██████▎   | 20/32 [00:01<00:00, 17.36it/s, loss=0.348, v_num=]
Epoch 221: 100%|██████████| 32/32 [00:01<00:00, 18.78it/s, loss=0.318, v_num=]
Epoch 221:   0%|          | 0/32 [00:00<?, ?it/s, loss=0.318, v_num=]         
Epoch 222:   0%|          | 0/32 [00:00<?, ?it/s, loss=0.318, v_num=]/usr/local/lib/python3.13/dist-packages/torch/utils/data/dataloader.py:432: UserWarning: This DataLoader will create 6 worker processes in total. Our suggested max number of worker in current system is 2, which is smaller than what this DataLoader is going to create. Please be aware that excessive worker creation might get DataLoader running slow or even freeze, lower the worker number to avoid potential slowness/freeze if necessary.
  self.check_worker_number_rationality()

Epoch 222:  62%|██████▎   | 20/32 [00:01<00:00, 19.64it/s, loss=0.318, v_num=]
Epoch 222:  62%|██████▎   | 20/32 [00:01<00:00, 19.63it/s, loss=0.175, v_num=]
Epoch 222: 100%|██████████| 32/32 [00:01<00:00, 20.02it/s, loss=0.174, v_num=]
Epoch 222:   0%|          | 0/32 [00:00<?, ?it/s, loss=0.174, v_num=]         
Epoch 223:   0%|          | 0/32 [00:00<?, ?it/s, loss=0.174, v_num=]/usr/local/lib/python3.13/dist-packages/torch/utils/data/dataloader.py:432: UserWarning: This DataLoader will create 6 worker processes in total. Our suggested max number of worker in current system is 2, which is smaller than what this DataLoader is going to create. Please be aware that excessive worker creation might get DataLoader running slow or even freeze, lower the worker number to avoid potential slowness/freeze if necessary.
  self.check_worker_number_rationality()

Epoch 223:  62%|██████▎   | 20/32 [00:01<00:00, 19.67it/s, loss=0.174, v_num=]
Epoch 223:  62%|██████▎   | 20/32 [00:01<00:00, 19.65it/s, loss=0.182, v_num=]
Epoch 223: 100%|██████████| 32/32 [00:01<00:00, 20.31it/s, loss=0.185, v_num=]
Epoch 223:   0%|          | 0/32 [00:00<?, ?it/s, loss=0.185, v_num=]         
Epoch 224:   0%|          | 0/32 [00:00<?, ?it/s, loss=0.185, v_num=]/usr/local/lib/python3.13/dist-packages/torch/utils/data/dataloader.py:432: UserWarning: This DataLoader will create 6 worker processes in total. Our suggested max number of worker in current system is 2, which is smaller than what this DataLoader is going to create. Please be aware that excessive worker creation might get DataLoader running slow or even freeze, lower the worker number to avoid potential slowness/freeze if necessary.
  self.check_worker_number_rationality()

Epoch 224:  62%|██████▎   | 20/32 [00:01<00:00, 19.24it/s, loss=0.185, v_num=]
Epoch 224:  62%|██████▎   | 20/32 [00:01<00:00, 19.22it/s, loss=0.19, v_num=] 
Epoch 224: 100%|██████████| 32/32 [00:01<00:00, 19.89it/s, loss=0.18, v_num=]
Epoch 224:   0%|          | 0/32 [00:00<?, ?it/s, loss=0.18, v_num=]         
Epoch 225:   0%|          | 0/32 [00:00<?, ?it/s, loss=0.18, v_num=]/usr/local/lib/python3.13/dist-packages/torch/utils/data/dataloader.py:432: UserWarning: This DataLoader will create 6 worker processes in total. Our suggested max number of worker in current system is 2, which is smaller than what this DataLoader is going to create. Please be aware that excessive worker creation might get DataLoader running slow or even freeze, lower the worker number to avoid potential slowness/freeze if necessary.
  self.check_worker_number_rationality()

Epoch 225:  62%|██████▎   | 20/32 [00:01<00:00, 15.34it/s, loss=0.18, v_num=]
Epoch 225:  62%|██████▎   | 20/32 [00:01<00:00, 15.33it/s, loss=0.192, v_num=]
Epoch 225: 100%|██████████| 32/32 [00:02<00:00, 15.82it/s, loss=0.18, v_num=] Evaluating...
NMI : 0.7528326800194794, ARI: 0.4595026045554059, ACC: 0.39625, current K: 8

Epoch 225:   0%|          | 0/32 [00:00<?, ?it/s, loss=0.18, v_num=]         
Epoch 226:   0%|          | 0/32 [00:00<?, ?it/s, loss=0.18, v_num=]/usr/local/lib/python3.13/dist-packages/torch/utils/data/dataloader.py:432: UserWarning: This DataLoader will create 6 worker processes in total. Our suggested max number of worker in current system is 2, which is smaller than what this DataLoader is going to create. Please be aware that excessive worker creation might get DataLoader running slow or even freeze, lower the worker number to avoid potential slowness/freeze if necessary.
  self.check_worker_number_rationality()

Epoch 226:  62%|██████▎   | 20/32 [00:01<00:00, 15.42it/s, loss=0.18, v_num=]
Epoch 226:  62%|██████▎   | 20/32 [00:01<00:00, 15.41it/s, loss=0.184, v_num=]
Epoch 226: 100%|██████████| 32/32 [00:01<00:00, 17.18it/s, loss=0.184, v_num=]
Epoch 226:   0%|          | 0/32 [00:00<?, ?it/s, loss=0.184, v_num=]         
Epoch 227:   0%|          | 0/32 [00:00<?, ?it/s, loss=0.184, v_num=]/usr/local/lib/python3.13/dist-packages/torch/utils/data/dataloader.py:432: UserWarning: This DataLoader will create 6 worker processes in total. Our suggested max number of worker in current system is 2, which is smaller than what this DataLoader is going to create. Please be aware that excessive worker creation might get DataLoader running slow or even freeze, lower the worker number to avoid potential slowness/freeze if necessary.
  self.check_worker_number_rationality()

Epoch 227:  62%|██████▎   | 20/32 [00:01<00:00, 19.94it/s, loss=0.184, v_num=]
Epoch 227:  62%|██████▎   | 20/32 [00:01<00:00, 19.93it/s, loss=0.177, v_num=]
Epoch 227: 100%|██████████| 32/32 [00:01<00:00, 20.73it/s, loss=0.18, v_num=] 
Epoch 227:   0%|          | 0/32 [00:00<?, ?it/s, loss=0.18, v_num=]         
Epoch 228:   0%|          | 0/32 [00:00<?, ?it/s, loss=0.18, v_num=]/usr/local/lib/python3.13/dist-packages/torch/utils/data/dataloader.py:432: UserWarning: This DataLoader will create 6 worker processes in total. Our suggested max number of worker in current system is 2, which is smaller than what this DataLoader is going to create. Please be aware that excessive worker creation might get DataLoader running slow or even freeze, lower the worker number to avoid potential slowness/freeze if necessary.
  self.check_worker_number_rationality()

Epoch 228:  62%|██████▎   | 20/32 [00:01<00:00, 19.82it/s, loss=0.18, v_num=]
Epoch 228:  62%|██████▎   | 20/32 [00:01<00:00, 19.81it/s, loss=0.182, v_num=]
Epoch 228: 100%|██████████| 32/32 [00:01<00:00, 20.36it/s, loss=0.172, v_num=]
Epoch 228:   0%|          | 0/32 [00:00<?, ?it/s, loss=0.172, v_num=]         
Epoch 229:   0%|          | 0/32 [00:00<?, ?it/s, loss=0.172, v_num=]/usr/local/lib/python3.13/dist-packages/torch/utils/data/dataloader.py:432: UserWarning: This DataLoader will create 6 worker processes in total. Our suggested max number of worker in current system is 2, which is smaller than what this DataLoader is going to create. Please be aware that excessive worker creation might get DataLoader running slow or even freeze, lower the worker number to avoid potential slowness/freeze if necessary.
  self.check_worker_number_rationality()

Epoch 229:  62%|██████▎   | 20/32 [00:01<00:00, 19.90it/s, loss=0.172, v_num=]
Epoch 229:  62%|██████▎   | 20/32 [00:01<00:00, 19.88it/s, loss=0.165, v_num=]
Epoch 229: 100%|██████████| 32/32 [00:01<00:00, 20.45it/s, loss=0.171, v_num=]
Epoch 229:   0%|          | 0/32 [00:00<?, ?it/s, loss=0.171, v_num=]         
Epoch 230:   0%|          | 0/32 [00:00<?, ?it/s, loss=0.171, v_num=]/usr/local/lib/python3.13/dist-packages/torch/utils/data/dataloader.py:432: UserWarning: This DataLoader will create 6 worker processes in total. Our suggested max number of worker in current system is 2, which is smaller than what this DataLoader is going to create. Please be aware that excessive worker creation might get DataLoader running slow or even freeze, lower the worker number to avoid potential slowness/freeze if necessary.
  self.check_worker_number_rationality()

Epoch 230:  62%|██████▎   | 20/32 [00:01<00:00, 19.75it/s, loss=0.171, v_num=]
Epoch 230:  62%|██████▎   | 20/32 [00:01<00:00, 19.74it/s, loss=0.17, v_num=] 
Epoch 230: 100%|██████████| 32/32 [00:01<00:00, 20.24it/s, loss=0.163, v_num=]Evaluating...
NMI : 0.7565428041686602, ARI: 0.46211474843968753, ACC: 0.39575, current K: 8
Epoch 230 | NMI: 0.7565, ARI: 0.4621, ACC: 0.3957, current K: 8
Confusion Matrix:
[[  0   0   0   0   2   0   1 197   0   0   0   0   0   0   0   0   0   0
    0   0]
 [187   9   1   1   0   0   1   1   0   0   0   0   0   0   0   0   0   0
    0   0]
 [  1   0   0   1   0   0   0 198   0   0   0   0   0   0   0   0   0   0
    0   0]
 [  2 196   0   1   0   0   0   1   0   0   0   0   0   0   0   0   0   0
    0   0]
 [  1   1   0   0 198   0   0   0   0   0   0   0   0   0   0   0   0   0
    0   0]
 [  0   2 193   4   0   0   1   0   0   0   0   0   0   0   0   0   0   0
    0   0]
 [  1   0   0   0   1   0 195   3   0   0   0   0   0   0   0   0   0   0
    0   0]
 [  0   0   2 198   0   0   0   0   0   0   0   0   0   0   0   0   0   0
    0   0]
 [  0   0   0   0   0   0 199   1   0   0   0   0   0   0   0   0   0   0
    0   0]
 [199   0   0   0   0   0   0   1   0   0   0   0   0   0   0   0   0   0
    0   0]
 [  0   0   1   1   0   0 198   0   0   0   0   0   0   0   0   0   0   0
    0   0]
 [196   0   0   0   2   2   0   0   0   0   0   0   0   0   0   0   0   0
    0   0]
 [  0   0   0   0   2 196   0   2   0   0   0   0   0   0   0   0   0   0
    0   0]
 [  0 197   2   0   0   0   0   1   0   0   0   0   0   0   0   0   0   0
    0   0]
 [  0   0   1   0   0   0   0 199   0   0   0   0   0   0   0   0   0   0
    0   0]
 [  0   0 197   2   0   0   0   1   0   0   0   0   0   0   0   0   0   0
    0   0]
 [  1   0   0   0 198   0   1   0   0   0   0   0   0   0   0   0   0   0
    0   0]
 [  5 192   1   0   1   0   0   1   0   0   0   0   0   0   0   0   0   0
    0   0]
 [  1   0   0   0   0   0  15 184   0   0   0   0   0   0   0   0   0   0
    0   0]
 [  7   0   3 189   0   0   1   0   0   0   0   0   0   0   0   0   0   0
    0   0]]

Epoch 230:   0%|          | 0/32 [00:00<?, ?it/s, loss=0.163, v_num=]         
Epoch 231:   0%|          | 0/32 [00:00<?, ?it/s, loss=0.163, v_num=]/usr/local/lib/python3.13/dist-packages/torch/utils/data/dataloader.py:432: UserWarning: This DataLoader will create 6 worker processes in total. Our suggested max number of worker in current system is 2, which is smaller than what this DataLoader is going to create. Please be aware that excessive worker creation might get DataLoader running slow or even freeze, lower the worker number to avoid potential slowness/freeze if necessary.
  self.check_worker_number_rationality()

Epoch 231:  62%|██████▎   | 20/32 [00:01<00:00, 19.48it/s, loss=0.163, v_num=]
Epoch 231:  62%|██████▎   | 20/32 [00:01<00:00, 19.46it/s, loss=0.16, v_num=] 
Epoch 231: 100%|██████████| 32/32 [00:01<00:00, 20.22it/s, loss=0.165, v_num=]
Epoch 231:   0%|          | 0/32 [00:00<?, ?it/s, loss=0.165, v_num=]         
Epoch 232:   0%|          | 0/32 [00:00<?, ?it/s, loss=0.165, v_num=]/usr/local/lib/python3.13/dist-packages/torch/utils/data/dataloader.py:432: UserWarning: This DataLoader will create 6 worker processes in total. Our suggested max number of worker in current system is 2, which is smaller than what this DataLoader is going to create. Please be aware that excessive worker creation might get DataLoader running slow or even freeze, lower the worker number to avoid potential slowness/freeze if necessary.
  self.check_worker_number_rationality()

Epoch 232:  62%|██████▎   | 20/32 [00:01<00:00, 19.00it/s, loss=0.165, v_num=]
Epoch 232:  62%|██████▎   | 20/32 [00:01<00:00, 18.98it/s, loss=0.154, v_num=]
Epoch 232: 100%|██████████| 32/32 [00:01<00:00, 17.70it/s, loss=0.162, v_num=]
Epoch 232:   0%|          | 0/32 [00:00<?, ?it/s, loss=0.162, v_num=]         
Epoch 233:   0%|          | 0/32 [00:00<?, ?it/s, loss=0.162, v_num=]/usr/local/lib/python3.13/dist-packages/torch/utils/data/dataloader.py:432: UserWarning: This DataLoader will create 6 worker processes in total. Our suggested max number of worker in current system is 2, which is smaller than what this DataLoader is going to create. Please be aware that excessive worker creation might get DataLoader running slow or even freeze, lower the worker number to avoid potential slowness/freeze if necessary.
  self.check_worker_number_rationality()

Epoch 233:  62%|██████▎   | 20/32 [00:01<00:00, 14.28it/s, loss=0.162, v_num=]
Epoch 233:  62%|██████▎   | 20/32 [00:01<00:00, 14.25it/s, loss=0.155, v_num=]
Epoch 233: 100%|██████████| 32/32 [00:02<00:00, 14.89it/s, loss=0.15, v_num=] 
Epoch 233:   0%|          | 0/32 [00:00<?, ?it/s, loss=0.15, v_num=]         
Epoch 234:   0%|          | 0/32 [00:00<?, ?it/s, loss=0.15, v_num=]/usr/local/lib/python3.13/dist-packages/torch/utils/data/dataloader.py:432: UserWarning: This DataLoader will create 6 worker processes in total. Our suggested max number of worker in current system is 2, which is smaller than what this DataLoader is going to create. Please be aware that excessive worker creation might get DataLoader running slow or even freeze, lower the worker number to avoid potential slowness/freeze if necessary.
  self.check_worker_number_rationality()

Epoch 234:  62%|██████▎   | 20/32 [00:01<00:00, 19.72it/s, loss=0.15, v_num=]
Epoch 234:  62%|██████▎   | 20/32 [00:01<00:00, 19.70it/s, loss=0.153, v_num=]
Epoch 234: 100%|██████████| 32/32 [00:01<00:00, 20.13it/s, loss=0.156, v_num=]
Epoch 234:   0%|          | 0/32 [00:00<?, ?it/s, loss=0.156, v_num=]         
Epoch 235:   0%|          | 0/32 [00:00<?, ?it/s, loss=0.156, v_num=]/usr/local/lib/python3.13/dist-packages/torch/utils/data/dataloader.py:432: UserWarning: This DataLoader will create 6 worker processes in total. Our suggested max number of worker in current system is 2, which is smaller than what this DataLoader is going to create. Please be aware that excessive worker creation might get DataLoader running slow or even freeze, lower the worker number to avoid potential slowness/freeze if necessary.
  self.check_worker_number_rationality()

Epoch 235:  62%|██████▎   | 20/32 [00:01<00:00, 19.64it/s, loss=0.156, v_num=]
Epoch 235:  62%|██████▎   | 20/32 [00:01<00:00, 19.62it/s, loss=0.152, v_num=]
Epoch 235: 100%|██████████| 32/32 [00:01<00:00, 20.30it/s, loss=0.151, v_num=]Evaluating...
NMI : 0.7603790606345431, ARI: 0.4644639121836385, ACC: 0.3955, current K: 8

Epoch 235:   0%|          | 0/32 [00:00<?, ?it/s, loss=0.151, v_num=]         
Epoch 236:   0%|          | 0/32 [00:00<?, ?it/s, loss=0.151, v_num=]/usr/local/lib/python3.13/dist-packages/torch/utils/data/dataloader.py:432: UserWarning: This DataLoader will create 6 worker processes in total. Our suggested max number of worker in current system is 2, which is smaller than what this DataLoader is going to create. Please be aware that excessive worker creation might get DataLoader running slow or even freeze, lower the worker number to avoid potential slowness/freeze if necessary.
  self.check_worker_number_rationality()

Epoch 236:  62%|██████▎   | 20/32 [00:01<00:00, 19.68it/s, loss=0.151, v_num=]
Epoch 236:  62%|██████▎   | 20/32 [00:01<00:00, 19.67it/s, loss=0.147, v_num=]
Epoch 236: 100%|██████████| 32/32 [00:01<00:00, 20.27it/s, loss=0.147, v_num=]
Epoch 236:   0%|          | 0/32 [00:00<?, ?it/s, loss=0.147, v_num=]         
Epoch 237:   0%|          | 0/32 [00:00<?, ?it/s, loss=0.147, v_num=]/usr/local/lib/python3.13/dist-packages/torch/utils/data/dataloader.py:432: UserWarning: This DataLoader will create 6 worker processes in total. Our suggested max number of worker in current system is 2, which is smaller than what this DataLoader is going to create. Please be aware that excessive worker creation might get DataLoader running slow or even freeze, lower the worker number to avoid potential slowness/freeze if necessary.
  self.check_worker_number_rationality()

Epoch 237:  62%|██████▎   | 20/32 [00:00<00:00, 20.06it/s, loss=0.147, v_num=]
Epoch 237:  62%|██████▎   | 20/32 [00:00<00:00, 20.04it/s, loss=0.145, v_num=]
Epoch 237: 100%|██████████| 32/32 [00:01<00:00, 20.68it/s, loss=0.148, v_num=]
Epoch 237:   0%|          | 0/32 [00:00<?, ?it/s, loss=0.148, v_num=]         
Epoch 238:   0%|          | 0/32 [00:00<?, ?it/s, loss=0.148, v_num=]/usr/local/lib/python3.13/dist-packages/torch/utils/data/dataloader.py:432: UserWarning: This DataLoader will create 6 worker processes in total. Our suggested max number of worker in current system is 2, which is smaller than what this DataLoader is going to create. Please be aware that excessive worker creation might get DataLoader running slow or even freeze, lower the worker number to avoid potential slowness/freeze if necessary.
  self.check_worker_number_rationality()

Epoch 238:  62%|██████▎   | 20/32 [00:01<00:00, 19.85it/s, loss=0.148, v_num=]
Epoch 238:  62%|██████▎   | 20/32 [00:01<00:00, 19.84it/s, loss=0.144, v_num=]
Epoch 238: 100%|██████████| 32/32 [00:01<00:00, 19.63it/s, loss=0.14, v_num=] 
Epoch 238:   0%|          | 0/32 [00:00<?, ?it/s, loss=0.14, v_num=]         
Epoch 239:   0%|          | 0/32 [00:00<?, ?it/s, loss=0.14, v_num=]/usr/local/lib/python3.13/dist-packages/torch/utils/data/dataloader.py:432: UserWarning: This DataLoader will create 6 worker processes in total. Our suggested max number of worker in current system is 2, which is smaller than what this DataLoader is going to create. Please be aware that excessive worker creation might get DataLoader running slow or even freeze, lower the worker number to avoid potential slowness/freeze if necessary.
  self.check_worker_number_rationality()

Epoch 239:  62%|██████▎   | 20/32 [00:01<00:00, 19.64it/s, loss=0.14, v_num=]
Epoch 239:  62%|██████▎   | 20/32 [00:01<00:00, 19.62it/s, loss=0.143, v_num=]
Epoch 239: 100%|██████████| 32/32 [00:01<00:00, 20.09it/s, loss=0.141, v_num=]
Epoch 239:   0%|          | 0/32 [00:00<?, ?it/s, loss=0.141, v_num=]         
Epoch 240:   0%|          | 0/32 [00:00<?, ?it/s, loss=0.141, v_num=]/usr/local/lib/python3.13/dist-packages/torch/utils/data/dataloader.py:432: UserWarning: This DataLoader will create 6 worker processes in total. Our suggested max number of worker in current system is 2, which is smaller than what this DataLoader is going to create. Please be aware that excessive worker creation might get DataLoader running slow or even freeze, lower the worker number to avoid potential slowness/freeze if necessary.
  self.check_worker_number_rationality()

Epoch 240:  62%|██████▎   | 20/32 [00:01<00:00, 15.20it/s, loss=0.141, v_num=]
Epoch 240:  62%|██████▎   | 20/32 [00:01<00:00, 15.19it/s, loss=0.139, v_num=]
Epoch 240: 100%|██████████| 32/32 [00:02<00:00, 15.63it/s, loss=0.145, v_num=]Evaluating...
NMI : 0.7635051154635176, ARI: 0.46618491239370413, ACC: 0.39625, current K: 8
Epoch 240 | NMI: 0.7635, ARI: 0.4662, ACC: 0.3962, current K: 8
Confusion Matrix:
[[  0   0   0   0   2   0   1 197   0   0   0   0   0   0   0   0   0   0
    0   0]
 [189   7   2   0   0   0   1   1   0   0   0   0   0   0   0   0   0   0
    0   0]
 [  1   0   0   0   0   0   0 199   0   0   0   0   0   0   0   0   0   0
    0   0]
 [  2 196   1   0   0   0   0   1   0   0   0   0   0   0   0   0   0   0
    0   0]
 [  0   1   0   0 199   0   0   0   0   0   0   0   0   0   0   0   0   0
    0   0]
 [  0   0 198   1   0   0   1   0   0   0   0   0   0   0   0   0   0   0
    0   0]
 [  0   0   0   0   1   0 193   6   0   0   0   0   0   0   0   0   0   0
    0   0]
 [  0   0   3 197   0   0   0   0   0   0   0   0   0   0   0   0   0   0
    0   0]
 [  0   0   0   0   0   0 199   1   0   0   0   0   0   0   0   0   0   0
    0   0]
 [199   0   0   0   0   0   0   1   0   0   0   0   0   0   0   0   0   0
    0   0]
 [  0   0   1   1   0   0 198   0   0   0   0   0   0   0   0   0   0   0
    0   0]
 [195   1   0   0   2   2   0   0   0   0   0   0   0   0   0   0   0   0
    0   0]
 [  0   0   0   0   2 197   0   1   0   0   0   0   0   0   0   0   0   0
    0   0]
 [  0 197   2   0   0   0   0   1   0   0   0   0   0   0   0   0   0   0
    0   0]
 [  0   0   1   0   0   0   0 199   0   0   0   0   0   0   0   0   0   0
    0   0]
 [  0   0 197   2   0   0   0   1   0   0   0   0   0   0   0   0   0   0
    0   0]
 [  1   0   0   0 198   0   1   0   0   0   0   0   0   0   0   0   0   0
    0   0]
 [  5 192   1   0   1   0   0   1   0   0   0   0   0   0   0   0   0   0
    0   0]
 [  1   0   0   0   0   0   4 195   0   0   0   0   0   0   0   0   0   0
    0   0]
 [  6   0   3 190   0   0   1   0   0   0   0   0   0   0   0   0   0   0
    0   0]]

Epoch 240:   0%|          | 0/32 [00:00<?, ?it/s, loss=0.145, v_num=]         
Epoch 241:   0%|          | 0/32 [00:00<?, ?it/s, loss=0.145, v_num=]/usr/local/lib/python3.13/dist-packages/torch/utils/data/dataloader.py:432: UserWarning: This DataLoader will create 6 worker processes in total. Our suggested max number of worker in current system is 2, which is smaller than what this DataLoader is going to create. Please be aware that excessive worker creation might get DataLoader running slow or even freeze, lower the worker number to avoid potential slowness/freeze if necessary.
  self.check_worker_number_rationality()

Epoch 241:  62%|██████▎   | 20/32 [00:01<00:00, 14.69it/s, loss=0.145, v_num=]
Epoch 241:  62%|██████▎   | 20/32 [00:01<00:00, 14.68it/s, loss=0.139, v_num=]
Epoch 241: 100%|██████████| 32/32 [00:01<00:00, 16.59it/s, loss=0.136, v_num=]
Epoch 241:   0%|          | 0/32 [00:00<?, ?it/s, loss=0.136, v_num=]         
Epoch 242:   0%|          | 0/32 [00:00<?, ?it/s, loss=0.136, v_num=]/usr/local/lib/python3.13/dist-packages/torch/utils/data/dataloader.py:432: UserWarning: This DataLoader will create 6 worker processes in total. Our suggested max number of worker in current system is 2, which is smaller than what this DataLoader is going to create. Please be aware that excessive worker creation might get DataLoader running slow or even freeze, lower the worker number to avoid potential slowness/freeze if necessary.
  self.check_worker_number_rationality()

Epoch 242:  62%|██████▎   | 20/32 [00:01<00:00, 19.55it/s, loss=0.136, v_num=]
Epoch 242:  62%|██████▎   | 20/32 [00:01<00:00, 19.54it/s, loss=0.145, v_num=]
Epoch 242: 100%|██████████| 32/32 [00:01<00:00, 19.98it/s, loss=0.136, v_num=]
Epoch 242:   0%|          | 0/32 [00:00<?, ?it/s, loss=0.136, v_num=]         
Epoch 243:   0%|          | 0/32 [00:00<?, ?it/s, loss=0.136, v_num=]/usr/local/lib/python3.13/dist-packages/torch/utils/data/dataloader.py:432: UserWarning: This DataLoader will create 6 worker processes in total. Our suggested max number of worker in current system is 2, which is smaller than what this DataLoader is going to create. Please be aware that excessive worker creation might get DataLoader running slow or even freeze, lower the worker number to avoid potential slowness/freeze if necessary.
  self.check_worker_number_rationality()

Epoch 243:  62%|██████▎   | 20/32 [00:01<00:00, 19.77it/s, loss=0.136, v_num=]
Epoch 243:  62%|██████▎   | 20/32 [00:01<00:00, 19.75it/s, loss=0.139, v_num=]
Epoch 243: 100%|██████████| 32/32 [00:01<00:00, 20.23it/s, loss=0.137, v_num=]
Epoch 243:   0%|          | 0/32 [00:00<?, ?it/s, loss=0.137, v_num=]         
Epoch 244:   0%|          | 0/32 [00:00<?, ?it/s, loss=0.137, v_num=]/usr/local/lib/python3.13/dist-packages/torch/utils/data/dataloader.py:432: UserWarning: This DataLoader will create 6 worker processes in total. Our suggested max number of worker in current system is 2, which is smaller than what this DataLoader is going to create. Please be aware that excessive worker creation might get DataLoader running slow or even freeze, lower the worker number to avoid potential slowness/freeze if necessary.
  self.check_worker_number_rationality()

Epoch 244:  62%|██████▎   | 20/32 [00:01<00:00, 19.60it/s, loss=0.137, v_num=]
Epoch 244:  62%|██████▎   | 20/32 [00:01<00:00, 19.59it/s, loss=0.14, v_num=] 
Epoch 244: 100%|██████████| 32/32 [00:01<00:00, 20.43it/s, loss=0.135, v_num=]
Epoch 244:   0%|          | 0/32 [00:00<?, ?it/s, loss=0.135, v_num=]         
Epoch 245:   0%|          | 0/32 [00:00<?, ?it/s, loss=0.135, v_num=]/usr/local/lib/python3.13/dist-packages/torch/utils/data/dataloader.py:432: UserWarning: This DataLoader will create 6 worker processes in total. Our suggested max number of worker in current system is 2, which is smaller than what this DataLoader is going to create. Please be aware that excessive worker creation might get DataLoader running slow or even freeze, lower the worker number to avoid potential slowness/freeze if necessary.
  self.check_worker_number_rationality()

Epoch 245:  62%|██████▎   | 20/32 [00:00<00:00, 20.06it/s, loss=0.135, v_num=]
Epoch 245:  62%|██████▎   | 20/32 [00:00<00:00, 20.04it/s, loss=0.139, v_num=]
Epoch 245: 100%|██████████| 32/32 [00:01<00:00, 20.54it/s, loss=0.132, v_num=]Evaluating...
NMI : 0.7672291113707969, ARI: 0.46857993813610066, ACC: 0.39675, current K: 8

Epoch 245:   0%|          | 0/32 [00:00<?, ?it/s, loss=0.132, v_num=]         
Epoch 246:   0%|          | 0/32 [00:00<?, ?it/s, loss=0.132, v_num=]/usr/local/lib/python3.13/dist-packages/torch/utils/data/dataloader.py:432: UserWarning: This DataLoader will create 6 worker processes in total. Our suggested max number of worker in current system is 2, which is smaller than what this DataLoader is going to create. Please be aware that excessive worker creation might get DataLoader running slow or even freeze, lower the worker number to avoid potential slowness/freeze if necessary.
  self.check_worker_number_rationality()

Epoch 246:  62%|██████▎   | 20/32 [00:00<00:00, 20.17it/s, loss=0.132, v_num=]
Epoch 246:  62%|██████▎   | 20/32 [00:00<00:00, 20.16it/s, loss=0.136, v_num=]
Epoch 246: 100%|██████████| 32/32 [00:01<00:00, 20.69it/s, loss=0.137, v_num=]
Epoch 246:   0%|          | 0/32 [00:00<?, ?it/s, loss=0.137, v_num=]         
Epoch 247:   0%|          | 0/32 [00:00<?, ?it/s, loss=0.137, v_num=]/usr/local/lib/python3.13/dist-packages/torch/utils/data/dataloader.py:432: UserWarning: This DataLoader will create 6 worker processes in total. Our suggested max number of worker in current system is 2, which is smaller than what this DataLoader is going to create. Please be aware that excessive worker creation might get DataLoader running slow or even freeze, lower the worker number to avoid potential slowness/freeze if necessary.
  self.check_worker_number_rationality()

Epoch 247:  62%|██████▎   | 20/32 [00:01<00:00, 19.42it/s, loss=0.137, v_num=]
Epoch 247:  62%|██████▎   | 20/32 [00:01<00:00, 19.41it/s, loss=0.135, v_num=]
Epoch 247: 100%|██████████| 32/32 [00:01<00:00, 17.94it/s, loss=0.138, v_num=]
Epoch 247:   0%|          | 0/32 [00:00<?, ?it/s, loss=0.138, v_num=]         
Epoch 248:   0%|          | 0/32 [00:00<?, ?it/s, loss=0.138, v_num=]/usr/local/lib/python3.13/dist-packages/torch/utils/data/dataloader.py:432: UserWarning: This DataLoader will create 6 worker processes in total. Our suggested max number of worker in current system is 2, which is smaller than what this DataLoader is going to create. Please be aware that excessive worker creation might get DataLoader running slow or even freeze, lower the worker number to avoid potential slowness/freeze if necessary.
  self.check_worker_number_rationality()

Epoch 248:  62%|██████▎   | 20/32 [00:01<00:00, 14.28it/s, loss=0.138, v_num=]
Epoch 248:  62%|██████▎   | 20/32 [00:01<00:00, 14.27it/s, loss=0.133, v_num=]
Epoch 248: 100%|██████████| 32/32 [00:02<00:00, 14.79it/s, loss=0.138, v_num=]
Epoch 248:   0%|          | 0/32 [00:00<?, ?it/s, loss=0.138, v_num=]         
Epoch 249:   0%|          | 0/32 [00:00<?, ?it/s, loss=0.138, v_num=]/usr/local/lib/python3.13/dist-packages/torch/utils/data/dataloader.py:432: UserWarning: This DataLoader will create 6 worker processes in total. Our suggested max number of worker in current system is 2, which is smaller than what this DataLoader is going to create. Please be aware that excessive worker creation might get DataLoader running slow or even freeze, lower the worker number to avoid potential slowness/freeze if necessary.
  self.check_worker_number_rationality()

Epoch 249:  62%|██████▎   | 20/32 [00:00<00:00, 20.05it/s, loss=0.138, v_num=]
Epoch 249:  62%|██████▎   | 20/32 [00:00<00:00, 20.03it/s, loss=0.136, v_num=]
Epoch 249: 100%|██████████| 32/32 [00:01<00:00, 20.52it/s, loss=0.132, v_num=]
Epoch 249:   0%|          | 0/32 [00:00<?, ?it/s, loss=0.132, v_num=]         
Epoch 250:   0%|          | 0/32 [00:00<?, ?it/s, loss=0.132, v_num=]/usr/local/lib/python3.13/dist-packages/torch/utils/data/dataloader.py:432: UserWarning: This DataLoader will create 6 worker processes in total. Our suggested max number of worker in current system is 2, which is smaller than what this DataLoader is going to create. Please be aware that excessive worker creation might get DataLoader running slow or even freeze, lower the worker number to avoid potential slowness/freeze if necessary.
  self.check_worker_number_rationality()

Epoch 250:  62%|██████▎   | 20/32 [00:00<00:00, 20.60it/s, loss=0.132, v_num=]
Epoch 250:  62%|██████▎   | 20/32 [00:00<00:00, 20.58it/s, loss=0.129, v_num=]
Epoch 250: 100%|██████████| 32/32 [00:01<00:00, 20.83it/s, loss=0.135, v_num=]Evaluating...
NMI : 0.7694302823628368, ARI: 0.4697852127948073, ACC: 0.397, current K: 8
Epoch 250 | NMI: 0.7694, ARI: 0.4698, ACC: 0.3970, current K: 8
Confusion Matrix:
[[  0   0   0   0   2   0   1 197   0   0   0   0   0   0   0   0   0   0
    0   0]
 [189   7   2   0   0   0   1   1   0   0   0   0   0   0   0   0   0   0
    0   0]
 [  1   0   0   0   0   0   0 199   0   0   0   0   0   0   0   0   0   0
    0   0]
 [  2 196   1   0   0   0   0   1   0   0   0   0   0   0   0   0   0   0
    0   0]
 [  0   1   0   0 199   0   0   0   0   0   0   0   0   0   0   0   0   0
    0   0]
 [  0   0 199   0   0   0   1   0   0   0   0   0   0   0   0   0   0   0
    0   0]
 [  0   0   0   0   1   0 195   4   0   0   0   0   0   0   0   0   0   0
    0   0]
 [  0   0   2 198   0   0   0   0   0   0   0   0   0   0   0   0   0   0
    0   0]
 [  0   0   0   0   0   0 200   0   0   0   0   0   0   0   0   0   0   0
    0   0]
 [199   0   0   0   0   0   0   1   0   0   0   0   0   0   0   0   0   0
    0   0]
 [  0   0   0   0   0   0 200   0   0   0   0   0   0   0   0   0   0   0
    0   0]
 [195   1   0   0   2   2   0   0   0   0   0   0   0   0   0   0   0   0
    0   0]
 [  0   0   0   0   2 197   0   1   0   0   0   0   0   0   0   0   0   0
    0   0]
 [  0 197   2   0   0   0   0   1   0   0   0   0   0   0   0   0   0   0
    0   0]
 [  0   0   1   0   0   0   0 199   0   0   0   0   0   0   0   0   0   0
    0   0]
 [  0   0 197   2   0   0   0   1   0   0   0   0   0   0   0   0   0   0
    0   0]
 [  0   0   0   0 199   0   1   0   0   0   0   0   0   0   0   0   0   0
    0   0]
 [  4 193   1   0   1   0   0   1   0   0   0   0   0   0   0   0   0   0
    0   0]
 [  1   0   0   0   0   0   4 195   0   0   0   0   0   0   0   0   0   0
    0   0]
 [  4   0   2 193   0   0   1   0   0   0   0   0   0   0   0   0   0   0
    0   0]]

Epoch 250:   0%|          | 0/32 [00:00<?, ?it/s, loss=0.135, v_num=]         
Epoch 251:   0%|          | 0/32 [00:00<?, ?it/s, loss=0.135, v_num=]/usr/local/lib/python3.13/dist-packages/torch/utils/data/dataloader.py:432: UserWarning: This DataLoader will create 6 worker processes in total. Our suggested max number of worker in current system is 2, which is smaller than what this DataLoader is going to create. Please be aware that excessive worker creation might get DataLoader running slow or even freeze, lower the worker number to avoid potential slowness/freeze if necessary.
  self.check_worker_number_rationality()

Epoch 251:  62%|██████▎   | 20/32 [00:01<00:00, 19.81it/s, loss=0.135, v_num=]
Epoch 251:  62%|██████▎   | 20/32 [00:01<00:00, 19.80it/s, loss=0.128, v_num=]
Epoch 251: 100%|██████████| 32/32 [00:01<00:00, 20.41it/s, loss=0.136, v_num=]
Epoch 251:   0%|          | 0/32 [00:00<?, ?it/s, loss=0.136, v_num=]         
Epoch 252:   0%|          | 0/32 [00:00<?, ?it/s, loss=0.136, v_num=]/usr/local/lib/python3.13/dist-packages/torch/utils/data/dataloader.py:432: UserWarning: This DataLoader will create 6 worker processes in total. Our suggested max number of worker in current system is 2, which is smaller than what this DataLoader is going to create. Please be aware that excessive worker creation might get DataLoader running slow or even freeze, lower the worker number to avoid potential slowness/freeze if necessary.
  self.check_worker_number_rationality()

Epoch 252:  62%|██████▎   | 20/32 [00:01<00:00, 19.89it/s, loss=0.136, v_num=]
Epoch 252:  62%|██████▎   | 20/32 [00:01<00:00, 19.87it/s, loss=0.129, v_num=]
Epoch 252: 100%|██████████| 32/32 [00:01<00:00, 20.56it/s, loss=0.134, v_num=]
Epoch 252:   0%|          | 0/32 [00:00<?, ?it/s, loss=0.134, v_num=]         
Epoch 253:   0%|          | 0/32 [00:00<?, ?it/s, loss=0.134, v_num=]/usr/local/lib/python3.13/dist-packages/torch/utils/data/dataloader.py:432: UserWarning: This DataLoader will create 6 worker processes in total. Our suggested max number of worker in current system is 2, which is smaller than what this DataLoader is going to create. Please be aware that excessive worker creation might get DataLoader running slow or even freeze, lower the worker number to avoid potential slowness/freeze if necessary.
  self.check_worker_number_rationality()

Epoch 253:  62%|██████▎   | 20/32 [00:00<00:00, 20.15it/s, loss=0.134, v_num=]
Epoch 253:  62%|██████▎   | 20/32 [00:00<00:00, 20.14it/s, loss=0.131, v_num=]
Epoch 253: 100%|██████████| 32/32 [00:01<00:00, 20.61it/s, loss=0.129, v_num=]
Epoch 253:   0%|          | 0/32 [00:00<?, ?it/s, loss=0.129, v_num=]         
Epoch 254:   0%|          | 0/32 [00:00<?, ?it/s, loss=0.129, v_num=]/usr/local/lib/python3.13/dist-packages/torch/utils/data/dataloader.py:432: UserWarning: This DataLoader will create 6 worker processes in total. Our suggested max number of worker in current system is 2, which is smaller than what this DataLoader is going to create. Please be aware that excessive worker creation might get DataLoader running slow or even freeze, lower the worker number to avoid potential slowness/freeze if necessary.
  self.check_worker_number_rationality()

Epoch 254:  62%|██████▎   | 20/32 [00:00<00:00, 20.12it/s, loss=0.129, v_num=]
Epoch 254:  62%|██████▎   | 20/32 [00:00<00:00, 20.10it/s, loss=0.133, v_num=]
Epoch 254: 100%|██████████| 32/32 [00:01<00:00, 20.61it/s, loss=0.129, v_num=]
Epoch 254:   0%|          | 0/32 [00:00<?, ?it/s, loss=0.129, v_num=]         
Epoch 255:   0%|          | 0/32 [00:00<?, ?it/s, loss=0.129, v_num=]/usr/local/lib/python3.13/dist-packages/torch/utils/data/dataloader.py:432: UserWarning: This DataLoader will create 6 worker processes in total. Our suggested max number of worker in current system is 2, which is smaller than what this DataLoader is going to create. Please be aware that excessive worker creation might get DataLoader running slow or even freeze, lower the worker number to avoid potential slowness/freeze if necessary.
  self.check_worker_number_rationality()

Epoch 255:  62%|██████▎   | 20/32 [00:01<00:00, 16.30it/s, loss=0.129, v_num=]
Epoch 255:  62%|██████▎   | 20/32 [00:01<00:00, 16.29it/s, loss=0.133, v_num=]
Epoch 255: 100%|██████████| 32/32 [00:01<00:00, 16.19it/s, loss=0.137, v_num=]Evaluating...
NMI : 0.7687639221494188, ARI: 0.46921133370176316, ACC: 0.397, current K: 8

Epoch 255:   0%|          | 0/32 [00:00<?, ?it/s, loss=0.137, v_num=]         
Epoch 256:   0%|          | 0/32 [00:00<?, ?it/s, loss=0.137, v_num=]/usr/local/lib/python3.13/dist-packages/torch/utils/data/dataloader.py:432: UserWarning: This DataLoader will create 6 worker processes in total. Our suggested max number of worker in current system is 2, which is smaller than what this DataLoader is going to create. Please be aware that excessive worker creation might get DataLoader running slow or even freeze, lower the worker number to avoid potential slowness/freeze if necessary.
  self.check_worker_number_rationality()

Epoch 256:  62%|██████▎   | 20/32 [00:01<00:00, 12.61it/s, loss=0.137, v_num=]
Epoch 256:  62%|██████▎   | 20/32 [00:01<00:00, 12.61it/s, loss=0.134, v_num=]
Epoch 256: 100%|██████████| 32/32 [00:02<00:00, 15.09it/s, loss=0.13, v_num=] 
Epoch 256:   0%|          | 0/32 [00:00<?, ?it/s, loss=0.13, v_num=]         
Epoch 257:   0%|          | 0/32 [00:00<?, ?it/s, loss=0.13, v_num=]
Epoch 257:  62%|██████▎   | 20/32 [00:01<00:00, 19.74it/s, loss=0.13, v_num=]
Epoch 257:  62%|██████▎   | 20/32 [00:01<00:00, 19.72it/s, loss=0.127, v_num=]
Epoch 257: 100%|██████████| 32/32 [00:01<00:00, 20.34it/s, loss=0.131, v_num=]
Epoch 257:   0%|          | 0/32 [00:00<?, ?it/s, loss=0.131, v_num=]         
Epoch 258:   0%|          | 0/32 [00:00<?, ?it/s, loss=0.131, v_num=]
Epoch 258:  62%|██████▎   | 20/32 [00:01<00:00, 19.83it/s, loss=0.131, v_num=]
Epoch 258:  62%|██████▎   | 20/32 [00:01<00:00, 19.81it/s, loss=0.126, v_num=]
Epoch 258: 100%|██████████| 32/32 [00:01<00:00, 20.33it/s, loss=0.13, v_num=] 
Epoch 258:   0%|          | 0/32 [00:00<?, ?it/s, loss=0.13, v_num=]         
Epoch 259:   0%|          | 0/32 [00:00<?, ?it/s, loss=0.13, v_num=]
Epoch 259:  62%|██████▎   | 20/32 [00:01<00:00, 19.08it/s, loss=0.13, v_num=]
Epoch 259:  62%|██████▎   | 20/32 [00:01<00:00, 19.07it/s, loss=0.131, v_num=]
Epoch 259: 100%|██████████| 32/32 [00:01<00:00, 19.79it/s, loss=0.13, v_num=] 
Epoch 259:   0%|          | 0/32 [00:00<?, ?it/s, loss=0.13, v_num=]         
Epoch 260:   0%|          | 0/32 [00:00<?, ?it/s, loss=0.13, v_num=]
Epoch 260:  62%|██████▎   | 20/32 [00:01<00:00, 19.79it/s, loss=0.13, v_num=]
Epoch 260:  62%|██████▎   | 20/32 [00:01<00:00, 19.77it/s, loss=0.133, v_num=]
Epoch 260: 100%|██████████| 32/32 [00:01<00:00, 20.33it/s, loss=0.126, v_num=]Evaluating...
NMI : 0.770491362875831, ARI: 0.470127132177262, ACC: 0.39725, current K: 8
Epoch 260 | NMI: 0.7705, ARI: 0.4701, ACC: 0.3972, current K: 8
Confusion Matrix:
[[  0   0   0   0   2   0   1 197   0   0   0   0   0   0   0   0   0   0
    0   0]
 [189   7   2   0   0   0   1   1   0   0   0   0   0   0   0   0   0   0
    0   0]
 [  1   0   0   0   0   0   0 199   0   0   0   0   0   0   0   0   0   0
    0   0]
 [  2 197   0   0   0   0   0   1   0   0   0   0   0   0   0   0   0   0
    0   0]
 [  0   1   0   0 198   0   0   1   0   0   0   0   0   0   0   0   0   0
    0   0]
 [  0   0 199   0   0   0   1   0   0   0   0   0   0   0   0   0   0   0
    0   0]
 [  0   0   0   0   1   0 195   4   0   0   0   0   0   0   0   0   0   0
    0   0]
 [  0   0   2 198   0   0   0   0   0   0   0   0   0   0   0   0   0   0
    0   0]
 [  0   0   0   0   0   0 200   0   0   0   0   0   0   0   0   0   0   0
    0   0]
 [199   0   0   0   0   0   0   1   0   0   0   0   0   0   0   0   0   0
    0   0]
 [  0   0   0   0   0   0 200   0   0   0   0   0   0   0   0   0   0   0
    0   0]
 [195   1   0   0   2   2   0   0   0   0   0   0   0   0   0   0   0   0
    0   0]
 [  0   0   0   0   2 197   0   1   0   0   0   0   0   0   0   0   0   0
    0   0]
 [  0 198   1   0   0   1   0   0   0   0   0   0   0   0   0   0   0   0
    0   0]
 [  0   1   0   0   0   0   0 199   0   0   0   0   0   0   0   0   0   0
    0   0]
 [  0   0 197   2   0   0   0   1   0   0   0   0   0   0   0   0   0   0
    0   0]
 [  0   0   0   0 199   0   1   0   0   0   0   0   0   0   0   0   0   0
    0   0]
 [  4 194   0   0   1   0   0   1   0   0   0   0   0   0   0   0   0   0
    0   0]
 [  1   0   0   0   0   0   4 195   0   0   0   0   0   0   0   0   0   0
    0   0]
 [  4   0   2 193   0   0   1   0   0   0   0   0   0   0   0   0   0   0
    0   0]]

Epoch 260:   0%|          | 0/32 [00:00<?, ?it/s, loss=0.126, v_num=]         
Epoch 261:   0%|          | 0/32 [00:00<?, ?it/s, loss=0.126, v_num=]/usr/local/lib/python3.13/dist-packages/torch/utils/data/dataloader.py:432: UserWarning: This DataLoader will create 6 worker processes in total. Our suggested max number of worker in current system is 2, which is smaller than what this DataLoader is going to create. Please be aware that excessive worker creation might get DataLoader running slow or even freeze, lower the worker number to avoid potential slowness/freeze if necessary.
  self.check_worker_number_rationality()

Epoch 261:  62%|██████▎   | 20/32 [00:01<00:00, 18.57it/s, loss=0.126, v_num=]
Epoch 261:  62%|██████▎   | 20/32 [00:01<00:00, 18.55it/s, loss=0.126, v_num=]
Epoch 261: 100%|██████████| 32/32 [00:01<00:00, 19.42it/s, loss=0.138, v_num=]
Epoch 261:   0%|          | 0/32 [00:00<?, ?it/s, loss=0.138, v_num=]         
Epoch 262:   0%|          | 0/32 [00:00<?, ?it/s, loss=0.138, v_num=]/usr/local/lib/python3.13/dist-packages/torch/utils/data/dataloader.py:432: UserWarning: This DataLoader will create 6 worker processes in total. Our suggested max number of worker in current system is 2, which is smaller than what this DataLoader is going to create. Please be aware that excessive worker creation might get DataLoader running slow or even freeze, lower the worker number to avoid potential slowness/freeze if necessary.
  self.check_worker_number_rationality()

Epoch 262:  62%|██████▎   | 20/32 [00:01<00:00, 19.96it/s, loss=0.138, v_num=]
Epoch 262:  62%|██████▎   | 20/32 [00:01<00:00, 19.95it/s, loss=0.127, v_num=]
Epoch 262: 100%|██████████| 32/32 [00:01<00:00, 18.90it/s, loss=0.13, v_num=] 
Epoch 262:   0%|          | 0/32 [00:00<?, ?it/s, loss=0.13, v_num=]         
Epoch 263:   0%|          | 0/32 [00:00<?, ?it/s, loss=0.13, v_num=]/usr/local/lib/python3.13/dist-packages/torch/utils/data/dataloader.py:432: UserWarning: This DataLoader will create 6 worker processes in total. Our suggested max number of worker in current system is 2, which is smaller than what this DataLoader is going to create. Please be aware that excessive worker creation might get DataLoader running slow or even freeze, lower the worker number to avoid potential slowness/freeze if necessary.
  self.check_worker_number_rationality()

Epoch 263:  62%|██████▎   | 20/32 [00:01<00:00, 15.54it/s, loss=0.13, v_num=]
Epoch 263:  62%|██████▎   | 20/32 [00:01<00:00, 15.53it/s, loss=0.128, v_num=]
Epoch 263: 100%|██████████| 32/32 [00:02<00:00, 15.39it/s, loss=0.13, v_num=] 
Epoch 263:   0%|          | 0/32 [00:00<?, ?it/s, loss=0.13, v_num=]         
Epoch 264:   0%|          | 0/32 [00:00<?, ?it/s, loss=0.13, v_num=]/usr/local/lib/python3.13/dist-packages/torch/utils/data/dataloader.py:432: UserWarning: This DataLoader will create 6 worker processes in total. Our suggested max number of worker in current system is 2, which is smaller than what this DataLoader is going to create. Please be aware that excessive worker creation might get DataLoader running slow or even freeze, lower the worker number to avoid potential slowness/freeze if necessary.
  self.check_worker_number_rationality()

Epoch 264:  62%|██████▎   | 20/32 [00:01<00:00, 17.75it/s, loss=0.13, v_num=]
Epoch 264:  62%|██████▎   | 20/32 [00:01<00:00, 17.74it/s, loss=0.131, v_num=]
Epoch 264: 100%|██████████| 32/32 [00:01<00:00, 19.08it/s, loss=0.117, v_num=]
Epoch 264:   0%|          | 0/32 [00:00<?, ?it/s, loss=0.117, v_num=]         
Epoch 265:   0%|          | 0/32 [00:00<?, ?it/s, loss=0.117, v_num=]/usr/local/lib/python3.13/dist-packages/torch/utils/data/dataloader.py:432: UserWarning: This DataLoader will create 6 worker processes in total. Our suggested max number of worker in current system is 2, which is smaller than what this DataLoader is going to create. Please be aware that excessive worker creation might get DataLoader running slow or even freeze, lower the worker number to avoid potential slowness/freeze if necessary.
  self.check_worker_number_rationality()

Epoch 265:  62%|██████▎   | 20/32 [00:01<00:00, 19.67it/s, loss=0.117, v_num=]
Epoch 265:  62%|██████▎   | 20/32 [00:01<00:00, 19.66it/s, loss=0.126, v_num=]
Epoch 265: 100%|██████████| 32/32 [00:01<00:00, 20.20it/s, loss=0.125, v_num=]Evaluating...
NMI : 0.7705736641423061, ARI: 0.4699825601807853, ACC: 0.39725, current K: 8

Epoch 265:   0%|          | 0/32 [00:00<?, ?it/s, loss=0.125, v_num=]         
Epoch 266:   0%|          | 0/32 [00:00<?, ?it/s, loss=0.125, v_num=]/usr/local/lib/python3.13/dist-packages/torch/utils/data/dataloader.py:432: UserWarning: This DataLoader will create 6 worker processes in total. Our suggested max number of worker in current system is 2, which is smaller than what this DataLoader is going to create. Please be aware that excessive worker creation might get DataLoader running slow or even freeze, lower the worker number to avoid potential slowness/freeze if necessary.
  self.check_worker_number_rationality()

Epoch 266:  62%|██████▎   | 20/32 [00:01<00:00, 19.61it/s, loss=0.125, v_num=]
Epoch 266:  62%|██████▎   | 20/32 [00:01<00:00, 19.59it/s, loss=0.126, v_num=]
Epoch 266: 100%|██████████| 32/32 [00:01<00:00, 20.31it/s, loss=0.128, v_num=]
Epoch 266:   0%|          | 0/32 [00:00<?, ?it/s, loss=0.128, v_num=]         
Epoch 267:   0%|          | 0/32 [00:00<?, ?it/s, loss=0.128, v_num=]/usr/local/lib/python3.13/dist-packages/torch/utils/data/dataloader.py:432: UserWarning: This DataLoader will create 6 worker processes in total. Our suggested max number of worker in current system is 2, which is smaller than what this DataLoader is going to create. Please be aware that excessive worker creation might get DataLoader running slow or even freeze, lower the worker number to avoid potential slowness/freeze if necessary.
  self.check_worker_number_rationality()

Epoch 267:  62%|██████▎   | 20/32 [00:01<00:00, 19.11it/s, loss=0.128, v_num=]
Epoch 267:  62%|██████▎   | 20/32 [00:01<00:00, 19.09it/s, loss=0.126, v_num=]
Epoch 267: 100%|██████████| 32/32 [00:01<00:00, 19.65it/s, loss=0.132, v_num=]
Epoch 267:   0%|          | 0/32 [00:00<?, ?it/s, loss=0.132, v_num=]         
Epoch 268:   0%|          | 0/32 [00:00<?, ?it/s, loss=0.132, v_num=]/usr/local/lib/python3.13/dist-packages/torch/utils/data/dataloader.py:432: UserWarning: This DataLoader will create 6 worker processes in total. Our suggested max number of worker in current system is 2, which is smaller than what this DataLoader is going to create. Please be aware that excessive worker creation might get DataLoader running slow or even freeze, lower the worker number to avoid potential slowness/freeze if necessary.
  self.check_worker_number_rationality()

Epoch 268:  62%|██████▎   | 20/32 [00:01<00:00, 19.71it/s, loss=0.132, v_num=]
Epoch 268:  62%|██████▎   | 20/32 [00:01<00:00, 19.69it/s, loss=0.125, v_num=]
Epoch 268: 100%|██████████| 32/32 [00:01<00:00, 20.27it/s, loss=0.124, v_num=]
Epoch 268:   0%|          | 0/32 [00:00<?, ?it/s, loss=0.124, v_num=]         
Epoch 269:   0%|          | 0/32 [00:00<?, ?it/s, loss=0.124, v_num=]/usr/local/lib/python3.13/dist-packages/torch/utils/data/dataloader.py:432: UserWarning: This DataLoader will create 6 worker processes in total. Our suggested max number of worker in current system is 2, which is smaller than what this DataLoader is going to create. Please be aware that excessive worker creation might get DataLoader running slow or even freeze, lower the worker number to avoid potential slowness/freeze if necessary.
  self.check_worker_number_rationality()

Epoch 269:  62%|██████▎   | 20/32 [00:01<00:00, 19.36it/s, loss=0.124, v_num=]
Epoch 269:  62%|██████▎   | 20/32 [00:01<00:00, 19.35it/s, loss=0.124, v_num=]
Epoch 269: 100%|██████████| 32/32 [00:01<00:00, 20.03it/s, loss=0.134, v_num=]
Epoch 269:   0%|          | 0/32 [00:00<?, ?it/s, loss=0.134, v_num=]         
Epoch 270:   0%|          | 0/32 [00:00<?, ?it/s, loss=0.134, v_num=]/usr/local/lib/python3.13/dist-packages/torch/utils/data/dataloader.py:432: UserWarning: This DataLoader will create 6 worker processes in total. Our suggested max number of worker in current system is 2, which is smaller than what this DataLoader is going to create. Please be aware that excessive worker creation might get DataLoader running slow or even freeze, lower the worker number to avoid potential slowness/freeze if necessary.
  self.check_worker_number_rationality()

Epoch 270:  62%|██████▎   | 20/32 [00:01<00:00, 16.91it/s, loss=0.134, v_num=]
Epoch 270:  62%|██████▎   | 20/32 [00:01<00:00, 16.89it/s, loss=0.127, v_num=]
Epoch 270: 100%|██████████| 32/32 [00:01<00:00, 16.56it/s, loss=0.129, v_num=]Evaluating...
NMI : 0.7709998811535502, ARI: 0.47032855783058103, ACC: 0.39725, current K: 8
Epoch 270 | NMI: 0.7710, ARI: 0.4703, ACC: 0.3972, current K: 8
Confusion Matrix:
[[  0   0   0   0   2   0   1 197   0   0   0   0   0   0   0   0   0   0
    0   0]
 [189   7   2   0   0   0   1   1   0   0   0   0   0   0   0   0   0   0
    0   0]
 [  1   0   0   0   0   0   0 199   0   0   0   0   0   0   0   0   0   0
    0   0]
 [  2 197   0   0   0   0   0   1   0   0   0   0   0   0   0   0   0   0
    0   0]
 [  0   1   0   0 198   0   0   1   0   0   0   0   0   0   0   0   0   0
    0   0]
 [  0   0 199   0   0   0   1   0   0   0   0   0   0   0   0   0   0   0
    0   0]
 [  0   0   0   0   1   0 195   4   0   0   0   0   0   0   0   0   0   0
    0   0]
 [  0   1   2 197   0   0   0   0   0   0   0   0   0   0   0   0   0   0
    0   0]
 [  0   0   0   0   0   0 200   0   0   0   0   0   0   0   0   0   0   0
    0   0]
 [200   0   0   0   0   0   0   0   0   0   0   0   0   0   0   0   0   0
    0   0]
 [  0   0   0   0   0   0 200   0   0   0   0   0   0   0   0   0   0   0
    0   0]
 [195   1   0   0   2   2   0   0   0   0   0   0   0   0   0   0   0   0
    0   0]
 [  0   0   0   0   2 197   0   1   0   0   0   0   0   0   0   0   0   0
    0   0]
 [  0 199   0   0   0   1   0   0   0   0   0   0   0   0   0   0   0   0
    0   0]
 [  0   1   0   0   0   0   0 199   0   0   0   0   0   0   0   0   0   0
    0   0]
 [  0   0 197   2   0   0   0   1   0   0   0   0   0   0   0   0   0   0
    0   0]
 [  0   0   0   0 198   0   2   0   0   0   0   0   0   0   0   0   0   0
    0   0]
 [  4 194   0   0   1   0   0   1   0   0   0   0   0   0   0   0   0   0
    0   0]
 [  1   0   0   0   0   0   4 195   0   0   0   0   0   0   0   0   0   0
    0   0]
 [  3   0   2 194   0   0   1   0   0   0   0   0   0   0   0   0   0   0
    0   0]]

Epoch 270:   0%|          | 0/32 [00:00<?, ?it/s, loss=0.129, v_num=]         
Epoch 271:   0%|          | 0/32 [00:00<?, ?it/s, loss=0.129, v_num=]/usr/local/lib/python3.13/dist-packages/torch/utils/data/dataloader.py:432: UserWarning: This DataLoader will create 6 worker processes in total. Our suggested max number of worker in current system is 2, which is smaller than what this DataLoader is going to create. Please be aware that excessive worker creation might get DataLoader running slow or even freeze, lower the worker number to avoid potential slowness/freeze if necessary.
  self.check_worker_number_rationality()

Epoch 271:  62%|██████▎   | 20/32 [00:01<00:00, 13.30it/s, loss=0.129, v_num=]
Epoch 271:  62%|██████▎   | 20/32 [00:01<00:00, 13.29it/s, loss=0.125, v_num=]
Epoch 271: 100%|██████████| 32/32 [00:02<00:00, 15.40it/s, loss=0.132, v_num=]
Epoch 271:   0%|          | 0/32 [00:00<?, ?it/s, loss=0.132, v_num=]         
Epoch 272:   0%|          | 0/32 [00:00<?, ?it/s, loss=0.132, v_num=]/usr/local/lib/python3.13/dist-packages/torch/utils/data/dataloader.py:432: UserWarning: This DataLoader will create 6 worker processes in total. Our suggested max number of worker in current system is 2, which is smaller than what this DataLoader is going to create. Please be aware that excessive worker creation might get DataLoader running slow or even freeze, lower the worker number to avoid potential slowness/freeze if necessary.
  self.check_worker_number_rationality()

Epoch 272:  62%|██████▎   | 20/32 [00:01<00:00, 19.67it/s, loss=0.132, v_num=]
Epoch 272:  62%|██████▎   | 20/32 [00:01<00:00, 19.66it/s, loss=0.131, v_num=]
Epoch 272: 100%|██████████| 32/32 [00:01<00:00, 20.32it/s, loss=0.122, v_num=]
Epoch 272:   0%|          | 0/32 [00:00<?, ?it/s, loss=0.122, v_num=]         
Epoch 273:   0%|          | 0/32 [00:00<?, ?it/s, loss=0.122, v_num=]/usr/local/lib/python3.13/dist-packages/torch/utils/data/dataloader.py:432: UserWarning: This DataLoader will create 6 worker processes in total. Our suggested max number of worker in current system is 2, which is smaller than what this DataLoader is going to create. Please be aware that excessive worker creation might get DataLoader running slow or even freeze, lower the worker number to avoid potential slowness/freeze if necessary.
  self.check_worker_number_rationality()

Epoch 273:  62%|██████▎   | 20/32 [00:01<00:00, 19.55it/s, loss=0.122, v_num=]
Epoch 273:  62%|██████▎   | 20/32 [00:01<00:00, 19.53it/s, loss=0.123, v_num=]
Epoch 273: 100%|██████████| 32/32 [00:01<00:00, 19.29it/s, loss=0.127, v_num=]
Epoch 273:   0%|          | 0/32 [00:00<?, ?it/s, loss=0.127, v_num=]         
Epoch 274:   0%|          | 0/32 [00:00<?, ?it/s, loss=0.127, v_num=]/usr/local/lib/python3.13/dist-packages/torch/utils/data/dataloader.py:432: UserWarning: This DataLoader will create 6 worker processes in total. Our suggested max number of worker in current system is 2, which is smaller than what this DataLoader is going to create. Please be aware that excessive worker creation might get DataLoader running slow or even freeze, lower the worker number to avoid potential slowness/freeze if necessary.
  self.check_worker_number_rationality()

Epoch 274:  62%|██████▎   | 20/32 [00:01<00:00, 19.42it/s, loss=0.127, v_num=]
Epoch 274:  62%|██████▎   | 20/32 [00:01<00:00, 19.40it/s, loss=0.13, v_num=] 
Epoch 274: 100%|██████████| 32/32 [00:01<00:00, 19.95it/s, loss=0.127, v_num=]
Epoch 274:   0%|          | 0/32 [00:00<?, ?it/s, loss=0.127, v_num=]         
Epoch 275:   0%|          | 0/32 [00:00<?, ?it/s, loss=0.127, v_num=]/usr/local/lib/python3.13/dist-packages/torch/utils/data/dataloader.py:432: UserWarning: This DataLoader will create 6 worker processes in total. Our suggested max number of worker in current system is 2, which is smaller than what this DataLoader is going to create. Please be aware that excessive worker creation might get DataLoader running slow or even freeze, lower the worker number to avoid potential slowness/freeze if necessary.
  self.check_worker_number_rationality()

Epoch 275:  62%|██████▎   | 20/32 [00:01<00:00, 19.59it/s, loss=0.127, v_num=]
Epoch 275:  62%|██████▎   | 20/32 [00:01<00:00, 19.57it/s, loss=0.126, v_num=]
Epoch 275: 100%|██████████| 32/32 [00:01<00:00, 20.22it/s, loss=0.119, v_num=]Evaluating...
NMI : 0.7709998811535502, ARI: 0.47032855783058103, ACC: 0.39725, current K: 8

Epoch 275:   0%|          | 0/32 [00:00<?, ?it/s, loss=0.119, v_num=]         
Epoch 276:   0%|          | 0/32 [00:00<?, ?it/s, loss=0.119, v_num=]/usr/local/lib/python3.13/dist-packages/torch/utils/data/dataloader.py:432: UserWarning: This DataLoader will create 6 worker processes in total. Our suggested max number of worker in current system is 2, which is smaller than what this DataLoader is going to create. Please be aware that excessive worker creation might get DataLoader running slow or even freeze, lower the worker number to avoid potential slowness/freeze if necessary.
  self.check_worker_number_rationality()

Epoch 276:  62%|██████▎   | 20/32 [00:01<00:00, 19.25it/s, loss=0.119, v_num=]
Epoch 276:  62%|██████▎   | 20/32 [00:01<00:00, 19.23it/s, loss=0.127, v_num=]
Epoch 276: 100%|██████████| 32/32 [00:01<00:00, 19.90it/s, loss=0.128, v_num=]
Epoch 276:   0%|          | 0/32 [00:00<?, ?it/s, loss=0.128, v_num=]         
Epoch 277:   0%|          | 0/32 [00:00<?, ?it/s, loss=0.128, v_num=]/usr/local/lib/python3.13/dist-packages/torch/utils/data/dataloader.py:432: UserWarning: This DataLoader will create 6 worker processes in total. Our suggested max number of worker in current system is 2, which is smaller than what this DataLoader is going to create. Please be aware that excessive worker creation might get DataLoader running slow or even freeze, lower the worker number to avoid potential slowness/freeze if necessary.
  self.check_worker_number_rationality()

Epoch 277:  62%|██████▎   | 20/32 [00:01<00:00, 19.46it/s, loss=0.128, v_num=]
Epoch 277:  62%|██████▎   | 20/32 [00:01<00:00, 19.44it/s, loss=0.126, v_num=]
Epoch 277: 100%|██████████| 32/32 [00:01<00:00, 17.83it/s, loss=0.125, v_num=]
Epoch 277:   0%|          | 0/32 [00:00<?, ?it/s, loss=0.125, v_num=]         
Epoch 278:   0%|          | 0/32 [00:00<?, ?it/s, loss=0.125, v_num=]/usr/local/lib/python3.13/dist-packages/torch/utils/data/dataloader.py:432: UserWarning: This DataLoader will create 6 worker processes in total. Our suggested max number of worker in current system is 2, which is smaller than what this DataLoader is going to create. Please be aware that excessive worker creation might get DataLoader running slow or even freeze, lower the worker number to avoid potential slowness/freeze if necessary.
  self.check_worker_number_rationality()

Epoch 278:  62%|██████▎   | 20/32 [00:01<00:00, 14.33it/s, loss=0.125, v_num=]
Epoch 278:  62%|██████▎   | 20/32 [00:01<00:00, 14.31it/s, loss=0.125, v_num=]
Epoch 278: 100%|██████████| 32/32 [00:02<00:00, 14.54it/s, loss=0.13, v_num=] 
Epoch 278:   0%|          | 0/32 [00:00<?, ?it/s, loss=0.13, v_num=]         
Epoch 279:   0%|          | 0/32 [00:00<?, ?it/s, loss=0.13, v_num=]/usr/local/lib/python3.13/dist-packages/torch/utils/data/dataloader.py:432: UserWarning: This DataLoader will create 6 worker processes in total. Our suggested max number of worker in current system is 2, which is smaller than what this DataLoader is going to create. Please be aware that excessive worker creation might get DataLoader running slow or even freeze, lower the worker number to avoid potential slowness/freeze if necessary.
  self.check_worker_number_rationality()

Epoch 279:  62%|██████▎   | 20/32 [00:01<00:00, 19.76it/s, loss=0.13, v_num=]
Epoch 279:  62%|██████▎   | 20/32 [00:01<00:00, 19.74it/s, loss=0.124, v_num=]
Epoch 279: 100%|██████████| 32/32 [00:01<00:00, 20.38it/s, loss=0.133, v_num=]
Epoch 279:   0%|          | 0/32 [00:00<?, ?it/s, loss=0.133, v_num=]         
Epoch 280:   0%|          | 0/32 [00:00<?, ?it/s, loss=0.133, v_num=]/usr/local/lib/python3.13/dist-packages/torch/utils/data/dataloader.py:432: UserWarning: This DataLoader will create 6 worker processes in total. Our suggested max number of worker in current system is 2, which is smaller than what this DataLoader is going to create. Please be aware that excessive worker creation might get DataLoader running slow or even freeze, lower the worker number to avoid potential slowness/freeze if necessary.
  self.check_worker_number_rationality()

Epoch 280:  62%|██████▎   | 20/32 [00:01<00:00, 19.70it/s, loss=0.133, v_num=]
Epoch 280:  62%|██████▎   | 20/32 [00:01<00:00, 19.68it/s, loss=0.132, v_num=]
Epoch 280: 100%|██████████| 32/32 [00:01<00:00, 20.16it/s, loss=0.126, v_num=]Evaluating...
NMI : 0.7701793793114142, ARI: 0.4697771542306549, ACC: 0.39725, current K: 8
Epoch 280 | NMI: 0.7702, ARI: 0.4698, ACC: 0.3972, current K: 8
Confusion Matrix:
[[  0   0   0   0   2   0   1 197   0   0   0   0   0   0   0   0   0   0
    0   0]
 [189   7   2   0   0   0   1   1   0   0   0   0   0   0   0   0   0   0
    0   0]
 [  1   0   0   0   0   0   0 199   0   0   0   0   0   0   0   0   0   0
    0   0]
 [  2 197   0   0   0   0   0   1   0   0   0   0   0   0   0   0   0   0
    0   0]
 [  0   1   0   0 198   0   0   1   0   0   0   0   0   0   0   0   0   0
    0   0]
 [  0   0 199   0   0   0   1   0   0   0   0   0   0   0   0   0   0   0
    0   0]
 [  0   0   0   0   1   0 195   4   0   0   0   0   0   0   0   0   0   0
    0   0]
 [  0   1   2 197   0   0   0   0   0   0   0   0   0   0   0   0   0   0
    0   0]
 [  0   0   0   0   0   0 200   0   0   0   0   0   0   0   0   0   0   0
    0   0]
 [200   0   0   0   0   0   0   0   0   0   0   0   0   0   0   0   0   0
    0   0]
 [  0   0   0   0   0   0 200   0   0   0   0   0   0   0   0   0   0   0
    0   0]
 [195   1   0   0   2   2   0   0   0   0   0   0   0   0   0   0   0   0
    0   0]
 [  0   0   0   0   2 197   0   1   0   0   0   0   0   0   0   0   0   0
    0   0]
 [  0 199   0   0   0   1   0   0   0   0   0   0   0   0   0   0   0   0
    0   0]
 [  0   1   0   0   0   0   0 199   0   0   0   0   0   0   0   0   0   0
    0   0]
 [  0   0 197   2   0   0   0   1   0   0   0   0   0   0   0   0   0   0
    0   0]
 [  0   0   0   0 197   0   3   0   0   0   0   0   0   0   0   0   0   0
    0   0]
 [  4 194   0   0   1   0   0   1   0   0   0   0   0   0   0   0   0   0
    0   0]
 [  1   0   0   0   0   0   5 194   0   0   0   0   0   0   0   0   0   0
    0   0]
 [  3   0   2 194   0   0   1   0   0   0   0   0   0   0   0   0   0   0
    0   0]]

Epoch 280:   0%|          | 0/32 [00:00<?, ?it/s, loss=0.126, v_num=]         
Epoch 281:   0%|          | 0/32 [00:00<?, ?it/s, loss=0.126, v_num=]/usr/local/lib/python3.13/dist-packages/torch/utils/data/dataloader.py:432: UserWarning: This DataLoader will create 6 worker processes in total. Our suggested max number of worker in current system is 2, which is smaller than what this DataLoader is going to create. Please be aware that excessive worker creation might get DataLoader running slow or even freeze, lower the worker number to avoid potential slowness/freeze if necessary.
  self.check_worker_number_rationality()

Epoch 281:  62%|██████▎   | 20/32 [00:01<00:00, 19.94it/s, loss=0.126, v_num=]
Epoch 281:  62%|██████▎   | 20/32 [00:01<00:00, 19.92it/s, loss=0.128, v_num=]
Epoch 281: 100%|██████████| 32/32 [00:01<00:00, 20.55it/s, loss=0.127, v_num=]
Epoch 281:   0%|          | 0/32 [00:00<?, ?it/s, loss=0.127, v_num=]         
Epoch 282:   0%|          | 0/32 [00:00<?, ?it/s, loss=0.127, v_num=]/usr/local/lib/python3.13/dist-packages/torch/utils/data/dataloader.py:432: UserWarning: This DataLoader will create 6 worker processes in total. Our suggested max number of worker in current system is 2, which is smaller than what this DataLoader is going to create. Please be aware that excessive worker creation might get DataLoader running slow or even freeze, lower the worker number to avoid potential slowness/freeze if necessary.
  self.check_worker_number_rationality()

Epoch 282:  62%|██████▎   | 20/32 [00:01<00:00, 19.78it/s, loss=0.127, v_num=]
Epoch 282:  62%|██████▎   | 20/32 [00:01<00:00, 19.77it/s, loss=0.122, v_num=]
Epoch 282: 100%|██████████| 32/32 [00:01<00:00, 20.42it/s, loss=0.129, v_num=]
Epoch 282:   0%|          | 0/32 [00:00<?, ?it/s, loss=0.129, v_num=]         
Epoch 283:   0%|          | 0/32 [00:00<?, ?it/s, loss=0.129, v_num=]/usr/local/lib/python3.13/dist-packages/torch/utils/data/dataloader.py:432: UserWarning: This DataLoader will create 6 worker processes in total. Our suggested max number of worker in current system is 2, which is smaller than what this DataLoader is going to create. Please be aware that excessive worker creation might get DataLoader running slow or even freeze, lower the worker number to avoid potential slowness/freeze if necessary.
  self.check_worker_number_rationality()

Epoch 283:  62%|██████▎   | 20/32 [00:01<00:00, 19.93it/s, loss=0.129, v_num=]
Epoch 283:  62%|██████▎   | 20/32 [00:01<00:00, 19.91it/s, loss=0.123, v_num=]
Epoch 283: 100%|██████████| 32/32 [00:01<00:00, 20.49it/s, loss=0.124, v_num=]
Epoch 283:   0%|          | 0/32 [00:00<?, ?it/s, loss=0.124, v_num=]         
Epoch 284:   0%|          | 0/32 [00:00<?, ?it/s, loss=0.124, v_num=]/usr/local/lib/python3.13/dist-packages/torch/utils/data/dataloader.py:432: UserWarning: This DataLoader will create 6 worker processes in total. Our suggested max number of worker in current system is 2, which is smaller than what this DataLoader is going to create. Please be aware that excessive worker creation might get DataLoader running slow or even freeze, lower the worker number to avoid potential slowness/freeze if necessary.
  self.check_worker_number_rationality()

Epoch 284:  62%|██████▎   | 20/32 [00:01<00:00, 19.85it/s, loss=0.124, v_num=]
Epoch 284:  62%|██████▎   | 20/32 [00:01<00:00, 19.83it/s, loss=0.121, v_num=]
Epoch 284: 100%|██████████| 32/32 [00:01<00:00, 20.31it/s, loss=0.125, v_num=]
Epoch 284:   0%|          | 0/32 [00:00<?, ?it/s, loss=0.125, v_num=]         
Epoch 285:   0%|          | 0/32 [00:00<?, ?it/s, loss=0.125, v_num=]/usr/local/lib/python3.13/dist-packages/torch/utils/data/dataloader.py:432: UserWarning: This DataLoader will create 6 worker processes in total. Our suggested max number of worker in current system is 2, which is smaller than what this DataLoader is going to create. Please be aware that excessive worker creation might get DataLoader running slow or even freeze, lower the worker number to avoid potential slowness/freeze if necessary.
  self.check_worker_number_rationality()

Epoch 285:  62%|██████▎   | 20/32 [00:01<00:00, 16.39it/s, loss=0.125, v_num=]
Epoch 285:  62%|██████▎   | 20/32 [00:01<00:00, 16.38it/s, loss=0.126, v_num=]
Epoch 285: 100%|██████████| 32/32 [00:01<00:00, 16.64it/s, loss=0.123, v_num=]Evaluating...
NMI : 0.7701270968374864, ARI: 0.4697735633523259, ACC: 0.39725, current K: 8

Epoch 285:   0%|          | 0/32 [00:00<?, ?it/s, loss=0.123, v_num=]         
Epoch 286:   0%|          | 0/32 [00:00<?, ?it/s, loss=0.123, v_num=]/usr/local/lib/python3.13/dist-packages/torch/utils/data/dataloader.py:432: UserWarning: This DataLoader will create 6 worker processes in total. Our suggested max number of worker in current system is 2, which is smaller than what this DataLoader is going to create. Please be aware that excessive worker creation might get DataLoader running slow or even freeze, lower the worker number to avoid potential slowness/freeze if necessary.
  self.check_worker_number_rationality()

Epoch 286:  62%|██████▎   | 20/32 [00:01<00:00, 14.02it/s, loss=0.123, v_num=]
Epoch 286:  62%|██████▎   | 20/32 [00:01<00:00, 14.01it/s, loss=0.127, v_num=]
Epoch 286: 100%|██████████| 32/32 [00:01<00:00, 16.02it/s, loss=0.124, v_num=]
Epoch 286:   0%|          | 0/32 [00:00<?, ?it/s, loss=0.124, v_num=]         
Epoch 287:   0%|          | 0/32 [00:00<?, ?it/s, loss=0.124, v_num=]/usr/local/lib/python3.13/dist-packages/torch/utils/data/dataloader.py:432: UserWarning: This DataLoader will create 6 worker processes in total. Our suggested max number of worker in current system is 2, which is smaller than what this DataLoader is going to create. Please be aware that excessive worker creation might get DataLoader running slow or even freeze, lower the worker number to avoid potential slowness/freeze if necessary.
  self.check_worker_number_rationality()

Epoch 287:  62%|██████▎   | 20/32 [00:01<00:00, 19.84it/s, loss=0.124, v_num=]
Epoch 287:  62%|██████▎   | 20/32 [00:01<00:00, 19.82it/s, loss=0.124, v_num=]
Epoch 287: 100%|██████████| 32/32 [00:01<00:00, 20.64it/s, loss=0.122, v_num=]
Epoch 287:   0%|          | 0/32 [00:00<?, ?it/s, loss=0.122, v_num=]         
Epoch 288:   0%|          | 0/32 [00:00<?, ?it/s, loss=0.122, v_num=]/usr/local/lib/python3.13/dist-packages/torch/utils/data/dataloader.py:432: UserWarning: This DataLoader will create 6 worker processes in total. Our suggested max number of worker in current system is 2, which is smaller than what this DataLoader is going to create. Please be aware that excessive worker creation might get DataLoader running slow or even freeze, lower the worker number to avoid potential slowness/freeze if necessary.
  self.check_worker_number_rationality()

Epoch 288:  62%|██████▎   | 20/32 [00:00<00:00, 20.01it/s, loss=0.122, v_num=]
Epoch 288:  62%|██████▎   | 20/32 [00:01<00:00, 20.00it/s, loss=0.13, v_num=] 
Epoch 288: 100%|██████████| 32/32 [00:01<00:00, 20.43it/s, loss=0.125, v_num=]
Epoch 288:   0%|          | 0/32 [00:00<?, ?it/s, loss=0.125, v_num=]         
Epoch 289:   0%|          | 0/32 [00:00<?, ?it/s, loss=0.125, v_num=]/usr/local/lib/python3.13/dist-packages/torch/utils/data/dataloader.py:432: UserWarning: This DataLoader will create 6 worker processes in total. Our suggested max number of worker in current system is 2, which is smaller than what this DataLoader is going to create. Please be aware that excessive worker creation might get DataLoader running slow or even freeze, lower the worker number to avoid potential slowness/freeze if necessary.
  self.check_worker_number_rationality()

Epoch 289:  62%|██████▎   | 20/32 [00:00<00:00, 20.07it/s, loss=0.125, v_num=]
Epoch 289:  62%|██████▎   | 20/32 [00:00<00:00, 20.06it/s, loss=0.125, v_num=]
Epoch 289: 100%|██████████| 32/32 [00:01<00:00, 20.69it/s, loss=0.126, v_num=]
Epoch 289:   0%|          | 0/32 [00:00<?, ?it/s, loss=0.126, v_num=]         
Epoch 290:   0%|          | 0/32 [00:00<?, ?it/s, loss=0.126, v_num=]/usr/local/lib/python3.13/dist-packages/torch/utils/data/dataloader.py:432: UserWarning: This DataLoader will create 6 worker processes in total. Our suggested max number of worker in current system is 2, which is smaller than what this DataLoader is going to create. Please be aware that excessive worker creation might get DataLoader running slow or even freeze, lower the worker number to avoid potential slowness/freeze if necessary.
  self.check_worker_number_rationality()

Epoch 290:  62%|██████▎   | 20/32 [00:01<00:00, 19.85it/s, loss=0.126, v_num=]
Epoch 290:  62%|██████▎   | 20/32 [00:01<00:00, 19.83it/s, loss=0.13, v_num=] 
Epoch 290: 100%|██████████| 32/32 [00:01<00:00, 20.23it/s, loss=0.121, v_num=]Evaluating...
NMI : 0.7688006124546058, ARI: 0.4690918757714594, ACC: 0.397, current K: 8
Epoch 290 | NMI: 0.7688, ARI: 0.4691, ACC: 0.3970, current K: 8
Confusion Matrix:
[[  0   0   0   0   2   0   1 197   0   0   0   0   0   0   0   0   0   0
    0   0]
 [189   7   2   0   0   0   1   1   0   0   0   0   0   0   0   0   0   0
    0   0]
 [  1   0   0   0   0   0   0 199   0   0   0   0   0   0   0   0   0   0
    0   0]
 [  2 197   0   0   0   0   0   1   0   0   0   0   0   0   0   0   0   0
    0   0]
 [  0   1   0   0 198   0   0   1   0   0   0   0   0   0   0   0   0   0
    0   0]
 [  0   0 199   0   0   0   1   0   0   0   0   0   0   0   0   0   0   0
    0   0]
 [  0   0   0   0   1   0 195   4   0   0   0   0   0   0   0   0   0   0
    0   0]
 [  0   1   2 197   0   0   0   0   0   0   0   0   0   0   0   0   0   0
    0   0]
 [  0   0   0   0   0   0 200   0   0   0   0   0   0   0   0   0   0   0
    0   0]
 [199   1   0   0   0   0   0   0   0   0   0   0   0   0   0   0   0   0
    0   0]
 [  0   0   0   0   0   0 200   0   0   0   0   0   0   0   0   0   0   0
    0   0]
 [194   1   0   0   3   2   0   0   0   0   0   0   0   0   0   0   0   0
    0   0]
 [  0   0   0   0   2 197   0   1   0   0   0   0   0   0   0   0   0   0
    0   0]
 [  0 199   0   0   0   1   0   0   0   0   0   0   0   0   0   0   0   0
    0   0]
 [  0   1   0   0   0   0   0 199   0   0   0   0   0   0   0   0   0   0
    0   0]
 [  0   0 197   2   0   0   0   1   0   0   0   0   0   0   0   0   0   0
    0   0]
 [  0   0   0   0 197   0   3   0   0   0   0   0   0   0   0   0   0   0
    0   0]
 [  4 194   0   0   1   0   0   1   0   0   0   0   0   0   0   0   0   0
    0   0]
 [  1   0   0   0   0   0   6 193   0   0   0   0   0   0   0   0   0   0
    0   0]
 [  3   0   2 194   0   0   1   0   0   0   0   0   0   0   0   0   0   0
    0   0]]

Epoch 290:   0%|          | 0/32 [00:00<?, ?it/s, loss=0.121, v_num=]         
Epoch 291:   0%|          | 0/32 [00:00<?, ?it/s, loss=0.121, v_num=]/usr/local/lib/python3.13/dist-packages/torch/utils/data/dataloader.py:432: UserWarning: This DataLoader will create 6 worker processes in total. Our suggested max number of worker in current system is 2, which is smaller than what this DataLoader is going to create. Please be aware that excessive worker creation might get DataLoader running slow or even freeze, lower the worker number to avoid potential slowness/freeze if necessary.
  self.check_worker_number_rationality()

Epoch 291:  62%|██████▎   | 20/32 [00:01<00:00, 17.96it/s, loss=0.121, v_num=]
Epoch 291:  62%|██████▎   | 20/32 [00:01<00:00, 17.94it/s, loss=0.125, v_num=]
Epoch 291: 100%|██████████| 32/32 [00:01<00:00, 19.09it/s, loss=0.129, v_num=]
Epoch 291:   0%|          | 0/32 [00:00<?, ?it/s, loss=0.129, v_num=]         
Epoch 292:   0%|          | 0/32 [00:00<?, ?it/s, loss=0.129, v_num=]/usr/local/lib/python3.13/dist-packages/torch/utils/data/dataloader.py:432: UserWarning: This DataLoader will create 6 worker processes in total. Our suggested max number of worker in current system is 2, which is smaller than what this DataLoader is going to create. Please be aware that excessive worker creation might get DataLoader running slow or even freeze, lower the worker number to avoid potential slowness/freeze if necessary.
  self.check_worker_number_rationality()

Epoch 292:  62%|██████▎   | 20/32 [00:01<00:00, 19.57it/s, loss=0.129, v_num=]
Epoch 292:  62%|██████▎   | 20/32 [00:01<00:00, 19.55it/s, loss=0.124, v_num=]
Epoch 292: 100%|██████████| 32/32 [00:01<00:00, 17.69it/s, loss=0.123, v_num=]
Epoch 292:   0%|          | 0/32 [00:00<?, ?it/s, loss=0.123, v_num=]         
Epoch 293:   0%|          | 0/32 [00:00<?, ?it/s, loss=0.123, v_num=]/usr/local/lib/python3.13/dist-packages/torch/utils/data/dataloader.py:432: UserWarning: This DataLoader will create 6 worker processes in total. Our suggested max number of worker in current system is 2, which is smaller than what this DataLoader is going to create. Please be aware that excessive worker creation might get DataLoader running slow or even freeze, lower the worker number to avoid potential slowness/freeze if necessary.
  self.check_worker_number_rationality()

Epoch 293:  62%|██████▎   | 20/32 [00:01<00:00, 14.22it/s, loss=0.123, v_num=]
Epoch 293:  62%|██████▎   | 20/32 [00:01<00:00, 14.21it/s, loss=0.123, v_num=]
Epoch 293: 100%|██████████| 32/32 [00:02<00:00, 14.87it/s, loss=0.128, v_num=]
Epoch 293:   0%|          | 0/32 [00:00<?, ?it/s, loss=0.128, v_num=]         
Epoch 294:   0%|          | 0/32 [00:00<?, ?it/s, loss=0.128, v_num=]/usr/local/lib/python3.13/dist-packages/torch/utils/data/dataloader.py:432: UserWarning: This DataLoader will create 6 worker processes in total. Our suggested max number of worker in current system is 2, which is smaller than what this DataLoader is going to create. Please be aware that excessive worker creation might get DataLoader running slow or even freeze, lower the worker number to avoid potential slowness/freeze if necessary.
  self.check_worker_number_rationality()

Epoch 294:  62%|██████▎   | 20/32 [00:01<00:00, 19.41it/s, loss=0.128, v_num=]
Epoch 294:  62%|██████▎   | 20/32 [00:01<00:00, 19.40it/s, loss=0.131, v_num=]
Epoch 294: 100%|██████████| 32/32 [00:01<00:00, 20.09it/s, loss=0.12, v_num=] 
Epoch 294:   0%|          | 0/32 [00:00<?, ?it/s, loss=0.12, v_num=]         
Epoch 295:   0%|          | 0/32 [00:00<?, ?it/s, loss=0.12, v_num=]/usr/local/lib/python3.13/dist-packages/torch/utils/data/dataloader.py:432: UserWarning: This DataLoader will create 6 worker processes in total. Our suggested max number of worker in current system is 2, which is smaller than what this DataLoader is going to create. Please be aware that excessive worker creation might get DataLoader running slow or even freeze, lower the worker number to avoid potential slowness/freeze if necessary.
  self.check_worker_number_rationality()

Epoch 295:  62%|██████▎   | 20/32 [00:00<00:00, 20.00it/s, loss=0.12, v_num=]
Epoch 295:  62%|██████▎   | 20/32 [00:01<00:00, 19.99it/s, loss=0.12, v_num=]
Epoch 295: 100%|██████████| 32/32 [00:01<00:00, 20.57it/s, loss=0.128, v_num=]/content/DeepDPM-New/src/clustering_models/clusternet_modules/clusternetasmodel.py:682: UserWarning: To copy construct from a tensor, it is recommended to use sourceTensor.detach().clone() or sourceTensor.detach().clone().requires_grad_(True), rather than torch.tensor(sourceTensor).
  mus_ind_to_split = torch.nonzero(torch.tensor(split_decisions), as_tuple=False)
Splitting clusters [0 1 2 3 4 6 7]
Evaluating...
NMI : 0.7694295230744697, ARI: 0.46937819715645684, ACC: 0.39725, current K: 8
[Split] K updated → 15 clusters
  [Epoch 295] losses at split → cluster_loss=0.0151, subcluster_loss=0.2324

Epoch 295:   0%|          | 0/32 [00:00<?, ?it/s, loss=0.128, v_num=]         
Epoch 296:   0%|          | 0/32 [00:00<?, ?it/s, loss=0.128, v_num=]/usr/local/lib/python3.13/dist-packages/torch/utils/data/dataloader.py:432: UserWarning: This DataLoader will create 6 worker processes in total. Our suggested max number of worker in current system is 2, which is smaller than what this DataLoader is going to create. Please be aware that excessive worker creation might get DataLoader running slow or even freeze, lower the worker number to avoid potential slowness/freeze if necessary.
  self.check_worker_number_rationality()

Epoch 296:  62%|██████▎   | 20/32 [00:01<00:00, 14.42it/s, loss=0.128, v_num=]
Epoch 296:  62%|██████▎   | 20/32 [00:01<00:00, 14.41it/s, loss=0.575, v_num=]
Epoch 296: 100%|██████████| 32/32 [00:02<00:00, 14.74it/s, loss=0.481, v_num=]
Epoch 296:   0%|          | 0/32 [00:00<?, ?it/s, loss=0.481, v_num=]         
Epoch 297:   0%|          | 0/32 [00:00<?, ?it/s, loss=0.481, v_num=]
Epoch 297:  62%|██████▎   | 20/32 [00:01<00:00, 14.22it/s, loss=0.481, v_num=]
Epoch 297:  62%|██████▎   | 20/32 [00:01<00:00, 14.21it/s, loss=0.458, v_num=]
Epoch 297: 100%|██████████| 32/32 [00:02<00:00, 14.54it/s, loss=0.448, v_num=]
Epoch 297:   0%|          | 0/32 [00:00<?, ?it/s, loss=0.448, v_num=]         
Epoch 298:   0%|          | 0/32 [00:00<?, ?it/s, loss=0.448, v_num=]
Epoch 298:  62%|██████▎   | 20/32 [00:01<00:00, 14.54it/s, loss=0.448, v_num=]
Epoch 298:  62%|██████▎   | 20/32 [00:01<00:00, 14.53it/s, loss=0.395, v_num=]
Epoch 298: 100%|██████████| 32/32 [00:02<00:00, 14.78it/s, loss=0.371, v_num=]
Epoch 298:   0%|          | 0/32 [00:00<?, ?it/s, loss=0.371, v_num=]         
Epoch 299:   0%|          | 0/32 [00:00<?, ?it/s, loss=0.371, v_num=]
Epoch 299:  62%|██████▎   | 20/32 [00:01<00:01, 11.41it/s, loss=0.371, v_num=]
Epoch 299:  62%|██████▎   | 20/32 [00:01<00:01, 11.41it/s, loss=0.333, v_num=]
Epoch 299: 100%|██████████| 32/32 [00:02<00:00, 11.25it/s, loss=0.311, v_num=]
Epoch 299:   0%|          | 0/32 [00:00<?, ?it/s, loss=0.311, v_num=]         
Epoch 300:   0%|          | 0/32 [00:00<?, ?it/s, loss=0.311, v_num=]
Epoch 300:  62%|██████▎   | 20/32 [00:01<00:00, 13.48it/s, loss=0.311, v_num=]
Epoch 300:  62%|██████▎   | 20/32 [00:01<00:00, 13.47it/s, loss=0.256, v_num=]
Epoch 300: 100%|██████████| 32/32 [00:02<00:00, 14.02it/s, loss=0.226, v_num=]Evaluating...
NMI : 0.8555707931534042, ARI: 0.6301681940116449, ACC: 0.69025, current K: 15
Epoch 300 | NMI: 0.8556, ARI: 0.6302, ACC: 0.6903, current K: 15
Confusion Matrix:
[[  0   0   0   0   0   0   0   0   0   1   1   1   0 132  65   0   0   0
    0   0]
 [  0  82 109   3   3   2   0   0   0   0   0   0   0   1   0   0   0   0
    0   0]
 [  0   1   0   0   0   0   0   0   0   0   0   0   0   0 199   0   0   0
    0   0]
 [  0   2   0  36 161   0   0   0   0   0   0   0   0   0   1   0   0   0
    0   0]
 [  0   0   0   0   1   0   0   0   0 195   3   0   0   0   1   0   0   0
    0   0]
 [  0   0   0   0   0   0 199   0   0   0   0   1   0   0   0   0   0   0
    0   0]
 [  0   0   0   0   0   0   0   0   0   1   0   0 195   0   4   0   0   0
    0   0]
 [  0   0   0   1   0   2   0 196   1   0   0   0   0   0   0   0   0   0
    0   0]
 [  0   0   0   0   0   0   0   0   0   0   0 200   0   0   0   0   0   0
    0   0]
 [  0 200   0   0   0   0   0   0   0   0   0   0   0   0   0   0   0   0
    0   0]
 [  0   0   0   0   0   0   0   0   0   0   0 200   0   0   0   0   0   0
    0   0]
 [  2 195   0   0   1   0   0   0   0   2   0   0   0   0   0   0   0   0
    0   0]
 [197   0   0   0   0   0   0   0   0   1   1   0   0   0   1   0   0   0
    0   0]
 [  1   0   0 199   0   0   0   0   0   0   0   0   0   0   0   0   0   0
    0   0]
 [  0   0   0   0   1   0   0   0   0   0   0   0   0   0 199   0   0   0
    0   0]
 [  0   0   0   0   0 194   3   0   1   0   0   0   0   1   1   0   0   0
    0   0]
 [  0   0   0   0   0   0   0   0   0   6 191   3   0   0   0   0   0   0
    0   0]
 [  0   4   0 194   0   0   0   0   0   0   1   0   0   0   1   0   0   0
    0   0]
 [  0   1   0   0   0   0   0   0   0   0   0   4   0   0 195   0   0   0
    0   0]
 [  0   3   0   0   0   2   0   0 194   0   0   1   0   0   0   0   0   0
    0   0]]

Epoch 300:   0%|          | 0/32 [00:00<?, ?it/s, loss=0.226, v_num=]         
Epoch 301:   0%|          | 0/32 [00:00<?, ?it/s, loss=0.226, v_num=]/usr/local/lib/python3.13/dist-packages/torch/utils/data/dataloader.py:432: UserWarning: This DataLoader will create 6 worker processes in total. Our suggested max number of worker in current system is 2, which is smaller than what this DataLoader is going to create. Please be aware that excessive worker creation might get DataLoader running slow or even freeze, lower the worker number to avoid potential slowness/freeze if necessary.
  self.check_worker_number_rationality()

Epoch 301:  62%|██████▎   | 20/32 [00:01<00:00, 14.45it/s, loss=0.226, v_num=]
Epoch 301:  62%|██████▎   | 20/32 [00:01<00:00, 14.44it/s, loss=0.208, v_num=]
Epoch 301: 100%|██████████| 32/32 [00:02<00:00, 14.65it/s, loss=0.196, v_num=]
Epoch 301:   0%|          | 0/32 [00:00<?, ?it/s, loss=0.196, v_num=]         
Epoch 302:   0%|          | 0/32 [00:00<?, ?it/s, loss=0.196, v_num=]/usr/local/lib/python3.13/dist-packages/torch/utils/data/dataloader.py:432: UserWarning: This DataLoader will create 6 worker processes in total. Our suggested max number of worker in current system is 2, which is smaller than what this DataLoader is going to create. Please be aware that excessive worker creation might get DataLoader running slow or even freeze, lower the worker number to avoid potential slowness/freeze if necessary.
  self.check_worker_number_rationality()

Epoch 302:  62%|██████▎   | 20/32 [00:01<00:00, 14.29it/s, loss=0.196, v_num=]
Epoch 302:  62%|██████▎   | 20/32 [00:01<00:00, 14.28it/s, loss=0.102, v_num=]
Epoch 302: 100%|██████████| 32/32 [00:02<00:00, 14.57it/s, loss=0.0987, v_num=]
Epoch 302:   0%|          | 0/32 [00:00<?, ?it/s, loss=0.0987, v_num=]         
Epoch 303:   0%|          | 0/32 [00:00<?, ?it/s, loss=0.0987, v_num=]/usr/local/lib/python3.13/dist-packages/torch/utils/data/dataloader.py:432: UserWarning: This DataLoader will create 6 worker processes in total. Our suggested max number of worker in current system is 2, which is smaller than what this DataLoader is going to create. Please be aware that excessive worker creation might get DataLoader running slow or even freeze, lower the worker number to avoid potential slowness/freeze if necessary.
  self.check_worker_number_rationality()

Epoch 303:  62%|██████▎   | 20/32 [00:01<00:00, 14.45it/s, loss=0.0987, v_num=]
Epoch 303:  62%|██████▎   | 20/32 [00:01<00:00, 14.45it/s, loss=0.109, v_num=] 
Epoch 303: 100%|██████████| 32/32 [00:02<00:00, 14.70it/s, loss=0.102, v_num=]
Epoch 303:   0%|          | 0/32 [00:00<?, ?it/s, loss=0.102, v_num=]         
Epoch 304:   0%|          | 0/32 [00:00<?, ?it/s, loss=0.102, v_num=]/usr/local/lib/python3.13/dist-packages/torch/utils/data/dataloader.py:432: UserWarning: This DataLoader will create 6 worker processes in total. Our suggested max number of worker in current system is 2, which is smaller than what this DataLoader is going to create. Please be aware that excessive worker creation might get DataLoader running slow or even freeze, lower the worker number to avoid potential slowness/freeze if necessary.
  self.check_worker_number_rationality()

Epoch 304:  62%|██████▎   | 20/32 [00:01<00:00, 14.03it/s, loss=0.102, v_num=]
Epoch 304:  62%|██████▎   | 20/32 [00:01<00:00, 14.02it/s, loss=0.108, v_num=]
Epoch 304: 100%|██████████| 32/32 [00:02<00:00, 12.96it/s, loss=0.105, v_num=]
Epoch 304:   0%|          | 0/32 [00:00<?, ?it/s, loss=0.105, v_num=]         
Epoch 305:   0%|          | 0/32 [00:00<?, ?it/s, loss=0.105, v_num=]/usr/local/lib/python3.13/dist-packages/torch/utils/data/dataloader.py:432: UserWarning: This DataLoader will create 6 worker processes in total. Our suggested max number of worker in current system is 2, which is smaller than what this DataLoader is going to create. Please be aware that excessive worker creation might get DataLoader running slow or even freeze, lower the worker number to avoid potential slowness/freeze if necessary.
  self.check_worker_number_rationality()

Epoch 305:  62%|██████▎   | 20/32 [00:02<00:01,  9.28it/s, loss=0.105, v_num=]
Epoch 305:  62%|██████▎   | 20/32 [00:02<00:01,  9.27it/s, loss=0.11, v_num=] 
Epoch 305: 100%|██████████| 32/32 [00:02<00:00, 10.85it/s, loss=0.106, v_num=]Evaluating...
NMI : 0.888064210175788, ARI: 0.7155563156814805, ACC: 0.732, current K: 15

Epoch 305:   0%|          | 0/32 [00:00<?, ?it/s, loss=0.106, v_num=]         
Epoch 306:   0%|          | 0/32 [00:00<?, ?it/s, loss=0.106, v_num=]/usr/local/lib/python3.13/dist-packages/torch/utils/data/dataloader.py:432: UserWarning: This DataLoader will create 6 worker processes in total. Our suggested max number of worker in current system is 2, which is smaller than what this DataLoader is going to create. Please be aware that excessive worker creation might get DataLoader running slow or even freeze, lower the worker number to avoid potential slowness/freeze if necessary.
  self.check_worker_number_rationality()

Epoch 306:  62%|██████▎   | 20/32 [00:01<00:00, 13.76it/s, loss=0.106, v_num=]
Epoch 306:  62%|██████▎   | 20/32 [00:01<00:00, 13.75it/s, loss=0.118, v_num=]
Epoch 306: 100%|██████████| 32/32 [00:02<00:00, 14.17it/s, loss=0.119, v_num=]
Epoch 306:   0%|          | 0/32 [00:00<?, ?it/s, loss=0.119, v_num=]         
Epoch 307:   0%|          | 0/32 [00:00<?, ?it/s, loss=0.119, v_num=]/usr/local/lib/python3.13/dist-packages/torch/utils/data/dataloader.py:432: UserWarning: This DataLoader will create 6 worker processes in total. Our suggested max number of worker in current system is 2, which is smaller than what this DataLoader is going to create. Please be aware that excessive worker creation might get DataLoader running slow or even freeze, lower the worker number to avoid potential slowness/freeze if necessary.
  self.check_worker_number_rationality()

Epoch 307:  62%|██████▎   | 20/32 [00:01<00:00, 14.16it/s, loss=0.119, v_num=]
Epoch 307:  62%|██████▎   | 20/32 [00:01<00:00, 14.15it/s, loss=0.113, v_num=]
Epoch 307: 100%|██████████| 32/32 [00:02<00:00, 14.47it/s, loss=0.112, v_num=]
Epoch 307:   0%|          | 0/32 [00:00<?, ?it/s, loss=0.112, v_num=]         
Epoch 308:   0%|          | 0/32 [00:00<?, ?it/s, loss=0.112, v_num=]/usr/local/lib/python3.13/dist-packages/torch/utils/data/dataloader.py:432: UserWarning: This DataLoader will create 6 worker processes in total. Our suggested max number of worker in current system is 2, which is smaller than what this DataLoader is going to create. Please be aware that excessive worker creation might get DataLoader running slow or even freeze, lower the worker number to avoid potential slowness/freeze if necessary.
  self.check_worker_number_rationality()

Epoch 308:  62%|██████▎   | 20/32 [00:01<00:00, 14.43it/s, loss=0.112, v_num=]
Epoch 308:  62%|██████▎   | 20/32 [00:01<00:00, 14.43it/s, loss=0.101, v_num=]
Epoch 308: 100%|██████████| 32/32 [00:02<00:00, 14.63it/s, loss=0.102, v_num=]
Epoch 308:   0%|          | 0/32 [00:00<?, ?it/s, loss=0.102, v_num=]         
Epoch 309:   0%|          | 0/32 [00:00<?, ?it/s, loss=0.102, v_num=]/usr/local/lib/python3.13/dist-packages/torch/utils/data/dataloader.py:432: UserWarning: This DataLoader will create 6 worker processes in total. Our suggested max number of worker in current system is 2, which is smaller than what this DataLoader is going to create. Please be aware that excessive worker creation might get DataLoader running slow or even freeze, lower the worker number to avoid potential slowness/freeze if necessary.
  self.check_worker_number_rationality()

Epoch 309:  62%|██████▎   | 20/32 [00:01<00:00, 14.36it/s, loss=0.102, v_num=]
Epoch 309:  62%|██████▎   | 20/32 [00:01<00:00, 14.35it/s, loss=0.103, v_num=]
Epoch 309: 100%|██████████| 32/32 [00:02<00:00, 14.64it/s, loss=0.0984, v_num=]
Epoch 309:   0%|          | 0/32 [00:00<?, ?it/s, loss=0.0984, v_num=]         
Epoch 310:   0%|          | 0/32 [00:00<?, ?it/s, loss=0.0984, v_num=]/usr/local/lib/python3.13/dist-packages/torch/utils/data/dataloader.py:432: UserWarning: This DataLoader will create 6 worker processes in total. Our suggested max number of worker in current system is 2, which is smaller than what this DataLoader is going to create. Please be aware that excessive worker creation might get DataLoader running slow or even freeze, lower the worker number to avoid potential slowness/freeze if necessary.
  self.check_worker_number_rationality()

Epoch 310:  62%|██████▎   | 20/32 [00:01<00:01, 10.93it/s, loss=0.0984, v_num=]
Epoch 310:  62%|██████▎   | 20/32 [00:01<00:01, 10.93it/s, loss=0.122, v_num=] 
Epoch 310: 100%|██████████| 32/32 [00:02<00:00, 10.87it/s, loss=0.115, v_num=]Evaluating...
NMI : 0.8858127903675469, ARI: 0.716296044776513, ACC: 0.733, current K: 15
Epoch 310 | NMI: 0.8858, ARI: 0.7163, ACC: 0.7330, current K: 15
Confusion Matrix:
[[  0   0   0   0   0   0   0   0   0   1   1   1   0 196   1   0   0   0
    0   0]
 [  0   0 191   0   6   1   1   0   0   0   0   0   0   1   0   0   0   0
    0   0]
 [  0   1   0   0   0   0   0   0   0   0   0   0   0  14 185   0   0   0
    0   0]
 [  0   0   1   1 197   0   0   0   0   0   0   0   0   0   1   0   0   0
    0   0]
 [  0   0   0   0   1   0   0   0   0 196   2   0   0   0   1   0   0   0
    0   0]
 [  0   0   0   0   0   0 199   0   0   0   0   1   0   0   0   0   0   0
    0   0]
 [  0   0   0   0   0   0   0   0   0   1   0   0 196   1   2   0   0   0
    0   0]
 [  0   0   0   1   0   1   0 196   2   0   0   0   0   0   0   0   0   0
    0   0]
 [  0   0   0   0   0   0   0   0   0   0   0 200   0   0   0   0   0   0
    0   0]
 [  0 184  15   0   1   0   0   0   0   0   0   0   0   0   0   0   0   0
    0   0]
 [  0   0   0   0   0   0   0   0   0   0   0 200   0   0   0   0   0   0
    0   0]
 [  1 194   1   0   1   0   0   0   0   3   0   0   0   0   0   0   0   0
    0   0]
 [197   0   0   0   0   0   0   0   0   1   1   0   0   1   0   0   0   0
    0   0]
 [  1   0   0 194   5   0   0   0   0   0   0   0   0   0   0   0   0   0
    0   0]
 [  0   0   0   0   1   0   0   0   0   0   0   0   0   1 198   0   0   0
    0   0]
 [  0   0   0   0   0 194   3   0   1   0   0   0   0   2   0   0   0   0
    0   0]
 [  0   0   0   0   0   0   0   0   0   7 190   3   0   0   0   0   0   0
    0   0]
 [  0   2   2 194   0   0   0   0   0   0   1   0   0   0   1   0   0   0
    0   0]
 [  0   1   0   0   0   0   0   0   0   0   0   4   0   0 195   0   0   0
    0   0]
 [  0   3   0   0   0   2   0   0 194   0   0   1   0   0   0   0   0   0
    0   0]]

Epoch 310:   0%|          | 0/32 [00:00<?, ?it/s, loss=0.115, v_num=]         
Epoch 311:   0%|          | 0/32 [00:00<?, ?it/s, loss=0.115, v_num=]/usr/local/lib/python3.13/dist-packages/torch/utils/data/dataloader.py:432: UserWarning: This DataLoader will create 6 worker processes in total. Our suggested max number of worker in current system is 2, which is smaller than what this DataLoader is going to create. Please be aware that excessive worker creation might get DataLoader running slow or even freeze, lower the worker number to avoid potential slowness/freeze if necessary.
  self.check_worker_number_rationality()

Epoch 311:  62%|██████▎   | 20/32 [00:01<00:00, 14.50it/s, loss=0.115, v_num=]
Epoch 311:  62%|██████▎   | 20/32 [00:01<00:00, 14.49it/s, loss=0.127, v_num=]
Epoch 311: 100%|██████████| 32/32 [00:02<00:00, 14.57it/s, loss=0.121, v_num=]
Epoch 311:   0%|          | 0/32 [00:00<?, ?it/s, loss=0.121, v_num=]         
Epoch 312:   0%|          | 0/32 [00:00<?, ?it/s, loss=0.121, v_num=]/usr/local/lib/python3.13/dist-packages/torch/utils/data/dataloader.py:432: UserWarning: This DataLoader will create 6 worker processes in total. Our suggested max number of worker in current system is 2, which is smaller than what this DataLoader is going to create. Please be aware that excessive worker creation might get DataLoader running slow or even freeze, lower the worker number to avoid potential slowness/freeze if necessary.
  self.check_worker_number_rationality()

Epoch 312:  62%|██████▎   | 20/32 [00:01<00:00, 14.22it/s, loss=0.121, v_num=]
Epoch 312:  62%|██████▎   | 20/32 [00:01<00:00, 14.21it/s, loss=0.113, v_num=]
Epoch 312: 100%|██████████| 32/32 [00:02<00:00, 14.66it/s, loss=0.107, v_num=]
Epoch 312:   0%|          | 0/32 [00:00<?, ?it/s, loss=0.107, v_num=]         
Epoch 313:   0%|          | 0/32 [00:00<?, ?it/s, loss=0.107, v_num=]/usr/local/lib/python3.13/dist-packages/torch/utils/data/dataloader.py:432: UserWarning: This DataLoader will create 6 worker processes in total. Our suggested max number of worker in current system is 2, which is smaller than what this DataLoader is going to create. Please be aware that excessive worker creation might get DataLoader running slow or even freeze, lower the worker number to avoid potential slowness/freeze if necessary.
  self.check_worker_number_rationality()

Epoch 313:  62%|██████▎   | 20/32 [00:01<00:00, 14.10it/s, loss=0.107, v_num=]
Epoch 313:  62%|██████▎   | 20/32 [00:01<00:00, 14.09it/s, loss=0.1, v_num=]  
Epoch 313: 100%|██████████| 32/32 [00:02<00:00, 14.51it/s, loss=0.108, v_num=]
Epoch 313:   0%|          | 0/32 [00:00<?, ?it/s, loss=0.108, v_num=]         
Epoch 314:   0%|          | 0/32 [00:00<?, ?it/s, loss=0.108, v_num=]/usr/local/lib/python3.13/dist-packages/torch/utils/data/dataloader.py:432: UserWarning: This DataLoader will create 6 worker processes in total. Our suggested max number of worker in current system is 2, which is smaller than what this DataLoader is going to create. Please be aware that excessive worker creation might get DataLoader running slow or even freeze, lower the worker number to avoid potential slowness/freeze if necessary.
  self.check_worker_number_rationality()

Epoch 314:  62%|██████▎   | 20/32 [00:01<00:00, 14.34it/s, loss=0.108, v_num=]
Epoch 314:  62%|██████▎   | 20/32 [00:01<00:00, 14.33it/s, loss=0.127, v_num=]
Epoch 314: 100%|██████████| 32/32 [00:02<00:00, 14.59it/s, loss=0.112, v_num=]
Epoch 314:   0%|          | 0/32 [00:00<?, ?it/s, loss=0.112, v_num=]         
Epoch 315:   0%|          | 0/32 [00:00<?, ?it/s, loss=0.112, v_num=]/usr/local/lib/python3.13/dist-packages/torch/utils/data/dataloader.py:432: UserWarning: This DataLoader will create 6 worker processes in total. Our suggested max number of worker in current system is 2, which is smaller than what this DataLoader is going to create. Please be aware that excessive worker creation might get DataLoader running slow or even freeze, lower the worker number to avoid potential slowness/freeze if necessary.
  self.check_worker_number_rationality()

Epoch 315:  62%|██████▎   | 20/32 [00:01<00:00, 12.86it/s, loss=0.112, v_num=]
Epoch 315:  62%|██████▎   | 20/32 [00:01<00:00, 12.85it/s, loss=0.11, v_num=] 
Epoch 315: 100%|██████████| 32/32 [00:02<00:00, 12.40it/s, loss=0.108, v_num=]Evaluating...
NMI : 0.8837954840727882, ARI: 0.717364580293064, ACC: 0.734, current K: 15

Epoch 315:   0%|          | 0/32 [00:00<?, ?it/s, loss=0.108, v_num=]         
Epoch 316:   0%|          | 0/32 [00:00<?, ?it/s, loss=0.108, v_num=]/usr/local/lib/python3.13/dist-packages/torch/utils/data/dataloader.py:432: UserWarning: This DataLoader will create 6 worker processes in total. Our suggested max number of worker in current system is 2, which is smaller than what this DataLoader is going to create. Please be aware that excessive worker creation might get DataLoader running slow or even freeze, lower the worker number to avoid potential slowness/freeze if necessary.
  self.check_worker_number_rationality()

Epoch 316:  62%|██████▎   | 20/32 [00:01<00:01, 11.39it/s, loss=0.108, v_num=]
Epoch 316:  62%|██████▎   | 20/32 [00:01<00:01, 11.38it/s, loss=0.12, v_num=] 
Epoch 316: 100%|██████████| 32/32 [00:02<00:00, 12.44it/s, loss=0.115, v_num=]
Epoch 316:   0%|          | 0/32 [00:00<?, ?it/s, loss=0.115, v_num=]         
Epoch 317:   0%|          | 0/32 [00:00<?, ?it/s, loss=0.115, v_num=]/usr/local/lib/python3.13/dist-packages/torch/utils/data/dataloader.py:432: UserWarning: This DataLoader will create 6 worker processes in total. Our suggested max number of worker in current system is 2, which is smaller than what this DataLoader is going to create. Please be aware that excessive worker creation might get DataLoader running slow or even freeze, lower the worker number to avoid potential slowness/freeze if necessary.
  self.check_worker_number_rationality()

Epoch 317:  62%|██████▎   | 20/32 [00:01<00:00, 14.18it/s, loss=0.115, v_num=]
Epoch 317:  62%|██████▎   | 20/32 [00:01<00:00, 14.17it/s, loss=0.103, v_num=]
Epoch 317: 100%|██████████| 32/32 [00:02<00:00, 14.40it/s, loss=0.0951, v_num=]
Epoch 317:   0%|          | 0/32 [00:00<?, ?it/s, loss=0.0951, v_num=]         
Epoch 318:   0%|          | 0/32 [00:00<?, ?it/s, loss=0.0951, v_num=]/usr/local/lib/python3.13/dist-packages/torch/utils/data/dataloader.py:432: UserWarning: This DataLoader will create 6 worker processes in total. Our suggested max number of worker in current system is 2, which is smaller than what this DataLoader is going to create. Please be aware that excessive worker creation might get DataLoader running slow or even freeze, lower the worker number to avoid potential slowness/freeze if necessary.
  self.check_worker_number_rationality()

Epoch 318:  62%|██████▎   | 20/32 [00:01<00:00, 14.18it/s, loss=0.0951, v_num=]
Epoch 318:  62%|██████▎   | 20/32 [00:01<00:00, 14.17it/s, loss=0.108, v_num=] 
Epoch 318: 100%|██████████| 32/32 [00:02<00:00, 14.55it/s, loss=0.108, v_num=]
Epoch 318:   0%|          | 0/32 [00:00<?, ?it/s, loss=0.108, v_num=]         
Epoch 319:   0%|          | 0/32 [00:00<?, ?it/s, loss=0.108, v_num=]/usr/local/lib/python3.13/dist-packages/torch/utils/data/dataloader.py:432: UserWarning: This DataLoader will create 6 worker processes in total. Our suggested max number of worker in current system is 2, which is smaller than what this DataLoader is going to create. Please be aware that excessive worker creation might get DataLoader running slow or even freeze, lower the worker number to avoid potential slowness/freeze if necessary.
  self.check_worker_number_rationality()

Epoch 319:  62%|██████▎   | 20/32 [00:01<00:00, 14.63it/s, loss=0.108, v_num=]
Epoch 319:  62%|██████▎   | 20/32 [00:01<00:00, 14.62it/s, loss=0.125, v_num=]
Epoch 319: 100%|██████████| 32/32 [00:02<00:00, 14.95it/s, loss=0.123, v_num=]
Epoch 319:   0%|          | 0/32 [00:00<?, ?it/s, loss=0.123, v_num=]         
Epoch 320:   0%|          | 0/32 [00:00<?, ?it/s, loss=0.123, v_num=]/usr/local/lib/python3.13/dist-packages/torch/utils/data/dataloader.py:432: UserWarning: This DataLoader will create 6 worker processes in total. Our suggested max number of worker in current system is 2, which is smaller than what this DataLoader is going to create. Please be aware that excessive worker creation might get DataLoader running slow or even freeze, lower the worker number to avoid potential slowness/freeze if necessary.
  self.check_worker_number_rationality()

Epoch 320:  62%|██████▎   | 20/32 [00:01<00:00, 14.72it/s, loss=0.123, v_num=]
Epoch 320:  62%|██████▎   | 20/32 [00:01<00:00, 14.71it/s, loss=0.107, v_num=]
Epoch 320: 100%|██████████| 32/32 [00:02<00:00, 13.77it/s, loss=0.0972, v_num=]Evaluating...
NMI : 0.8842871734466214, ARI: 0.7289632625402506, ACC: 0.73425, current K: 15
Epoch 320 | NMI: 0.8843, ARI: 0.7290, ACC: 0.7342, current K: 15
Confusion Matrix:
[[  0   0   0   0   0   0   0   0   0   1   1   1   0 197   0   0   0   0
    0   0]
 [  0   0 191   0   6   1   1   0   0   0   0   0   0   1   0   0   0   0
    0   0]
 [  0   1   0   0   0   0   0   0   0   0   0   1   0 132  66   0   0   0
    0   0]
 [  0   0   0   1 198   0   0   0   0   0   0   0   0   1   0   0   0   0
    0   0]
 [  0   0   0   0   1   0   0   0   0 198   0   0   0   1   0   0   0   0
    0   0]
 [  0   0   0   0   0   0 199   0   0   0   0   1   0   0   0   0   0   0
    0   0]
 [  0   0   0   0   0   0   0   0   0   1   0   0 197   1   1   0   0   0
    0   0]
 [  0   0   0   1   0   1   0 196   2   0   0   0   0   0   0   0   0   0
    0   0]
 [  0   0   0   0   0   0   0   0   0   0   0 199   1   0   0   0   0   0
    0   0]
 [  0 188  11   0   1   0   0   0   0   0   0   0   0   0   0   0   0   0
    0   0]
 [  0   0   0   0   0   0   0   0   0   0   0 200   0   0   0   0   0   0
    0   0]
 [  1 194   1   0   1   0   0   0   0   3   0   0   0   0   0   0   0   0
    0   0]
 [197   0   0   0   0   0   0   0   0   1   1   0   0   1   0   0   0   0
    0   0]
 [  1   0   0 194   4   0   0   0   0   0   0   0   1   0   0   0   0   0
    0   0]
 [  0   0   0   0   1   0   0   0   0   0   0   0   0   1 198   0   0   0
    0   0]
 [  0   0   0   0   0 194   3   0   1   0   0   0   0   2   0   0   0   0
    0   0]
 [  0   0   0   0   0   0   0   0   0   8 189   3   0   0   0   0   0   0
    0   0]
 [  0   2   1 195   0   0   0   0   0   0   1   0   0   0   1   0   0   0
    0   0]
 [  0   1   0   0   0   0   0   0   0   0   0   4   2   0 193   0   0   0
    0   0]
 [  0   3   0   0   0   2   0   0 194   0   0   1   0   0   0   0   0   0
    0   0]]

Epoch 320:   0%|          | 0/32 [00:00<?, ?it/s, loss=0.0972, v_num=]         
Epoch 321:   0%|          | 0/32 [00:00<?, ?it/s, loss=0.0972, v_num=]/usr/local/lib/python3.13/dist-packages/torch/utils/data/dataloader.py:432: UserWarning: This DataLoader will create 6 worker processes in total. Our suggested max number of worker in current system is 2, which is smaller than what this DataLoader is going to create. Please be aware that excessive worker creation might get DataLoader running slow or even freeze, lower the worker number to avoid potential slowness/freeze if necessary.
  self.check_worker_number_rationality()

Epoch 321:  62%|██████▎   | 20/32 [00:01<00:01, 11.11it/s, loss=0.0972, v_num=]
Epoch 321:  62%|██████▎   | 20/32 [00:01<00:01, 11.10it/s, loss=0.116, v_num=] 
Epoch 321: 100%|██████████| 32/32 [00:02<00:00, 11.91it/s, loss=0.106, v_num=]
Epoch 321:   0%|          | 0/32 [00:00<?, ?it/s, loss=0.106, v_num=]         
Epoch 322:   0%|          | 0/32 [00:00<?, ?it/s, loss=0.106, v_num=]/usr/local/lib/python3.13/dist-packages/torch/utils/data/dataloader.py:432: UserWarning: This DataLoader will create 6 worker processes in total. Our suggested max number of worker in current system is 2, which is smaller than what this DataLoader is going to create. Please be aware that excessive worker creation might get DataLoader running slow or even freeze, lower the worker number to avoid potential slowness/freeze if necessary.
  self.check_worker_number_rationality()

Epoch 322:  62%|██████▎   | 20/32 [00:01<00:00, 14.64it/s, loss=0.106, v_num=]
Epoch 322:  62%|██████▎   | 20/32 [00:01<00:00, 14.63it/s, loss=0.111, v_num=]
Epoch 322: 100%|██████████| 32/32 [00:02<00:00, 14.86it/s, loss=0.109, v_num=]
Epoch 322:   0%|          | 0/32 [00:00<?, ?it/s, loss=0.109, v_num=]         
Epoch 323:   0%|          | 0/32 [00:00<?, ?it/s, loss=0.109, v_num=]/usr/local/lib/python3.13/dist-packages/torch/utils/data/dataloader.py:432: UserWarning: This DataLoader will create 6 worker processes in total. Our suggested max number of worker in current system is 2, which is smaller than what this DataLoader is going to create. Please be aware that excessive worker creation might get DataLoader running slow or even freeze, lower the worker number to avoid potential slowness/freeze if necessary.
  self.check_worker_number_rationality()

Epoch 323:  62%|██████▎   | 20/32 [00:01<00:00, 14.50it/s, loss=0.109, v_num=]
Epoch 323:  62%|██████▎   | 20/32 [00:01<00:00, 14.49it/s, loss=0.1, v_num=]  
Epoch 323: 100%|██████████| 32/32 [00:02<00:00, 14.88it/s, loss=0.114, v_num=]
Epoch 323:   0%|          | 0/32 [00:00<?, ?it/s, loss=0.114, v_num=]         
Epoch 324:   0%|          | 0/32 [00:00<?, ?it/s, loss=0.114, v_num=]/usr/local/lib/python3.13/dist-packages/torch/utils/data/dataloader.py:432: UserWarning: This DataLoader will create 6 worker processes in total. Our suggested max number of worker in current system is 2, which is smaller than what this DataLoader is going to create. Please be aware that excessive worker creation might get DataLoader running slow or even freeze, lower the worker number to avoid potential slowness/freeze if necessary.
  self.check_worker_number_rationality()

Epoch 324:  62%|██████▎   | 20/32 [00:01<00:00, 14.11it/s, loss=0.114, v_num=]
Epoch 324:  62%|██████▎   | 20/32 [00:01<00:00, 14.10it/s, loss=0.125, v_num=]
Epoch 324: 100%|██████████| 32/32 [00:02<00:00, 14.62it/s, loss=0.116, v_num=]
Epoch 324:   0%|          | 0/32 [00:00<?, ?it/s, loss=0.116, v_num=]         
Epoch 325:   0%|          | 0/32 [00:00<?, ?it/s, loss=0.116, v_num=]/usr/local/lib/python3.13/dist-packages/torch/utils/data/dataloader.py:432: UserWarning: This DataLoader will create 6 worker processes in total. Our suggested max number of worker in current system is 2, which is smaller than what this DataLoader is going to create. Please be aware that excessive worker creation might get DataLoader running slow or even freeze, lower the worker number to avoid potential slowness/freeze if necessary.
  self.check_worker_number_rationality()

Epoch 325:  62%|██████▎   | 20/32 [00:01<00:00, 14.79it/s, loss=0.116, v_num=]
Epoch 325:  62%|██████▎   | 20/32 [00:01<00:00, 14.78it/s, loss=0.116, v_num=]
Epoch 325: 100%|██████████| 32/32 [00:02<00:00, 14.91it/s, loss=0.111, v_num=]Evaluating...
NMI : 0.8944996705411208, ARI: 0.749061477738184, ACC: 0.734, current K: 15

Epoch 325:   0%|          | 0/32 [00:00<?, ?it/s, loss=0.111, v_num=]         
Epoch 326:   0%|          | 0/32 [00:00<?, ?it/s, loss=0.111, v_num=]/usr/local/lib/python3.13/dist-packages/torch/utils/data/dataloader.py:432: UserWarning: This DataLoader will create 6 worker processes in total. Our suggested max number of worker in current system is 2, which is smaller than what this DataLoader is going to create. Please be aware that excessive worker creation might get DataLoader running slow or even freeze, lower the worker number to avoid potential slowness/freeze if necessary.
  self.check_worker_number_rationality()

Epoch 326:  62%|██████▎   | 20/32 [00:01<00:00, 12.53it/s, loss=0.111, v_num=]
Epoch 326:  62%|██████▎   | 20/32 [00:01<00:00, 12.52it/s, loss=0.114, v_num=]
Epoch 326: 100%|██████████| 32/32 [00:02<00:00, 12.24it/s, loss=0.113, v_num=]
Epoch 326:   0%|          | 0/32 [00:00<?, ?it/s, loss=0.113, v_num=]         
Epoch 327:   0%|          | 0/32 [00:00<?, ?it/s, loss=0.113, v_num=]/usr/local/lib/python3.13/dist-packages/torch/utils/data/dataloader.py:432: UserWarning: This DataLoader will create 6 worker processes in total. Our suggested max number of worker in current system is 2, which is smaller than what this DataLoader is going to create. Please be aware that excessive worker creation might get DataLoader running slow or even freeze, lower the worker number to avoid potential slowness/freeze if necessary.
  self.check_worker_number_rationality()

Epoch 327:  62%|██████▎   | 20/32 [00:01<00:00, 12.15it/s, loss=0.113, v_num=]
Epoch 327:  62%|██████▎   | 20/32 [00:01<00:00, 12.15it/s, loss=0.111, v_num=]
Epoch 327: 100%|██████████| 32/32 [00:02<00:00, 13.28it/s, loss=0.105, v_num=]
Epoch 327:   0%|          | 0/32 [00:00<?, ?it/s, loss=0.105, v_num=]         
Epoch 328:   0%|          | 0/32 [00:00<?, ?it/s, loss=0.105, v_num=]/usr/local/lib/python3.13/dist-packages/torch/utils/data/dataloader.py:432: UserWarning: This DataLoader will create 6 worker processes in total. Our suggested max number of worker in current system is 2, which is smaller than what this DataLoader is going to create. Please be aware that excessive worker creation might get DataLoader running slow or even freeze, lower the worker number to avoid potential slowness/freeze if necessary.
  self.check_worker_number_rationality()

Epoch 328:  62%|██████▎   | 20/32 [00:01<00:00, 14.59it/s, loss=0.105, v_num=]
Epoch 328:  62%|██████▎   | 20/32 [00:01<00:00, 14.58it/s, loss=0.11, v_num=] 
Epoch 328: 100%|██████████| 32/32 [00:02<00:00, 14.82it/s, loss=0.11, v_num=]
Epoch 328:   0%|          | 0/32 [00:00<?, ?it/s, loss=0.11, v_num=]         
Epoch 329:   0%|          | 0/32 [00:00<?, ?it/s, loss=0.11, v_num=]/usr/local/lib/python3.13/dist-packages/torch/utils/data/dataloader.py:432: UserWarning: This DataLoader will create 6 worker processes in total. Our suggested max number of worker in current system is 2, which is smaller than what this DataLoader is going to create. Please be aware that excessive worker creation might get DataLoader running slow or even freeze, lower the worker number to avoid potential slowness/freeze if necessary.
  self.check_worker_number_rationality()

Epoch 329:  62%|██████▎   | 20/32 [00:01<00:00, 14.63it/s, loss=0.11, v_num=]
Epoch 329:  62%|██████▎   | 20/32 [00:01<00:00, 14.62it/s, loss=0.103, v_num=]
Epoch 329: 100%|██████████| 32/32 [00:02<00:00, 14.81it/s, loss=0.103, v_num=]
Epoch 329:   0%|          | 0/32 [00:00<?, ?it/s, loss=0.103, v_num=]         
Epoch 330:   0%|          | 0/32 [00:00<?, ?it/s, loss=0.103, v_num=]/usr/local/lib/python3.13/dist-packages/torch/utils/data/dataloader.py:432: UserWarning: This DataLoader will create 6 worker processes in total. Our suggested max number of worker in current system is 2, which is smaller than what this DataLoader is going to create. Please be aware that excessive worker creation might get DataLoader running slow or even freeze, lower the worker number to avoid potential slowness/freeze if necessary.
  self.check_worker_number_rationality()

Epoch 330:  62%|██████▎   | 20/32 [00:01<00:00, 14.83it/s, loss=0.103, v_num=]
Epoch 330:  62%|██████▎   | 20/32 [00:01<00:00, 14.82it/s, loss=0.109, v_num=]
Epoch 330: 100%|██████████| 32/32 [00:02<00:00, 14.54it/s, loss=0.115, v_num=]Evaluating...
NMI : 0.8971014268722998, ARI: 0.7510786937627203, ACC: 0.73425, current K: 15
Epoch 330 | NMI: 0.8971, ARI: 0.7511, ACC: 0.7342, current K: 15
Confusion Matrix:
[[  0   0   0   0   0   0   0   0   0   1   1   1   0 197   0   0   0   0
    0   0]
 [  0   0 191   0   6   1   1   0   0   0   0   0   0   1   0   0   0   0
    0   0]
 [  0   1   0   0   0   0   0   1   0   0   0   0   0 196   2   0   0   0
    0   0]
 [  0   0   0   1 198   0   0   0   0   0   0   0   0   1   0   0   0   0
    0   0]
 [  0   0   0   0   1   0   0   0   0 199   0   0   0   0   0   0   0   0
    0   0]
 [  0   0   0   0   0   0 199   0   0   0   0   1   0   0   0   0   0   0
    0   0]
 [  0   0   0   0   0   0   0   0   0   1   0   0 197   1   1   0   0   0
    0   0]
 [  0   0   0   1   0   1   0 196   2   0   0   0   0   0   0   0   0   0
    0   0]
 [  0   0   0   0   0   0   0   0   0   0   0 200   0   0   0   0   0   0
    0   0]
 [  0 197   2   0   1   0   0   0   0   0   0   0   0   0   0   0   0   0
    0   0]
 [  0   0   0   0   0   0   0   0   0   0   0 200   0   0   0   0   0   0
    0   0]
 [  1 195   1   0   1   0   0   0   0   2   0   0   0   0   0   0   0   0
    0   0]
 [197   0   0   0   0   0   0   0   0   1   1   0   0   1   0   0   0   0
    0   0]
 [  1   0   0 194   4   0   0   0   0   0   0   0   1   0   0   0   0   0
    0   0]
 [  0   0   0   0   1   0   0   0   0   0   0   0   0   4 195   0   0   0
    0   0]
 [  0   0   0   0   0 194   3   0   1   0   0   0   0   2   0   0   0   0
    0   0]
 [  0   0   0   0   0   0   0   0   0   9 188   3   0   0   0   0   0   0
    0   0]
 [  0   2   1 195   0   0   0   0   0   0   1   0   0   1   0   0   0   0
    0   0]
 [  0   1   0   0   0   0   0   0   0   0   0   5   2   0 192   0   0   0
    0   0]
 [  0   3   0   0   0   2   0   0 194   0   0   1   0   0   0   0   0   0
    0   0]]

Epoch 330:   0%|          | 0/32 [00:00<?, ?it/s, loss=0.115, v_num=]         
Epoch 331:   0%|          | 0/32 [00:00<?, ?it/s, loss=0.115, v_num=]/usr/local/lib/python3.13/dist-packages/torch/utils/data/dataloader.py:432: UserWarning: This DataLoader will create 6 worker processes in total. Our suggested max number of worker in current system is 2, which is smaller than what this DataLoader is going to create. Please be aware that excessive worker creation might get DataLoader running slow or even freeze, lower the worker number to avoid potential slowness/freeze if necessary.
  self.check_worker_number_rationality()

Epoch 331:  62%|██████▎   | 20/32 [00:01<00:00, 14.58it/s, loss=0.115, v_num=]
Epoch 331:  62%|██████▎   | 20/32 [00:01<00:00, 14.57it/s, loss=0.106, v_num=]
Epoch 331: 100%|██████████| 32/32 [00:02<00:00, 13.46it/s, loss=0.0948, v_num=]
Epoch 331:   0%|          | 0/32 [00:00<?, ?it/s, loss=0.0948, v_num=]         
Epoch 332:   0%|          | 0/32 [00:00<?, ?it/s, loss=0.0948, v_num=]/usr/local/lib/python3.13/dist-packages/torch/utils/data/dataloader.py:432: UserWarning: This DataLoader will create 6 worker processes in total. Our suggested max number of worker in current system is 2, which is smaller than what this DataLoader is going to create. Please be aware that excessive worker creation might get DataLoader running slow or even freeze, lower the worker number to avoid potential slowness/freeze if necessary.
  self.check_worker_number_rationality()

Epoch 332:  62%|██████▎   | 20/32 [00:01<00:01, 10.65it/s, loss=0.0948, v_num=]
Epoch 332:  62%|██████▎   | 20/32 [00:01<00:01, 10.65it/s, loss=0.111, v_num=] 
Epoch 332: 100%|██████████| 32/32 [00:02<00:00, 11.71it/s, loss=0.109, v_num=]
Epoch 332:   0%|          | 0/32 [00:00<?, ?it/s, loss=0.109, v_num=]         
Epoch 333:   0%|          | 0/32 [00:00<?, ?it/s, loss=0.109, v_num=]/usr/local/lib/python3.13/dist-packages/torch/utils/data/dataloader.py:432: UserWarning: This DataLoader will create 6 worker processes in total. Our suggested max number of worker in current system is 2, which is smaller than what this DataLoader is going to create. Please be aware that excessive worker creation might get DataLoader running slow or even freeze, lower the worker number to avoid potential slowness/freeze if necessary.
  self.check_worker_number_rationality()

Epoch 333:  62%|██████▎   | 20/32 [00:01<00:00, 14.70it/s, loss=0.109, v_num=]
Epoch 333:  62%|██████▎   | 20/32 [00:01<00:00, 14.69it/s, loss=0.108, v_num=]
Epoch 333: 100%|██████████| 32/32 [00:02<00:00, 14.90it/s, loss=0.114, v_num=]
Epoch 333:   0%|          | 0/32 [00:00<?, ?it/s, loss=0.114, v_num=]         
Epoch 334:   0%|          | 0/32 [00:00<?, ?it/s, loss=0.114, v_num=]/usr/local/lib/python3.13/dist-packages/torch/utils/data/dataloader.py:432: UserWarning: This DataLoader will create 6 worker processes in total. Our suggested max number of worker in current system is 2, which is smaller than what this DataLoader is going to create. Please be aware that excessive worker creation might get DataLoader running slow or even freeze, lower the worker number to avoid potential slowness/freeze if necessary.
  self.check_worker_number_rationality()

Epoch 334:  62%|██████▎   | 20/32 [00:01<00:00, 14.58it/s, loss=0.114, v_num=]
Epoch 334:  62%|██████▎   | 20/32 [00:01<00:00, 14.57it/s, loss=0.105, v_num=]
Epoch 334: 100%|██████████| 32/32 [00:02<00:00, 14.81it/s, loss=0.11, v_num=] 
Epoch 334:   0%|          | 0/32 [00:00<?, ?it/s, loss=0.11, v_num=]         
Epoch 335:   0%|          | 0/32 [00:00<?, ?it/s, loss=0.11, v_num=]/usr/local/lib/python3.13/dist-packages/torch/utils/data/dataloader.py:432: UserWarning: This DataLoader will create 6 worker processes in total. Our suggested max number of worker in current system is 2, which is smaller than what this DataLoader is going to create. Please be aware that excessive worker creation might get DataLoader running slow or even freeze, lower the worker number to avoid potential slowness/freeze if necessary.
  self.check_worker_number_rationality()

Epoch 335:  62%|██████▎   | 20/32 [00:01<00:00, 14.58it/s, loss=0.11, v_num=]
Epoch 335:  62%|██████▎   | 20/32 [00:01<00:00, 14.57it/s, loss=0.103, v_num=]
Epoch 335: 100%|██████████| 32/32 [00:02<00:00, 14.97it/s, loss=0.0881, v_num=]Evaluating...
NMI : 0.8974085150161426, ARI: 0.751482951152005, ACC: 0.7345, current K: 15

Epoch 335:   0%|          | 0/32 [00:00<?, ?it/s, loss=0.0881, v_num=]         
Epoch 336:   0%|          | 0/32 [00:00<?, ?it/s, loss=0.0881, v_num=]/usr/local/lib/python3.13/dist-packages/torch/utils/data/dataloader.py:432: UserWarning: This DataLoader will create 6 worker processes in total. Our suggested max number of worker in current system is 2, which is smaller than what this DataLoader is going to create. Please be aware that excessive worker creation might get DataLoader running slow or even freeze, lower the worker number to avoid potential slowness/freeze if necessary.
  self.check_worker_number_rationality()

Epoch 336:  62%|██████▎   | 20/32 [00:01<00:00, 14.47it/s, loss=0.0881, v_num=]
Epoch 336:  62%|██████▎   | 20/32 [00:01<00:00, 14.47it/s, loss=0.103, v_num=] 
Epoch 336: 100%|██████████| 32/32 [00:02<00:00, 14.79it/s, loss=0.105, v_num=]
Epoch 336:   0%|          | 0/32 [00:00<?, ?it/s, loss=0.105, v_num=]         
Epoch 337:   0%|          | 0/32 [00:00<?, ?it/s, loss=0.105, v_num=]
Epoch 337:  62%|██████▎   | 20/32 [00:01<00:00, 12.08it/s, loss=0.105, v_num=]
Epoch 337:  62%|██████▎   | 20/32 [00:01<00:00, 12.07it/s, loss=0.0941, v_num=]
Epoch 337: 100%|██████████| 32/32 [00:02<00:00, 11.90it/s, loss=0.102, v_num=] 
Epoch 337:   0%|          | 0/32 [00:00<?, ?it/s, loss=0.102, v_num=]         
Epoch 338:   0%|          | 0/32 [00:00<?, ?it/s, loss=0.102, v_num=]
Epoch 338:  62%|██████▎   | 20/32 [00:01<00:00, 12.31it/s, loss=0.102, v_num=]
Epoch 338:  62%|██████▎   | 20/32 [00:01<00:00, 12.30it/s, loss=0.101, v_num=]
Epoch 338: 100%|██████████| 32/32 [00:02<00:00, 13.33it/s, loss=0.0911, v_num=]
Epoch 338:   0%|          | 0/32 [00:00<?, ?it/s, loss=0.0911, v_num=]         
Epoch 339:   0%|          | 0/32 [00:00<?, ?it/s, loss=0.0911, v_num=]
Epoch 339:  62%|██████▎   | 20/32 [00:01<00:00, 14.10it/s, loss=0.0911, v_num=]
Epoch 339:  62%|██████▎   | 20/32 [00:01<00:00, 14.09it/s, loss=0.1, v_num=]   
Epoch 339: 100%|██████████| 32/32 [00:02<00:00, 13.87it/s, loss=0.0923, v_num=]
Epoch 339:   0%|          | 0/32 [00:00<?, ?it/s, loss=0.0923, v_num=]         
Epoch 340:   0%|          | 0/32 [00:00<?, ?it/s, loss=0.0923, v_num=]
Epoch 340:  62%|██████▎   | 20/32 [00:01<00:00, 14.60it/s, loss=0.0923, v_num=]
Epoch 340:  62%|██████▎   | 20/32 [00:01<00:00, 14.60it/s, loss=0.0971, v_num=]
Epoch 340: 100%|██████████| 32/32 [00:02<00:00, 14.82it/s, loss=0.0975, v_num=]Evaluating...
NMI : 0.897341291873023, ARI: 0.7520437526926104, ACC: 0.73475, current K: 15
Epoch 340 | NMI: 0.8973, ARI: 0.7520, ACC: 0.7348, current K: 15
Confusion Matrix:
[[  0   0   0   0   0   0   0   0   0   1   1   1   0 197   0   0   0   0
    0   0]
 [  0   0 193   0   4   1   1   0   0   0   0   0   0   1   0   0   0   0
    0   0]
 [  0   1   0   0   0   0   0   1   0   0   0   0   0 196   2   0   0   0
    0   0]
 [  0   0   0   1 198   0   0   0   0   0   0   0   0   1   0   0   0   0
    0   0]
 [  0   0   0   0   1   0   0   0   0 199   0   0   0   0   0   0   0   0
    0   0]
 [  0   0   0   0   0   0 199   0   0   0   0   1   0   0   0   0   0   0
    0   0]
 [  0   0   0   0   0   0   0   0   0   1   0   0 197   1   1   0   0   0
    0   0]
 [  0   0   0   1   0   1   0 196   2   0   0   0   0   0   0   0   0   0
    0   0]
 [  0   0   0   0   0   0   0   0   0   0   0 200   0   0   0   0   0   0
    0   0]
 [  0 198   1   0   1   0   0   0   0   0   0   0   0   0   0   0   0   0
    0   0]
 [  0   0   0   0   0   0   0   0   0   0   0 200   0   0   0   0   0   0
    0   0]
 [  1 195   1   0   1   0   0   0   0   2   0   0   0   0   0   0   0   0
    0   0]
 [197   0   0   0   0   0   0   0   0   1   1   0   0   1   0   0   0   0
    0   0]
 [  1   0   1 194   3   0   0   0   0   0   0   0   1   0   0   0   0   0
    0   0]
 [  0   0   0   0   1   0   0   0   0   1   0   0   0   4 194   0   0   0
    0   0]
 [  0   0   0   0   0 194   3   0   1   1   0   0   0   1   0   0   0   0
    0   0]
 [  0   0   0   0   0   0   0   0   0   9 188   3   0   0   0   0   0   0
    0   0]
 [  0   2   1 195   0   0   0   0   0   0   1   0   0   1   0   0   0   0
    0   0]
 [  0   1   0   0   0   0   0   0   0   0   0   5   2   0 192   0   0   0
    0   0]
 [  0   3   0   0   0   2   0   0 194   0   0   1   0   0   0   0   0   0
    0   0]]

Epoch 340:   0%|          | 0/32 [00:00<?, ?it/s, loss=0.0975, v_num=]         
Epoch 341:   0%|          | 0/32 [00:00<?, ?it/s, loss=0.0975, v_num=]/usr/local/lib/python3.13/dist-packages/torch/utils/data/dataloader.py:432: UserWarning: This DataLoader will create 6 worker processes in total. Our suggested max number of worker in current system is 2, which is smaller than what this DataLoader is going to create. Please be aware that excessive worker creation might get DataLoader running slow or even freeze, lower the worker number to avoid potential slowness/freeze if necessary.
  self.check_worker_number_rationality()

Epoch 341:  62%|██████▎   | 20/32 [00:01<00:00, 14.73it/s, loss=0.0975, v_num=]
Epoch 341:  62%|██████▎   | 20/32 [00:01<00:00, 14.72it/s, loss=0.0908, v_num=]
Epoch 341: 100%|██████████| 32/32 [00:02<00:00, 15.01it/s, loss=0.0976, v_num=]
Epoch 341:   0%|          | 0/32 [00:00<?, ?it/s, loss=0.0976, v_num=]         
Epoch 342:   0%|          | 0/32 [00:00<?, ?it/s, loss=0.0976, v_num=]/usr/local/lib/python3.13/dist-packages/torch/utils/data/dataloader.py:432: UserWarning: This DataLoader will create 6 worker processes in total. Our suggested max number of worker in current system is 2, which is smaller than what this DataLoader is going to create. Please be aware that excessive worker creation might get DataLoader running slow or even freeze, lower the worker number to avoid potential slowness/freeze if necessary.
  self.check_worker_number_rationality()

Epoch 342:  62%|██████▎   | 20/32 [00:01<00:00, 15.04it/s, loss=0.0976, v_num=]
Epoch 342:  62%|██████▎   | 20/32 [00:01<00:00, 15.04it/s, loss=0.1, v_num=]   
Epoch 342: 100%|██████████| 32/32 [00:02<00:00, 13.69it/s, loss=0.0951, v_num=]
Epoch 342:   0%|          | 0/32 [00:00<?, ?it/s, loss=0.0951, v_num=]         
Epoch 343:   0%|          | 0/32 [00:00<?, ?it/s, loss=0.0951, v_num=]/usr/local/lib/python3.13/dist-packages/torch/utils/data/dataloader.py:432: UserWarning: This DataLoader will create 6 worker processes in total. Our suggested max number of worker in current system is 2, which is smaller than what this DataLoader is going to create. Please be aware that excessive worker creation might get DataLoader running slow or even freeze, lower the worker number to avoid potential slowness/freeze if necessary.
  self.check_worker_number_rationality()

Epoch 343:  62%|██████▎   | 20/32 [00:01<00:01, 10.58it/s, loss=0.0951, v_num=]
Epoch 343:  62%|██████▎   | 20/32 [00:01<00:01, 10.57it/s, loss=0.099, v_num=] 
Epoch 343: 100%|██████████| 32/32 [00:02<00:00, 11.17it/s, loss=0.115, v_num=]
Epoch 343:   0%|          | 0/32 [00:00<?, ?it/s, loss=0.115, v_num=]         
Epoch 344:   0%|          | 0/32 [00:00<?, ?it/s, loss=0.115, v_num=]/usr/local/lib/python3.13/dist-packages/torch/utils/data/dataloader.py:432: UserWarning: This DataLoader will create 6 worker processes in total. Our suggested max number of worker in current system is 2, which is smaller than what this DataLoader is going to create. Please be aware that excessive worker creation might get DataLoader running slow or even freeze, lower the worker number to avoid potential slowness/freeze if necessary.
  self.check_worker_number_rationality()

Epoch 344:  62%|██████▎   | 20/32 [00:01<00:00, 14.38it/s, loss=0.115, v_num=]
Epoch 344:  62%|██████▎   | 20/32 [00:01<00:00, 14.37it/s, loss=0.0902, v_num=]
Epoch 344: 100%|██████████| 32/32 [00:02<00:00, 14.61it/s, loss=0.099, v_num=] 
Epoch 344:   0%|          | 0/32 [00:00<?, ?it/s, loss=0.099, v_num=]         
Epoch 345:   0%|          | 0/32 [00:00<?, ?it/s, loss=0.099, v_num=]/usr/local/lib/python3.13/dist-packages/torch/utils/data/dataloader.py:432: UserWarning: This DataLoader will create 6 worker processes in total. Our suggested max number of worker in current system is 2, which is smaller than what this DataLoader is going to create. Please be aware that excessive worker creation might get DataLoader running slow or even freeze, lower the worker number to avoid potential slowness/freeze if necessary.
  self.check_worker_number_rationality()

Epoch 345:  62%|██████▎   | 20/32 [00:01<00:00, 14.69it/s, loss=0.099, v_num=]
Epoch 345:  62%|██████▎   | 20/32 [00:01<00:00, 14.68it/s, loss=0.0968, v_num=]
Epoch 345: 100%|██████████| 32/32 [00:02<00:00, 14.87it/s, loss=0.105, v_num=] Evaluating...
NMI : 0.8970384840926131, ARI: 0.751374257018247, ACC: 0.73425, current K: 15

Epoch 345:   0%|          | 0/32 [00:00<?, ?it/s, loss=0.105, v_num=]         
Epoch 346:   0%|          | 0/32 [00:00<?, ?it/s, loss=0.105, v_num=]/usr/local/lib/python3.13/dist-packages/torch/utils/data/dataloader.py:432: UserWarning: This DataLoader will create 6 worker processes in total. Our suggested max number of worker in current system is 2, which is smaller than what this DataLoader is going to create. Please be aware that excessive worker creation might get DataLoader running slow or even freeze, lower the worker number to avoid potential slowness/freeze if necessary.
  self.check_worker_number_rationality()

Epoch 346:  62%|██████▎   | 20/32 [00:01<00:00, 14.54it/s, loss=0.105, v_num=]
Epoch 346:  62%|██████▎   | 20/32 [00:01<00:00, 14.54it/s, loss=0.0939, v_num=]
Epoch 346: 100%|██████████| 32/32 [00:02<00:00, 14.83it/s, loss=0.0867, v_num=]
Epoch 346:   0%|          | 0/32 [00:00<?, ?it/s, loss=0.0867, v_num=]         
Epoch 347:   0%|          | 0/32 [00:00<?, ?it/s, loss=0.0867, v_num=]/usr/local/lib/python3.13/dist-packages/torch/utils/data/dataloader.py:432: UserWarning: This DataLoader will create 6 worker processes in total. Our suggested max number of worker in current system is 2, which is smaller than what this DataLoader is going to create. Please be aware that excessive worker creation might get DataLoader running slow or even freeze, lower the worker number to avoid potential slowness/freeze if necessary.
  self.check_worker_number_rationality()

Epoch 347:  62%|██████▎   | 20/32 [00:01<00:00, 14.50it/s, loss=0.0867, v_num=]
Epoch 347:  62%|██████▎   | 20/32 [00:01<00:00, 14.49it/s, loss=0.102, v_num=] 
Epoch 347: 100%|██████████| 32/32 [00:02<00:00, 15.03it/s, loss=0.0933, v_num=]
Epoch 347:   0%|          | 0/32 [00:00<?, ?it/s, loss=0.0933, v_num=]         
Epoch 348:   0%|          | 0/32 [00:00<?, ?it/s, loss=0.0933, v_num=]/usr/local/lib/python3.13/dist-packages/torch/utils/data/dataloader.py:432: UserWarning: This DataLoader will create 6 worker processes in total. Our suggested max number of worker in current system is 2, which is smaller than what this DataLoader is going to create. Please be aware that excessive worker creation might get DataLoader running slow or even freeze, lower the worker number to avoid potential slowness/freeze if necessary.
  self.check_worker_number_rationality()

Epoch 348:  62%|██████▎   | 20/32 [00:01<00:00, 12.19it/s, loss=0.0933, v_num=]
Epoch 348:  62%|██████▎   | 20/32 [00:01<00:00, 12.18it/s, loss=0.0907, v_num=]
Epoch 348: 100%|██████████| 32/32 [00:02<00:00, 12.07it/s, loss=0.0949, v_num=]
Epoch 348:   0%|          | 0/32 [00:00<?, ?it/s, loss=0.0949, v_num=]         
Epoch 349:   0%|          | 0/32 [00:00<?, ?it/s, loss=0.0949, v_num=]/usr/local/lib/python3.13/dist-packages/torch/utils/data/dataloader.py:432: UserWarning: This DataLoader will create 6 worker processes in total. Our suggested max number of worker in current system is 2, which is smaller than what this DataLoader is going to create. Please be aware that excessive worker creation might get DataLoader running slow or even freeze, lower the worker number to avoid potential slowness/freeze if necessary.
  self.check_worker_number_rationality()

Epoch 349:  62%|██████▎   | 20/32 [00:01<00:01, 11.93it/s, loss=0.0949, v_num=]
Epoch 349:  62%|██████▎   | 20/32 [00:01<00:01, 11.92it/s, loss=0.109, v_num=] 
Epoch 349: 100%|██████████| 32/32 [00:02<00:00, 12.94it/s, loss=0.103, v_num=]
Epoch 349:   0%|          | 0/32 [00:00<?, ?it/s, loss=0.103, v_num=]         
Epoch 350:   0%|          | 0/32 [00:00<?, ?it/s, loss=0.103, v_num=]/usr/local/lib/python3.13/dist-packages/torch/utils/data/dataloader.py:432: UserWarning: This DataLoader will create 6 worker processes in total. Our suggested max number of worker in current system is 2, which is smaller than what this DataLoader is going to create. Please be aware that excessive worker creation might get DataLoader running slow or even freeze, lower the worker number to avoid potential slowness/freeze if necessary.
  self.check_worker_number_rationality()

Epoch 350:  62%|██████▎   | 20/32 [00:01<00:00, 14.48it/s, loss=0.103, v_num=]
Epoch 350:  62%|██████▎   | 20/32 [00:01<00:00, 14.47it/s, loss=0.118, v_num=]
Epoch 350: 100%|██████████| 32/32 [00:02<00:00, 14.94it/s, loss=0.0923, v_num=]Evaluating...
NMI : 0.8974193202386946, ARI: 0.7521034773510791, ACC: 0.73475, current K: 15
Epoch 350 | NMI: 0.8974, ARI: 0.7521, ACC: 0.7348, current K: 15
Confusion Matrix:
[[  0   0   0   0   1   0   0   0   0   1   1   1   0 196   0   0   0   0
    0   0]
 [  0   0 193   0   5   1   1   0   0   0   0   0   0   0   0   0   0   0
    0   0]
 [  0   1   0   0   0   0   0   1   0   0   0   0   0 196   2   0   0   0
    0   0]
 [  0   0   0   1 198   0   0   0   0   0   0   0   0   1   0   0   0   0
    0   0]
 [  0   0   0   0   1   0   0   0   0 199   0   0   0   0   0   0   0   0
    0   0]
 [  0   0   0   0   0   0 199   0   0   0   0   1   0   0   0   0   0   0
    0   0]
 [  0   0   0   0   0   0   0   0   0   1   0   0 197   1   1   0   0   0
    0   0]
 [  0   0   0   1   0   1   0 196   2   0   0   0   0   0   0   0   0   0
    0   0]
 [  0   0   0   0   0   0   0   0   0   0   0 200   0   0   0   0   0   0
    0   0]
 [  0 198   1   0   1   0   0   0   0   0   0   0   0   0   0   0   0   0
    0   0]
 [  0   0   0   0   0   0   0   0   0   0   0 200   0   0   0   0   0   0
    0   0]
 [  1 194   1   0   1   0   0   0   0   3   0   0   0   0   0   0   0   0
    0   0]
 [197   0   0   0   0   0   0   0   0   1   1   0   0   1   0   0   0   0
    0   0]
 [  0   0   0 195   4   0   1   0   0   0   0   0   0   0   0   0   0   0
    0   0]
 [  0   0   0   0   1   0   0   0   0   1   0   0   0   4 194   0   0   0
    0   0]
 [  0   0   0   0   0 195   2   0   1   1   0   0   0   1   0   0   0   0
    0   0]
 [  0   0   0   0   0   0   0   0   0   9 188   3   0   0   0   0   0   0
    0   0]
 [  0   2   2 194   0   0   0   0   0   0   1   0   0   1   0   0   0   0
    0   0]
 [  0   1   0   0   0   0   0   0   0   0   0   5   2   0 192   0   0   0
    0   0]
 [  0   3   0   0   0   2   0   0 194   0   0   1   0   0   0   0   0   0
    0   0]]

Epoch 350:   0%|          | 0/32 [00:00<?, ?it/s, loss=0.0923, v_num=]         
Epoch 351:   0%|          | 0/32 [00:00<?, ?it/s, loss=0.0923, v_num=]/usr/local/lib/python3.13/dist-packages/torch/utils/data/dataloader.py:432: UserWarning: This DataLoader will create 6 worker processes in total. Our suggested max number of worker in current system is 2, which is smaller than what this DataLoader is going to create. Please be aware that excessive worker creation might get DataLoader running slow or even freeze, lower the worker number to avoid potential slowness/freeze if necessary.
  self.check_worker_number_rationality()

Epoch 351:  62%|██████▎   | 20/32 [00:01<00:00, 14.66it/s, loss=0.0923, v_num=]
Epoch 351:  62%|██████▎   | 20/32 [00:01<00:00, 14.66it/s, loss=0.0892, v_num=]
Epoch 351: 100%|██████████| 32/32 [00:02<00:00, 14.89it/s, loss=0.0988, v_num=]
Epoch 351:   0%|          | 0/32 [00:00<?, ?it/s, loss=0.0988, v_num=]         
Epoch 352:   0%|          | 0/32 [00:00<?, ?it/s, loss=0.0988, v_num=]/usr/local/lib/python3.13/dist-packages/torch/utils/data/dataloader.py:432: UserWarning: This DataLoader will create 6 worker processes in total. Our suggested max number of worker in current system is 2, which is smaller than what this DataLoader is going to create. Please be aware that excessive worker creation might get DataLoader running slow or even freeze, lower the worker number to avoid potential slowness/freeze if necessary.
  self.check_worker_number_rationality()

Epoch 352:  62%|██████▎   | 20/32 [00:01<00:00, 14.22it/s, loss=0.0988, v_num=]
Epoch 352:  62%|██████▎   | 20/32 [00:01<00:00, 14.21it/s, loss=0.0892, v_num=]
Epoch 352: 100%|██████████| 32/32 [00:02<00:00, 14.51it/s, loss=0.0892, v_num=]
Epoch 352:   0%|          | 0/32 [00:00<?, ?it/s, loss=0.0892, v_num=]         
Epoch 353:   0%|          | 0/32 [00:00<?, ?it/s, loss=0.0892, v_num=]/usr/local/lib/python3.13/dist-packages/torch/utils/data/dataloader.py:432: UserWarning: This DataLoader will create 6 worker processes in total. Our suggested max number of worker in current system is 2, which is smaller than what this DataLoader is going to create. Please be aware that excessive worker creation might get DataLoader running slow or even freeze, lower the worker number to avoid potential slowness/freeze if necessary.
  self.check_worker_number_rationality()

Epoch 353:  62%|██████▎   | 20/32 [00:01<00:00, 14.14it/s, loss=0.0892, v_num=]
Epoch 353:  62%|██████▎   | 20/32 [00:01<00:00, 14.13it/s, loss=0.105, v_num=] 
Epoch 353: 100%|██████████| 32/32 [00:02<00:00, 13.04it/s, loss=0.0972, v_num=]
Epoch 353:   0%|          | 0/32 [00:00<?, ?it/s, loss=0.0972, v_num=]         
Epoch 354:   0%|          | 0/32 [00:00<?, ?it/s, loss=0.0972, v_num=]/usr/local/lib/python3.13/dist-packages/torch/utils/data/dataloader.py:432: UserWarning: This DataLoader will create 6 worker processes in total. Our suggested max number of worker in current system is 2, which is smaller than what this DataLoader is going to create. Please be aware that excessive worker creation might get DataLoader running slow or even freeze, lower the worker number to avoid potential slowness/freeze if necessary.
  self.check_worker_number_rationality()

Epoch 354:  62%|██████▎   | 20/32 [00:01<00:01, 10.28it/s, loss=0.0972, v_num=]
Epoch 354:  62%|██████▎   | 20/32 [00:01<00:01, 10.27it/s, loss=0.0981, v_num=]
Epoch 354: 100%|██████████| 32/32 [00:02<00:00, 11.64it/s, loss=0.107, v_num=] 
Epoch 354:   0%|          | 0/32 [00:00<?, ?it/s, loss=0.107, v_num=]         
Epoch 355:   0%|          | 0/32 [00:00<?, ?it/s, loss=0.107, v_num=]/usr/local/lib/python3.13/dist-packages/torch/utils/data/dataloader.py:432: UserWarning: This DataLoader will create 6 worker processes in total. Our suggested max number of worker in current system is 2, which is smaller than what this DataLoader is going to create. Please be aware that excessive worker creation might get DataLoader running slow or even freeze, lower the worker number to avoid potential slowness/freeze if necessary.
  self.check_worker_number_rationality()

Epoch 355:  62%|██████▎   | 20/32 [00:01<00:00, 14.42it/s, loss=0.107, v_num=]
Epoch 355:  62%|██████▎   | 20/32 [00:01<00:00, 14.41it/s, loss=0.0957, v_num=]
Epoch 355: 100%|██████████| 32/32 [00:02<00:00, 14.55it/s, loss=0.098, v_num=] Evaluating...
NMI : 0.8978897796862838, ARI: 0.7523641801094191, ACC: 0.73475, current K: 15

Epoch 355:   0%|          | 0/32 [00:00<?, ?it/s, loss=0.098, v_num=]         
Epoch 356:   0%|          | 0/32 [00:00<?, ?it/s, loss=0.098, v_num=]/usr/local/lib/python3.13/dist-packages/torch/utils/data/dataloader.py:432: UserWarning: This DataLoader will create 6 worker processes in total. Our suggested max number of worker in current system is 2, which is smaller than what this DataLoader is going to create. Please be aware that excessive worker creation might get DataLoader running slow or even freeze, lower the worker number to avoid potential slowness/freeze if necessary.
  self.check_worker_number_rationality()

Epoch 356:  62%|██████▎   | 20/32 [00:01<00:00, 14.41it/s, loss=0.098, v_num=]
Epoch 356:  62%|██████▎   | 20/32 [00:01<00:00, 14.40it/s, loss=0.104, v_num=]
Epoch 356: 100%|██████████| 32/32 [00:02<00:00, 14.66it/s, loss=0.094, v_num=]
Epoch 356:   0%|          | 0/32 [00:00<?, ?it/s, loss=0.094, v_num=]         
Epoch 357:   0%|          | 0/32 [00:00<?, ?it/s, loss=0.094, v_num=]/usr/local/lib/python3.13/dist-packages/torch/utils/data/dataloader.py:432: UserWarning: This DataLoader will create 6 worker processes in total. Our suggested max number of worker in current system is 2, which is smaller than what this DataLoader is going to create. Please be aware that excessive worker creation might get DataLoader running slow or even freeze, lower the worker number to avoid potential slowness/freeze if necessary.
  self.check_worker_number_rationality()

Epoch 357:  62%|██████▎   | 20/32 [00:01<00:00, 13.03it/s, loss=0.094, v_num=]
Epoch 357:  62%|██████▎   | 20/32 [00:01<00:00, 13.02it/s, loss=0.083, v_num=]
Epoch 357: 100%|██████████| 32/32 [00:02<00:00, 13.74it/s, loss=0.083, v_num=]
Epoch 357:   0%|          | 0/32 [00:00<?, ?it/s, loss=0.083, v_num=]         
Epoch 358:   0%|          | 0/32 [00:00<?, ?it/s, loss=0.083, v_num=]/usr/local/lib/python3.13/dist-packages/torch/utils/data/dataloader.py:432: UserWarning: This DataLoader will create 6 worker processes in total. Our suggested max number of worker in current system is 2, which is smaller than what this DataLoader is going to create. Please be aware that excessive worker creation might get DataLoader running slow or even freeze, lower the worker number to avoid potential slowness/freeze if necessary.
  self.check_worker_number_rationality()

Epoch 358:  62%|██████▎   | 20/32 [00:01<00:00, 14.15it/s, loss=0.083, v_num=]
Epoch 358:  62%|██████▎   | 20/32 [00:01<00:00, 14.14it/s, loss=0.105, v_num=]
Epoch 358: 100%|██████████| 32/32 [00:02<00:00, 14.48it/s, loss=0.105, v_num=]
Epoch 358:   0%|          | 0/32 [00:00<?, ?it/s, loss=0.105, v_num=]         
Epoch 359:   0%|          | 0/32 [00:00<?, ?it/s, loss=0.105, v_num=]/usr/local/lib/python3.13/dist-packages/torch/utils/data/dataloader.py:432: UserWarning: This DataLoader will create 6 worker processes in total. Our suggested max number of worker in current system is 2, which is smaller than what this DataLoader is going to create. Please be aware that excessive worker creation might get DataLoader running slow or even freeze, lower the worker number to avoid potential slowness/freeze if necessary.
  self.check_worker_number_rationality()

Epoch 359:  62%|██████▎   | 20/32 [00:01<00:01, 11.03it/s, loss=0.105, v_num=]
Epoch 359:  62%|██████▎   | 20/32 [00:01<00:01, 11.03it/s, loss=0.0927, v_num=]
Epoch 359: 100%|██████████| 32/32 [00:02<00:00, 11.09it/s, loss=0.0884, v_num=]
Epoch 359:   0%|          | 0/32 [00:00<?, ?it/s, loss=0.0884, v_num=]         
Epoch 360:   0%|          | 0/32 [00:00<?, ?it/s, loss=0.0884, v_num=]/usr/local/lib/python3.13/dist-packages/torch/utils/data/dataloader.py:432: UserWarning: This DataLoader will create 6 worker processes in total. Our suggested max number of worker in current system is 2, which is smaller than what this DataLoader is going to create. Please be aware that excessive worker creation might get DataLoader running slow or even freeze, lower the worker number to avoid potential slowness/freeze if necessary.
  self.check_worker_number_rationality()

Epoch 360:  62%|██████▎   | 20/32 [00:01<00:00, 14.02it/s, loss=0.0884, v_num=]
Epoch 360:  62%|██████▎   | 20/32 [00:01<00:00, 14.02it/s, loss=0.0897, v_num=]
Epoch 360: 100%|██████████| 32/32 [00:02<00:00, 14.36it/s, loss=0.0906, v_num=]Evaluating...
NMI : 0.8978711443355537, ARI: 0.7523536127291167, ACC: 0.73475, current K: 15
Epoch 360 | NMI: 0.8979, ARI: 0.7524, ACC: 0.7348, current K: 15
Confusion Matrix:
[[  0   0   0   0   1   0   0   0   0   1   1   1   0 196   0   0   0   0
    0   0]
 [  0   0 193   0   5   1   1   0   0   0   0   0   0   0   0   0   0   0
    0   0]
 [  0   1   0   0   0   0   0   1   0   0   0   0   0 196   2   0   0   0
    0   0]
 [  0   0   0   1 198   0   0   0   0   0   0   0   0   1   0   0   0   0
    0   0]
 [  0   0   0   0   1   0   0   0   0 199   0   0   0   0   0   0   0   0
    0   0]
 [  0   0   0   0   0   0 199   0   0   0   0   1   0   0   0   0   0   0
    0   0]
 [  0   0   0   0   0   0   0   0   0   1   0   0 197   1   1   0   0   0
    0   0]
 [  0   0   0   1   0   1   0 197   1   0   0   0   0   0   0   0   0   0
    0   0]
 [  0   0   0   0   0   0   0   0   0   0   0 200   0   0   0   0   0   0
    0   0]
 [  0 198   1   0   1   0   0   0   0   0   0   0   0   0   0   0   0   0
    0   0]
 [  0   0   0   0   0   0   0   0   0   0   0 200   0   0   0   0   0   0
    0   0]
 [  1 195   1   0   1   0   0   0   0   2   0   0   0   0   0   0   0   0
    0   0]
 [197   0   0   0   0   0   0   0   0   1   1   0   0   1   0   0   0   0
    0   0]
 [  0   0   0 194   5   0   0   0   0   0   0   0   0   1   0   0   0   0
    0   0]
 [  0   0   0   0   1   0   0   0   0   1   0   0   0   4 194   0   0   0
    0   0]
 [  0   0   0   0   0 195   2   0   1   1   0   0   0   1   0   0   0   0
    0   0]
 [  0   0   0   0   0   0   0   0   0   9 188   3   0   0   0   0   0   0
    0   0]
 [  0   2   2 194   0   0   0   0   0   0   1   0   0   1   0   0   0   0
    0   0]
 [  0   1   0   0   0   0   0   0   0   0   0   5   2   0 192   0   0   0
    0   0]
 [  0   3   0   0   0   2   0   0 194   0   0   1   0   0   0   0   0   0
    0   0]]

Epoch 360:   0%|          | 0/32 [00:00<?, ?it/s, loss=0.0906, v_num=]         
Epoch 361:   0%|          | 0/32 [00:00<?, ?it/s, loss=0.0906, v_num=]/usr/local/lib/python3.13/dist-packages/torch/utils/data/dataloader.py:432: UserWarning: This DataLoader will create 6 worker processes in total. Our suggested max number of worker in current system is 2, which is smaller than what this DataLoader is going to create. Please be aware that excessive worker creation might get DataLoader running slow or even freeze, lower the worker number to avoid potential slowness/freeze if necessary.
  self.check_worker_number_rationality()

Epoch 361:  62%|██████▎   | 20/32 [00:01<00:00, 14.20it/s, loss=0.0906, v_num=]
Epoch 361:  62%|██████▎   | 20/32 [00:01<00:00, 14.19it/s, loss=0.0925, v_num=]
Epoch 361: 100%|██████████| 32/32 [00:02<00:00, 14.49it/s, loss=0.0951, v_num=]
Epoch 361:   0%|          | 0/32 [00:00<?, ?it/s, loss=0.0951, v_num=]         
Epoch 362:   0%|          | 0/32 [00:00<?, ?it/s, loss=0.0951, v_num=]/usr/local/lib/python3.13/dist-packages/torch/utils/data/dataloader.py:432: UserWarning: This DataLoader will create 6 worker processes in total. Our suggested max number of worker in current system is 2, which is smaller than what this DataLoader is going to create. Please be aware that excessive worker creation might get DataLoader running slow or even freeze, lower the worker number to avoid potential slowness/freeze if necessary.
  self.check_worker_number_rationality()

Epoch 362:  62%|██████▎   | 20/32 [00:01<00:00, 14.30it/s, loss=0.0951, v_num=]
Epoch 362:  62%|██████▎   | 20/32 [00:01<00:00, 14.29it/s, loss=0.0983, v_num=]
Epoch 362: 100%|██████████| 32/32 [00:02<00:00, 14.58it/s, loss=0.0971, v_num=]
Epoch 362:   0%|          | 0/32 [00:00<?, ?it/s, loss=0.0971, v_num=]         
Epoch 363:   0%|          | 0/32 [00:00<?, ?it/s, loss=0.0971, v_num=]/usr/local/lib/python3.13/dist-packages/torch/utils/data/dataloader.py:432: UserWarning: This DataLoader will create 6 worker processes in total. Our suggested max number of worker in current system is 2, which is smaller than what this DataLoader is going to create. Please be aware that excessive worker creation might get DataLoader running slow or even freeze, lower the worker number to avoid potential slowness/freeze if necessary.
  self.check_worker_number_rationality()

Epoch 363:  62%|██████▎   | 20/32 [00:01<00:00, 14.43it/s, loss=0.0971, v_num=]
Epoch 363:  62%|██████▎   | 20/32 [00:01<00:00, 14.43it/s, loss=0.0883, v_num=]
Epoch 363: 100%|██████████| 32/32 [00:02<00:00, 14.60it/s, loss=0.0836, v_num=]
Epoch 363:   0%|          | 0/32 [00:00<?, ?it/s, loss=0.0836, v_num=]         
Epoch 364:   0%|          | 0/32 [00:00<?, ?it/s, loss=0.0836, v_num=]/usr/local/lib/python3.13/dist-packages/torch/utils/data/dataloader.py:432: UserWarning: This DataLoader will create 6 worker processes in total. Our suggested max number of worker in current system is 2, which is smaller than what this DataLoader is going to create. Please be aware that excessive worker creation might get DataLoader running slow or even freeze, lower the worker number to avoid potential slowness/freeze if necessary.
  self.check_worker_number_rationality()

Epoch 364:  62%|██████▎   | 20/32 [00:01<00:00, 12.86it/s, loss=0.0836, v_num=]
Epoch 364:  62%|██████▎   | 20/32 [00:01<00:00, 12.86it/s, loss=0.0905, v_num=]
Epoch 364: 100%|██████████| 32/32 [00:02<00:00, 12.51it/s, loss=0.0976, v_num=]
Epoch 364:   0%|          | 0/32 [00:00<?, ?it/s, loss=0.0976, v_num=]         
Epoch 365:   0%|          | 0/32 [00:00<?, ?it/s, loss=0.0976, v_num=]/usr/local/lib/python3.13/dist-packages/torch/utils/data/dataloader.py:432: UserWarning: This DataLoader will create 6 worker processes in total. Our suggested max number of worker in current system is 2, which is smaller than what this DataLoader is going to create. Please be aware that excessive worker creation might get DataLoader running slow or even freeze, lower the worker number to avoid potential slowness/freeze if necessary.
  self.check_worker_number_rationality()

Epoch 365:  62%|██████▎   | 20/32 [00:01<00:01, 11.79it/s, loss=0.0976, v_num=]
Epoch 365:  62%|██████▎   | 20/32 [00:01<00:01, 11.78it/s, loss=0.0853, v_num=]
Epoch 365: 100%|██████████| 32/32 [00:02<00:00, 12.84it/s, loss=0.0848, v_num=]Evaluating...
NMI : 0.8978711443355537, ARI: 0.7523536127291167, ACC: 0.73475, current K: 15

Epoch 365:   0%|          | 0/32 [00:00<?, ?it/s, loss=0.0848, v_num=]         
Epoch 366:   0%|          | 0/32 [00:00<?, ?it/s, loss=0.0848, v_num=]/usr/local/lib/python3.13/dist-packages/torch/utils/data/dataloader.py:432: UserWarning: This DataLoader will create 6 worker processes in total. Our suggested max number of worker in current system is 2, which is smaller than what this DataLoader is going to create. Please be aware that excessive worker creation might get DataLoader running slow or even freeze, lower the worker number to avoid potential slowness/freeze if necessary.
  self.check_worker_number_rationality()

Epoch 366:  62%|██████▎   | 20/32 [00:01<00:00, 14.42it/s, loss=0.0848, v_num=]
Epoch 366:  62%|██████▎   | 20/32 [00:01<00:00, 14.41it/s, loss=0.0972, v_num=]
Epoch 366: 100%|██████████| 32/32 [00:02<00:00, 14.65it/s, loss=0.109, v_num=] 
Epoch 366:   0%|          | 0/32 [00:00<?, ?it/s, loss=0.109, v_num=]         
Epoch 367:   0%|          | 0/32 [00:00<?, ?it/s, loss=0.109, v_num=]/usr/local/lib/python3.13/dist-packages/torch/utils/data/dataloader.py:432: UserWarning: This DataLoader will create 6 worker processes in total. Our suggested max number of worker in current system is 2, which is smaller than what this DataLoader is going to create. Please be aware that excessive worker creation might get DataLoader running slow or even freeze, lower the worker number to avoid potential slowness/freeze if necessary.
  self.check_worker_number_rationality()

Epoch 367:  62%|██████▎   | 20/32 [00:01<00:00, 14.25it/s, loss=0.109, v_num=]
Epoch 367:  62%|██████▎   | 20/32 [00:01<00:00, 14.25it/s, loss=0.1, v_num=]  
Epoch 367: 100%|██████████| 32/32 [00:02<00:00, 14.70it/s, loss=0.102, v_num=]
Epoch 367:   0%|          | 0/32 [00:00<?, ?it/s, loss=0.102, v_num=]         
Epoch 368:   0%|          | 0/32 [00:00<?, ?it/s, loss=0.102, v_num=]/usr/local/lib/python3.13/dist-packages/torch/utils/data/dataloader.py:432: UserWarning: This DataLoader will create 6 worker processes in total. Our suggested max number of worker in current system is 2, which is smaller than what this DataLoader is going to create. Please be aware that excessive worker creation might get DataLoader running slow or even freeze, lower the worker number to avoid potential slowness/freeze if necessary.
  self.check_worker_number_rationality()

Epoch 368:  62%|██████▎   | 20/32 [00:01<00:00, 14.44it/s, loss=0.102, v_num=]
Epoch 368:  62%|██████▎   | 20/32 [00:01<00:00, 14.43it/s, loss=0.0882, v_num=]
Epoch 368: 100%|██████████| 32/32 [00:02<00:00, 14.79it/s, loss=0.0965, v_num=]
Epoch 368:   0%|          | 0/32 [00:00<?, ?it/s, loss=0.0965, v_num=]         
Epoch 369:   0%|          | 0/32 [00:00<?, ?it/s, loss=0.0965, v_num=]/usr/local/lib/python3.13/dist-packages/torch/utils/data/dataloader.py:432: UserWarning: This DataLoader will create 6 worker processes in total. Our suggested max number of worker in current system is 2, which is smaller than what this DataLoader is going to create. Please be aware that excessive worker creation might get DataLoader running slow or even freeze, lower the worker number to avoid potential slowness/freeze if necessary.
  self.check_worker_number_rationality()

Epoch 369:  62%|██████▎   | 20/32 [00:01<00:00, 14.76it/s, loss=0.0965, v_num=]
Epoch 369:  62%|██████▎   | 20/32 [00:01<00:00, 14.76it/s, loss=0.0887, v_num=]
Epoch 369: 100%|██████████| 32/32 [00:02<00:00, 13.98it/s, loss=0.0852, v_num=]
Epoch 369:   0%|          | 0/32 [00:00<?, ?it/s, loss=0.0852, v_num=]         
Epoch 370:   0%|          | 0/32 [00:00<?, ?it/s, loss=0.0852, v_num=]/usr/local/lib/python3.13/dist-packages/torch/utils/data/dataloader.py:432: UserWarning: This DataLoader will create 6 worker processes in total. Our suggested max number of worker in current system is 2, which is smaller than what this DataLoader is going to create. Please be aware that excessive worker creation might get DataLoader running slow or even freeze, lower the worker number to avoid potential slowness/freeze if necessary.
  self.check_worker_number_rationality()

Epoch 370:  62%|██████▎   | 20/32 [00:01<00:01, 11.11it/s, loss=0.0852, v_num=]
Epoch 370:  62%|██████▎   | 20/32 [00:01<00:01, 11.10it/s, loss=0.0911, v_num=]
Epoch 370: 100%|██████████| 32/32 [00:02<00:00, 11.47it/s, loss=0.0816, v_num=]Evaluating...
NMI : 0.8984254670382049, ARI: 0.7529553070148477, ACC: 0.735, current K: 15
Epoch 370 | NMI: 0.8984, ARI: 0.7530, ACC: 0.7350, current K: 15
Confusion Matrix:
[[  0   0   0   0   1   0   0   0   0   1   1   1   0 196   0   0   0   0
    0   0]
 [  0   0 193   0   5   1   1   0   0   0   0   0   0   0   0   0   0   0
    0   0]
 [  0   1   0   0   0   0   0   1   0   0   0   0   0 196   2   0   0   0
    0   0]
 [  0   0   0   1 198   0   0   0   0   0   0   0   0   1   0   0   0   0
    0   0]
 [  0   0   0   0   1   0   0   0   0 199   0   0   0   0   0   0   0   0
    0   0]
 [  0   0   0   0   0   0 199   0   0   0   0   1   0   0   0   0   0   0
    0   0]
 [  0   0   0   0   0   0   0   0   0   1   0   0 197   1   1   0   0   0
    0   0]
 [  0   0   0   1   0   1   0 197   1   0   0   0   0   0   0   0   0   0
    0   0]
 [  0   0   0   0   0   0   0   0   0   0   0 200   0   0   0   0   0   0
    0   0]
 [  0 198   1   0   1   0   0   0   0   0   0   0   0   0   0   0   0   0
    0   0]
 [  0   0   0   0   0   0   0   0   0   0   0 200   0   0   0   0   0   0
    0   0]
 [  1 195   1   0   1   0   0   0   0   2   0   0   0   0   0   0   0   0
    0   0]
 [197   0   0   0   0   0   0   0   0   1   1   0   0   1   0   0   0   0
    0   0]
 [  0   0   0 194   5   0   1   0   0   0   0   0   0   0   0   0   0   0
    0   0]
 [  0   0   0   0   1   0   0   0   0   1   0   0   0   3 195   0   0   0
    0   0]
 [  0   0   0   0   0 195   2   0   1   1   0   0   0   1   0   0   0   0
    0   0]
 [  0   0   0   0   0   0   0   0   0  10 187   3   0   0   0   0   0   0
    0   0]
 [  0   1   2 195   0   0   0   0   0   0   1   0   0   1   0   0   0   0
    0   0]
 [  0   1   0   0   0   0   0   0   0   0   0   5   2   0 192   0   0   0
    0   0]
 [  0   3   0   0   0   2   0   0 194   0   0   1   0   0   0   0   0   0
    0   0]]

Epoch 370:   0%|          | 0/32 [00:00<?, ?it/s, loss=0.0816, v_num=]         
Epoch 371:   0%|          | 0/32 [00:00<?, ?it/s, loss=0.0816, v_num=]/usr/local/lib/python3.13/dist-packages/torch/utils/data/dataloader.py:432: UserWarning: This DataLoader will create 6 worker processes in total. Our suggested max number of worker in current system is 2, which is smaller than what this DataLoader is going to create. Please be aware that excessive worker creation might get DataLoader running slow or even freeze, lower the worker number to avoid potential slowness/freeze if necessary.
  self.check_worker_number_rationality()

Epoch 371:  62%|██████▎   | 20/32 [00:01<00:00, 14.76it/s, loss=0.0816, v_num=]
Epoch 371:  62%|██████▎   | 20/32 [00:01<00:00, 14.76it/s, loss=0.0884, v_num=]
Epoch 371: 100%|██████████| 32/32 [00:02<00:00, 15.18it/s, loss=0.0924, v_num=]
Epoch 371:   0%|          | 0/32 [00:00<?, ?it/s, loss=0.0924, v_num=]         
Epoch 372:   0%|          | 0/32 [00:00<?, ?it/s, loss=0.0924, v_num=]/usr/local/lib/python3.13/dist-packages/torch/utils/data/dataloader.py:432: UserWarning: This DataLoader will create 6 worker processes in total. Our suggested max number of worker in current system is 2, which is smaller than what this DataLoader is going to create. Please be aware that excessive worker creation might get DataLoader running slow or even freeze, lower the worker number to avoid potential slowness/freeze if necessary.
  self.check_worker_number_rationality()

Epoch 372:  62%|██████▎   | 20/32 [00:01<00:00, 14.99it/s, loss=0.0924, v_num=]
Epoch 372:  62%|██████▎   | 20/32 [00:01<00:00, 14.98it/s, loss=0.105, v_num=] 
Epoch 372: 100%|██████████| 32/32 [00:02<00:00, 15.27it/s, loss=0.111, v_num=]
Epoch 372:   0%|          | 0/32 [00:00<?, ?it/s, loss=0.111, v_num=]         
Epoch 373:   0%|          | 0/32 [00:00<?, ?it/s, loss=0.111, v_num=]/usr/local/lib/python3.13/dist-packages/torch/utils/data/dataloader.py:432: UserWarning: This DataLoader will create 6 worker processes in total. Our suggested max number of worker in current system is 2, which is smaller than what this DataLoader is going to create. Please be aware that excessive worker creation might get DataLoader running slow or even freeze, lower the worker number to avoid potential slowness/freeze if necessary.
  self.check_worker_number_rationality()

Epoch 373:  62%|██████▎   | 20/32 [00:01<00:00, 14.69it/s, loss=0.111, v_num=]
Epoch 373:  62%|██████▎   | 20/32 [00:01<00:00, 14.68it/s, loss=0.0885, v_num=]
Epoch 373: 100%|██████████| 32/32 [00:02<00:00, 14.76it/s, loss=0.0906, v_num=]
Epoch 373:   0%|          | 0/32 [00:00<?, ?it/s, loss=0.0906, v_num=]         
Epoch 374:   0%|          | 0/32 [00:00<?, ?it/s, loss=0.0906, v_num=]/usr/local/lib/python3.13/dist-packages/torch/utils/data/dataloader.py:432: UserWarning: This DataLoader will create 6 worker processes in total. Our suggested max number of worker in current system is 2, which is smaller than what this DataLoader is going to create. Please be aware that excessive worker creation might get DataLoader running slow or even freeze, lower the worker number to avoid potential slowness/freeze if necessary.
  self.check_worker_number_rationality()

Epoch 374:  62%|██████▎   | 20/32 [00:01<00:00, 14.65it/s, loss=0.0906, v_num=]
Epoch 374:  62%|██████▎   | 20/32 [00:01<00:00, 14.64it/s, loss=0.0838, v_num=]
Epoch 374: 100%|██████████| 32/32 [00:02<00:00, 14.83it/s, loss=0.0863, v_num=]
Epoch 374:   0%|          | 0/32 [00:00<?, ?it/s, loss=0.0863, v_num=]         
Epoch 375:   0%|          | 0/32 [00:00<?, ?it/s, loss=0.0863, v_num=]/usr/local/lib/python3.13/dist-packages/torch/utils/data/dataloader.py:432: UserWarning: This DataLoader will create 6 worker processes in total. Our suggested max number of worker in current system is 2, which is smaller than what this DataLoader is going to create. Please be aware that excessive worker creation might get DataLoader running slow or even freeze, lower the worker number to avoid potential slowness/freeze if necessary.
  self.check_worker_number_rationality()

Epoch 375:  62%|██████▎   | 20/32 [00:01<00:00, 13.24it/s, loss=0.0863, v_num=]
Epoch 375:  62%|██████▎   | 20/32 [00:01<00:00, 13.23it/s, loss=0.0934, v_num=]
Epoch 375: 100%|██████████| 32/32 [00:02<00:00, 12.69it/s, loss=0.0788, v_num=]/content/DeepDPM-New/src/clustering_models/clusternet_modules/clusternetasmodel.py:682: UserWarning: To copy construct from a tensor, it is recommended to use sourceTensor.detach().clone() or sourceTensor.detach().clone().requires_grad_(True), rather than torch.tensor(sourceTensor).
  mus_ind_to_split = torch.nonzero(torch.tensor(split_decisions), as_tuple=False)
Splitting clusters [ 0  1  3  9 10 11 12 14]
Evaluating...
NMI : 0.8977732801801085, ARI: 0.7519736846749816, ACC: 0.7345, current K: 15
[Split] K updated → 23 clusters
  [Epoch 375] losses at split → cluster_loss=0.0139, subcluster_loss=0.1649

Epoch 375:   0%|          | 0/32 [00:00<?, ?it/s, loss=0.0788, v_num=]         
Epoch 376:   0%|          | 0/32 [00:00<?, ?it/s, loss=0.0788, v_num=]/usr/local/lib/python3.13/dist-packages/torch/utils/data/dataloader.py:432: UserWarning: This DataLoader will create 6 worker processes in total. Our suggested max number of worker in current system is 2, which is smaller than what this DataLoader is going to create. Please be aware that excessive worker creation might get DataLoader running slow or even freeze, lower the worker number to avoid potential slowness/freeze if necessary.
  self.check_worker_number_rationality()

Epoch 376:  62%|██████▎   | 20/32 [00:02<00:01,  9.42it/s, loss=0.0788, v_num=]
Epoch 376:  62%|██████▎   | 20/32 [00:02<00:01,  9.42it/s, loss=0.295, v_num=] 
Epoch 376: 100%|██████████| 32/32 [00:03<00:00, 10.14it/s, loss=0.255, v_num=]
Epoch 376:   0%|          | 0/32 [00:00<?, ?it/s, loss=0.255, v_num=]         
Epoch 377:   0%|          | 0/32 [00:00<?, ?it/s, loss=0.255, v_num=]
Epoch 377:  62%|██████▎   | 20/32 [00:01<00:01, 11.11it/s, loss=0.255, v_num=]
Epoch 377:  62%|██████▎   | 20/32 [00:01<00:01, 11.10it/s, loss=0.216, v_num=]
Epoch 377: 100%|██████████| 32/32 [00:02<00:00, 11.19it/s, loss=0.185, v_num=]
Epoch 377:   0%|          | 0/32 [00:00<?, ?it/s, loss=0.185, v_num=]         
Epoch 378:   0%|          | 0/32 [00:00<?, ?it/s, loss=0.185, v_num=]
Epoch 378:  62%|██████▎   | 20/32 [00:01<00:01, 10.84it/s, loss=0.185, v_num=]
Epoch 378:  62%|██████▎   | 20/32 [00:01<00:01, 10.83it/s, loss=0.177, v_num=]
Epoch 378: 100%|██████████| 32/32 [00:02<00:00, 10.95it/s, loss=0.165, v_num=]
Epoch 378:   0%|          | 0/32 [00:00<?, ?it/s, loss=0.165, v_num=]         
Epoch 379:   0%|          | 0/32 [00:00<?, ?it/s, loss=0.165, v_num=]
Epoch 379:  62%|██████▎   | 20/32 [00:01<00:01, 11.01it/s, loss=0.165, v_num=]
Epoch 379:  62%|██████▎   | 20/32 [00:01<00:01, 11.01it/s, loss=0.162, v_num=]
Epoch 379: 100%|██████████| 32/32 [00:03<00:00, 10.08it/s, loss=0.145, v_num=]
Epoch 379:   0%|          | 0/32 [00:00<?, ?it/s, loss=0.145, v_num=]         
Epoch 380:   0%|          | 0/32 [00:00<?, ?it/s, loss=0.145, v_num=]
Epoch 380:  62%|██████▎   | 20/32 [00:02<00:01,  8.59it/s, loss=0.145, v_num=]
Epoch 380:  62%|██████▎   | 20/32 [00:02<00:01,  8.58it/s, loss=0.147, v_num=]
Epoch 380: 100%|██████████| 32/32 [00:03<00:00,  9.44it/s, loss=0.138, v_num=]Evaluating...
NMI : 0.941206791297846, ARI: 0.8963206808943451, ACC: 0.92475, current K: 19
Epoch 380 | NMI: 0.9412, ARI: 0.8963, ACC: 0.9247, current K: 19
Confusion Matrix:
[[  0   1   0   0   0   0 196   0   0   0   0   0   0   1   0   0   1   0
    1   0   0   0]
 [193   5   1   1   0   0   0   0   0   0   0   0   0   0   0   0   0   0
    0   0   0   0]
 [  0   0   0   0   0   0 199   0   0   1   0   0   0   0   0   0   0   0
    0   0   0   0]
 [  0 198   0   0   0   0   1   0   0   0   0   0   1   0   0   0   0   0
    0   0   0   0]
 [  0   1   0   0   0   0   0   0   0   0   0   0   0 199   0   0   0   0
    0   0   0   0]
 [  0   0   0 199   0   0   0   0   0   0   0   0   0   0   0   0   0   1
    0   0   0   0]
 [  0   0   0   0   0   0   1   0   0   0   0   0   0   1   0   0   0   0
    0 197   1   0]
 [  0   0   1   0 197   1   0   0   0   0   0   0   1   0   0   0   0   0
    0   0   0   0]
 [  0   0   0   0   0   0   0   0   0   0   0   0   0   0   0   0   0 189
   10   1   0   0]
 [  1   1   0   0   0   0   0   0   0   7 191   0   0   0   0   0   0   0
    0   0   0   0]
 [  0   0   0   0   0   0   0   0   0   0   0   0   0   0   0   0   0   1
  199   0   0   0]
 [  1   1   0   0   0   0   0   1   0 192   3   0   0   2   0   0   0   0
    0   0   0   0]
 [  0   0   0   0   0   0   1 197   0   0   0   0   0   1   0   0   1   0
    0   0   0   0]
 [  0   5   0   0   0   0   1   0   0   0   0   0 194   0   0   0   0   0
    0   0   0   0]
 [  0   1   0   0   0   0   4   0   0   0   0   0   0   1   0   0   0   0
    0   0   0 194]
 [  0   0 195   2   0   1   1   0   0   0   0   0   0   1   0   0   0   0
    0   0   0   0]
 [  0   0   0   0   0   0   0   0   0   0   0   0   0  10   0   0 187   3
    0   0   0   0]
 [  2   0   0   0   0   0   1   0   0   0   1 192   3   0   0   0   1   0
    0   0   0   0]
 [  0   0   0   0   0   0   0   0   0   1   0   0   0   0   0   0   0   1
    3   2 193   0]
 [  0   0   2   0   0 194   0   0   0   3   0   0   0   0   0   0   0   0
    1   0   0   0]
 [  0   0   0   0   0   0   0   0   0   0   0   0   0   0   0   0   0   0
    0   0   0   0]
 [  0   0   0   0   0   0   0   0   0   0   0   0   0   0   0   0   0   0
    0   0   0   0]]

Epoch 380:   0%|          | 0/32 [00:00<?, ?it/s, loss=0.138, v_num=]         
Epoch 381:   0%|          | 0/32 [00:00<?, ?it/s, loss=0.138, v_num=]/usr/local/lib/python3.13/dist-packages/torch/utils/data/dataloader.py:432: UserWarning: This DataLoader will create 6 worker processes in total. Our suggested max number of worker in current system is 2, which is smaller than what this DataLoader is going to create. Please be aware that excessive worker creation might get DataLoader running slow or even freeze, lower the worker number to avoid potential slowness/freeze if necessary.
  self.check_worker_number_rationality()

Epoch 381:  62%|██████▎   | 20/32 [00:01<00:01, 10.11it/s, loss=0.138, v_num=]
Epoch 381:  62%|██████▎   | 20/32 [00:01<00:01, 10.11it/s, loss=0.123, v_num=]
Epoch 381: 100%|██████████| 32/32 [00:03<00:00, 10.59it/s, loss=0.126, v_num=]
Epoch 381:   0%|          | 0/32 [00:00<?, ?it/s, loss=0.126, v_num=]         
Epoch 382:   0%|          | 0/32 [00:00<?, ?it/s, loss=0.126, v_num=]/usr/local/lib/python3.13/dist-packages/torch/utils/data/dataloader.py:432: UserWarning: This DataLoader will create 6 worker processes in total. Our suggested max number of worker in current system is 2, which is smaller than what this DataLoader is going to create. Please be aware that excessive worker creation might get DataLoader running slow or even freeze, lower the worker number to avoid potential slowness/freeze if necessary.
  self.check_worker_number_rationality()

Epoch 382:  62%|██████▎   | 20/32 [00:01<00:01, 11.01it/s, loss=0.126, v_num=]
Epoch 382:  62%|██████▎   | 20/32 [00:01<00:01, 11.00it/s, loss=0.0818, v_num=]
Epoch 382: 100%|██████████| 32/32 [00:02<00:00, 11.09it/s, loss=0.0886, v_num=]
Epoch 382:   0%|          | 0/32 [00:00<?, ?it/s, loss=0.0886, v_num=]         
Epoch 383:   0%|          | 0/32 [00:00<?, ?it/s, loss=0.0886, v_num=]/usr/local/lib/python3.13/dist-packages/torch/utils/data/dataloader.py:432: UserWarning: This DataLoader will create 6 worker processes in total. Our suggested max number of worker in current system is 2, which is smaller than what this DataLoader is going to create. Please be aware that excessive worker creation might get DataLoader running slow or even freeze, lower the worker number to avoid potential slowness/freeze if necessary.
  self.check_worker_number_rationality()

Epoch 383:  62%|██████▎   | 20/32 [00:01<00:01, 11.03it/s, loss=0.0886, v_num=]
Epoch 383:  62%|██████▎   | 20/32 [00:01<00:01, 11.03it/s, loss=0.0776, v_num=]
Epoch 383: 100%|██████████| 32/32 [00:03<00:00, 10.56it/s, loss=0.0699, v_num=]
Epoch 383:   0%|          | 0/32 [00:00<?, ?it/s, loss=0.0699, v_num=]         
Epoch 384:   0%|          | 0/32 [00:00<?, ?it/s, loss=0.0699, v_num=]/usr/local/lib/python3.13/dist-packages/torch/utils/data/dataloader.py:432: UserWarning: This DataLoader will create 6 worker processes in total. Our suggested max number of worker in current system is 2, which is smaller than what this DataLoader is going to create. Please be aware that excessive worker creation might get DataLoader running slow or even freeze, lower the worker number to avoid potential slowness/freeze if necessary.
  self.check_worker_number_rationality()

Epoch 384:  62%|██████▎   | 20/32 [00:02<00:01,  8.52it/s, loss=0.0699, v_num=]
Epoch 384:  62%|██████▎   | 20/32 [00:02<00:01,  8.52it/s, loss=0.0684, v_num=]
Epoch 384: 100%|██████████| 32/32 [00:03<00:00,  9.43it/s, loss=0.0659, v_num=]
Epoch 384:   0%|          | 0/32 [00:00<?, ?it/s, loss=0.0659, v_num=]         
Epoch 385:   0%|          | 0/32 [00:00<?, ?it/s, loss=0.0659, v_num=]/usr/local/lib/python3.13/dist-packages/torch/utils/data/dataloader.py:432: UserWarning: This DataLoader will create 6 worker processes in total. Our suggested max number of worker in current system is 2, which is smaller than what this DataLoader is going to create. Please be aware that excessive worker creation might get DataLoader running slow or even freeze, lower the worker number to avoid potential slowness/freeze if necessary.
  self.check_worker_number_rationality()

Epoch 385:  62%|██████▎   | 20/32 [00:01<00:01, 11.01it/s, loss=0.0659, v_num=]
Epoch 385:  62%|██████▎   | 20/32 [00:01<00:01, 11.00it/s, loss=0.0704, v_num=]
Epoch 385: 100%|██████████| 32/32 [00:02<00:00, 11.27it/s, loss=0.0715, v_num=]Evaluating...
NMI : 0.9319578846271356, ARI: 0.8757369497202799, ACC: 0.89375, current K: 23

Epoch 385:   0%|          | 0/32 [00:00<?, ?it/s, loss=0.0715, v_num=]         
Epoch 386:   0%|          | 0/32 [00:00<?, ?it/s, loss=0.0715, v_num=]/usr/local/lib/python3.13/dist-packages/torch/utils/data/dataloader.py:432: UserWarning: This DataLoader will create 6 worker processes in total. Our suggested max number of worker in current system is 2, which is smaller than what this DataLoader is going to create. Please be aware that excessive worker creation might get DataLoader running slow or even freeze, lower the worker number to avoid potential slowness/freeze if necessary.
  self.check_worker_number_rationality()

Epoch 386:  62%|██████▎   | 20/32 [00:01<00:01, 11.06it/s, loss=0.0715, v_num=]
Epoch 386:  62%|██████▎   | 20/32 [00:01<00:01, 11.06it/s, loss=0.0678, v_num=]
Epoch 386: 100%|██████████| 32/32 [00:02<00:00, 11.15it/s, loss=0.0628, v_num=]
Epoch 386:   0%|          | 0/32 [00:00<?, ?it/s, loss=0.0628, v_num=]         
Epoch 387:   0%|          | 0/32 [00:00<?, ?it/s, loss=0.0628, v_num=]/usr/local/lib/python3.13/dist-packages/torch/utils/data/dataloader.py:432: UserWarning: This DataLoader will create 6 worker processes in total. Our suggested max number of worker in current system is 2, which is smaller than what this DataLoader is going to create. Please be aware that excessive worker creation might get DataLoader running slow or even freeze, lower the worker number to avoid potential slowness/freeze if necessary.
  self.check_worker_number_rationality()

Epoch 387:  62%|██████▎   | 20/32 [00:01<00:01, 11.09it/s, loss=0.0628, v_num=]
Epoch 387:  62%|██████▎   | 20/32 [00:01<00:01, 11.09it/s, loss=0.066, v_num=] 
Epoch 387: 100%|██████████| 32/32 [00:02<00:00, 11.00it/s, loss=0.0636, v_num=]
Epoch 387:   0%|          | 0/32 [00:00<?, ?it/s, loss=0.0636, v_num=]         
Epoch 388:   0%|          | 0/32 [00:00<?, ?it/s, loss=0.0636, v_num=]/usr/local/lib/python3.13/dist-packages/torch/utils/data/dataloader.py:432: UserWarning: This DataLoader will create 6 worker processes in total. Our suggested max number of worker in current system is 2, which is smaller than what this DataLoader is going to create. Please be aware that excessive worker creation might get DataLoader running slow or even freeze, lower the worker number to avoid potential slowness/freeze if necessary.
  self.check_worker_number_rationality()

Epoch 388:  62%|██████▎   | 20/32 [00:02<00:01,  8.25it/s, loss=0.0636, v_num=]
Epoch 388:  62%|██████▎   | 20/32 [00:02<00:01,  8.25it/s, loss=0.0625, v_num=]
Epoch 388: 100%|██████████| 32/32 [00:03<00:00,  9.05it/s, loss=0.0685, v_num=]
Epoch 388:   0%|          | 0/32 [00:00<?, ?it/s, loss=0.0685, v_num=]         
Epoch 389:   0%|          | 0/32 [00:00<?, ?it/s, loss=0.0685, v_num=]/usr/local/lib/python3.13/dist-packages/torch/utils/data/dataloader.py:432: UserWarning: This DataLoader will create 6 worker processes in total. Our suggested max number of worker in current system is 2, which is smaller than what this DataLoader is going to create. Please be aware that excessive worker creation might get DataLoader running slow or even freeze, lower the worker number to avoid potential slowness/freeze if necessary.
  self.check_worker_number_rationality()

Epoch 389:  62%|██████▎   | 20/32 [00:01<00:01, 11.00it/s, loss=0.0685, v_num=]
Epoch 389:  62%|██████▎   | 20/32 [00:01<00:01, 11.00it/s, loss=0.0621, v_num=]
Epoch 389: 100%|██████████| 32/32 [00:02<00:00, 11.13it/s, loss=0.0642, v_num=]
Epoch 389:   0%|          | 0/32 [00:00<?, ?it/s, loss=0.0642, v_num=]         
Epoch 390:   0%|          | 0/32 [00:00<?, ?it/s, loss=0.0642, v_num=]/usr/local/lib/python3.13/dist-packages/torch/utils/data/dataloader.py:432: UserWarning: This DataLoader will create 6 worker processes in total. Our suggested max number of worker in current system is 2, which is smaller than what this DataLoader is going to create. Please be aware that excessive worker creation might get DataLoader running slow or even freeze, lower the worker number to avoid potential slowness/freeze if necessary.
  self.check_worker_number_rationality()

Epoch 390:  62%|██████▎   | 20/32 [00:01<00:01, 10.93it/s, loss=0.0642, v_num=]
Epoch 390:  62%|██████▎   | 20/32 [00:01<00:01, 10.93it/s, loss=0.061, v_num=] 
Epoch 390: 100%|██████████| 32/32 [00:02<00:00, 11.16it/s, loss=0.0568, v_num=]Evaluating...
NMI : 0.9319778257826312, ARI: 0.8750074919083523, ACC: 0.89325, current K: 23
Epoch 390 | NMI: 0.9320, ARI: 0.8750, ACC: 0.8932, current K: 23
Confusion Matrix:
[[  0   1   0   0   0   0 196   0   0   0   0   0   0   0   1   1   0   0
    1   0   0   0   0]
 [195   3   1   1   0   0   0   0   0   0   0   0   0   0   0   0   0   0
    0   0   0   0   0]
 [  0   0   0   0   0   0 199   0   0   1   0   0   0   0   0   0   0   0
    0   0   0   0   0]
 [  0 198   0   0   0   0   1   0   0   0   0   0   1   0   0   0   0   0
    0   0   0   0   0]
 [  0   1   0   0   0   0   0   0   0   0   0   0   0 195   4   0   0   0
    0   0   0   0   0]
 [  0   0   0 199   0   0   0   0   0   0   0   0   0   0   0   0   0   1
    0   0   0   0   0]
 [  0   0   0   0   0   0   1   0   0   0   0   0   0   1   0   0   0   0
    0 139  57   2   0]
 [  0   0   1   0 196   2   0   0   0   0   0   0   1   0   0   0   0   0
    0   0   0   0   0]
 [  0   0   0   0   0   0   0   0   0   0   0   0   0   0   0   0   0 190
   10   0   0   0   0]
 [  1   1   0   0   0   0   0   0   0   6 192   0   0   0   0   0   0   0
    0   0   0   0   0]
 [  0   0   0   0   0   0   0   0   0   0   0   0   0   0   0   0   0   1
  199   0   0   0   0]
 [  1   1   0   0   0   0   0   1   0 192   3   0   0   1   1   0   0   0
    0   0   0   0   0]
 [  0   0   0   0   0   0   1  43 154   0   0   0   0   1   0   1   0   0
    0   0   0   0   0]
 [  1   2   0   0   0   0   1   0   0   0   0   0 196   0   0   0   0   0
    0   0   0   0   0]
 [  0   1   0   0   0   0   3   0   0   0   0   0   0   1   0   0   0   0
    0   0   0   0 195]
 [  0   0 195   2   0   1   1   0   0   0   0   0   0   1   0   0   0   0
    0   0   0   0   0]
 [  0   0   0   0   0   0   0   0   0   0   0   0   0   1  11  27 158   3
    0   0   0   0   0]
 [  2   0   0   0   0   0   1   0   0   0   1 192   3   0   0   1   0   0
    0   0   0   0   0]
 [  0   0   0   0   0   0   0   0   0   1   0   0   0   0   0   0   0   1
    3   0   2 193   0]
 [  0   0   1   0   0 195   0   0   0   3   0   0   0   0   0   0   0   0
    1   0   0   0   0]
 [  0   0   0   0   0   0   0   0   0   0   0   0   0   0   0   0   0   0
    0   0   0   0   0]
 [  0   0   0   0   0   0   0   0   0   0   0   0   0   0   0   0   0   0
    0   0   0   0   0]
 [  0   0   0   0   0   0   0   0   0   0   0   0   0   0   0   0   0   0
    0   0   0   0   0]]

Epoch 390:   0%|          | 0/32 [00:00<?, ?it/s, loss=0.0568, v_num=]         
Epoch 391:   0%|          | 0/32 [00:00<?, ?it/s, loss=0.0568, v_num=]/usr/local/lib/python3.13/dist-packages/torch/utils/data/dataloader.py:432: UserWarning: This DataLoader will create 6 worker processes in total. Our suggested max number of worker in current system is 2, which is smaller than what this DataLoader is going to create. Please be aware that excessive worker creation might get DataLoader running slow or even freeze, lower the worker number to avoid potential slowness/freeze if necessary.
  self.check_worker_number_rationality()

Epoch 391:  62%|██████▎   | 20/32 [00:01<00:01, 10.57it/s, loss=0.0568, v_num=]
Epoch 391:  62%|██████▎   | 20/32 [00:01<00:01, 10.56it/s, loss=0.063, v_num=] 
Epoch 391: 100%|██████████| 32/32 [00:02<00:00, 10.91it/s, loss=0.0634, v_num=]
Epoch 391:   0%|          | 0/32 [00:00<?, ?it/s, loss=0.0634, v_num=]         
Epoch 392:   0%|          | 0/32 [00:00<?, ?it/s, loss=0.0634, v_num=]/usr/local/lib/python3.13/dist-packages/torch/utils/data/dataloader.py:432: UserWarning: This DataLoader will create 6 worker processes in total. Our suggested max number of worker in current system is 2, which is smaller than what this DataLoader is going to create. Please be aware that excessive worker creation might get DataLoader running slow or even freeze, lower the worker number to avoid potential slowness/freeze if necessary.
  self.check_worker_number_rationality()

Epoch 392:  62%|██████▎   | 20/32 [00:02<00:01,  8.50it/s, loss=0.0634, v_num=]
Epoch 392:  62%|██████▎   | 20/32 [00:02<00:01,  8.49it/s, loss=0.0622, v_num=]
Epoch 392: 100%|██████████| 32/32 [00:03<00:00,  8.90it/s, loss=0.0637, v_num=]
Epoch 392:   0%|          | 0/32 [00:00<?, ?it/s, loss=0.0637, v_num=]         
Epoch 393:   0%|          | 0/32 [00:00<?, ?it/s, loss=0.0637, v_num=]/usr/local/lib/python3.13/dist-packages/torch/utils/data/dataloader.py:432: UserWarning: This DataLoader will create 6 worker processes in total. Our suggested max number of worker in current system is 2, which is smaller than what this DataLoader is going to create. Please be aware that excessive worker creation might get DataLoader running slow or even freeze, lower the worker number to avoid potential slowness/freeze if necessary.
  self.check_worker_number_rationality()

Epoch 393:  62%|██████▎   | 20/32 [00:01<00:01, 10.97it/s, loss=0.0637, v_num=]
Epoch 393:  62%|██████▎   | 20/32 [00:01<00:01, 10.97it/s, loss=0.0598, v_num=]
Epoch 393: 100%|██████████| 32/32 [00:02<00:00, 11.16it/s, loss=0.0665, v_num=]
Epoch 393:   0%|          | 0/32 [00:00<?, ?it/s, loss=0.0665, v_num=]         
Epoch 394:   0%|          | 0/32 [00:00<?, ?it/s, loss=0.0665, v_num=]/usr/local/lib/python3.13/dist-packages/torch/utils/data/dataloader.py:432: UserWarning: This DataLoader will create 6 worker processes in total. Our suggested max number of worker in current system is 2, which is smaller than what this DataLoader is going to create. Please be aware that excessive worker creation might get DataLoader running slow or even freeze, lower the worker number to avoid potential slowness/freeze if necessary.
  self.check_worker_number_rationality()

Epoch 394:  62%|██████▎   | 20/32 [00:01<00:01, 10.95it/s, loss=0.0665, v_num=]
Epoch 394:  62%|██████▎   | 20/32 [00:01<00:01, 10.95it/s, loss=0.0633, v_num=]
Epoch 394: 100%|██████████| 32/32 [00:02<00:00, 11.14it/s, loss=0.0647, v_num=]
Epoch 394:   0%|          | 0/32 [00:00<?, ?it/s, loss=0.0647, v_num=]         
Epoch 395:   0%|          | 0/32 [00:00<?, ?it/s, loss=0.0647, v_num=]/usr/local/lib/python3.13/dist-packages/torch/utils/data/dataloader.py:432: UserWarning: This DataLoader will create 6 worker processes in total. Our suggested max number of worker in current system is 2, which is smaller than what this DataLoader is going to create. Please be aware that excessive worker creation might get DataLoader running slow or even freeze, lower the worker number to avoid potential slowness/freeze if necessary.
  self.check_worker_number_rationality()

Epoch 395:  62%|██████▎   | 20/32 [00:01<00:01, 11.04it/s, loss=0.0647, v_num=]
Epoch 395:  62%|██████▎   | 20/32 [00:01<00:01, 11.04it/s, loss=0.0669, v_num=]
Epoch 395: 100%|██████████| 32/32 [00:02<00:00, 11.22it/s, loss=0.0643, v_num=]Evaluating...
NMI : 0.9322197874232193, ARI: 0.8751457870181131, ACC: 0.892, current K: 23

Epoch 395:   0%|          | 0/32 [00:00<?, ?it/s, loss=0.0643, v_num=]         
Epoch 396:   0%|          | 0/32 [00:00<?, ?it/s, loss=0.0643, v_num=]/usr/local/lib/python3.13/dist-packages/torch/utils/data/dataloader.py:432: UserWarning: This DataLoader will create 6 worker processes in total. Our suggested max number of worker in current system is 2, which is smaller than what this DataLoader is going to create. Please be aware that excessive worker creation might get DataLoader running slow or even freeze, lower the worker number to avoid potential slowness/freeze if necessary.
  self.check_worker_number_rationality()

Epoch 396:  62%|██████▎   | 20/32 [00:02<00:01,  9.30it/s, loss=0.0643, v_num=]
Epoch 396:  62%|██████▎   | 20/32 [00:02<00:01,  9.30it/s, loss=0.0616, v_num=]
Epoch 396: 100%|██████████| 32/32 [00:03<00:00,  9.03it/s, loss=0.0566, v_num=]
Epoch 396:   0%|          | 0/32 [00:00<?, ?it/s, loss=0.0566, v_num=]         
Epoch 397:   0%|          | 0/32 [00:00<?, ?it/s, loss=0.0566, v_num=]/usr/local/lib/python3.13/dist-packages/torch/utils/data/dataloader.py:432: UserWarning: This DataLoader will create 6 worker processes in total. Our suggested max number of worker in current system is 2, which is smaller than what this DataLoader is going to create. Please be aware that excessive worker creation might get DataLoader running slow or even freeze, lower the worker number to avoid potential slowness/freeze if necessary.
  self.check_worker_number_rationality()

Epoch 397:  62%|██████▎   | 20/32 [00:01<00:01, 10.91it/s, loss=0.0566, v_num=]
Epoch 397:  62%|██████▎   | 20/32 [00:01<00:01, 10.91it/s, loss=0.0608, v_num=]
Epoch 397: 100%|██████████| 32/32 [00:02<00:00, 11.03it/s, loss=0.0606, v_num=]
Epoch 397:   0%|          | 0/32 [00:00<?, ?it/s, loss=0.0606, v_num=]         
Epoch 398:   0%|          | 0/32 [00:00<?, ?it/s, loss=0.0606, v_num=]/usr/local/lib/python3.13/dist-packages/torch/utils/data/dataloader.py:432: UserWarning: This DataLoader will create 6 worker processes in total. Our suggested max number of worker in current system is 2, which is smaller than what this DataLoader is going to create. Please be aware that excessive worker creation might get DataLoader running slow or even freeze, lower the worker number to avoid potential slowness/freeze if necessary.
  self.check_worker_number_rationality()

Epoch 398:  62%|██████▎   | 20/32 [00:01<00:01, 11.04it/s, loss=0.0606, v_num=]
Epoch 398:  62%|██████▎   | 20/32 [00:01<00:01, 11.04it/s, loss=0.0582, v_num=]
Epoch 398: 100%|██████████| 32/32 [00:02<00:00, 11.13it/s, loss=0.0557, v_num=]
Epoch 398:   0%|          | 0/32 [00:00<?, ?it/s, loss=0.0557, v_num=]         
Epoch 399:   0%|          | 0/32 [00:00<?, ?it/s, loss=0.0557, v_num=]/usr/local/lib/python3.13/dist-packages/torch/utils/data/dataloader.py:432: UserWarning: This DataLoader will create 6 worker processes in total. Our suggested max number of worker in current system is 2, which is smaller than what this DataLoader is going to create. Please be aware that excessive worker creation might get DataLoader running slow or even freeze, lower the worker number to avoid potential slowness/freeze if necessary.
  self.check_worker_number_rationality()

Epoch 399:  62%|██████▎   | 20/32 [00:01<00:01, 10.81it/s, loss=0.0557, v_num=]
Epoch 399:  62%|██████▎   | 20/32 [00:01<00:01, 10.81it/s, loss=0.0603, v_num=]
Epoch 399: 100%|██████████| 32/32 [00:02<00:00, 10.80it/s, loss=0.0574, v_num=]
Epoch 399:   0%|          | 0/32 [00:00<?, ?it/s, loss=0.0574, v_num=]         
Epoch 400:   0%|          | 0/32 [00:00<?, ?it/s, loss=0.0574, v_num=]/usr/local/lib/python3.13/dist-packages/torch/utils/data/dataloader.py:432: UserWarning: This DataLoader will create 6 worker processes in total. Our suggested max number of worker in current system is 2, which is smaller than what this DataLoader is going to create. Please be aware that excessive worker creation might get DataLoader running slow or even freeze, lower the worker number to avoid potential slowness/freeze if necessary.
  self.check_worker_number_rationality()

Epoch 400:  62%|██████▎   | 20/32 [00:02<00:01,  9.51it/s, loss=0.0574, v_num=]
Epoch 400:  62%|██████▎   | 20/32 [00:02<00:01,  9.50it/s, loss=0.0554, v_num=]
Epoch 400: 100%|██████████| 32/32 [00:03<00:00,  8.68it/s, loss=0.0601, v_num=]Evaluating...
NMI : 0.9316336400123884, ARI: 0.873710657808412, ACC: 0.88925, current K: 23
Epoch 400 | NMI: 0.9316, ARI: 0.8737, ACC: 0.8892, current K: 23
Confusion Matrix:
[[  0   1   0   0   0   0 196   0   0   0   0   0   0   0   1   1   0   0
    1   0   0   0   0]
 [195   3   1   1   0   0   0   0   0   0   0   0   0   0   0   0   0   0
    0   0   0   0   0]
 [  0   0   0   0   0   0 199   0   0   1   0   0   0   0   0   0   0   0
    0   0   0   0   0]
 [  0 198   0   0   0   0   1   0   0   0   0   0   1   0   0   0   0   0
    0   0   0   0   0]
 [  0   1   0   0   0   0   0   0   0   0   0   0   0 195   4   0   0   0
    0   0   0   0   0]
 [  0   0   0 199   0   0   0   0   0   0   0   0   0   0   0   0   0   1
    0   0   0   0   0]
 [  0   0   0   0   0   0   1   0   0   0   0   0   0   1   0   0   0   0
    0 125  71   2   0]
 [  0   0   1   0 196   2   0   0   0   0   0   0   1   0   0   0   0   0
    0   0   0   0   0]
 [  0   0   0   0   0   0   0   0   0   0   0   0   0   0   0   0   0 190
   10   0   0   0   0]
 [  2   1   0   0   0   0   0   0   0   3 194   0   0   0   0   0   0   0
    0   0   0   0   0]
 [  0   0   0   0   0   0   0   0   0   0   0   0   0   0   0   0   0   1
  199   0   0   0   0]
 [  1   1   0   0   0   0   0   1   0 192   3   0   0   1   1   0   0   0
    0   0   0   0   0]
 [  0   0   0   0   0   0   1  39 158   0   0   0   0   1   0   0   1   0
    0   0   0   0   0]
 [  1   2   0   0   0   0   1   0   0   0   0   0 196   0   0   0   0   0
    0   0   0   0   0]
 [  0   1   0   0   0   0   3   0   0   0   0   0   0   1   0   0   0   0
    0   0   0   0 195]
 [  0   0 195   2   0   1   1   0   0   0   0   0   0   1   0   0   0   0
    0   0   0   0   0]
 [  0   0   0   0   0   0   0   0   0   0   0   0   0   2  12  34 149   3
    0   0   0   0   0]
 [  2   0   0   0   0   0   1   0   0   0   1 192   3   0   0   1   0   0
    0   0   0   0   0]
 [  0   0   0   0   0   0   0   0   0   1   0   0   0   0   0   0   0   1
    2   0   2 194   0]
 [  0   0   1   0   0 195   0   0   0   3   0   0   0   0   0   0   0   0
    1   0   0   0   0]
 [  0   0   0   0   0   0   0   0   0   0   0   0   0   0   0   0   0   0
    0   0   0   0   0]
 [  0   0   0   0   0   0   0   0   0   0   0   0   0   0   0   0   0   0
    0   0   0   0   0]
 [  0   0   0   0   0   0   0   0   0   0   0   0   0   0   0   0   0   0
    0   0   0   0   0]]

Epoch 400:   0%|          | 0/32 [00:00<?, ?it/s, loss=0.0601, v_num=]         
Epoch 401:   0%|          | 0/32 [00:00<?, ?it/s, loss=0.0601, v_num=]/usr/local/lib/python3.13/dist-packages/torch/utils/data/dataloader.py:432: UserWarning: This DataLoader will create 6 worker processes in total. Our suggested max number of worker in current system is 2, which is smaller than what this DataLoader is going to create. Please be aware that excessive worker creation might get DataLoader running slow or even freeze, lower the worker number to avoid potential slowness/freeze if necessary.
  self.check_worker_number_rationality()

Epoch 401:  62%|██████▎   | 20/32 [00:01<00:01, 10.29it/s, loss=0.0601, v_num=]
Epoch 401:  62%|██████▎   | 20/32 [00:01<00:01, 10.28it/s, loss=0.0585, v_num=]
Epoch 401: 100%|██████████| 32/32 [00:02<00:00, 10.74it/s, loss=0.0644, v_num=]
Epoch 401:   0%|          | 0/32 [00:00<?, ?it/s, loss=0.0644, v_num=]         
Epoch 402:   0%|          | 0/32 [00:00<?, ?it/s, loss=0.0644, v_num=]/usr/local/lib/python3.13/dist-packages/torch/utils/data/dataloader.py:432: UserWarning: This DataLoader will create 6 worker processes in total. Our suggested max number of worker in current system is 2, which is smaller than what this DataLoader is going to create. Please be aware that excessive worker creation might get DataLoader running slow or even freeze, lower the worker number to avoid potential slowness/freeze if necessary.
  self.check_worker_number_rationality()

Epoch 402:  62%|██████▎   | 20/32 [00:01<00:01, 11.15it/s, loss=0.0644, v_num=]
Epoch 402:  62%|██████▎   | 20/32 [00:01<00:01, 11.15it/s, loss=0.0621, v_num=]
Epoch 402: 100%|██████████| 32/32 [00:02<00:00, 11.32it/s, loss=0.0572, v_num=]
Epoch 402:   0%|          | 0/32 [00:00<?, ?it/s, loss=0.0572, v_num=]         
Epoch 403:   0%|          | 0/32 [00:00<?, ?it/s, loss=0.0572, v_num=]/usr/local/lib/python3.13/dist-packages/torch/utils/data/dataloader.py:432: UserWarning: This DataLoader will create 6 worker processes in total. Our suggested max number of worker in current system is 2, which is smaller than what this DataLoader is going to create. Please be aware that excessive worker creation might get DataLoader running slow or even freeze, lower the worker number to avoid potential slowness/freeze if necessary.
  self.check_worker_number_rationality()

Epoch 403:  62%|██████▎   | 20/32 [00:01<00:01, 10.90it/s, loss=0.0572, v_num=]
Epoch 403:  62%|██████▎   | 20/32 [00:01<00:01, 10.89it/s, loss=0.0584, v_num=]
Epoch 403: 100%|██████████| 32/32 [00:02<00:00, 11.11it/s, loss=0.0625, v_num=]
Epoch 403:   0%|          | 0/32 [00:00<?, ?it/s, loss=0.0625, v_num=]         
Epoch 404:   0%|          | 0/32 [00:00<?, ?it/s, loss=0.0625, v_num=]/usr/local/lib/python3.13/dist-packages/torch/utils/data/dataloader.py:432: UserWarning: This DataLoader will create 6 worker processes in total. Our suggested max number of worker in current system is 2, which is smaller than what this DataLoader is going to create. Please be aware that excessive worker creation might get DataLoader running slow or even freeze, lower the worker number to avoid potential slowness/freeze if necessary.
  self.check_worker_number_rationality()

Epoch 404:  62%|██████▎   | 20/32 [00:01<00:01, 10.49it/s, loss=0.0625, v_num=]
Epoch 404:  62%|██████▎   | 20/32 [00:01<00:01, 10.49it/s, loss=0.0604, v_num=]
Epoch 404: 100%|██████████| 32/32 [00:03<00:00,  9.84it/s, loss=0.0526, v_num=]
Epoch 404:   0%|          | 0/32 [00:00<?, ?it/s, loss=0.0526, v_num=]         
Epoch 405:   0%|          | 0/32 [00:00<?, ?it/s, loss=0.0526, v_num=]/usr/local/lib/python3.13/dist-packages/torch/utils/data/dataloader.py:432: UserWarning: This DataLoader will create 6 worker processes in total. Our suggested max number of worker in current system is 2, which is smaller than what this DataLoader is going to create. Please be aware that excessive worker creation might get DataLoader running slow or even freeze, lower the worker number to avoid potential slowness/freeze if necessary.
  self.check_worker_number_rationality()

Epoch 405:  62%|██████▎   | 20/32 [00:02<00:01,  9.41it/s, loss=0.0526, v_num=]
Epoch 405:  62%|██████▎   | 20/32 [00:02<00:01,  9.41it/s, loss=0.0594, v_num=]
Epoch 405: 100%|██████████| 32/32 [00:03<00:00, 10.14it/s, loss=0.0602, v_num=]Evaluating...
NMI : 0.9325974841550223, ARI: 0.8737514384523062, ACC: 0.88575, current K: 23

Epoch 405:   0%|          | 0/32 [00:00<?, ?it/s, loss=0.0602, v_num=]         
Epoch 406:   0%|          | 0/32 [00:00<?, ?it/s, loss=0.0602, v_num=]/usr/local/lib/python3.13/dist-packages/torch/utils/data/dataloader.py:432: UserWarning: This DataLoader will create 6 worker processes in total. Our suggested max number of worker in current system is 2, which is smaller than what this DataLoader is going to create. Please be aware that excessive worker creation might get DataLoader running slow or even freeze, lower the worker number to avoid potential slowness/freeze if necessary.
  self.check_worker_number_rationality()

Epoch 406:  62%|██████▎   | 20/32 [00:01<00:01, 11.04it/s, loss=0.0602, v_num=]
Epoch 406:  62%|██████▎   | 20/32 [00:01<00:01, 11.04it/s, loss=0.0575, v_num=]
Epoch 406: 100%|██████████| 32/32 [00:02<00:00, 11.21it/s, loss=0.0575, v_num=]
Epoch 406:   0%|          | 0/32 [00:00<?, ?it/s, loss=0.0575, v_num=]         
Epoch 407:   0%|          | 0/32 [00:00<?, ?it/s, loss=0.0575, v_num=]/usr/local/lib/python3.13/dist-packages/torch/utils/data/dataloader.py:432: UserWarning: This DataLoader will create 6 worker processes in total. Our suggested max number of worker in current system is 2, which is smaller than what this DataLoader is going to create. Please be aware that excessive worker creation might get DataLoader running slow or even freeze, lower the worker number to avoid potential slowness/freeze if necessary.
  self.check_worker_number_rationality()

Epoch 407:  62%|██████▎   | 20/32 [00:01<00:01, 10.92it/s, loss=0.0575, v_num=]
Epoch 407:  62%|██████▎   | 20/32 [00:01<00:01, 10.92it/s, loss=0.0591, v_num=]
Epoch 407: 100%|██████████| 32/32 [00:02<00:00, 11.16it/s, loss=0.06, v_num=]  
Epoch 407:   0%|          | 0/32 [00:00<?, ?it/s, loss=0.06, v_num=]         
Epoch 408:   0%|          | 0/32 [00:00<?, ?it/s, loss=0.06, v_num=]/usr/local/lib/python3.13/dist-packages/torch/utils/data/dataloader.py:432: UserWarning: This DataLoader will create 6 worker processes in total. Our suggested max number of worker in current system is 2, which is smaller than what this DataLoader is going to create. Please be aware that excessive worker creation might get DataLoader running slow or even freeze, lower the worker number to avoid potential slowness/freeze if necessary.
  self.check_worker_number_rationality()

Epoch 408:  62%|██████▎   | 20/32 [00:01<00:01, 10.95it/s, loss=0.06, v_num=]
Epoch 408:  62%|██████▎   | 20/32 [00:01<00:01, 10.94it/s, loss=0.0579, v_num=]
Epoch 408: 100%|██████████| 32/32 [00:03<00:00,  9.92it/s, loss=0.0538, v_num=]
Epoch 408:   0%|          | 0/32 [00:00<?, ?it/s, loss=0.0538, v_num=]         
Epoch 409:   0%|          | 0/32 [00:00<?, ?it/s, loss=0.0538, v_num=]/usr/local/lib/python3.13/dist-packages/torch/utils/data/dataloader.py:432: UserWarning: This DataLoader will create 6 worker processes in total. Our suggested max number of worker in current system is 2, which is smaller than what this DataLoader is going to create. Please be aware that excessive worker creation might get DataLoader running slow or even freeze, lower the worker number to avoid potential slowness/freeze if necessary.
  self.check_worker_number_rationality()

Epoch 409:  62%|██████▎   | 20/32 [00:02<00:01,  8.79it/s, loss=0.0538, v_num=]
Epoch 409:  62%|██████▎   | 20/32 [00:02<00:01,  8.79it/s, loss=0.0585, v_num=]
Epoch 409: 100%|██████████| 32/32 [00:03<00:00,  9.67it/s, loss=0.0545, v_num=]
Epoch 409:   0%|          | 0/32 [00:00<?, ?it/s, loss=0.0545, v_num=]         
Epoch 410:   0%|          | 0/32 [00:00<?, ?it/s, loss=0.0545, v_num=]/usr/local/lib/python3.13/dist-packages/torch/utils/data/dataloader.py:432: UserWarning: This DataLoader will create 6 worker processes in total. Our suggested max number of worker in current system is 2, which is smaller than what this DataLoader is going to create. Please be aware that excessive worker creation might get DataLoader running slow or even freeze, lower the worker number to avoid potential slowness/freeze if necessary.
  self.check_worker_number_rationality()

Epoch 410:  62%|██████▎   | 20/32 [00:01<00:01, 10.10it/s, loss=0.0545, v_num=]
Epoch 410:  62%|██████▎   | 20/32 [00:01<00:01, 10.09it/s, loss=0.0563, v_num=]
Epoch 410: 100%|██████████| 32/32 [00:03<00:00, 10.56it/s, loss=0.0601, v_num=]Evaluating...
NMI : 0.9300203662191661, ARI: 0.8685295405012072, ACC: 0.8785, current K: 23
Epoch 410 | NMI: 0.9300, ARI: 0.8685, ACC: 0.8785, current K: 23
Confusion Matrix:
[[  0   1   0   0   0   0 196   0   0   0   0   0   0   0   1   1   0   0
    1   0   0   0   0]
 [196   2   1   1   0   0   0   0   0   0   0   0   0   0   0   0   0   0
    0   0   0   0   0]
 [  0   0   0   0   0   0 199   0   0   1   0   0   0   0   0   0   0   0
    0   0   0   0   0]
 [  0 198   0   0   0   0   1   0   0   0   0   0   1   0   0   0   0   0
    0   0   0   0   0]
 [  0   1   0   0   0   0   0   0   0   0   0   0   0 189  10   0   0   0
    0   0   0   0   0]
 [  0   0   0 199   0   0   0   0   0   0   0   0   0   0   0   0   0   1
    0   0   0   0   0]
 [  0   0   0   0   0   0   1   0   0   0   0   0   0   1   0   0   0   0
    0 108  88   2   0]
 [  0   0   1   0 197   1   0   0   0   0   0   0   1   0   0   0   0   0
    0   0   0   0   0]
 [  0   0   0   0   0   0   0   0   0   0   0   0   0   0   0   0   0 189
   11   0   0   0   0]
 [  2   1   0   0   0   0   0   0   0   3 194   0   0   0   0   0   0   0
    0   0   0   0   0]
 [  0   0   0   0   0   0   0   0   0   0   0   0   0   0   0   0   0   1
  199   0   0   0   0]
 [  1   1   0   0   0   0   0   1   0 192   3   0   0   1   1   0   0   0
    0   0   0   0   0]
 [  0   0   0   0   0   0   1  46 151   0   0   0   0   0   2   0   0   0
    0   0   0   0   0]
 [  1   2   0   0   0   0   2   0   0   0   0   0 195   0   0   0   0   0
    0   0   0   0   0]
 [  0   1   0   0   0   0   3   0   0   0   0   0   0   1   0   0   0   0
    0   0   0   0 195]
 [  0   0 195   2   0   1   1   0   0   0   0   0   0   1   0   0   0   0
    0   0   0   0   0]
 [  0   0   0   0   0   0   0   0   0   0   0   0   0   2  12  48 135   3
    0   0   0   0   0]
 [  2   0   0   0   0   0   1   0   0   0   1 192   3   0   0   1   0   0
    0   0   0   0   0]
 [  0   0   0   0   0   0   0   0   0   1   0   0   0   0   0   0   0   1
    1   0   2 195   0]
 [  0   0   1   0   0 195   0   0   0   3   0   0   0   0   0   0   0   0
    1   0   0   0   0]
 [  0   0   0   0   0   0   0   0   0   0   0   0   0   0   0   0   0   0
    0   0   0   0   0]
 [  0   0   0   0   0   0   0   0   0   0   0   0   0   0   0   0   0   0
    0   0   0   0   0]
 [  0   0   0   0   0   0   0   0   0   0   0   0   0   0   0   0   0   0
    0   0   0   0   0]]

Epoch 410:   0%|          | 0/32 [00:00<?, ?it/s, loss=0.0601, v_num=]         
Epoch 411:   0%|          | 0/32 [00:00<?, ?it/s, loss=0.0601, v_num=]/usr/local/lib/python3.13/dist-packages/torch/utils/data/dataloader.py:432: UserWarning: This DataLoader will create 6 worker processes in total. Our suggested max number of worker in current system is 2, which is smaller than what this DataLoader is going to create. Please be aware that excessive worker creation might get DataLoader running slow or even freeze, lower the worker number to avoid potential slowness/freeze if necessary.
  self.check_worker_number_rationality()

Epoch 411:  62%|██████▎   | 20/32 [00:01<00:01, 10.93it/s, loss=0.0601, v_num=]
Epoch 411:  62%|██████▎   | 20/32 [00:01<00:01, 10.92it/s, loss=0.0568, v_num=]
Epoch 411: 100%|██████████| 32/32 [00:02<00:00, 11.09it/s, loss=0.0541, v_num=]
Epoch 411:   0%|          | 0/32 [00:00<?, ?it/s, loss=0.0541, v_num=]         
Epoch 412:   0%|          | 0/32 [00:00<?, ?it/s, loss=0.0541, v_num=]/usr/local/lib/python3.13/dist-packages/torch/utils/data/dataloader.py:432: UserWarning: This DataLoader will create 6 worker processes in total. Our suggested max number of worker in current system is 2, which is smaller than what this DataLoader is going to create. Please be aware that excessive worker creation might get DataLoader running slow or even freeze, lower the worker number to avoid potential slowness/freeze if necessary.
  self.check_worker_number_rationality()

Epoch 412:  62%|██████▎   | 20/32 [00:01<00:01, 10.92it/s, loss=0.0541, v_num=]
Epoch 412:  62%|██████▎   | 20/32 [00:01<00:01, 10.91it/s, loss=0.061, v_num=] 
Epoch 412: 100%|██████████| 32/32 [00:03<00:00, 10.14it/s, loss=0.0547, v_num=]
Epoch 412:   0%|          | 0/32 [00:00<?, ?it/s, loss=0.0547, v_num=]         
Epoch 413:   0%|          | 0/32 [00:00<?, ?it/s, loss=0.0547, v_num=]/usr/local/lib/python3.13/dist-packages/torch/utils/data/dataloader.py:432: UserWarning: This DataLoader will create 6 worker processes in total. Our suggested max number of worker in current system is 2, which is smaller than what this DataLoader is going to create. Please be aware that excessive worker creation might get DataLoader running slow or even freeze, lower the worker number to avoid potential slowness/freeze if necessary.
  self.check_worker_number_rationality()

Epoch 413:  62%|██████▎   | 20/32 [00:02<00:01,  8.69it/s, loss=0.0547, v_num=]
Epoch 413:  62%|██████▎   | 20/32 [00:02<00:01,  8.69it/s, loss=0.054, v_num=] 
Epoch 413: 100%|██████████| 32/32 [00:03<00:00,  9.59it/s, loss=0.0563, v_num=]
Epoch 413:   0%|          | 0/32 [00:00<?, ?it/s, loss=0.0563, v_num=]         
Epoch 414:   0%|          | 0/32 [00:00<?, ?it/s, loss=0.0563, v_num=]/usr/local/lib/python3.13/dist-packages/torch/utils/data/dataloader.py:432: UserWarning: This DataLoader will create 6 worker processes in total. Our suggested max number of worker in current system is 2, which is smaller than what this DataLoader is going to create. Please be aware that excessive worker creation might get DataLoader running slow or even freeze, lower the worker number to avoid potential slowness/freeze if necessary.
  self.check_worker_number_rationality()

Epoch 414:  62%|██████▎   | 20/32 [00:01<00:01, 11.17it/s, loss=0.0563, v_num=]
Epoch 414:  62%|██████▎   | 20/32 [00:01<00:01, 11.16it/s, loss=0.0562, v_num=]
Epoch 414: 100%|██████████| 32/32 [00:02<00:00, 11.32it/s, loss=0.0551, v_num=]
Epoch 414:   0%|          | 0/32 [00:00<?, ?it/s, loss=0.0551, v_num=]         
Epoch 415:   0%|          | 0/32 [00:00<?, ?it/s, loss=0.0551, v_num=]/usr/local/lib/python3.13/dist-packages/torch/utils/data/dataloader.py:432: UserWarning: This DataLoader will create 6 worker processes in total. Our suggested max number of worker in current system is 2, which is smaller than what this DataLoader is going to create. Please be aware that excessive worker creation might get DataLoader running slow or even freeze, lower the worker number to avoid potential slowness/freeze if necessary.
  self.check_worker_number_rationality()

Epoch 415:  62%|██████▎   | 20/32 [00:01<00:01, 10.92it/s, loss=0.0551, v_num=]
Epoch 415:  62%|██████▎   | 20/32 [00:01<00:01, 10.91it/s, loss=0.0567, v_num=]
Epoch 415: 100%|██████████| 32/32 [00:02<00:00, 11.11it/s, loss=0.0569, v_num=]/content/DeepDPM-New/src/clustering_models/clusternet_modules/models/Classifiers.py:351: UserWarning: To copy construct from a tensor, it is recommended to use sourceTensor.detach().clone() or sourceTensor.detach().clone().requires_grad_(True), rather than torch.tensor(sourceTensor).
  mus_ind_not_merged = torch.nonzero(torch.logical_not(torch.tensor(merge_decisions)), as_tuple=False)
/content/DeepDPM-New/src/clustering_models/clusternet_modules/models/Classifiers.py:359: UserWarning: To copy construct from a tensor, it is recommended to use sourceTensor.detach().clone() or sourceTensor.detach().clone().requires_grad_(True), rather than torch.tensor(sourceTensor).
  fc1_weights_not_merged = class_fc1.weight.data[torch.logical_not(torch.tensor(merge_decisions)).repeat_interleave(self.hidden_dim), :]
Merging clusters [[15, 16], [19, 20]]
Evaluating...
NMI : 0.9292469501321471, ARI: 0.8668150640044325, ACC: 0.875, current K: 23
[Merge] K updated → 21 clusters
  [Epoch 415] losses at merge → cluster_loss=0.0342, subcluster_loss=0.0786

Epoch 415:   0%|          | 0/32 [00:00<?, ?it/s, loss=0.0569, v_num=]         
Epoch 416:   0%|          | 0/32 [00:00<?, ?it/s, loss=0.0569, v_num=]/usr/local/lib/python3.13/dist-packages/torch/utils/data/dataloader.py:432: UserWarning: This DataLoader will create 6 worker processes in total. Our suggested max number of worker in current system is 2, which is smaller than what this DataLoader is going to create. Please be aware that excessive worker creation might get DataLoader running slow or even freeze, lower the worker number to avoid potential slowness/freeze if necessary.
  self.check_worker_number_rationality()

Epoch 416:  62%|██████▎   | 20/32 [00:01<00:01, 11.63it/s, loss=0.0569, v_num=]
Epoch 416:  62%|██████▎   | 20/32 [00:01<00:01, 11.62it/s, loss=0.0554, v_num=]
Epoch 416: 100%|██████████| 32/32 [00:02<00:00, 10.93it/s, loss=0.0576, v_num=]
Epoch 416:   0%|          | 0/32 [00:00<?, ?it/s, loss=0.0576, v_num=]         
Epoch 417:   0%|          | 0/32 [00:00<?, ?it/s, loss=0.0576, v_num=]
Epoch 417:  62%|██████▎   | 20/32 [00:02<00:01,  8.49it/s, loss=0.0576, v_num=]
Epoch 417:  62%|██████▎   | 20/32 [00:02<00:01,  8.49it/s, loss=0.0541, v_num=]
Epoch 417: 100%|██████████| 32/32 [00:03<00:00,  9.48it/s, loss=0.055, v_num=] 
Epoch 417:   0%|          | 0/32 [00:00<?, ?it/s, loss=0.055, v_num=]         
Epoch 418:   0%|          | 0/32 [00:00<?, ?it/s, loss=0.055, v_num=]
Epoch 418:  62%|██████▎   | 20/32 [00:01<00:01, 11.39it/s, loss=0.055, v_num=]
Epoch 418:  62%|██████▎   | 20/32 [00:01<00:01, 11.38it/s, loss=0.0522, v_num=]
Epoch 418: 100%|██████████| 32/32 [00:02<00:00, 11.57it/s, loss=0.0556, v_num=]
Epoch 418:   0%|          | 0/32 [00:00<?, ?it/s, loss=0.0556, v_num=]         
Epoch 419:   0%|          | 0/32 [00:00<?, ?it/s, loss=0.0556, v_num=]
Epoch 419:  62%|██████▎   | 20/32 [00:01<00:01, 11.62it/s, loss=0.0556, v_num=]
Epoch 419:  62%|██████▎   | 20/32 [00:01<00:01, 11.61it/s, loss=0.0543, v_num=]
Epoch 419: 100%|██████████| 32/32 [00:02<00:00, 11.85it/s, loss=0.0502, v_num=]
Epoch 419:   0%|          | 0/32 [00:00<?, ?it/s, loss=0.0502, v_num=]         
Epoch 420:   0%|          | 0/32 [00:00<?, ?it/s, loss=0.0502, v_num=]
Epoch 420:  62%|██████▎   | 20/32 [00:01<00:01, 11.11it/s, loss=0.0502, v_num=]
Epoch 420:  62%|██████▎   | 20/32 [00:01<00:01, 11.10it/s, loss=0.0487, v_num=]
Epoch 420: 100%|██████████| 32/32 [00:02<00:00, 11.40it/s, loss=0.0506, v_num=]Evaluating...
NMI : 0.9386736577547482, ARI: 0.8894035540713762, ACC: 0.91075, current K: 21
Epoch 420 | NMI: 0.9387, ARI: 0.8894, ACC: 0.9107, current K: 21
Confusion Matrix:
[[  0   1   0   0   0   0 196   0   0   0   0   0   0   0   1   0   1   0
    0   1   0]
 [196   2   1   1   0   0   0   0   0   0   0   0   0   0   0   0   0   0
    0   0   0]
 [  0   0   0   0   0   0 199   0   0   1   0   0   0   0   0   0   0   0
    0   0   0]
 [  0 198   0   0   0   0   1   0   0   0   0   0   1   0   0   0   0   0
    0   0   0]
 [  0   1   0   0   0   0   0   0   0   0   0   0   0 184  15   0   0   0
    0   0   0]
 [  0   0   0 199   0   0   0   0   0   0   0   0   0   0   0   1   0   0
    0   0   0]
 [  0   0   0   0   0   0   1   0   0   0   0   0   0   1   0   0   0   2
    0   0 196]
 [  0   0   1   0 198   1   0   0   0   0   0   0   0   0   0   0   0   0
    0   0   0]
 [  0   0   0   0   0   0   0   0   0   0   0   0   0   0   0 189  11   0
    0   0   0]
 [  2   1   0   0   0   0   0   0   0   3 194   0   0   0   0   0   0   0
    0   0   0]
 [  0   0   0   0   0   0   0   0   0   0   0   0   0   0   0   2 198   0
    0   0   0]
 [  1   1   0   0   0   0   0   1   0 192   3   0   0   1   1   0   0   0
    0   0   0]
 [  0   0   0   0   0   0   1  47 150   0   0   0   0   0   2   0   0   0
    0   0   0]
 [  1   1   0   0   0   0   2   0   0   0   0   0 196   0   0   0   0   0
    0   0   0]
 [  0   1   0   0   0   0   3   0   0   0   0   0   0   1   0   0   0   0
  195   0   0]
 [  0   0 195   2   0   1   1   0   0   0   0   0   0   1   0   0   0   0
    0   0   0]
 [  0   0   0   0   0   0   0   0   0   0   0   0   0   2  14   3   0   0
    0 181   0]
 [  2   0   0   0   0   0   1   0   0   0   1 192   3   0   0   0   0   0
    0   1   0]
 [  0   0   0   0   0   0   0   0   0   0   1   0   0   0   0   1   1 195
    0   0   2]
 [  0   0   1   0   0 195   0   0   0   3   0   0   0   0   0   0   1   0
    0   0   0]
 [  0   0   0   0   0   0   0   0   0   0   0   0   0   0   0   0   0   0
    0   0   0]]

Epoch 420:   0%|          | 0/32 [00:00<?, ?it/s, loss=0.0506, v_num=]         
Epoch 421:   0%|          | 0/32 [00:00<?, ?it/s, loss=0.0506, v_num=]/usr/local/lib/python3.13/dist-packages/torch/utils/data/dataloader.py:432: UserWarning: This DataLoader will create 6 worker processes in total. Our suggested max number of worker in current system is 2, which is smaller than what this DataLoader is going to create. Please be aware that excessive worker creation might get DataLoader running slow or even freeze, lower the worker number to avoid potential slowness/freeze if necessary.
  self.check_worker_number_rationality()

Epoch 421:  62%|██████▎   | 20/32 [00:02<00:01,  9.79it/s, loss=0.0506, v_num=]
Epoch 421:  62%|██████▎   | 20/32 [00:02<00:01,  9.79it/s, loss=0.0508, v_num=]
Epoch 421: 100%|██████████| 32/32 [00:03<00:00,  9.55it/s, loss=0.0525, v_num=]
Epoch 421:   0%|          | 0/32 [00:00<?, ?it/s, loss=0.0525, v_num=]         
Epoch 422:   0%|          | 0/32 [00:00<?, ?it/s, loss=0.0525, v_num=]/usr/local/lib/python3.13/dist-packages/torch/utils/data/dataloader.py:432: UserWarning: This DataLoader will create 6 worker processes in total. Our suggested max number of worker in current system is 2, which is smaller than what this DataLoader is going to create. Please be aware that excessive worker creation might get DataLoader running slow or even freeze, lower the worker number to avoid potential slowness/freeze if necessary.
  self.check_worker_number_rationality()

Epoch 422:  62%|██████▎   | 20/32 [00:01<00:01, 11.16it/s, loss=0.0525, v_num=]
Epoch 422:  62%|██████▎   | 20/32 [00:01<00:01, 11.15it/s, loss=0.0522, v_num=]
Epoch 422: 100%|██████████| 32/32 [00:02<00:00, 11.53it/s, loss=0.0585, v_num=]
Epoch 422:   0%|          | 0/32 [00:00<?, ?it/s, loss=0.0585, v_num=]         
Epoch 423:   0%|          | 0/32 [00:00<?, ?it/s, loss=0.0585, v_num=]/usr/local/lib/python3.13/dist-packages/torch/utils/data/dataloader.py:432: UserWarning: This DataLoader will create 6 worker processes in total. Our suggested max number of worker in current system is 2, which is smaller than what this DataLoader is going to create. Please be aware that excessive worker creation might get DataLoader running slow or even freeze, lower the worker number to avoid potential slowness/freeze if necessary.
  self.check_worker_number_rationality()

Epoch 423:  62%|██████▎   | 20/32 [00:01<00:01, 11.65it/s, loss=0.0585, v_num=]
Epoch 423:  62%|██████▎   | 20/32 [00:01<00:01, 11.64it/s, loss=0.0544, v_num=]
Epoch 423: 100%|██████████| 32/32 [00:02<00:00, 11.87it/s, loss=0.0486, v_num=]
Epoch 423:   0%|          | 0/32 [00:00<?, ?it/s, loss=0.0486, v_num=]         
Epoch 424:   0%|          | 0/32 [00:00<?, ?it/s, loss=0.0486, v_num=]/usr/local/lib/python3.13/dist-packages/torch/utils/data/dataloader.py:432: UserWarning: This DataLoader will create 6 worker processes in total. Our suggested max number of worker in current system is 2, which is smaller than what this DataLoader is going to create. Please be aware that excessive worker creation might get DataLoader running slow or even freeze, lower the worker number to avoid potential slowness/freeze if necessary.
  self.check_worker_number_rationality()

Epoch 424:  62%|██████▎   | 20/32 [00:01<00:01, 11.74it/s, loss=0.0486, v_num=]
Epoch 424:  62%|██████▎   | 20/32 [00:01<00:01, 11.74it/s, loss=0.0586, v_num=]
Epoch 424: 100%|██████████| 32/32 [00:02<00:00, 11.94it/s, loss=0.054, v_num=] 
Epoch 424:   0%|          | 0/32 [00:00<?, ?it/s, loss=0.054, v_num=]         
Epoch 425:   0%|          | 0/32 [00:00<?, ?it/s, loss=0.054, v_num=]/usr/local/lib/python3.13/dist-packages/torch/utils/data/dataloader.py:432: UserWarning: This DataLoader will create 6 worker processes in total. Our suggested max number of worker in current system is 2, which is smaller than what this DataLoader is going to create. Please be aware that excessive worker creation might get DataLoader running slow or even freeze, lower the worker number to avoid potential slowness/freeze if necessary.
  self.check_worker_number_rationality()

Epoch 425:  62%|██████▎   | 20/32 [00:01<00:01, 11.50it/s, loss=0.054, v_num=]
Epoch 425:  62%|██████▎   | 20/32 [00:01<00:01, 11.50it/s, loss=0.0572, v_num=]
Epoch 425: 100%|██████████| 32/32 [00:03<00:00, 10.44it/s, loss=0.0539, v_num=]Evaluating...
NMI : 0.9379360333165547, ARI: 0.8870947064308292, ACC: 0.90775, current K: 21

Epoch 425:   0%|          | 0/32 [00:00<?, ?it/s, loss=0.0539, v_num=]         
Epoch 426:   0%|          | 0/32 [00:00<?, ?it/s, loss=0.0539, v_num=]/usr/local/lib/python3.13/dist-packages/torch/utils/data/dataloader.py:432: UserWarning: This DataLoader will create 6 worker processes in total. Our suggested max number of worker in current system is 2, which is smaller than what this DataLoader is going to create. Please be aware that excessive worker creation might get DataLoader running slow or even freeze, lower the worker number to avoid potential slowness/freeze if necessary.
  self.check_worker_number_rationality()

Epoch 426:  62%|██████▎   | 20/32 [00:02<00:01,  8.80it/s, loss=0.0539, v_num=]
Epoch 426:  62%|██████▎   | 20/32 [00:02<00:01,  8.80it/s, loss=0.0568, v_num=]
Epoch 426: 100%|██████████| 32/32 [00:03<00:00,  9.77it/s, loss=0.053, v_num=] 
Epoch 426:   0%|          | 0/32 [00:00<?, ?it/s, loss=0.053, v_num=]         
Epoch 427:   0%|          | 0/32 [00:00<?, ?it/s, loss=0.053, v_num=]/usr/local/lib/python3.13/dist-packages/torch/utils/data/dataloader.py:432: UserWarning: This DataLoader will create 6 worker processes in total. Our suggested max number of worker in current system is 2, which is smaller than what this DataLoader is going to create. Please be aware that excessive worker creation might get DataLoader running slow or even freeze, lower the worker number to avoid potential slowness/freeze if necessary.
  self.check_worker_number_rationality()

Epoch 427:  62%|██████▎   | 20/32 [00:01<00:01, 11.46it/s, loss=0.053, v_num=]
Epoch 427:  62%|██████▎   | 20/32 [00:01<00:01, 11.45it/s, loss=0.0536, v_num=]
Epoch 427: 100%|██████████| 32/32 [00:02<00:00, 11.63it/s, loss=0.0569, v_num=]
Epoch 427:   0%|          | 0/32 [00:00<?, ?it/s, loss=0.0569, v_num=]         
Epoch 428:   0%|          | 0/32 [00:00<?, ?it/s, loss=0.0569, v_num=]/usr/local/lib/python3.13/dist-packages/torch/utils/data/dataloader.py:432: UserWarning: This DataLoader will create 6 worker processes in total. Our suggested max number of worker in current system is 2, which is smaller than what this DataLoader is going to create. Please be aware that excessive worker creation might get DataLoader running slow or even freeze, lower the worker number to avoid potential slowness/freeze if necessary.
  self.check_worker_number_rationality()

Epoch 428:  62%|██████▎   | 20/32 [00:01<00:01, 11.41it/s, loss=0.0569, v_num=]
Epoch 428:  62%|██████▎   | 20/32 [00:01<00:01, 11.40it/s, loss=0.0551, v_num=]
Epoch 428: 100%|██████████| 32/32 [00:02<00:00, 11.57it/s, loss=0.0529, v_num=]
Epoch 428:   0%|          | 0/32 [00:00<?, ?it/s, loss=0.0529, v_num=]         
Epoch 429:   0%|          | 0/32 [00:00<?, ?it/s, loss=0.0529, v_num=]/usr/local/lib/python3.13/dist-packages/torch/utils/data/dataloader.py:432: UserWarning: This DataLoader will create 6 worker processes in total. Our suggested max number of worker in current system is 2, which is smaller than what this DataLoader is going to create. Please be aware that excessive worker creation might get DataLoader running slow or even freeze, lower the worker number to avoid potential slowness/freeze if necessary.
  self.check_worker_number_rationality()

Epoch 429:  62%|██████▎   | 20/32 [00:01<00:01, 11.33it/s, loss=0.0529, v_num=]
Epoch 429:  62%|██████▎   | 20/32 [00:01<00:01, 11.32it/s, loss=0.0574, v_num=]
Epoch 429: 100%|██████████| 32/32 [00:02<00:00, 11.53it/s, loss=0.0546, v_num=]
Epoch 429:   0%|          | 0/32 [00:00<?, ?it/s, loss=0.0546, v_num=]         
Epoch 430:   0%|          | 0/32 [00:00<?, ?it/s, loss=0.0546, v_num=]/usr/local/lib/python3.13/dist-packages/torch/utils/data/dataloader.py:432: UserWarning: This DataLoader will create 6 worker processes in total. Our suggested max number of worker in current system is 2, which is smaller than what this DataLoader is going to create. Please be aware that excessive worker creation might get DataLoader running slow or even freeze, lower the worker number to avoid potential slowness/freeze if necessary.
  self.check_worker_number_rationality()

Epoch 430:  62%|██████▎   | 20/32 [00:02<00:01,  8.51it/s, loss=0.0546, v_num=]
Epoch 430:  62%|██████▎   | 20/32 [00:02<00:01,  8.51it/s, loss=0.0568, v_num=]
Epoch 430: 100%|██████████| 32/32 [00:03<00:00,  8.80it/s, loss=0.0537, v_num=]Evaluating...
NMI : 0.9369691439202972, ARI: 0.8847976839064532, ACC: 0.9045, current K: 21
Epoch 430 | NMI: 0.9370, ARI: 0.8848, ACC: 0.9045, current K: 21
Confusion Matrix:
[[  0   1   0   0   0   0 196   0   0   0   0   0   0   0   2   0   1   0
    0   0   0]
 [197   1   1   1   0   0   0   0   0   0   0   0   0   0   0   0   0   0
    0   0   0]
 [  0   0   0   0   0   0 199   0   0   1   0   0   0   0   0   0   0   0
    0   0   0]
 [  0 198   0   0   0   0   1   0   0   0   0   0   1   0   0   0   0   0
    0   0   0]
 [  0   1   0   0   0   0   0   0   0   0   0   0   0 178  21   0   0   0
    0   0   0]
 [  0   0   0 199   0   0   0   0   0   0   0   0   0   0   0   0   1   0
    0   0   0]
 [  0   0   0   0   0   0   1   0   0   0   0   0   0   1   0   0   0   3
    0   0 195]
 [  0   0   1   0 198   1   0   0   0   0   0   0   0   0   0   0   0   0
    0   0   0]
 [  0   0   0   0   0   0   0   0   0   0   0   0   0   0   0 188  12   0
    0   0   0]
 [  2   1   0   0   0   0   0   0   0   2 195   0   0   0   0   0   0   0
    0   0   0]
 [  0   0   0   0   0   0   0   0   0   0   0   0   0   0   0   2 197   1
    0   0   0]
 [  1   1   0   0   0   0   0   1   0 190   3   0   0   1   3   0   0   0
    0   0   0]
 [  0   0   0   0   0   0   1  57 140   0   0   0   0   0   2   0   0   0
    0   0   0]
 [  1   1   0   0   0   0   2   0   0   0   0   0 196   0   0   0   0   0
    0   0   0]
 [  0   1   0   0   0   0   3   0   0   0   0   0   0   1   0   0   0   0
  195   0   0]
 [  0   0 195   2   0   1   1   0   0   0   0   0   0   0   1   0   0   0
    0   0   0]
 [  0   0   0   0   0   0   0   0   0   0   0   0   0   2  24   3   0   0
    0 171   0]
 [  2   0   0   0   0   0   1   0   0   0   1 192   3   0   0   0   0   0
    0   1   0]
 [  0   0   0   0   0   0   0   0   0   0   1   0   0   0   0   0   1 198
    0   0   0]
 [  0   0   1   0   0 195   0   0   0   3   0   0   0   0   0   0   1   0
    0   0   0]
 [  0   0   0   0   0   0   0   0   0   0   0   0   0   0   0   0   0   0
    0   0   0]]

Epoch 430:   0%|          | 0/32 [00:00<?, ?it/s, loss=0.0537, v_num=]         
Epoch 431:   0%|          | 0/32 [00:00<?, ?it/s, loss=0.0537, v_num=]/usr/local/lib/python3.13/dist-packages/torch/utils/data/dataloader.py:432: UserWarning: This DataLoader will create 6 worker processes in total. Our suggested max number of worker in current system is 2, which is smaller than what this DataLoader is going to create. Please be aware that excessive worker creation might get DataLoader running slow or even freeze, lower the worker number to avoid potential slowness/freeze if necessary.
  self.check_worker_number_rationality()

Epoch 431:  62%|██████▎   | 20/32 [00:01<00:01, 11.52it/s, loss=0.0537, v_num=]
Epoch 431:  62%|██████▎   | 20/32 [00:01<00:01, 11.52it/s, loss=0.056, v_num=] 
Epoch 431: 100%|██████████| 32/32 [00:02<00:00, 11.58it/s, loss=0.0561, v_num=]
Epoch 431:   0%|          | 0/32 [00:00<?, ?it/s, loss=0.0561, v_num=]         
Epoch 432:   0%|          | 0/32 [00:00<?, ?it/s, loss=0.0561, v_num=]/usr/local/lib/python3.13/dist-packages/torch/utils/data/dataloader.py:432: UserWarning: This DataLoader will create 6 worker processes in total. Our suggested max number of worker in current system is 2, which is smaller than what this DataLoader is going to create. Please be aware that excessive worker creation might get DataLoader running slow or even freeze, lower the worker number to avoid potential slowness/freeze if necessary.
  self.check_worker_number_rationality()

Epoch 432:  62%|██████▎   | 20/32 [00:01<00:01, 11.52it/s, loss=0.0561, v_num=]
Epoch 432:  62%|██████▎   | 20/32 [00:01<00:01, 11.51it/s, loss=0.0562, v_num=]
Epoch 432: 100%|██████████| 32/32 [00:02<00:00, 11.58it/s, loss=0.0513, v_num=]
Epoch 432:   0%|          | 0/32 [00:00<?, ?it/s, loss=0.0513, v_num=]         
Epoch 433:   0%|          | 0/32 [00:00<?, ?it/s, loss=0.0513, v_num=]/usr/local/lib/python3.13/dist-packages/torch/utils/data/dataloader.py:432: UserWarning: This DataLoader will create 6 worker processes in total. Our suggested max number of worker in current system is 2, which is smaller than what this DataLoader is going to create. Please be aware that excessive worker creation might get DataLoader running slow or even freeze, lower the worker number to avoid potential slowness/freeze if necessary.
  self.check_worker_number_rationality()

Epoch 433:  62%|██████▎   | 20/32 [00:01<00:01, 11.64it/s, loss=0.0513, v_num=]
Epoch 433:  62%|██████▎   | 20/32 [00:01<00:01, 11.63it/s, loss=0.0582, v_num=]
Epoch 433: 100%|██████████| 32/32 [00:02<00:00, 11.82it/s, loss=0.062, v_num=] 
Epoch 433:   0%|          | 0/32 [00:00<?, ?it/s, loss=0.062, v_num=]         
Epoch 434:   0%|          | 0/32 [00:00<?, ?it/s, loss=0.062, v_num=]/usr/local/lib/python3.13/dist-packages/torch/utils/data/dataloader.py:432: UserWarning: This DataLoader will create 6 worker processes in total. Our suggested max number of worker in current system is 2, which is smaller than what this DataLoader is going to create. Please be aware that excessive worker creation might get DataLoader running slow or even freeze, lower the worker number to avoid potential slowness/freeze if necessary.
  self.check_worker_number_rationality()

Epoch 434:  62%|██████▎   | 20/32 [00:01<00:01, 10.52it/s, loss=0.062, v_num=]
Epoch 434:  62%|██████▎   | 20/32 [00:01<00:01, 10.52it/s, loss=0.0581, v_num=]
Epoch 434: 100%|██████████| 32/32 [00:03<00:00, 10.19it/s, loss=0.0533, v_num=]
Epoch 434:   0%|          | 0/32 [00:00<?, ?it/s, loss=0.0533, v_num=]         
Epoch 435:   0%|          | 0/32 [00:00<?, ?it/s, loss=0.0533, v_num=]/usr/local/lib/python3.13/dist-packages/torch/utils/data/dataloader.py:432: UserWarning: This DataLoader will create 6 worker processes in total. Our suggested max number of worker in current system is 2, which is smaller than what this DataLoader is going to create. Please be aware that excessive worker creation might get DataLoader running slow or even freeze, lower the worker number to avoid potential slowness/freeze if necessary.
  self.check_worker_number_rationality()

Epoch 435:  62%|██████▎   | 20/32 [00:02<00:01,  9.80it/s, loss=0.0533, v_num=]
Epoch 435:  62%|██████▎   | 20/32 [00:02<00:01,  9.80it/s, loss=0.0613, v_num=]
Epoch 435: 100%|██████████| 32/32 [00:03<00:00, 10.56it/s, loss=0.0543, v_num=]Evaluating...
NMI : 0.9349007547370365, ARI: 0.8822692383780608, ACC: 0.90175, current K: 21

Epoch 435:   0%|          | 0/32 [00:00<?, ?it/s, loss=0.0543, v_num=]         
Epoch 436:   0%|          | 0/32 [00:00<?, ?it/s, loss=0.0543, v_num=]/usr/local/lib/python3.13/dist-packages/torch/utils/data/dataloader.py:432: UserWarning: This DataLoader will create 6 worker processes in total. Our suggested max number of worker in current system is 2, which is smaller than what this DataLoader is going to create. Please be aware that excessive worker creation might get DataLoader running slow or even freeze, lower the worker number to avoid potential slowness/freeze if necessary.
  self.check_worker_number_rationality()

Epoch 436:  62%|██████▎   | 20/32 [00:01<00:01, 11.52it/s, loss=0.0543, v_num=]
Epoch 436:  62%|██████▎   | 20/32 [00:01<00:01, 11.52it/s, loss=0.0567, v_num=]
Epoch 436: 100%|██████████| 32/32 [00:02<00:00, 11.74it/s, loss=0.0596, v_num=]
Epoch 436:   0%|          | 0/32 [00:00<?, ?it/s, loss=0.0596, v_num=]         
Epoch 437:   0%|          | 0/32 [00:00<?, ?it/s, loss=0.0596, v_num=]/usr/local/lib/python3.13/dist-packages/torch/utils/data/dataloader.py:432: UserWarning: This DataLoader will create 6 worker processes in total. Our suggested max number of worker in current system is 2, which is smaller than what this DataLoader is going to create. Please be aware that excessive worker creation might get DataLoader running slow or even freeze, lower the worker number to avoid potential slowness/freeze if necessary.
  self.check_worker_number_rationality()

Epoch 437:  62%|██████▎   | 20/32 [00:01<00:01, 11.74it/s, loss=0.0596, v_num=]
Epoch 437:  62%|██████▎   | 20/32 [00:01<00:01, 11.74it/s, loss=0.0579, v_num=]
Epoch 437: 100%|██████████| 32/32 [00:02<00:00, 11.89it/s, loss=0.053, v_num=] 
Epoch 437:   0%|          | 0/32 [00:00<?, ?it/s, loss=0.053, v_num=]         
Epoch 438:   0%|          | 0/32 [00:00<?, ?it/s, loss=0.053, v_num=]/usr/local/lib/python3.13/dist-packages/torch/utils/data/dataloader.py:432: UserWarning: This DataLoader will create 6 worker processes in total. Our suggested max number of worker in current system is 2, which is smaller than what this DataLoader is going to create. Please be aware that excessive worker creation might get DataLoader running slow or even freeze, lower the worker number to avoid potential slowness/freeze if necessary.
  self.check_worker_number_rationality()

Epoch 438:  62%|██████▎   | 20/32 [00:01<00:01, 11.77it/s, loss=0.053, v_num=]
Epoch 438:  62%|██████▎   | 20/32 [00:01<00:01, 11.76it/s, loss=0.0568, v_num=]
Epoch 438: 100%|██████████| 32/32 [00:02<00:00, 11.17it/s, loss=0.0619, v_num=]
Epoch 438:   0%|          | 0/32 [00:00<?, ?it/s, loss=0.0619, v_num=]         
Epoch 439:   0%|          | 0/32 [00:00<?, ?it/s, loss=0.0619, v_num=]/usr/local/lib/python3.13/dist-packages/torch/utils/data/dataloader.py:432: UserWarning: This DataLoader will create 6 worker processes in total. Our suggested max number of worker in current system is 2, which is smaller than what this DataLoader is going to create. Please be aware that excessive worker creation might get DataLoader running slow or even freeze, lower the worker number to avoid potential slowness/freeze if necessary.
  self.check_worker_number_rationality()

Epoch 439:  62%|██████▎   | 20/32 [00:02<00:01,  8.67it/s, loss=0.0619, v_num=]
Epoch 439:  62%|██████▎   | 20/32 [00:02<00:01,  8.66it/s, loss=0.0624, v_num=]
Epoch 439: 100%|██████████| 32/32 [00:03<00:00,  9.75it/s, loss=0.0539, v_num=]
Epoch 439:   0%|          | 0/32 [00:00<?, ?it/s, loss=0.0539, v_num=]         
Epoch 440:   0%|          | 0/32 [00:00<?, ?it/s, loss=0.0539, v_num=]/usr/local/lib/python3.13/dist-packages/torch/utils/data/dataloader.py:432: UserWarning: This DataLoader will create 6 worker processes in total. Our suggested max number of worker in current system is 2, which is smaller than what this DataLoader is going to create. Please be aware that excessive worker creation might get DataLoader running slow or even freeze, lower the worker number to avoid potential slowness/freeze if necessary.
  self.check_worker_number_rationality()

Epoch 440:  62%|██████▎   | 20/32 [00:01<00:01, 11.82it/s, loss=0.0539, v_num=]
Epoch 440:  62%|██████▎   | 20/32 [00:01<00:01, 11.81it/s, loss=0.0512, v_num=]
Epoch 440: 100%|██████████| 32/32 [00:02<00:00, 11.58it/s, loss=0.0588, v_num=]Evaluating...
NMI : 0.934636256662099, ARI: 0.8814884132389063, ACC: 0.9005, current K: 21
Epoch 440 | NMI: 0.9346, ARI: 0.8815, ACC: 0.9005, current K: 21
Confusion Matrix:
[[  0   1   0   0   0   0 196   0   0   0   0   0   0   0   2   0   1   0
    0   0   0]
 [197   1   1   1   0   0   0   0   0   0   0   0   0   0   0   0   0   0
    0   0   0]
 [  1   0   0   0   0   0 199   0   0   0   0   0   0   0   0   0   0   0
    0   0   0]
 [  0 198   0   0   0   0   1   0   0   0   0   0   1   0   0   0   0   0
    0   0   0]
 [  0   1   0   0   0   0   0   0   0   0   0   0   0 174  25   0   0   0
    0   0   0]
 [  0   0   0 199   0   0   0   0   0   0   0   0   0   0   0   0   1   0
    0   0   0]
 [  0   0   0   0   0   0   1   0   0   0   0   0   0   1   0   0   0   3
    0   0 195]
 [  0   0   1   0 198   1   0   0   0   0   0   0   0   0   0   0   0   0
    0   0   0]
 [  0   0   0   0   0   0   0   0   0   0   0   0   0   0   0 188  12   0
    0   0   0]
 [  2   1   0   0   0   0   0   0   0   3 194   0   0   0   0   0   0   0
    0   0   0]
 [  0   0   0   0   0   0   0   0   0   0   0   0   0   0   0   2 197   1
    0   0   0]
 [  1   1   0   0   0   0   0   1   0 183   3   0   0   1  10   0   0   0
    0   0   0]
 [  0   0   0   0   0   0   1  61 136   0   0   0   0   0   2   0   0   0
    0   0   0]
 [  1   1   0   0   0   0   2   0   0   0   0   0 196   0   0   0   0   0
    0   0   0]
 [  0   1   0   0   0   0   3   0   0   0   0   0   0   0   1   0   0   0
  195   0   0]
 [  0   0 195   2   0   1   1   0   0   0   0   0   0   0   1   0   0   0
    0   0   0]
 [  0   0   0   0   0   0   0   0   0   0   0   0   0   2  24   3   0   0
    0 171   0]
 [  2   0   0   0   0   0   1   0   0   0   1 192   3   0   1   0   0   0
    0   0   0]
 [  0   0   0   0   0   0   0   0   0   0   0   0   0   0   1   0   1 198
    0   0   0]
 [  0   0   1   0   0 195   0   0   0   0   0   0   0   0   3   0   1   0
    0   0   0]
 [  0   0   0   0   0   0   0   0   0   0   0   0   0   0   0   0   0   0
    0   0   0]]

Epoch 440:   0%|          | 0/32 [00:00<?, ?it/s, loss=0.0588, v_num=]         
Epoch 441:   0%|          | 0/32 [00:00<?, ?it/s, loss=0.0588, v_num=]/usr/local/lib/python3.13/dist-packages/torch/utils/data/dataloader.py:432: UserWarning: This DataLoader will create 6 worker processes in total. Our suggested max number of worker in current system is 2, which is smaller than what this DataLoader is going to create. Please be aware that excessive worker creation might get DataLoader running slow or even freeze, lower the worker number to avoid potential slowness/freeze if necessary.
  self.check_worker_number_rationality()

Epoch 441:  62%|██████▎   | 20/32 [00:01<00:01, 11.79it/s, loss=0.0588, v_num=]
Epoch 441:  62%|██████▎   | 20/32 [00:01<00:01, 11.78it/s, loss=0.0557, v_num=]
Epoch 441: 100%|██████████| 32/32 [00:02<00:00, 11.98it/s, loss=0.056, v_num=] 
Epoch 441:   0%|          | 0/32 [00:00<?, ?it/s, loss=0.056, v_num=]         
Epoch 442:   0%|          | 0/32 [00:00<?, ?it/s, loss=0.056, v_num=]/usr/local/lib/python3.13/dist-packages/torch/utils/data/dataloader.py:432: UserWarning: This DataLoader will create 6 worker processes in total. Our suggested max number of worker in current system is 2, which is smaller than what this DataLoader is going to create. Please be aware that excessive worker creation might get DataLoader running slow or even freeze, lower the worker number to avoid potential slowness/freeze if necessary.
  self.check_worker_number_rationality()

Epoch 442:  62%|██████▎   | 20/32 [00:01<00:01, 11.81it/s, loss=0.056, v_num=]
Epoch 442:  62%|██████▎   | 20/32 [00:01<00:01, 11.81it/s, loss=0.055, v_num=]
Epoch 442: 100%|██████████| 32/32 [00:02<00:00, 11.99it/s, loss=0.0581, v_num=]
Epoch 442:   0%|          | 0/32 [00:00<?, ?it/s, loss=0.0581, v_num=]         
Epoch 443:   0%|          | 0/32 [00:00<?, ?it/s, loss=0.0581, v_num=]/usr/local/lib/python3.13/dist-packages/torch/utils/data/dataloader.py:432: UserWarning: This DataLoader will create 6 worker processes in total. Our suggested max number of worker in current system is 2, which is smaller than what this DataLoader is going to create. Please be aware that excessive worker creation might get DataLoader running slow or even freeze, lower the worker number to avoid potential slowness/freeze if necessary.
  self.check_worker_number_rationality()

Epoch 443:  62%|██████▎   | 20/32 [00:02<00:01,  9.83it/s, loss=0.0581, v_num=]
Epoch 443:  62%|██████▎   | 20/32 [00:02<00:01,  9.82it/s, loss=0.0544, v_num=]
Epoch 443: 100%|██████████| 32/32 [00:03<00:00,  9.57it/s, loss=0.0557, v_num=]
Epoch 443:   0%|          | 0/32 [00:00<?, ?it/s, loss=0.0557, v_num=]         
Epoch 444:   0%|          | 0/32 [00:00<?, ?it/s, loss=0.0557, v_num=]/usr/local/lib/python3.13/dist-packages/torch/utils/data/dataloader.py:432: UserWarning: This DataLoader will create 6 worker processes in total. Our suggested max number of worker in current system is 2, which is smaller than what this DataLoader is going to create. Please be aware that excessive worker creation might get DataLoader running slow or even freeze, lower the worker number to avoid potential slowness/freeze if necessary.
  self.check_worker_number_rationality()

Epoch 444:  62%|██████▎   | 20/32 [00:01<00:01, 11.09it/s, loss=0.0557, v_num=]
Epoch 444:  62%|██████▎   | 20/32 [00:01<00:01, 11.09it/s, loss=0.0579, v_num=]
Epoch 444: 100%|██████████| 32/32 [00:02<00:00, 11.56it/s, loss=0.0608, v_num=]
Epoch 444:   0%|          | 0/32 [00:00<?, ?it/s, loss=0.0608, v_num=]         
Epoch 445:   0%|          | 0/32 [00:00<?, ?it/s, loss=0.0608, v_num=]/usr/local/lib/python3.13/dist-packages/torch/utils/data/dataloader.py:432: UserWarning: This DataLoader will create 6 worker processes in total. Our suggested max number of worker in current system is 2, which is smaller than what this DataLoader is going to create. Please be aware that excessive worker creation might get DataLoader running slow or even freeze, lower the worker number to avoid potential slowness/freeze if necessary.
  self.check_worker_number_rationality()

Epoch 445:  62%|██████▎   | 20/32 [00:01<00:01, 11.94it/s, loss=0.0608, v_num=]
Epoch 445:  62%|██████▎   | 20/32 [00:01<00:01, 11.93it/s, loss=0.0545, v_num=]
Epoch 445: 100%|██████████| 32/32 [00:02<00:00, 12.06it/s, loss=0.0619, v_num=]Evaluating...
NMI : 0.9346577816234827, ARI: 0.880986872274315, ACC: 0.90025, current K: 21

Epoch 445:   0%|          | 0/32 [00:00<?, ?it/s, loss=0.0619, v_num=]         
Epoch 446:   0%|          | 0/32 [00:00<?, ?it/s, loss=0.0619, v_num=]/usr/local/lib/python3.13/dist-packages/torch/utils/data/dataloader.py:432: UserWarning: This DataLoader will create 6 worker processes in total. Our suggested max number of worker in current system is 2, which is smaller than what this DataLoader is going to create. Please be aware that excessive worker creation might get DataLoader running slow or even freeze, lower the worker number to avoid potential slowness/freeze if necessary.
  self.check_worker_number_rationality()

Epoch 446:  62%|██████▎   | 20/32 [00:01<00:01, 11.48it/s, loss=0.0619, v_num=]
Epoch 446:  62%|██████▎   | 20/32 [00:01<00:01, 11.47it/s, loss=0.0639, v_num=]
Epoch 446: 100%|██████████| 32/32 [00:02<00:00, 11.76it/s, loss=0.0611, v_num=]
Epoch 446:   0%|          | 0/32 [00:00<?, ?it/s, loss=0.0611, v_num=]         
Epoch 447:   0%|          | 0/32 [00:00<?, ?it/s, loss=0.0611, v_num=]/usr/local/lib/python3.13/dist-packages/torch/utils/data/dataloader.py:432: UserWarning: This DataLoader will create 6 worker processes in total. Our suggested max number of worker in current system is 2, which is smaller than what this DataLoader is going to create. Please be aware that excessive worker creation might get DataLoader running slow or even freeze, lower the worker number to avoid potential slowness/freeze if necessary.
  self.check_worker_number_rationality()

Epoch 447:  62%|██████▎   | 20/32 [00:01<00:01, 11.56it/s, loss=0.0611, v_num=]
Epoch 447:  62%|██████▎   | 20/32 [00:01<00:01, 11.55it/s, loss=0.0601, v_num=]
Epoch 447: 100%|██████████| 32/32 [00:03<00:00, 10.61it/s, loss=0.0589, v_num=]
Epoch 447:   0%|          | 0/32 [00:00<?, ?it/s, loss=0.0589, v_num=]         
Epoch 448:   0%|          | 0/32 [00:00<?, ?it/s, loss=0.0589, v_num=]/usr/local/lib/python3.13/dist-packages/torch/utils/data/dataloader.py:432: UserWarning: This DataLoader will create 6 worker processes in total. Our suggested max number of worker in current system is 2, which is smaller than what this DataLoader is going to create. Please be aware that excessive worker creation might get DataLoader running slow or even freeze, lower the worker number to avoid potential slowness/freeze if necessary.
  self.check_worker_number_rationality()

Epoch 448:  62%|██████▎   | 20/32 [00:02<00:01,  9.07it/s, loss=0.0589, v_num=]
Epoch 448:  62%|██████▎   | 20/32 [00:02<00:01,  9.06it/s, loss=0.0555, v_num=]
Epoch 448: 100%|██████████| 32/32 [00:03<00:00,  9.94it/s, loss=0.0535, v_num=]
Epoch 448:   0%|          | 0/32 [00:00<?, ?it/s, loss=0.0535, v_num=]         
Epoch 449:   0%|          | 0/32 [00:00<?, ?it/s, loss=0.0535, v_num=]/usr/local/lib/python3.13/dist-packages/torch/utils/data/dataloader.py:432: UserWarning: This DataLoader will create 6 worker processes in total. Our suggested max number of worker in current system is 2, which is smaller than what this DataLoader is going to create. Please be aware that excessive worker creation might get DataLoader running slow or even freeze, lower the worker number to avoid potential slowness/freeze if necessary.
  self.check_worker_number_rationality()

Epoch 449:  62%|██████▎   | 20/32 [00:01<00:01, 11.39it/s, loss=0.0535, v_num=]
Epoch 449:  62%|██████▎   | 20/32 [00:01<00:01, 11.39it/s, loss=0.0541, v_num=]
Epoch 449: 100%|██████████| 32/32 [00:02<00:00, 11.67it/s, loss=0.0583, v_num=]
Epoch 449:   0%|          | 0/32 [00:00<?, ?it/s, loss=0.0583, v_num=]         
Epoch 450:   0%|          | 0/32 [00:00<?, ?it/s, loss=0.0583, v_num=]/usr/local/lib/python3.13/dist-packages/torch/utils/data/dataloader.py:432: UserWarning: This DataLoader will create 6 worker processes in total. Our suggested max number of worker in current system is 2, which is smaller than what this DataLoader is going to create. Please be aware that excessive worker creation might get DataLoader running slow or even freeze, lower the worker number to avoid potential slowness/freeze if necessary.
  self.check_worker_number_rationality()

Epoch 450:  62%|██████▎   | 20/32 [00:01<00:01, 11.73it/s, loss=0.0583, v_num=]
Epoch 450:  62%|██████▎   | 20/32 [00:01<00:01, 11.72it/s, loss=0.0626, v_num=]
Epoch 450: 100%|██████████| 32/32 [00:02<00:00, 11.96it/s, loss=0.0636, v_num=]Evaluating...
NMI : 0.9347417035643544, ARI: 0.8810626601074026, ACC: 0.8995, current K: 21
Epoch 450 | NMI: 0.9347, ARI: 0.8811, ACC: 0.8995, current K: 21
Confusion Matrix:
[[  0   1   0   0   0   0 196   0   0   0   0   0   0   0   2   0   1   0
    0   0   0]
 [197   1   1   1   0   0   0   0   0   0   0   0   0   0   0   0   0   0
    0   0   0]
 [  0   0   0   0   0   0 199   0   0   0   0   0   0   0   1   0   0   0
    0   0   0]
 [  0 198   0   0   0   0   1   0   0   0   0   0   1   0   0   0   0   0
    0   0   0]
 [  0   1   0   0   0   0   0   0   0   0   0   0   0 171  28   0   0   0
    0   0   0]
 [  0   0   0 199   0   0   0   0   0   0   0   0   0   0   0   0   1   0
    0   0   0]
 [  0   0   0   0   0   0   1   0   0   0   0   0   0   1   0   0   0   2
    0   0 196]
 [  0   0   1   0 198   1   0   0   0   0   0   0   0   0   0   0   0   0
    0   0   0]
 [  0   0   0   0   0   0   0   0   0   0   0   0   0   0   0 188  12   0
    0   0   0]
 [  2   1   0   0   0   0   0   0   0   3 194   0   0   0   0   0   0   0
    0   0   0]
 [  0   0   0   0   0   0   0   0   0   0   0   0   0   0   0   2 197   1
    0   0   0]
 [  1   1   0   0   0   0   0   1   0 180   3   0   0   1  13   0   0   0
    0   0   0]
 [  0   0   0   0   0   0   1  62 135   0   0   0   0   0   2   0   0   0
    0   0   0]
 [  1   1   0   0   0   0   2   0   0   0   0   0 196   0   0   0   0   0
    0   0   0]
 [  0   1   0   0   0   0   3   0   0   0   0   0   0   0   1   0   0   0
  195   0   0]
 [  0   0 195   2   0   1   1   0   0   0   0   0   0   0   1   0   0   0
    0   0   0]
 [  0   0   0   0   0   0   0   0   0   0   0   0   0   2  23   2   0   0
    0 173   0]
 [  3   0   0   0   0   0   1   0   0   0   0 192   3   0   1   0   0   0
    0   0   0]
 [  0   0   0   0   0   0   0   0   0   0   0   0   0   0   1   0   1 198
    0   0   0]
 [  0   0   1   0   0 195   0   0   0   0   0   0   0   0   3   0   1   0
    0   0   0]
 [  0   0   0   0   0   0   0   0   0   0   0   0   0   0   0   0   0   0
    0   0   0]]

Epoch 450:   0%|          | 0/32 [00:00<?, ?it/s, loss=0.0636, v_num=]         
Epoch 451:   0%|          | 0/32 [00:00<?, ?it/s, loss=0.0636, v_num=]/usr/local/lib/python3.13/dist-packages/torch/utils/data/dataloader.py:432: UserWarning: This DataLoader will create 6 worker processes in total. Our suggested max number of worker in current system is 2, which is smaller than what this DataLoader is going to create. Please be aware that excessive worker creation might get DataLoader running slow or even freeze, lower the worker number to avoid potential slowness/freeze if necessary.
  self.check_worker_number_rationality()

Epoch 451:  62%|██████▎   | 20/32 [00:01<00:01, 11.03it/s, loss=0.0636, v_num=]
Epoch 451:  62%|██████▎   | 20/32 [00:01<00:01, 11.02it/s, loss=0.0647, v_num=]
Epoch 451: 100%|██████████| 32/32 [00:02<00:00, 11.45it/s, loss=0.0646, v_num=]
Epoch 451:   0%|          | 0/32 [00:00<?, ?it/s, loss=0.0646, v_num=]         
Epoch 452:   0%|          | 0/32 [00:00<?, ?it/s, loss=0.0646, v_num=]/usr/local/lib/python3.13/dist-packages/torch/utils/data/dataloader.py:432: UserWarning: This DataLoader will create 6 worker processes in total. Our suggested max number of worker in current system is 2, which is smaller than what this DataLoader is going to create. Please be aware that excessive worker creation might get DataLoader running slow or even freeze, lower the worker number to avoid potential slowness/freeze if necessary.
  self.check_worker_number_rationality()

Epoch 452:  62%|██████▎   | 20/32 [00:02<00:01,  9.15it/s, loss=0.0646, v_num=]
Epoch 452:  62%|██████▎   | 20/32 [00:02<00:01,  9.15it/s, loss=0.0611, v_num=]
Epoch 452: 100%|██████████| 32/32 [00:03<00:00,  9.59it/s, loss=0.0575, v_num=]
Epoch 452:   0%|          | 0/32 [00:00<?, ?it/s, loss=0.0575, v_num=]         
Epoch 453:   0%|          | 0/32 [00:00<?, ?it/s, loss=0.0575, v_num=]/usr/local/lib/python3.13/dist-packages/torch/utils/data/dataloader.py:432: UserWarning: This DataLoader will create 6 worker processes in total. Our suggested max number of worker in current system is 2, which is smaller than what this DataLoader is going to create. Please be aware that excessive worker creation might get DataLoader running slow or even freeze, lower the worker number to avoid potential slowness/freeze if necessary.
  self.check_worker_number_rationality()

Epoch 453:  62%|██████▎   | 20/32 [00:01<00:01, 11.70it/s, loss=0.0575, v_num=]
Epoch 453:  62%|██████▎   | 20/32 [00:01<00:01, 11.70it/s, loss=0.0682, v_num=]
Epoch 453: 100%|██████████| 32/32 [00:02<00:00, 11.93it/s, loss=0.0673, v_num=]
Epoch 453:   0%|          | 0/32 [00:00<?, ?it/s, loss=0.0673, v_num=]         
Epoch 454:   0%|          | 0/32 [00:00<?, ?it/s, loss=0.0673, v_num=]/usr/local/lib/python3.13/dist-packages/torch/utils/data/dataloader.py:432: UserWarning: This DataLoader will create 6 worker processes in total. Our suggested max number of worker in current system is 2, which is smaller than what this DataLoader is going to create. Please be aware that excessive worker creation might get DataLoader running slow or even freeze, lower the worker number to avoid potential slowness/freeze if necessary.
  self.check_worker_number_rationality()

Epoch 454:  62%|██████▎   | 20/32 [00:01<00:01, 11.78it/s, loss=0.0673, v_num=]
Epoch 454:  62%|██████▎   | 20/32 [00:01<00:01, 11.78it/s, loss=0.0614, v_num=]
Epoch 454: 100%|██████████| 32/32 [00:02<00:00, 11.98it/s, loss=0.0621, v_num=]
Epoch 454:   0%|          | 0/32 [00:00<?, ?it/s, loss=0.0621, v_num=]         
Epoch 455:   0%|          | 0/32 [00:00<?, ?it/s, loss=0.0621, v_num=]/usr/local/lib/python3.13/dist-packages/torch/utils/data/dataloader.py:432: UserWarning: This DataLoader will create 6 worker processes in total. Our suggested max number of worker in current system is 2, which is smaller than what this DataLoader is going to create. Please be aware that excessive worker creation might get DataLoader running slow or even freeze, lower the worker number to avoid potential slowness/freeze if necessary.
  self.check_worker_number_rationality()

Epoch 455:  62%|██████▎   | 20/32 [00:01<00:01, 11.85it/s, loss=0.0621, v_num=]
Epoch 455:  62%|██████▎   | 20/32 [00:01<00:01, 11.84it/s, loss=0.0678, v_num=]
Epoch 455: 100%|██████████| 32/32 [00:02<00:00, 12.02it/s, loss=0.0638, v_num=]/content/DeepDPM-New/src/clustering_models/clusternet_modules/clusternetasmodel.py:682: UserWarning: To copy construct from a tensor, it is recommended to use sourceTensor.detach().clone() or sourceTensor.detach().clone().requires_grad_(True), rather than torch.tensor(sourceTensor).
  mus_ind_to_split = torch.nonzero(torch.tensor(split_decisions), as_tuple=False)
Splitting clusters [ 3  6  8 11 12 17]
Evaluating...
NMI : 0.9342630178871849, ARI: 0.8802835178968202, ACC: 0.8995, current K: 21
[Split] K updated → 27 clusters
  [Epoch 455] losses at split → cluster_loss=0.0334, subcluster_loss=0.0965

Epoch 455:   0%|          | 0/32 [00:00<?, ?it/s, loss=0.0638, v_num=]         
Epoch 456:   0%|          | 0/32 [00:00<?, ?it/s, loss=0.0638, v_num=]/usr/local/lib/python3.13/dist-packages/torch/utils/data/dataloader.py:432: UserWarning: This DataLoader will create 6 worker processes in total. Our suggested max number of worker in current system is 2, which is smaller than what this DataLoader is going to create. Please be aware that excessive worker creation might get DataLoader running slow or even freeze, lower the worker number to avoid potential slowness/freeze if necessary.
  self.check_worker_number_rationality()

Epoch 456:  62%|██████▎   | 20/32 [00:02<00:01,  8.83it/s, loss=0.0638, v_num=]
Epoch 456:  62%|██████▎   | 20/32 [00:02<00:01,  8.83it/s, loss=0.161, v_num=] 
Epoch 456: 100%|██████████| 32/32 [00:03<00:00,  8.42it/s, loss=0.144, v_num=]
Epoch 456:   0%|          | 0/32 [00:00<?, ?it/s, loss=0.144, v_num=]         
Epoch 457:   0%|          | 0/32 [00:00<?, ?it/s, loss=0.144, v_num=]
Epoch 457:  62%|██████▎   | 20/32 [00:02<00:01,  9.46it/s, loss=0.144, v_num=]
Epoch 457:  62%|██████▎   | 20/32 [00:02<00:01,  9.46it/s, loss=0.134, v_num=]
Epoch 457: 100%|██████████| 32/32 [00:03<00:00,  9.72it/s, loss=0.131, v_num=]
Epoch 457:   0%|          | 0/32 [00:00<?, ?it/s, loss=0.131, v_num=]         
Epoch 458:   0%|          | 0/32 [00:00<?, ?it/s, loss=0.131, v_num=]
Epoch 458:  62%|██████▎   | 20/32 [00:02<00:01,  9.94it/s, loss=0.131, v_num=]
Epoch 458:  62%|██████▎   | 20/32 [00:02<00:01,  9.93it/s, loss=0.131, v_num=]
Epoch 458: 100%|██████████| 32/32 [00:03<00:00, 10.03it/s, loss=0.124, v_num=]
Epoch 458:   0%|          | 0/32 [00:00<?, ?it/s, loss=0.124, v_num=]         
Epoch 459:   0%|          | 0/32 [00:00<?, ?it/s, loss=0.124, v_num=]
Epoch 459:  62%|██████▎   | 20/32 [00:02<00:01,  9.88it/s, loss=0.124, v_num=]
Epoch 459:  62%|██████▎   | 20/32 [00:02<00:01,  9.88it/s, loss=0.113, v_num=]
Epoch 459: 100%|██████████| 32/32 [00:03<00:00,  9.97it/s, loss=0.118, v_num=]
Epoch 459:   0%|          | 0/32 [00:00<?, ?it/s, loss=0.118, v_num=]         
Epoch 460:   0%|          | 0/32 [00:00<?, ?it/s, loss=0.118, v_num=]
Epoch 460:  62%|██████▎   | 20/32 [00:02<00:01,  8.04it/s, loss=0.118, v_num=]
Epoch 460:  62%|██████▎   | 20/32 [00:02<00:01,  8.04it/s, loss=0.112, v_num=]
Epoch 460: 100%|██████████| 32/32 [00:04<00:00,  7.84it/s, loss=0.113, v_num=]Evaluating...
NMI : 0.9446249267627609, ARI: 0.9280882730075032, ACC: 0.94875, current K: 22
Epoch 460 | NMI: 0.9446, ARI: 0.9281, ACC: 0.9487, current K: 22
Confusion Matrix:
[[  0   0   0   0   0   0   0   0   0   2   0   1   0   0   0   0   0 194
    3   0   0   0   0   0]
 [197   1   1   0   0   0   0   0   0   0   0   0   0   0   0   0   1   0
    0   0   0   0   0   0]
 [  0   0   0   0   0   0   0   0   0   1   0   0   0   0   0   0   0   1
  198   0   0   0   0   0]
 [  0 198   0   0   0   0   0   0   0   0   0   0   0   0   0   0   0   0
    1   0   0   0   1   0]
 [  0   1   0   0   0   0   0   0 170  29   0   0   0   0   0   0   0   0
    0   0   0   0   0   0]
 [  0   0   0   0   0   0   0   0   0   0   0   1   0   0   0   0 199   0
    0   0   0   0   0   0]
 [  0   0   0   0   0   0   0   0   1   0   0   0   0   0 195   0   0   0
    1   0   0   0   0   3]
 [  0   0   1 198   1   0   0   0   0   0   0   0   0   0   0   0   0   0
    0   0   0   0   0   0]
 [  0   0   0   0   0   0   0   0   0   0 188  12   0   0   0   0   0   0
    0   0   0   0   0   0]
 [  2   1   0   0   0   0   3 194   0   0   0   0   0   0   0   0   0   0
    0   0   0   0   0   0]
 [  0   0   0   0   0   0   0   0   0   0   2 197   0   0   0   0   0   0
    0   0   0   0   0   1]
 [  1   1   0   0   0   1 180   3   1  13   0   0   0   0   0   0   0   0
    0   0   0   0   0   0]
 [  0   0   0   0   0  50   0   0   0   2   0   0   0   0   0   0   0   1
    0   0 147   0   0   0]
 [  3   1   0   0   0   0   0   0   0   0   0   0   0   0   0   0   1   0
    1   0   0   0 194   0]
 [  0   1   0   0   0   0   0   0   0   1   0   0 195   0   0   0   0   0
    3   0   0   0   0   0]
 [  0   0 195   0   1   0   0   0   0   1   0   0   0   0   0   0   2   1
    0   0   0   0   0   0]
 [  0   0   0   0   0   0   0   0   2  25   2   0   0 171   0   0   0   0
    0   0   0   0   0   0]
 [  3   0   0   0   0   0   0   0   0   1   0   0   0   0   0   0   0   0
    1   0   0 192   3   0]
 [  0   0   0   0   0   0   0   0   0   1   0   1   0   0   0   0   0   0
    0   0   0   0   0 198]
 [  0   0   1   0 195   0   0   0   0   3   0   1   0   0   0   0   0   0
    0   0   0   0   0   0]
 [  0   0   0   0   0   0   0   0   0   0   0   0   0   0   0   0   0   0
    0   0   0   0   0   0]
 [  0   0   0   0   0   0   0   0   0   0   0   0   0   0   0   0   0   0
    0   0   0   0   0   0]
 [  0   0   0   0   0   0   0   0   0   0   0   0   0   0   0   0   0   0
    0   0   0   0   0   0]
 [  0   0   0   0   0   0   0   0   0   0   0   0   0   0   0   0   0   0
    0   0   0   0   0   0]]

Epoch 460:   0%|          | 0/32 [00:00<?, ?it/s, loss=0.113, v_num=]         
Epoch 461:   0%|          | 0/32 [00:00<?, ?it/s, loss=0.113, v_num=]/usr/local/lib/python3.13/dist-packages/torch/utils/data/dataloader.py:432: UserWarning: This DataLoader will create 6 worker processes in total. Our suggested max number of worker in current system is 2, which is smaller than what this DataLoader is going to create. Please be aware that excessive worker creation might get DataLoader running slow or even freeze, lower the worker number to avoid potential slowness/freeze if necessary.
  self.check_worker_number_rationality()

Epoch 461:  62%|██████▎   | 20/32 [00:02<00:01,  9.97it/s, loss=0.113, v_num=]
Epoch 461:  62%|██████▎   | 20/32 [00:02<00:01,  9.96it/s, loss=0.108, v_num=]
Epoch 461: 100%|██████████| 32/32 [00:03<00:00, 10.14it/s, loss=0.0988, v_num=]
Epoch 461:   0%|          | 0/32 [00:00<?, ?it/s, loss=0.0988, v_num=]         
Epoch 462:   0%|          | 0/32 [00:00<?, ?it/s, loss=0.0988, v_num=]/usr/local/lib/python3.13/dist-packages/torch/utils/data/dataloader.py:432: UserWarning: This DataLoader will create 6 worker processes in total. Our suggested max number of worker in current system is 2, which is smaller than what this DataLoader is going to create. Please be aware that excessive worker creation might get DataLoader running slow or even freeze, lower the worker number to avoid potential slowness/freeze if necessary.
  self.check_worker_number_rationality()

Epoch 462:  62%|██████▎   | 20/32 [00:02<00:01,  9.91it/s, loss=0.0988, v_num=]
Epoch 462:  62%|██████▎   | 20/32 [00:02<00:01,  9.91it/s, loss=0.108, v_num=] 
Epoch 462: 100%|██████████| 32/32 [00:03<00:00, 10.05it/s, loss=0.105, v_num=]
Epoch 462:   0%|          | 0/32 [00:00<?, ?it/s, loss=0.105, v_num=]         
Epoch 463:   0%|          | 0/32 [00:00<?, ?it/s, loss=0.105, v_num=]/usr/local/lib/python3.13/dist-packages/torch/utils/data/dataloader.py:432: UserWarning: This DataLoader will create 6 worker processes in total. Our suggested max number of worker in current system is 2, which is smaller than what this DataLoader is going to create. Please be aware that excessive worker creation might get DataLoader running slow or even freeze, lower the worker number to avoid potential slowness/freeze if necessary.
  self.check_worker_number_rationality()

Epoch 463:  62%|██████▎   | 20/32 [00:02<00:01,  9.93it/s, loss=0.105, v_num=]
Epoch 463:  62%|██████▎   | 20/32 [00:02<00:01,  9.93it/s, loss=0.0749, v_num=]
Epoch 463: 100%|██████████| 32/32 [00:03<00:00,  9.86it/s, loss=0.112, v_num=] 
Epoch 463:   0%|          | 0/32 [00:00<?, ?it/s, loss=0.112, v_num=]         
Epoch 464:   0%|          | 0/32 [00:00<?, ?it/s, loss=0.112, v_num=]/usr/local/lib/python3.13/dist-packages/torch/utils/data/dataloader.py:432: UserWarning: This DataLoader will create 6 worker processes in total. Our suggested max number of worker in current system is 2, which is smaller than what this DataLoader is going to create. Please be aware that excessive worker creation might get DataLoader running slow or even freeze, lower the worker number to avoid potential slowness/freeze if necessary.
  self.check_worker_number_rationality()

Epoch 464:  62%|██████▎   | 20/32 [00:02<00:01,  7.52it/s, loss=0.112, v_num=]
Epoch 464:  62%|██████▎   | 20/32 [00:02<00:01,  7.52it/s, loss=0.0612, v_num=]
Epoch 464: 100%|██████████| 32/32 [00:03<00:00,  8.34it/s, loss=0.0648, v_num=]
Epoch 464:   0%|          | 0/32 [00:00<?, ?it/s, loss=0.0648, v_num=]         
Epoch 465:   0%|          | 0/32 [00:00<?, ?it/s, loss=0.0648, v_num=]/usr/local/lib/python3.13/dist-packages/torch/utils/data/dataloader.py:432: UserWarning: This DataLoader will create 6 worker processes in total. Our suggested max number of worker in current system is 2, which is smaller than what this DataLoader is going to create. Please be aware that excessive worker creation might get DataLoader running slow or even freeze, lower the worker number to avoid potential slowness/freeze if necessary.
  self.check_worker_number_rationality()

Epoch 465:  62%|██████▎   | 20/32 [00:02<00:01,  9.92it/s, loss=0.0648, v_num=]
Epoch 465:  62%|██████▎   | 20/32 [00:02<00:01,  9.91it/s, loss=0.0609, v_num=]
Epoch 465: 100%|██████████| 32/32 [00:03<00:00, 10.06it/s, loss=0.0696, v_num=]Evaluating...
NMI : 0.9345446865707444, ARI: 0.906947864329258, ACC: 0.924, current K: 27

Epoch 465:   0%|          | 0/32 [00:00<?, ?it/s, loss=0.0696, v_num=]         
Epoch 466:   0%|          | 0/32 [00:00<?, ?it/s, loss=0.0696, v_num=]/usr/local/lib/python3.13/dist-packages/torch/utils/data/dataloader.py:432: UserWarning: This DataLoader will create 6 worker processes in total. Our suggested max number of worker in current system is 2, which is smaller than what this DataLoader is going to create. Please be aware that excessive worker creation might get DataLoader running slow or even freeze, lower the worker number to avoid potential slowness/freeze if necessary.
  self.check_worker_number_rationality()

Epoch 466:  62%|██████▎   | 20/32 [00:01<00:01, 10.02it/s, loss=0.0696, v_num=]
Epoch 466:  62%|██████▎   | 20/32 [00:01<00:01, 10.02it/s, loss=0.077, v_num=] 
Epoch 466: 100%|██████████| 32/32 [00:03<00:00, 10.07it/s, loss=0.0685, v_num=]
Epoch 466:   0%|          | 0/32 [00:00<?, ?it/s, loss=0.0685, v_num=]         
Epoch 467:   0%|          | 0/32 [00:00<?, ?it/s, loss=0.0685, v_num=]/usr/local/lib/python3.13/dist-packages/torch/utils/data/dataloader.py:432: UserWarning: This DataLoader will create 6 worker processes in total. Our suggested max number of worker in current system is 2, which is smaller than what this DataLoader is going to create. Please be aware that excessive worker creation might get DataLoader running slow or even freeze, lower the worker number to avoid potential slowness/freeze if necessary.
  self.check_worker_number_rationality()

Epoch 467:  62%|██████▎   | 20/32 [00:01<00:01, 10.00it/s, loss=0.0685, v_num=]
Epoch 467:  62%|██████▎   | 20/32 [00:02<00:01, 10.00it/s, loss=0.0729, v_num=]
Epoch 467: 100%|██████████| 32/32 [00:03<00:00,  9.19it/s, loss=0.0752, v_num=]
Epoch 467:   0%|          | 0/32 [00:00<?, ?it/s, loss=0.0752, v_num=]         
Epoch 468:   0%|          | 0/32 [00:00<?, ?it/s, loss=0.0752, v_num=]/usr/local/lib/python3.13/dist-packages/torch/utils/data/dataloader.py:432: UserWarning: This DataLoader will create 6 worker processes in total. Our suggested max number of worker in current system is 2, which is smaller than what this DataLoader is going to create. Please be aware that excessive worker creation might get DataLoader running slow or even freeze, lower the worker number to avoid potential slowness/freeze if necessary.
  self.check_worker_number_rationality()

Epoch 468:  62%|██████▎   | 20/32 [00:02<00:01,  8.21it/s, loss=0.0752, v_num=]
Epoch 468:  62%|██████▎   | 20/32 [00:02<00:01,  8.21it/s, loss=0.0731, v_num=]
Epoch 468: 100%|██████████| 32/32 [00:03<00:00,  8.87it/s, loss=0.068, v_num=] 
Epoch 468:   0%|          | 0/32 [00:00<?, ?it/s, loss=0.068, v_num=]         
Epoch 469:   0%|          | 0/32 [00:00<?, ?it/s, loss=0.068, v_num=]/usr/local/lib/python3.13/dist-packages/torch/utils/data/dataloader.py:432: UserWarning: This DataLoader will create 6 worker processes in total. Our suggested max number of worker in current system is 2, which is smaller than what this DataLoader is going to create. Please be aware that excessive worker creation might get DataLoader running slow or even freeze, lower the worker number to avoid potential slowness/freeze if necessary.
  self.check_worker_number_rationality()

Epoch 469:  62%|██████▎   | 20/32 [00:02<00:01,  9.57it/s, loss=0.068, v_num=]
Epoch 469:  62%|██████▎   | 20/32 [00:02<00:01,  9.57it/s, loss=0.0741, v_num=]
Epoch 469: 100%|██████████| 32/32 [00:03<00:00,  9.76it/s, loss=0.0755, v_num=]
Epoch 469:   0%|          | 0/32 [00:00<?, ?it/s, loss=0.0755, v_num=]         
Epoch 470:   0%|          | 0/32 [00:00<?, ?it/s, loss=0.0755, v_num=]/usr/local/lib/python3.13/dist-packages/torch/utils/data/dataloader.py:432: UserWarning: This DataLoader will create 6 worker processes in total. Our suggested max number of worker in current system is 2, which is smaller than what this DataLoader is going to create. Please be aware that excessive worker creation might get DataLoader running slow or even freeze, lower the worker number to avoid potential slowness/freeze if necessary.
  self.check_worker_number_rationality()

Epoch 470:  62%|██████▎   | 20/32 [00:02<00:01,  9.93it/s, loss=0.0755, v_num=]
Epoch 470:  62%|██████▎   | 20/32 [00:02<00:01,  9.92it/s, loss=0.0693, v_num=]
Epoch 470: 100%|██████████| 32/32 [00:03<00:00, 10.04it/s, loss=0.0601, v_num=]Evaluating...
NMI : 0.934580187865898, ARI: 0.9065483191732882, ACC: 0.924, current K: 27
Epoch 470 | NMI: 0.9346, ARI: 0.9065, ACC: 0.9240, current K: 27
Confusion Matrix:
[[  0   0   0   0   0   0   0   0   0   2   0   1   0   0   0   0   0 194
    3   0   0   0   0   0   0   0   0]
 [198   0   1   0   0   0   0   0   0   0   0   0   0   0   0   1   0   0
    0   0   0   0   0   0   0   0   0]
 [  0   0   0   0   0   0   0   0   0   1   0   0   0   0   0   0   0   1
  198   0   0   0   0   0   0   0   0]
 [  0 198   0   0   0   0   0   0   0   0   0   0   0   0   0   0   0   0
    1   0   0   0   0   1   0   0   0]
 [  0   0   0   0   0   0   0   0 169  31   0   0   0   0   0   0   0   0
    0   0   0   0   0   0   0   0   0]
 [  0   0   0   0   0   0   0   0   0   0   0   1   0   0   0   5 194   0
    0   0   0   0   0   0   0   0   0]
 [  0   0   0   0   0   0   0   0   1   0   0   0   0   0 196   0   0   0
    1   0   0   0   0   0   0   2   0]
 [  0   0   1 198   1   0   0   0   0   0   0   0   0   0   0   0   0   0
    0   0   0   0   0   0   0   0   0]
 [  0   0   0   0   0   0   0   0   0   0 187  12   0   0   1   0   0   0
    0   0   0   0   0   0   0   0   0]
 [  2   1   0   0   0   0   3 194   0   0   0   0   0   0   0   0   0   0
    0   0   0   0   0   0   0   0   0]
 [  0   0   0   0   0   0   0   0   0   0   0 199   0   0   0   0   0   0
    0   0   0   0   0   0   0   0   1]
 [  1   1   0   0   0   1 176   3   1  17   0   0   0   0   0   0   0   0
    0   0   0   0   0   0   0   0   0]
 [  0   0   0   0   0  49   0   0   0   2   0   0   0   0   0   0   0   1
    0  21 127   0   0   0   0   0   0]
 [  3   1   0   0   0   0   0   0   0   0   0   0   0   0   0   0   0   1
    1   0   0   0   0 160  34   0   0]
 [  0   1   0   0   0   0   0   0   0   1   0   0 195   0   0   0   0   0
    3   0   0   0   0   0   0   0   0]
 [  0   0 195   0   1   0   0   0   0   1   0   0   0   0   0   0   2   1
    0   0   0   0   0   0   0   0   0]
 [  0   0   0   0   0   0   0   0   2  25   2   0   0 171   0   0   0   0
    0   0   0   0   0   0   0   0   0]
 [  3   0   0   0   0   0   0   0   0   1   0   0   0   0   0   0   0   0
    1   0   0  15 177   0   3   0   0]
 [  0   0   0   0   0   0   0   0   0   1   0   1   0   0   0   0   0   0
    0   0   0   0   0   0   0 175  23]
 [  0   0   1   0 195   0   0   0   0   3   0   1   0   0   0   0   0   0
    0   0   0   0   0   0   0   0   0]
 [  0   0   0   0   0   0   0   0   0   0   0   0   0   0   0   0   0   0
    0   0   0   0   0   0   0   0   0]
 [  0   0   0   0   0   0   0   0   0   0   0   0   0   0   0   0   0   0
    0   0   0   0   0   0   0   0   0]
 [  0   0   0   0   0   0   0   0   0   0   0   0   0   0   0   0   0   0
    0   0   0   0   0   0   0   0   0]
 [  0   0   0   0   0   0   0   0   0   0   0   0   0   0   0   0   0   0
    0   0   0   0   0   0   0   0   0]
 [  0   0   0   0   0   0   0   0   0   0   0   0   0   0   0   0   0   0
    0   0   0   0   0   0   0   0   0]
 [  0   0   0   0   0   0   0   0   0   0   0   0   0   0   0   0   0   0
    0   0   0   0   0   0   0   0   0]
 [  0   0   0   0   0   0   0   0   0   0   0   0   0   0   0   0   0   0
    0   0   0   0   0   0   0   0   0]]

Epoch 470:   0%|          | 0/32 [00:00<?, ?it/s, loss=0.0601, v_num=]         
Epoch 471:   0%|          | 0/32 [00:00<?, ?it/s, loss=0.0601, v_num=]/usr/local/lib/python3.13/dist-packages/torch/utils/data/dataloader.py:432: UserWarning: This DataLoader will create 6 worker processes in total. Our suggested max number of worker in current system is 2, which is smaller than what this DataLoader is going to create. Please be aware that excessive worker creation might get DataLoader running slow or even freeze, lower the worker number to avoid potential slowness/freeze if necessary.
  self.check_worker_number_rationality()

Epoch 471:  62%|██████▎   | 20/32 [00:02<00:01,  8.78it/s, loss=0.0601, v_num=]
Epoch 471:  62%|██████▎   | 20/32 [00:02<00:01,  8.78it/s, loss=0.0771, v_num=]
Epoch 471: 100%|██████████| 32/32 [00:03<00:00,  8.35it/s, loss=0.0731, v_num=]
Epoch 471:   0%|          | 0/32 [00:00<?, ?it/s, loss=0.0731, v_num=]         
Epoch 472:   0%|          | 0/32 [00:00<?, ?it/s, loss=0.0731, v_num=]/usr/local/lib/python3.13/dist-packages/torch/utils/data/dataloader.py:432: UserWarning: This DataLoader will create 6 worker processes in total. Our suggested max number of worker in current system is 2, which is smaller than what this DataLoader is going to create. Please be aware that excessive worker creation might get DataLoader running slow or even freeze, lower the worker number to avoid potential slowness/freeze if necessary.
  self.check_worker_number_rationality()

Epoch 472:  62%|██████▎   | 20/32 [00:02<00:01,  9.97it/s, loss=0.0731, v_num=]
Epoch 472:  62%|██████▎   | 20/32 [00:02<00:01,  9.96it/s, loss=0.0633, v_num=]
Epoch 472: 100%|██████████| 32/32 [00:03<00:00, 10.10it/s, loss=0.0634, v_num=]
Epoch 472:   0%|          | 0/32 [00:00<?, ?it/s, loss=0.0634, v_num=]         
Epoch 473:   0%|          | 0/32 [00:00<?, ?it/s, loss=0.0634, v_num=]/usr/local/lib/python3.13/dist-packages/torch/utils/data/dataloader.py:432: UserWarning: This DataLoader will create 6 worker processes in total. Our suggested max number of worker in current system is 2, which is smaller than what this DataLoader is going to create. Please be aware that excessive worker creation might get DataLoader running slow or even freeze, lower the worker number to avoid potential slowness/freeze if necessary.
  self.check_worker_number_rationality()

Epoch 473:  62%|██████▎   | 20/32 [00:02<00:01,  9.77it/s, loss=0.0634, v_num=]
Epoch 473:  62%|██████▎   | 20/32 [00:02<00:01,  9.77it/s, loss=0.0666, v_num=]
Epoch 473: 100%|██████████| 32/32 [00:03<00:00,  9.89it/s, loss=0.0694, v_num=]
Epoch 473:   0%|          | 0/32 [00:00<?, ?it/s, loss=0.0694, v_num=]         
Epoch 474:   0%|          | 0/32 [00:00<?, ?it/s, loss=0.0694, v_num=]/usr/local/lib/python3.13/dist-packages/torch/utils/data/dataloader.py:432: UserWarning: This DataLoader will create 6 worker processes in total. Our suggested max number of worker in current system is 2, which is smaller than what this DataLoader is going to create. Please be aware that excessive worker creation might get DataLoader running slow or even freeze, lower the worker number to avoid potential slowness/freeze if necessary.
  self.check_worker_number_rationality()

Epoch 474:  62%|██████▎   | 20/32 [00:02<00:01,  9.79it/s, loss=0.0694, v_num=]
Epoch 474:  62%|██████▎   | 20/32 [00:02<00:01,  9.79it/s, loss=0.0751, v_num=]
Epoch 474: 100%|██████████| 32/32 [00:03<00:00,  9.90it/s, loss=0.0699, v_num=]
Epoch 474:   0%|          | 0/32 [00:00<?, ?it/s, loss=0.0699, v_num=]         
Epoch 475:   0%|          | 0/32 [00:00<?, ?it/s, loss=0.0699, v_num=]/usr/local/lib/python3.13/dist-packages/torch/utils/data/dataloader.py:432: UserWarning: This DataLoader will create 6 worker processes in total. Our suggested max number of worker in current system is 2, which is smaller than what this DataLoader is going to create. Please be aware that excessive worker creation might get DataLoader running slow or even freeze, lower the worker number to avoid potential slowness/freeze if necessary.
  self.check_worker_number_rationality()

Epoch 475:  62%|██████▎   | 20/32 [00:02<00:01,  7.50it/s, loss=0.0699, v_num=]
Epoch 475:  62%|██████▎   | 20/32 [00:02<00:01,  7.50it/s, loss=0.0679, v_num=]
Epoch 475: 100%|██████████| 32/32 [00:03<00:00,  8.09it/s, loss=0.0861, v_num=]Evaluating...
NMI : 0.9319122456217188, ARI: 0.9043743411900772, ACC: 0.92275, current K: 27

Epoch 475:   0%|          | 0/32 [00:00<?, ?it/s, loss=0.0861, v_num=]         
Epoch 476:   0%|          | 0/32 [00:00<?, ?it/s, loss=0.0861, v_num=]/usr/local/lib/python3.13/dist-packages/torch/utils/data/dataloader.py:432: UserWarning: This DataLoader will create 6 worker processes in total. Our suggested max number of worker in current system is 2, which is smaller than what this DataLoader is going to create. Please be aware that excessive worker creation might get DataLoader running slow or even freeze, lower the worker number to avoid potential slowness/freeze if necessary.
  self.check_worker_number_rationality()

Epoch 476:  62%|██████▎   | 20/32 [00:02<00:01,  9.93it/s, loss=0.0861, v_num=]
Epoch 476:  62%|██████▎   | 20/32 [00:02<00:01,  9.92it/s, loss=0.0836, v_num=]
Epoch 476: 100%|██████████| 32/32 [00:03<00:00, 10.06it/s, loss=0.0805, v_num=]
Epoch 476:   0%|          | 0/32 [00:00<?, ?it/s, loss=0.0805, v_num=]         
Epoch 477:   0%|          | 0/32 [00:00<?, ?it/s, loss=0.0805, v_num=]/usr/local/lib/python3.13/dist-packages/torch/utils/data/dataloader.py:432: UserWarning: This DataLoader will create 6 worker processes in total. Our suggested max number of worker in current system is 2, which is smaller than what this DataLoader is going to create. Please be aware that excessive worker creation might get DataLoader running slow or even freeze, lower the worker number to avoid potential slowness/freeze if necessary.
  self.check_worker_number_rationality()

Epoch 477:  62%|██████▎   | 20/32 [00:02<00:01,  9.87it/s, loss=0.0805, v_num=]
Epoch 477:  62%|██████▎   | 20/32 [00:02<00:01,  9.87it/s, loss=0.0835, v_num=]
Epoch 477: 100%|██████████| 32/32 [00:03<00:00, 10.08it/s, loss=0.0821, v_num=]
Epoch 477:   0%|          | 0/32 [00:00<?, ?it/s, loss=0.0821, v_num=]         
Epoch 478:   0%|          | 0/32 [00:00<?, ?it/s, loss=0.0821, v_num=]/usr/local/lib/python3.13/dist-packages/torch/utils/data/dataloader.py:432: UserWarning: This DataLoader will create 6 worker processes in total. Our suggested max number of worker in current system is 2, which is smaller than what this DataLoader is going to create. Please be aware that excessive worker creation might get DataLoader running slow or even freeze, lower the worker number to avoid potential slowness/freeze if necessary.
  self.check_worker_number_rationality()

Epoch 478:  62%|██████▎   | 20/32 [00:02<00:01,  9.37it/s, loss=0.0821, v_num=]
Epoch 478:  62%|██████▎   | 20/32 [00:02<00:01,  9.36it/s, loss=0.0784, v_num=]
Epoch 478: 100%|██████████| 32/32 [00:03<00:00,  8.93it/s, loss=0.0793, v_num=]
Epoch 478:   0%|          | 0/32 [00:00<?, ?it/s, loss=0.0793, v_num=]         
Epoch 479:   0%|          | 0/32 [00:00<?, ?it/s, loss=0.0793, v_num=]/usr/local/lib/python3.13/dist-packages/torch/utils/data/dataloader.py:432: UserWarning: This DataLoader will create 6 worker processes in total. Our suggested max number of worker in current system is 2, which is smaller than what this DataLoader is going to create. Please be aware that excessive worker creation might get DataLoader running slow or even freeze, lower the worker number to avoid potential slowness/freeze if necessary.
  self.check_worker_number_rationality()

Epoch 479:  62%|██████▎   | 20/32 [00:02<00:01,  8.07it/s, loss=0.0793, v_num=]
Epoch 479:  62%|██████▎   | 20/32 [00:02<00:01,  8.07it/s, loss=0.0744, v_num=]
Epoch 479: 100%|██████████| 32/32 [00:03<00:00,  8.77it/s, loss=0.0822, v_num=]
Epoch 479:   0%|          | 0/32 [00:00<?, ?it/s, loss=0.0822, v_num=]         
Epoch 480:   0%|          | 0/32 [00:00<?, ?it/s, loss=0.0822, v_num=]/usr/local/lib/python3.13/dist-packages/torch/utils/data/dataloader.py:432: UserWarning: This DataLoader will create 6 worker processes in total. Our suggested max number of worker in current system is 2, which is smaller than what this DataLoader is going to create. Please be aware that excessive worker creation might get DataLoader running slow or even freeze, lower the worker number to avoid potential slowness/freeze if necessary.
  self.check_worker_number_rationality()

Epoch 480:  62%|██████▎   | 20/32 [00:02<00:01,  9.84it/s, loss=0.0822, v_num=]
Epoch 480:  62%|██████▎   | 20/32 [00:02<00:01,  9.84it/s, loss=0.0761, v_num=]
Epoch 480: 100%|██████████| 32/32 [00:03<00:00, 10.01it/s, loss=0.0755, v_num=]Evaluating...
NMI : 0.9289001657128081, ARI: 0.9027810693150766, ACC: 0.92325, current K: 27
Epoch 480 | NMI: 0.9289, ARI: 0.9028, ACC: 0.9233, current K: 27
Confusion Matrix:
[[  0   0   0   0   0   0   0   0   0   5   0   1   0   0   0   0   0 191
    3   0   0   0   0   0   0   0   0]
 [193   1   1   0   0   0   0   0   0   3   0   0   0   0   0   1   0   1
    0   0   0   0   0   0   0   0   0]
 [  0   0   0   0   0   0   0   0   0   2   0   0   0   0   0   0   0   2
  196   0   0   0   0   0   0   0   0]
 [  0 193   0   0   0   0   0   0   0   5   0   0   0   0   0   0   0   0
    1   0   0   0   0   1   0   0   0]
 [  0   0   0   0   0   0   0   0 171  29   0   0   0   0   0   0   0   0
    0   0   0   0   0   0   0   0   0]
 [  0   0   0   0   0   0   0   0   0   0   0   1   0   0   0   7 192   0
    0   0   0   0   0   0   0   0   0]
 [  0   0   0   0   0   0   0   0   1   3   0   0   0   0 191   0   0   0
    1   0   0   0   0   0   0   1   3]
 [  0   0   1 198   1   0   0   0   0   0   0   0   0   0   0   0   0   0
    0   0   0   0   0   0   0   0   0]
 [  0   0   0   0   0   0   0   0   0   1 186  12   0   0   1   0   0   0
    0   0   0   0   0   0   0   0   0]
 [  0   1   0   0   0   0   3 190   0   6   0   0   0   0   0   0   0   0
    0   0   0   0   0   0   0   0   0]
 [  0   0   0   0   0   0   0   0   0   0   0 199   0   0   0   0   0   0
    0   0   0   0   0   0   0   0   1]
 [  1   0   0   0   0   1 176   3   1  18   0   0   0   0   0   0   0   0
    0   0   0   0   0   0   0   0   0]
 [  0   0   0   0   0  45   0   0   0   3   0   0   0   0   0   0   0   0
    0  16 136   0   0   0   0   0   0]
 [  1   1   0   0   0   0   0   0   0   0   0   0   0   0   0   0   0   1
    1   0   0   0   0 168  28   0   0]
 [  0   0   0   0   0   0   0   0   1   1   0   0 195   0   0   0   0   1
    2   0   0   0   0   0   0   0   0]
 [  0   0 195   0   1   0   0   0   0   1   0   0   0   0   0   2   0   1
    0   0   0   0   0   0   0   0   0]
 [  0   0   0   0   0   0   0   0   2  26   0   0   0 172   0   0   0   0
    0   0   0   0   0   0   0   0   0]
 [  2   0   0   0   0   0   0   1   0   1   0   0   0   0   0   0   0   0
    1   0   0  14 178   0   3   0   0]
 [  0   0   0   0   0   0   0   0   0   1   0   1   0   0   0   0   0   0
    0   0   0   0   0   0   0 178  20]
 [  0   0   1   0 195   0   0   0   0   3   0   1   0   0   0   0   0   0
    0   0   0   0   0   0   0   0   0]
 [  0   0   0   0   0   0   0   0   0   0   0   0   0   0   0   0   0   0
    0   0   0   0   0   0   0   0   0]
 [  0   0   0   0   0   0   0   0   0   0   0   0   0   0   0   0   0   0
    0   0   0   0   0   0   0   0   0]
 [  0   0   0   0   0   0   0   0   0   0   0   0   0   0   0   0   0   0
    0   0   0   0   0   0   0   0   0]
 [  0   0   0   0   0   0   0   0   0   0   0   0   0   0   0   0   0   0
    0   0   0   0   0   0   0   0   0]
 [  0   0   0   0   0   0   0   0   0   0   0   0   0   0   0   0   0   0
    0   0   0   0   0   0   0   0   0]
 [  0   0   0   0   0   0   0   0   0   0   0   0   0   0   0   0   0   0
    0   0   0   0   0   0   0   0   0]
 [  0   0   0   0   0   0   0   0   0   0   0   0   0   0   0   0   0   0
    0   0   0   0   0   0   0   0   0]]

Epoch 480:   0%|          | 0/32 [00:00<?, ?it/s, loss=0.0755, v_num=]         
Epoch 481:   0%|          | 0/32 [00:00<?, ?it/s, loss=0.0755, v_num=]/usr/local/lib/python3.13/dist-packages/torch/utils/data/dataloader.py:432: UserWarning: This DataLoader will create 6 worker processes in total. Our suggested max number of worker in current system is 2, which is smaller than what this DataLoader is going to create. Please be aware that excessive worker creation might get DataLoader running slow or even freeze, lower the worker number to avoid potential slowness/freeze if necessary.
  self.check_worker_number_rationality()

Epoch 481:  62%|██████▎   | 20/32 [00:02<00:01,  9.92it/s, loss=0.0755, v_num=]
Epoch 481:  62%|██████▎   | 20/32 [00:02<00:01,  9.92it/s, loss=0.0808, v_num=]
Epoch 481: 100%|██████████| 32/32 [00:03<00:00,  9.99it/s, loss=0.0773, v_num=]
Epoch 481:   0%|          | 0/32 [00:00<?, ?it/s, loss=0.0773, v_num=]         
Epoch 482:   0%|          | 0/32 [00:00<?, ?it/s, loss=0.0773, v_num=]/usr/local/lib/python3.13/dist-packages/torch/utils/data/dataloader.py:432: UserWarning: This DataLoader will create 6 worker processes in total. Our suggested max number of worker in current system is 2, which is smaller than what this DataLoader is going to create. Please be aware that excessive worker creation might get DataLoader running slow or even freeze, lower the worker number to avoid potential slowness/freeze if necessary.
  self.check_worker_number_rationality()

Epoch 482:  62%|██████▎   | 20/32 [00:02<00:01,  8.81it/s, loss=0.0773, v_num=]
Epoch 482:  62%|██████▎   | 20/32 [00:02<00:01,  8.80it/s, loss=0.0834, v_num=]
Epoch 482: 100%|██████████| 32/32 [00:03<00:00,  8.33it/s, loss=0.0875, v_num=]
Epoch 482:   0%|          | 0/32 [00:00<?, ?it/s, loss=0.0875, v_num=]         
Epoch 483:   0%|          | 0/32 [00:00<?, ?it/s, loss=0.0875, v_num=]/usr/local/lib/python3.13/dist-packages/torch/utils/data/dataloader.py:432: UserWarning: This DataLoader will create 6 worker processes in total. Our suggested max number of worker in current system is 2, which is smaller than what this DataLoader is going to create. Please be aware that excessive worker creation might get DataLoader running slow or even freeze, lower the worker number to avoid potential slowness/freeze if necessary.
  self.check_worker_number_rationality()

Epoch 483:  62%|██████▎   | 20/32 [00:02<00:01,  9.20it/s, loss=0.0875, v_num=]
Epoch 483:  62%|██████▎   | 20/32 [00:02<00:01,  9.20it/s, loss=0.084, v_num=] 
Epoch 483: 100%|██████████| 32/32 [00:03<00:00,  9.46it/s, loss=0.072, v_num=]
Epoch 483:   0%|          | 0/32 [00:00<?, ?it/s, loss=0.072, v_num=]         
Epoch 484:   0%|          | 0/32 [00:00<?, ?it/s, loss=0.072, v_num=]/usr/local/lib/python3.13/dist-packages/torch/utils/data/dataloader.py:432: UserWarning: This DataLoader will create 6 worker processes in total. Our suggested max number of worker in current system is 2, which is smaller than what this DataLoader is going to create. Please be aware that excessive worker creation might get DataLoader running slow or even freeze, lower the worker number to avoid potential slowness/freeze if necessary.
  self.check_worker_number_rationality()

Epoch 484:  62%|██████▎   | 20/32 [00:02<00:01,  9.83it/s, loss=0.072, v_num=]
Epoch 484:  62%|██████▎   | 20/32 [00:02<00:01,  9.82it/s, loss=0.0826, v_num=]
Epoch 484: 100%|██████████| 32/32 [00:03<00:00,  9.97it/s, loss=0.0871, v_num=]
Epoch 484:   0%|          | 0/32 [00:00<?, ?it/s, loss=0.0871, v_num=]         
Epoch 485:   0%|          | 0/32 [00:00<?, ?it/s, loss=0.0871, v_num=]/usr/local/lib/python3.13/dist-packages/torch/utils/data/dataloader.py:432: UserWarning: This DataLoader will create 6 worker processes in total. Our suggested max number of worker in current system is 2, which is smaller than what this DataLoader is going to create. Please be aware that excessive worker creation might get DataLoader running slow or even freeze, lower the worker number to avoid potential slowness/freeze if necessary.
  self.check_worker_number_rationality()

Epoch 485:  62%|██████▎   | 20/32 [00:02<00:01,  9.82it/s, loss=0.0871, v_num=]
Epoch 485:  62%|██████▎   | 20/32 [00:02<00:01,  9.81it/s, loss=0.0875, v_num=]
Epoch 485: 100%|██████████| 32/32 [00:03<00:00,  9.99it/s, loss=0.0871, v_num=]Evaluating...
NMI : 0.9254346169456044, ARI: 0.8980148903948224, ACC: 0.92025, current K: 27

Epoch 485:   0%|          | 0/32 [00:00<?, ?it/s, loss=0.0871, v_num=]         
Epoch 486:   0%|          | 0/32 [00:00<?, ?it/s, loss=0.0871, v_num=]/usr/local/lib/python3.13/dist-packages/torch/utils/data/dataloader.py:432: UserWarning: This DataLoader will create 6 worker processes in total. Our suggested max number of worker in current system is 2, which is smaller than what this DataLoader is going to create. Please be aware that excessive worker creation might get DataLoader running slow or even freeze, lower the worker number to avoid potential slowness/freeze if necessary.
  self.check_worker_number_rationality()

Epoch 486:  62%|██████▎   | 20/32 [00:02<00:01,  8.06it/s, loss=0.0871, v_num=]
Epoch 486:  62%|██████▎   | 20/32 [00:02<00:01,  8.06it/s, loss=0.0807, v_num=]
Epoch 486: 100%|██████████| 32/32 [00:04<00:00,  7.98it/s, loss=0.0831, v_num=]
Epoch 486:   0%|          | 0/32 [00:00<?, ?it/s, loss=0.0831, v_num=]         
Epoch 487:   0%|          | 0/32 [00:00<?, ?it/s, loss=0.0831, v_num=]/usr/local/lib/python3.13/dist-packages/torch/utils/data/dataloader.py:432: UserWarning: This DataLoader will create 6 worker processes in total. Our suggested max number of worker in current system is 2, which is smaller than what this DataLoader is going to create. Please be aware that excessive worker creation might get DataLoader running slow or even freeze, lower the worker number to avoid potential slowness/freeze if necessary.
  self.check_worker_number_rationality()

Epoch 487:  62%|██████▎   | 20/32 [00:02<00:01,  9.93it/s, loss=0.0831, v_num=]
Epoch 487:  62%|██████▎   | 20/32 [00:02<00:01,  9.93it/s, loss=0.0847, v_num=]
Epoch 487: 100%|██████████| 32/32 [00:03<00:00, 10.08it/s, loss=0.085, v_num=] 
Epoch 487:   0%|          | 0/32 [00:00<?, ?it/s, loss=0.085, v_num=]         
Epoch 488:   0%|          | 0/32 [00:00<?, ?it/s, loss=0.085, v_num=]/usr/local/lib/python3.13/dist-packages/torch/utils/data/dataloader.py:432: UserWarning: This DataLoader will create 6 worker processes in total. Our suggested max number of worker in current system is 2, which is smaller than what this DataLoader is going to create. Please be aware that excessive worker creation might get DataLoader running slow or even freeze, lower the worker number to avoid potential slowness/freeze if necessary.
  self.check_worker_number_rationality()

Epoch 488:  62%|██████▎   | 20/32 [00:02<00:01,  9.92it/s, loss=0.085, v_num=]
Epoch 488:  62%|██████▎   | 20/32 [00:02<00:01,  9.91it/s, loss=0.0875, v_num=]
Epoch 488: 100%|██████████| 32/32 [00:03<00:00, 10.04it/s, loss=0.0815, v_num=]
Epoch 488:   0%|          | 0/32 [00:00<?, ?it/s, loss=0.0815, v_num=]         
Epoch 489:   0%|          | 0/32 [00:00<?, ?it/s, loss=0.0815, v_num=]/usr/local/lib/python3.13/dist-packages/torch/utils/data/dataloader.py:432: UserWarning: This DataLoader will create 6 worker processes in total. Our suggested max number of worker in current system is 2, which is smaller than what this DataLoader is going to create. Please be aware that excessive worker creation might get DataLoader running slow or even freeze, lower the worker number to avoid potential slowness/freeze if necessary.
  self.check_worker_number_rationality()

Epoch 489:  62%|██████▎   | 20/32 [00:02<00:01,  9.90it/s, loss=0.0815, v_num=]
Epoch 489:  62%|██████▎   | 20/32 [00:02<00:01,  9.90it/s, loss=0.0795, v_num=]
Epoch 489: 100%|██████████| 32/32 [00:03<00:00,  9.31it/s, loss=0.0848, v_num=]
Epoch 489:   0%|          | 0/32 [00:00<?, ?it/s, loss=0.0848, v_num=]         
Epoch 490:   0%|          | 0/32 [00:00<?, ?it/s, loss=0.0848, v_num=]/usr/local/lib/python3.13/dist-packages/torch/utils/data/dataloader.py:432: UserWarning: This DataLoader will create 6 worker processes in total. Our suggested max number of worker in current system is 2, which is smaller than what this DataLoader is going to create. Please be aware that excessive worker creation might get DataLoader running slow or even freeze, lower the worker number to avoid potential slowness/freeze if necessary.
  self.check_worker_number_rationality()

Epoch 490:  62%|██████▎   | 20/32 [00:02<00:01,  7.84it/s, loss=0.0848, v_num=]
Epoch 490:  62%|██████▎   | 20/32 [00:02<00:01,  7.84it/s, loss=0.0828, v_num=]
Epoch 490: 100%|██████████| 32/32 [00:03<00:00,  8.54it/s, loss=0.0829, v_num=]Evaluating...
NMI : 0.9247107398863293, ARI: 0.8963622309032712, ACC: 0.91875, current K: 27
Epoch 490 | NMI: 0.9247, ARI: 0.8964, ACC: 0.9187, current K: 27
Confusion Matrix:
[[  0   0   0   0   0   0   0   0   0   6   0   1   0   0   0   0   0 191
    2   0   0   0   0   0   0   0   0]
 [193   1   1   0   0   0   0   0   0   3   0   0   0   0   0   1   0   1
    0   0   0   0   0   0   0   0   0]
 [  0   0   0   0   0   0   0   0   0   2   0   0   0   0   0   0   0   2
  196   0   0   0   0   0   0   0   0]
 [  0 191   0   0   0   0   0   0   0   7   0   0   0   0   0   0   0   0
    1   0   0   0   0   1   0   0   0]
 [  0   0   0   0   0   0   0   0 171  29   0   0   0   0   0   0   0   0
    0   0   0   0   0   0   0   0   0]
 [  0   0   0   0   0   0   0   0   0   0   0   1   0   0   0   6 193   0
    0   0   0   0   0   0   0   0   0]
 [  0   0   0   0   0   0   0   0   1   4   0   0   0   0 189   0   0   0
    1   0   0   0   0   0   0   1   4]
 [  0   0   1 198   1   0   0   0   0   0   0   0   0   0   0   0   0   0
    0   0   0   0   0   0   0   0   0]
 [  0   0   0   0   0   0   0   0   0   8 180  12   0   0   0   0   0   0
    0   0   0   0   0   0   0   0   0]
 [  0   0   0   0   0   0   3 187   0  10   0   0   0   0   0   0   0   0
    0   0   0   0   0   0   0   0   0]
 [  0   0   0   0   0   0   0   0   0   0   1 197   0   0   0   0   0   0
    0   0   0   0   0   0   0   0   2]
 [  1   0   0   0   0   1 177   3   1  17   0   0   0   0   0   0   0   0
    0   0   0   0   0   0   0   0   0]
 [  0   0   0   0   0  46   0   0   0   2   0   0   0   0   0   0   0   0
    0  16 136   0   0   0   0   0   0]
 [  1   0   0   0   0   0   0   0   0   0   0   0   0   0   0   0   0   0
    1   1   0   0   0 173  24   0   0]
 [  0   0   0   0   0   0   0   0   0   4   0   0 193   0   0   0   0   1
    2   0   0   0   0   0   0   0   0]
 [  0   0 195   0   1   0   0   0   0   1   0   0   0   0   0   2   0   1
    0   0   0   0   0   0   0   0   0]
 [  0   0   0   0   0   0   0   0   2  26   0   0   0 172   0   0   0   0
    0   0   0   0   0   0   0   0   0]
 [  1   0   0   0   0   0   0   1   0   2   0   0   0   0   0   0   0   0
    1   0   0  15 177   1   2   0   0]
 [  0   0   0   0   0   0   0   0   0   2   0   1   0   0   0   0   0   0
    0   0   0   0   0   0   0 172  25]
 [  0   0   1   0 194   0   0   0   0   4   0   1   0   0   0   0   0   0
    0   0   0   0   0   0   0   0   0]
 [  0   0   0   0   0   0   0   0   0   0   0   0   0   0   0   0   0   0
    0   0   0   0   0   0   0   0   0]
 [  0   0   0   0   0   0   0   0   0   0   0   0   0   0   0   0   0   0
    0   0   0   0   0   0   0   0   0]
 [  0   0   0   0   0   0   0   0   0   0   0   0   0   0   0   0   0   0
    0   0   0   0   0   0   0   0   0]
 [  0   0   0   0   0   0   0   0   0   0   0   0   0   0   0   0   0   0
    0   0   0   0   0   0   0   0   0]
 [  0   0   0   0   0   0   0   0   0   0   0   0   0   0   0   0   0   0
    0   0   0   0   0   0   0   0   0]
 [  0   0   0   0   0   0   0   0   0   0   0   0   0   0   0   0   0   0
    0   0   0   0   0   0   0   0   0]
 [  0   0   0   0   0   0   0   0   0   0   0   0   0   0   0   0   0   0
    0   0   0   0   0   0   0   0   0]]

Epoch 490:   0%|          | 0/32 [00:00<?, ?it/s, loss=0.0829, v_num=]         
Epoch 491:   0%|          | 0/32 [00:00<?, ?it/s, loss=0.0829, v_num=]/usr/local/lib/python3.13/dist-packages/torch/utils/data/dataloader.py:432: UserWarning: This DataLoader will create 6 worker processes in total. Our suggested max number of worker in current system is 2, which is smaller than what this DataLoader is going to create. Please be aware that excessive worker creation might get DataLoader running slow or even freeze, lower the worker number to avoid potential slowness/freeze if necessary.
  self.check_worker_number_rationality()

Epoch 491:  62%|██████▎   | 20/32 [00:02<00:01,  9.72it/s, loss=0.0829, v_num=]
Epoch 491:  62%|██████▎   | 20/32 [00:02<00:01,  9.71it/s, loss=0.0772, v_num=]
Epoch 491: 100%|██████████| 32/32 [00:03<00:00,  9.94it/s, loss=0.0843, v_num=]
Epoch 491:   0%|          | 0/32 [00:00<?, ?it/s, loss=0.0843, v_num=]         
Epoch 492:   0%|          | 0/32 [00:00<?, ?it/s, loss=0.0843, v_num=]/usr/local/lib/python3.13/dist-packages/torch/utils/data/dataloader.py:432: UserWarning: This DataLoader will create 6 worker processes in total. Our suggested max number of worker in current system is 2, which is smaller than what this DataLoader is going to create. Please be aware that excessive worker creation might get DataLoader running slow or even freeze, lower the worker number to avoid potential slowness/freeze if necessary.
  self.check_worker_number_rationality()

Epoch 492:  62%|██████▎   | 20/32 [00:02<00:01,  9.83it/s, loss=0.0843, v_num=]
Epoch 492:  62%|██████▎   | 20/32 [00:02<00:01,  9.83it/s, loss=0.0908, v_num=]
Epoch 492: 100%|██████████| 32/32 [00:03<00:00, 10.03it/s, loss=0.0813, v_num=]
Epoch 492:   0%|          | 0/32 [00:00<?, ?it/s, loss=0.0813, v_num=]         
Epoch 493:   0%|          | 0/32 [00:00<?, ?it/s, loss=0.0813, v_num=]/usr/local/lib/python3.13/dist-packages/torch/utils/data/dataloader.py:432: UserWarning: This DataLoader will create 6 worker processes in total. Our suggested max number of worker in current system is 2, which is smaller than what this DataLoader is going to create. Please be aware that excessive worker creation might get DataLoader running slow or even freeze, lower the worker number to avoid potential slowness/freeze if necessary.
  self.check_worker_number_rationality()

Epoch 493:  62%|██████▎   | 20/32 [00:02<00:01,  9.03it/s, loss=0.0813, v_num=]
Epoch 493:  62%|██████▎   | 20/32 [00:02<00:01,  9.03it/s, loss=0.0872, v_num=]
Epoch 493: 100%|██████████| 32/32 [00:03<00:00,  8.63it/s, loss=0.0763, v_num=]
Epoch 493:   0%|          | 0/32 [00:00<?, ?it/s, loss=0.0763, v_num=]         
Epoch 494:   0%|          | 0/32 [00:00<?, ?it/s, loss=0.0763, v_num=]/usr/local/lib/python3.13/dist-packages/torch/utils/data/dataloader.py:432: UserWarning: This DataLoader will create 6 worker processes in total. Our suggested max number of worker in current system is 2, which is smaller than what this DataLoader is going to create. Please be aware that excessive worker creation might get DataLoader running slow or even freeze, lower the worker number to avoid potential slowness/freeze if necessary.
  self.check_worker_number_rationality()

Epoch 494:  62%|██████▎   | 20/32 [00:02<00:01,  8.87it/s, loss=0.0763, v_num=]
Epoch 494:  62%|██████▎   | 20/32 [00:02<00:01,  8.87it/s, loss=0.0853, v_num=]
Epoch 494: 100%|██████████| 32/32 [00:03<00:00,  9.36it/s, loss=0.0861, v_num=]
Epoch 494:   0%|          | 0/32 [00:00<?, ?it/s, loss=0.0861, v_num=]         
Epoch 495:   0%|          | 0/32 [00:00<?, ?it/s, loss=0.0861, v_num=]/usr/local/lib/python3.13/dist-packages/torch/utils/data/dataloader.py:432: UserWarning: This DataLoader will create 6 worker processes in total. Our suggested max number of worker in current system is 2, which is smaller than what this DataLoader is going to create. Please be aware that excessive worker creation might get DataLoader running slow or even freeze, lower the worker number to avoid potential slowness/freeze if necessary.
  self.check_worker_number_rationality()

Epoch 495:  62%|██████▎   | 20/32 [00:02<00:01,  9.85it/s, loss=0.0861, v_num=]
Epoch 495:  62%|██████▎   | 20/32 [00:02<00:01,  9.85it/s, loss=0.0816, v_num=]
Epoch 495: 100%|██████████| 32/32 [00:03<00:00,  9.69it/s, loss=0.0877, v_num=]/content/DeepDPM-New/src/clustering_models/clusternet_modules/models/Classifiers.py:351: UserWarning: To copy construct from a tensor, it is recommended to use sourceTensor.detach().clone() or sourceTensor.detach().clone().requires_grad_(True), rather than torch.tensor(sourceTensor).
  mus_ind_not_merged = torch.nonzero(torch.logical_not(torch.tensor(merge_decisions)), as_tuple=False)
/content/DeepDPM-New/src/clustering_models/clusternet_modules/models/Classifiers.py:359: UserWarning: To copy construct from a tensor, it is recommended to use sourceTensor.detach().clone() or sourceTensor.detach().clone().requires_grad_(True), rather than torch.tensor(sourceTensor).
  fc1_weights_not_merged = class_fc1.weight.data[torch.logical_not(torch.tensor(merge_decisions)).repeat_interleave(self.hidden_dim), :]
Merging clusters [[5, 19], [21, 24], [26, 9]]
Evaluating...
NMI : 0.9247912207108938, ARI: 0.8971284328796887, ACC: 0.919, current K: 27
[Merge] K updated → 24 clusters
  [Epoch 495] losses at merge → cluster_loss=0.0854, subcluster_loss=0.0835

Epoch 495:   0%|          | 0/32 [00:00<?, ?it/s, loss=0.0877, v_num=]         
Epoch 496:   0%|          | 0/32 [00:00<?, ?it/s, loss=0.0877, v_num=]/usr/local/lib/python3.13/dist-packages/torch/utils/data/dataloader.py:432: UserWarning: This DataLoader will create 6 worker processes in total. Our suggested max number of worker in current system is 2, which is smaller than what this DataLoader is going to create. Please be aware that excessive worker creation might get DataLoader running slow or even freeze, lower the worker number to avoid potential slowness/freeze if necessary.
  self.check_worker_number_rationality()

Epoch 496:  62%|██████▎   | 20/32 [00:01<00:01, 10.71it/s, loss=0.0877, v_num=]
Epoch 496:  62%|██████▎   | 20/32 [00:01<00:01, 10.70it/s, loss=0.276, v_num=] 
Epoch 496: 100%|██████████| 32/32 [00:02<00:00, 10.88it/s, loss=0.268, v_num=]
Epoch 496:   0%|          | 0/32 [00:00<?, ?it/s, loss=0.268, v_num=]         
Epoch 497:   0%|          | 0/32 [00:00<?, ?it/s, loss=0.268, v_num=]
Epoch 497:  62%|██████▎   | 20/32 [00:02<00:01,  9.12it/s, loss=0.268, v_num=]
Epoch 497:  62%|██████▎   | 20/32 [00:02<00:01,  9.12it/s, loss=0.254, v_num=]
Epoch 497: 100%|██████████| 32/32 [00:03<00:00,  8.84it/s, loss=0.295, v_num=]
Epoch 497:   0%|          | 0/32 [00:00<?, ?it/s, loss=0.295, v_num=]         
Epoch 498:   0%|          | 0/32 [00:00<?, ?it/s, loss=0.295, v_num=]
Epoch 498:  62%|██████▎   | 20/32 [00:01<00:01, 10.81it/s, loss=0.295, v_num=]
Epoch 498:  62%|██████▎   | 20/32 [00:01<00:01, 10.81it/s, loss=0.266, v_num=]
Epoch 498: 100%|██████████| 32/32 [00:02<00:00, 11.04it/s, loss=0.297, v_num=]
Epoch 498:   0%|          | 0/32 [00:00<?, ?it/s, loss=0.297, v_num=]         
Epoch 499:   0%|          | 0/32 [00:00<?, ?it/s, loss=0.297, v_num=]
Epoch 499:  62%|██████▎   | 20/32 [00:01<00:01, 10.69it/s, loss=0.297, v_num=]
Epoch 499:  62%|██████▎   | 20/32 [00:01<00:01, 10.68it/s, loss=0.29, v_num=] 
Epoch 499: 100%|██████████| 32/32 [00:02<00:00, 10.91it/s, loss=0.252, v_num=]
Epoch 499: 100%|██████████| 32/32 [00:02<00:00, 10.83it/s, loss=0.252, v_num=]
Finished training!
Training history plot saved to: logs/mnist24579_equalpairs_less_info_split_merge_40_s46_baseline/training_history.png
Metrics history plot saved to: logs/mnist24579_equalpairs_less_info_split_merge_40_s46_baseline/metrics_history.png
Confusion matrix plot saved to: logs/mnist24579_equalpairs_less_info_split_merge_40_s46_baseline/confusion_matrix.png
NMI: 0.9436, ARI: 0.93041, acc: 0.9505, final K: 24
