/usr/local/lib/python3.13/dist-packages/torch/utils/data/dataloader.py:424: UserWarning: This DataLoader will create 6 worker processes in total. Our suggested max number of worker in current system is 2, which is smaller than what this DataLoader is going to create. Please be aware that excessive worker creation might get DataLoader running slow or even freeze, lower the worker number to avoid potential slowness/freeze if necessary.
  self.check_worker_number_rationality()
Global seed set to 47
Global seed set to 47
GPU available: True, used: True
TPU available: False, using: 0 TPU cores
/usr/local/lib/python3.13/dist-packages/pytorch_lightning/utilities/distributed.py:68: UserWarning: you defined a validation_step but have no val_dataloader. Skipping validation loop
  warnings.warn(*args, **kwargs)
LOCAL_RANK: 0 - CUDA_VISIBLE_DEVICES: [0]

  | Name              | Type              | Params
--------------------------------------------------------
0 | cluster_net       | MLP_Classifier    | 601   
1 | subclustering_net | Subclustering_net | 652   
--------------------------------------------------------
1.3 K     Trainable params
0         Non-trainable params
1.3 K     Total params
0.005     Total estimated model params size (MB)
Test data not found! running only with train data
Sequential()

Training: 0it [00:00, ?it/s]
Training:   0%|          | 0/47 [00:00<?, ?it/s]
Epoch 0:   0%|          | 0/47 [00:00<?, ?it/s] /usr/local/lib/python3.13/dist-packages/torch/utils/data/dataloader.py:432: UserWarning: This DataLoader will create 6 worker processes in total. Our suggested max number of worker in current system is 2, which is smaller than what this DataLoader is going to create. Please be aware that excessive worker creation might get DataLoader running slow or even freeze, lower the worker number to avoid potential slowness/freeze if necessary.
  self.check_worker_number_rationality()
/usr/local/lib/python3.13/dist-packages/pytorch_lightning/utilities/distributed.py:68: UserWarning: training_step returned None if it was on purpose, ignore this warning...
  warnings.warn(*args, **kwargs)

Epoch 0:  43%|████▎     | 20/47 [00:00<00:00, 67.95it/s]
Epoch 0:  43%|████▎     | 20/47 [00:00<00:00, 67.74it/s, loss=nan, v_num=]
Epoch 0:  85%|████████▌ | 40/47 [00:00<00:00, 96.10it/s, loss=nan, v_num=]
Epoch 0:  85%|████████▌ | 40/47 [00:00<00:00, 96.03it/s, loss=nan, v_num=]
Epoch 0: 100%|██████████| 47/47 [00:00<00:00, 91.26it/s, loss=nan, v_num=]Initializing clusters params using Kmeans...

Epoch 0:   0%|          | 0/47 [00:00<?, ?it/s, loss=nan, v_num=]         
Epoch 1:   0%|          | 0/47 [00:00<?, ?it/s, loss=nan, v_num=]/usr/local/lib/python3.13/dist-packages/torch/utils/data/dataloader.py:432: UserWarning: This DataLoader will create 6 worker processes in total. Our suggested max number of worker in current system is 2, which is smaller than what this DataLoader is going to create. Please be aware that excessive worker creation might get DataLoader running slow or even freeze, lower the worker number to avoid potential slowness/freeze if necessary.
  self.check_worker_number_rationality()

Epoch 1:  43%|████▎     | 20/47 [00:00<00:01, 25.70it/s, loss=nan, v_num=]
Epoch 1:  43%|████▎     | 20/47 [00:00<00:01, 25.67it/s, loss=0, v_num=]  
Epoch 1:  85%|████████▌ | 40/47 [00:00<00:00, 40.31it/s, loss=0, v_num=]
Epoch 1:  85%|████████▌ | 40/47 [00:00<00:00, 40.29it/s, loss=0, v_num=]
Epoch 1: 100%|██████████| 47/47 [00:01<00:00, 40.13it/s, loss=0, v_num=]
Epoch 1:   0%|          | 0/47 [00:00<?, ?it/s, loss=0, v_num=]         
Epoch 2:   0%|          | 0/47 [00:00<?, ?it/s, loss=0, v_num=]
Epoch 2:  43%|████▎     | 20/47 [00:00<00:00, 44.15it/s, loss=0, v_num=]
Epoch 2:  43%|████▎     | 20/47 [00:00<00:00, 44.08it/s, loss=0, v_num=]
Epoch 2:  85%|████████▌ | 40/47 [00:00<00:00, 59.01it/s, loss=0, v_num=]
Epoch 2:  85%|████████▌ | 40/47 [00:00<00:00, 58.98it/s, loss=0, v_num=]
Epoch 2: 100%|██████████| 47/47 [00:00<00:00, 54.65it/s, loss=0, v_num=]
Epoch 2:   0%|          | 0/47 [00:00<?, ?it/s, loss=0, v_num=]         
Epoch 3:   0%|          | 0/47 [00:00<?, ?it/s, loss=0, v_num=]
Epoch 3:  43%|████▎     | 20/47 [00:00<00:00, 41.33it/s, loss=0, v_num=]
Epoch 3:  43%|████▎     | 20/47 [00:00<00:00, 41.27it/s, loss=0, v_num=]
Epoch 3:  85%|████████▌ | 40/47 [00:00<00:00, 55.99it/s, loss=0, v_num=]
Epoch 3:  85%|████████▌ | 40/47 [00:00<00:00, 55.96it/s, loss=0, v_num=]
Epoch 3: 100%|██████████| 47/47 [00:00<00:00, 52.36it/s, loss=0, v_num=]
Epoch 3:   0%|          | 0/47 [00:00<?, ?it/s, loss=0, v_num=]         
Epoch 4:   0%|          | 0/47 [00:00<?, ?it/s, loss=0, v_num=]
Epoch 4:  43%|████▎     | 20/47 [00:00<00:00, 30.85it/s, loss=0, v_num=]
Epoch 4:  43%|████▎     | 20/47 [00:00<00:00, 30.82it/s, loss=0, v_num=]
Epoch 4:  85%|████████▌ | 40/47 [00:00<00:00, 43.13it/s, loss=0, v_num=]
Epoch 4:  85%|████████▌ | 40/47 [00:00<00:00, 43.12it/s, loss=0, v_num=]
Epoch 4: 100%|██████████| 47/47 [00:01<00:00, 38.32it/s, loss=0, v_num=]
Epoch 4:   0%|          | 0/47 [00:00<?, ?it/s, loss=0, v_num=]         
Epoch 5:   0%|          | 0/47 [00:00<?, ?it/s, loss=0, v_num=]
Epoch 5:  43%|████▎     | 20/47 [00:00<00:00, 27.56it/s, loss=0, v_num=]
Epoch 5:  43%|████▎     | 20/47 [00:00<00:00, 27.53it/s, loss=0, v_num=]
Epoch 5:  85%|████████▌ | 40/47 [00:01<00:00, 38.91it/s, loss=0, v_num=]
Epoch 5:  85%|████████▌ | 40/47 [00:01<00:00, 38.90it/s, loss=0, v_num=]
Epoch 5: 100%|██████████| 47/47 [00:01<00:00, 34.87it/s, loss=0, v_num=]Evaluating...
NMI : 0.0, ARI: 0.0, ACC: 0.05, current K: 1

Epoch 5:   0%|          | 0/47 [00:00<?, ?it/s, loss=0, v_num=]         
Epoch 6:   0%|          | 0/47 [00:00<?, ?it/s, loss=0, v_num=]/usr/local/lib/python3.13/dist-packages/torch/utils/data/dataloader.py:432: UserWarning: This DataLoader will create 6 worker processes in total. Our suggested max number of worker in current system is 2, which is smaller than what this DataLoader is going to create. Please be aware that excessive worker creation might get DataLoader running slow or even freeze, lower the worker number to avoid potential slowness/freeze if necessary.
  self.check_worker_number_rationality()

Epoch 6:  43%|████▎     | 20/47 [00:00<00:00, 34.95it/s, loss=0, v_num=]
Epoch 6:  43%|████▎     | 20/47 [00:00<00:00, 34.91it/s, loss=0, v_num=]
Epoch 6:  85%|████████▌ | 40/47 [00:00<00:00, 48.96it/s, loss=0, v_num=]
Epoch 6:  85%|████████▌ | 40/47 [00:00<00:00, 48.94it/s, loss=0, v_num=]
Epoch 6: 100%|██████████| 47/47 [00:01<00:00, 46.34it/s, loss=0, v_num=]
Epoch 6:   0%|          | 0/47 [00:00<?, ?it/s, loss=0, v_num=]         
Epoch 7:   0%|          | 0/47 [00:00<?, ?it/s, loss=0, v_num=]
Epoch 7:  43%|████▎     | 20/47 [00:00<00:00, 43.29it/s, loss=0, v_num=]
Epoch 7:  43%|████▎     | 20/47 [00:00<00:00, 43.22it/s, loss=0, v_num=]
Epoch 7:  85%|████████▌ | 40/47 [00:00<00:00, 56.05it/s, loss=0, v_num=]
Epoch 7:  85%|████████▌ | 40/47 [00:00<00:00, 56.02it/s, loss=0, v_num=]
Epoch 7: 100%|██████████| 47/47 [00:00<00:00, 50.65it/s, loss=0, v_num=]
Epoch 7:   0%|          | 0/47 [00:00<?, ?it/s, loss=0, v_num=]         
Epoch 8:   0%|          | 0/47 [00:00<?, ?it/s, loss=0, v_num=]
Epoch 8:  43%|████▎     | 20/47 [00:00<00:00, 41.94it/s, loss=0, v_num=]
Epoch 8:  43%|████▎     | 20/47 [00:00<00:00, 41.88it/s, loss=0, v_num=]
Epoch 8:  85%|████████▌ | 40/47 [00:00<00:00, 55.81it/s, loss=0, v_num=]
Epoch 8:  85%|████████▌ | 40/47 [00:00<00:00, 55.78it/s, loss=0, v_num=]
Epoch 8: 100%|██████████| 47/47 [00:00<00:00, 51.70it/s, loss=0, v_num=]
Epoch 8:   0%|          | 0/47 [00:00<?, ?it/s, loss=0, v_num=]         
Epoch 9:   0%|          | 0/47 [00:00<?, ?it/s, loss=0, v_num=]
Epoch 9:  43%|████▎     | 20/47 [00:00<00:00, 40.85it/s, loss=0, v_num=]
Epoch 9:  43%|████▎     | 20/47 [00:00<00:00, 40.79it/s, loss=0, v_num=]
Epoch 9:  85%|████████▌ | 40/47 [00:00<00:00, 55.47it/s, loss=0, v_num=]
Epoch 9:  85%|████████▌ | 40/47 [00:00<00:00, 55.44it/s, loss=0, v_num=]
Epoch 9: 100%|██████████| 47/47 [00:00<00:00, 51.27it/s, loss=0, v_num=]
Epoch 9:   0%|          | 0/47 [00:00<?, ?it/s, loss=0, v_num=]         
Epoch 10:   0%|          | 0/47 [00:00<?, ?it/s, loss=0, v_num=]
Epoch 10:  43%|████▎     | 20/47 [00:00<00:00, 41.16it/s, loss=0, v_num=]
Epoch 10:  43%|████▎     | 20/47 [00:00<00:00, 41.09it/s, loss=0, v_num=]
Epoch 10:  85%|████████▌ | 40/47 [00:00<00:00, 55.96it/s, loss=0, v_num=]
Epoch 10:  85%|████████▌ | 40/47 [00:00<00:00, 55.93it/s, loss=0, v_num=]
Epoch 10: 100%|██████████| 47/47 [00:00<00:00, 52.02it/s, loss=0, v_num=]Evaluating...
NMI : 0.0, ARI: 0.0, ACC: 0.05, current K: 1

Epoch 10:   0%|          | 0/47 [00:00<?, ?it/s, loss=0, v_num=]         
Epoch 11:   0%|          | 0/47 [00:00<?, ?it/s, loss=0, v_num=]/usr/local/lib/python3.13/dist-packages/torch/utils/data/dataloader.py:432: UserWarning: This DataLoader will create 6 worker processes in total. Our suggested max number of worker in current system is 2, which is smaller than what this DataLoader is going to create. Please be aware that excessive worker creation might get DataLoader running slow or even freeze, lower the worker number to avoid potential slowness/freeze if necessary.
  self.check_worker_number_rationality()

Epoch 11:  43%|████▎     | 20/47 [00:00<00:00, 41.46it/s, loss=0, v_num=]
Epoch 11:  43%|████▎     | 20/47 [00:00<00:00, 41.40it/s, loss=0, v_num=]
Epoch 11:  85%|████████▌ | 40/47 [00:00<00:00, 55.92it/s, loss=0, v_num=]
Epoch 11:  85%|████████▌ | 40/47 [00:00<00:00, 55.89it/s, loss=0, v_num=]
Epoch 11: 100%|██████████| 47/47 [00:00<00:00, 51.92it/s, loss=0, v_num=]
Epoch 11:   0%|          | 0/47 [00:00<?, ?it/s, loss=0, v_num=]         
Epoch 12:   0%|          | 0/47 [00:00<?, ?it/s, loss=0, v_num=]
Epoch 12:  43%|████▎     | 20/47 [00:00<00:00, 43.04it/s, loss=0, v_num=]
Epoch 12:  43%|████▎     | 20/47 [00:00<00:00, 42.97it/s, loss=0, v_num=]
Epoch 12:  85%|████████▌ | 40/47 [00:00<00:00, 57.06it/s, loss=0, v_num=]
Epoch 12:  85%|████████▌ | 40/47 [00:00<00:00, 57.03it/s, loss=0, v_num=]
Epoch 12: 100%|██████████| 47/47 [00:00<00:00, 52.83it/s, loss=0, v_num=]
Epoch 12:   0%|          | 0/47 [00:00<?, ?it/s, loss=0, v_num=]         
Epoch 13:   0%|          | 0/47 [00:00<?, ?it/s, loss=0, v_num=]
Epoch 13:  43%|████▎     | 20/47 [00:00<00:00, 42.73it/s, loss=0, v_num=]
Epoch 13:  43%|████▎     | 20/47 [00:00<00:00, 42.66it/s, loss=0, v_num=]
Epoch 13:  85%|████████▌ | 40/47 [00:00<00:00, 56.59it/s, loss=0, v_num=]
Epoch 13:  85%|████████▌ | 40/47 [00:00<00:00, 56.56it/s, loss=0, v_num=]
Epoch 13: 100%|██████████| 47/47 [00:00<00:00, 52.29it/s, loss=0, v_num=]
Epoch 13:   0%|          | 0/47 [00:00<?, ?it/s, loss=0, v_num=]         
Epoch 14:   0%|          | 0/47 [00:00<?, ?it/s, loss=0, v_num=]
Epoch 14:  43%|████▎     | 20/47 [00:00<00:00, 43.42it/s, loss=0, v_num=]
Epoch 14:  43%|████▎     | 20/47 [00:00<00:00, 43.35it/s, loss=0, v_num=]
Epoch 14:  85%|████████▌ | 40/47 [00:00<00:00, 56.41it/s, loss=0, v_num=]
Epoch 14:  85%|████████▌ | 40/47 [00:00<00:00, 56.39it/s, loss=0, v_num=]
Epoch 14: 100%|██████████| 47/47 [00:00<00:00, 52.46it/s, loss=0, v_num=]
Epoch 14:   0%|          | 0/47 [00:00<?, ?it/s, loss=0, v_num=]         
Epoch 15:   0%|          | 0/47 [00:00<?, ?it/s, loss=0, v_num=]
Epoch 15:  43%|████▎     | 20/47 [00:00<00:00, 42.41it/s, loss=0, v_num=]
Epoch 15:  43%|████▎     | 20/47 [00:00<00:00, 42.35it/s, loss=0, v_num=]
Epoch 15:  85%|████████▌ | 40/47 [00:00<00:00, 56.62it/s, loss=0, v_num=]
Epoch 15:  85%|████████▌ | 40/47 [00:00<00:00, 56.59it/s, loss=0, v_num=]
Epoch 15: 100%|██████████| 47/47 [00:00<00:00, 52.29it/s, loss=0, v_num=]Evaluating...
NMI : 0.0, ARI: 0.0, ACC: 0.05, current K: 1

Epoch 15:   0%|          | 0/47 [00:00<?, ?it/s, loss=0, v_num=]         
Epoch 16:   0%|          | 0/47 [00:00<?, ?it/s, loss=0, v_num=]/usr/local/lib/python3.13/dist-packages/torch/utils/data/dataloader.py:432: UserWarning: This DataLoader will create 6 worker processes in total. Our suggested max number of worker in current system is 2, which is smaller than what this DataLoader is going to create. Please be aware that excessive worker creation might get DataLoader running slow or even freeze, lower the worker number to avoid potential slowness/freeze if necessary.
  self.check_worker_number_rationality()

Epoch 16:  43%|████▎     | 20/47 [00:00<00:00, 42.60it/s, loss=0, v_num=]
Epoch 16:  43%|████▎     | 20/47 [00:00<00:00, 42.53it/s, loss=0, v_num=]
Epoch 16:  85%|████████▌ | 40/47 [00:00<00:00, 56.04it/s, loss=0, v_num=]
Epoch 16:  85%|████████▌ | 40/47 [00:00<00:00, 56.02it/s, loss=0, v_num=]
Epoch 16: 100%|██████████| 47/47 [00:00<00:00, 51.49it/s, loss=0, v_num=]
Epoch 16:   0%|          | 0/47 [00:00<?, ?it/s, loss=0, v_num=]         
Epoch 17:   0%|          | 0/47 [00:00<?, ?it/s, loss=0, v_num=]
Epoch 17:  43%|████▎     | 20/47 [00:00<00:00, 28.86it/s, loss=0, v_num=]
Epoch 17:  43%|████▎     | 20/47 [00:00<00:00, 28.83it/s, loss=0, v_num=]
Epoch 17:  85%|████████▌ | 40/47 [00:00<00:00, 40.34it/s, loss=0, v_num=]
Epoch 17:  85%|████████▌ | 40/47 [00:00<00:00, 40.33it/s, loss=0, v_num=]
Epoch 17: 100%|██████████| 47/47 [00:01<00:00, 36.37it/s, loss=0, v_num=]
Epoch 17:   0%|          | 0/47 [00:00<?, ?it/s, loss=0, v_num=]         
Epoch 18:   0%|          | 0/47 [00:00<?, ?it/s, loss=0, v_num=]
Epoch 18:  43%|████▎     | 20/47 [00:00<00:00, 28.06it/s, loss=0, v_num=]
Epoch 18:  43%|████▎     | 20/47 [00:00<00:00, 28.02it/s, loss=0, v_num=]
Epoch 18:  85%|████████▌ | 40/47 [00:01<00:00, 38.85it/s, loss=0, v_num=]
Epoch 18:  85%|████████▌ | 40/47 [00:01<00:00, 38.84it/s, loss=0, v_num=]
Epoch 18: 100%|██████████| 47/47 [00:01<00:00, 35.01it/s, loss=0, v_num=]
Epoch 18:   0%|          | 0/47 [00:00<?, ?it/s, loss=0, v_num=]         
Epoch 19:   0%|          | 0/47 [00:00<?, ?it/s, loss=0, v_num=]
Epoch 19:  43%|████▎     | 20/47 [00:00<00:00, 36.91it/s, loss=0, v_num=]
Epoch 19:  43%|████▎     | 20/47 [00:00<00:00, 36.86it/s, loss=0, v_num=]
Epoch 19:  85%|████████▌ | 40/47 [00:00<00:00, 51.67it/s, loss=0, v_num=]
Epoch 19:  85%|████████▌ | 40/47 [00:00<00:00, 51.64it/s, loss=0, v_num=]
Epoch 19: 100%|██████████| 47/47 [00:00<00:00, 49.05it/s, loss=0, v_num=]
Epoch 19:   0%|          | 0/47 [00:00<?, ?it/s, loss=0, v_num=]         
Epoch 20:   0%|          | 0/47 [00:00<?, ?it/s, loss=0, v_num=]
Epoch 20:  43%|████▎     | 20/47 [00:00<00:00, 41.86it/s, loss=0, v_num=]
Epoch 20:  43%|████▎     | 20/47 [00:00<00:00, 41.80it/s, loss=0, v_num=]
Epoch 20:  85%|████████▌ | 40/47 [00:00<00:00, 55.41it/s, loss=0, v_num=]
Epoch 20:  85%|████████▌ | 40/47 [00:00<00:00, 55.38it/s, loss=0, v_num=]
Epoch 20: 100%|██████████| 47/47 [00:00<00:00, 51.65it/s, loss=0, v_num=]Evaluating...
NMI : 0.0, ARI: 0.0, ACC: 0.05, current K: 1

Epoch 20:   0%|          | 0/47 [00:00<?, ?it/s, loss=0, v_num=]         
Epoch 21:   0%|          | 0/47 [00:00<?, ?it/s, loss=0, v_num=]/usr/local/lib/python3.13/dist-packages/torch/utils/data/dataloader.py:432: UserWarning: This DataLoader will create 6 worker processes in total. Our suggested max number of worker in current system is 2, which is smaller than what this DataLoader is going to create. Please be aware that excessive worker creation might get DataLoader running slow or even freeze, lower the worker number to avoid potential slowness/freeze if necessary.
  self.check_worker_number_rationality()

Epoch 21:  43%|████▎     | 20/47 [00:00<00:00, 43.74it/s, loss=0, v_num=]
Epoch 21:  43%|████▎     | 20/47 [00:00<00:00, 43.67it/s, loss=0, v_num=]
Epoch 21:  85%|████████▌ | 40/47 [00:00<00:00, 57.44it/s, loss=0, v_num=]
Epoch 21:  85%|████████▌ | 40/47 [00:00<00:00, 57.41it/s, loss=0, v_num=]
Epoch 21: 100%|██████████| 47/47 [00:00<00:00, 53.45it/s, loss=0, v_num=]
Epoch 21:   0%|          | 0/47 [00:00<?, ?it/s, loss=0, v_num=]         
Epoch 22:   0%|          | 0/47 [00:00<?, ?it/s, loss=0, v_num=]
Epoch 22:  43%|████▎     | 20/47 [00:00<00:00, 34.99it/s, loss=0, v_num=]
Epoch 22:  43%|████▎     | 20/47 [00:00<00:00, 34.95it/s, loss=0, v_num=]
Epoch 22:  85%|████████▌ | 40/47 [00:00<00:00, 48.99it/s, loss=0, v_num=]
Epoch 22:  85%|████████▌ | 40/47 [00:00<00:00, 48.97it/s, loss=0, v_num=]
Epoch 22: 100%|██████████| 47/47 [00:01<00:00, 46.49it/s, loss=0, v_num=]
Epoch 22:   0%|          | 0/47 [00:00<?, ?it/s, loss=0, v_num=]         
Epoch 23:   0%|          | 0/47 [00:00<?, ?it/s, loss=0, v_num=]
Epoch 23:  43%|████▎     | 20/47 [00:00<00:00, 43.51it/s, loss=0, v_num=]
Epoch 23:  43%|████▎     | 20/47 [00:00<00:00, 43.45it/s, loss=0, v_num=]
Epoch 23:  85%|████████▌ | 40/47 [00:00<00:00, 57.17it/s, loss=0, v_num=]
Epoch 23:  85%|████████▌ | 40/47 [00:00<00:00, 57.15it/s, loss=0, v_num=]
Epoch 23: 100%|██████████| 47/47 [00:00<00:00, 53.13it/s, loss=0, v_num=]
Epoch 23:   0%|          | 0/47 [00:00<?, ?it/s, loss=0, v_num=]         
Epoch 24:   0%|          | 0/47 [00:00<?, ?it/s, loss=0, v_num=]
Epoch 24:  43%|████▎     | 20/47 [00:00<00:00, 43.62it/s, loss=0, v_num=]
Epoch 24:  43%|████▎     | 20/47 [00:00<00:00, 43.56it/s, loss=0, v_num=]
Epoch 24:  85%|████████▌ | 40/47 [00:00<00:00, 57.99it/s, loss=0, v_num=]
Epoch 24:  85%|████████▌ | 40/47 [00:00<00:00, 57.96it/s, loss=0, v_num=]
Epoch 24: 100%|██████████| 47/47 [00:00<00:00, 52.92it/s, loss=0, v_num=]
Epoch 24:   0%|          | 0/47 [00:00<?, ?it/s, loss=0, v_num=]         
Epoch 25:   0%|          | 0/47 [00:00<?, ?it/s, loss=0, v_num=]
Epoch 25:  43%|████▎     | 20/47 [00:00<00:00, 43.75it/s, loss=0, v_num=]
Epoch 25:  43%|████▎     | 20/47 [00:00<00:00, 43.69it/s, loss=0, v_num=]
Epoch 25:  85%|████████▌ | 40/47 [00:00<00:00, 58.25it/s, loss=0, v_num=]
Epoch 25:  85%|████████▌ | 40/47 [00:00<00:00, 58.22it/s, loss=0, v_num=]
Epoch 25: 100%|██████████| 47/47 [00:00<00:00, 52.55it/s, loss=0, v_num=]Evaluating...
NMI : 0.0, ARI: 0.0, ACC: 0.05, current K: 1

Epoch 25:   0%|          | 0/47 [00:00<?, ?it/s, loss=0, v_num=]         
Epoch 26:   0%|          | 0/47 [00:00<?, ?it/s, loss=0, v_num=]/usr/local/lib/python3.13/dist-packages/torch/utils/data/dataloader.py:432: UserWarning: This DataLoader will create 6 worker processes in total. Our suggested max number of worker in current system is 2, which is smaller than what this DataLoader is going to create. Please be aware that excessive worker creation might get DataLoader running slow or even freeze, lower the worker number to avoid potential slowness/freeze if necessary.
  self.check_worker_number_rationality()

Epoch 26:  43%|████▎     | 20/47 [00:00<00:00, 42.66it/s, loss=0, v_num=]
Epoch 26:  43%|████▎     | 20/47 [00:00<00:00, 42.60it/s, loss=0, v_num=]
Epoch 26:  85%|████████▌ | 40/47 [00:00<00:00, 57.32it/s, loss=0, v_num=]
Epoch 26:  85%|████████▌ | 40/47 [00:00<00:00, 57.29it/s, loss=0, v_num=]
Epoch 26: 100%|██████████| 47/47 [00:00<00:00, 53.05it/s, loss=0, v_num=]
Epoch 26:   0%|          | 0/47 [00:00<?, ?it/s, loss=0, v_num=]         
Epoch 27:   0%|          | 0/47 [00:00<?, ?it/s, loss=0, v_num=]
Epoch 27:  43%|████▎     | 20/47 [00:00<00:00, 40.73it/s, loss=0, v_num=]
Epoch 27:  43%|████▎     | 20/47 [00:00<00:00, 40.68it/s, loss=0, v_num=]
Epoch 27:  85%|████████▌ | 40/47 [00:00<00:00, 55.31it/s, loss=0, v_num=]
Epoch 27:  85%|████████▌ | 40/47 [00:00<00:00, 55.29it/s, loss=0, v_num=]
Epoch 27: 100%|██████████| 47/47 [00:00<00:00, 51.74it/s, loss=0, v_num=]
Epoch 27:   0%|          | 0/47 [00:00<?, ?it/s, loss=0, v_num=]         
Epoch 28:   0%|          | 0/47 [00:00<?, ?it/s, loss=0, v_num=]
Epoch 28:  43%|████▎     | 20/47 [00:00<00:00, 41.80it/s, loss=0, v_num=]
Epoch 28:  43%|████▎     | 20/47 [00:00<00:00, 41.73it/s, loss=0, v_num=]
Epoch 28:  85%|████████▌ | 40/47 [00:00<00:00, 56.35it/s, loss=0, v_num=]
Epoch 28:  85%|████████▌ | 40/47 [00:00<00:00, 56.32it/s, loss=0, v_num=]
Epoch 28: 100%|██████████| 47/47 [00:00<00:00, 52.30it/s, loss=0, v_num=]
Epoch 28:   0%|          | 0/47 [00:00<?, ?it/s, loss=0, v_num=]         
Epoch 29:   0%|          | 0/47 [00:00<?, ?it/s, loss=0, v_num=]
Epoch 29:  43%|████▎     | 20/47 [00:00<00:00, 41.93it/s, loss=0, v_num=]
Epoch 29:  43%|████▎     | 20/47 [00:00<00:00, 41.87it/s, loss=0, v_num=]
Epoch 29:  85%|████████▌ | 40/47 [00:00<00:00, 57.01it/s, loss=0, v_num=]
Epoch 29:  85%|████████▌ | 40/47 [00:00<00:00, 56.98it/s, loss=0, v_num=]
Epoch 29: 100%|██████████| 47/47 [00:00<00:00, 51.30it/s, loss=0, v_num=]
Epoch 29:   0%|          | 0/47 [00:00<?, ?it/s, loss=0, v_num=]         
Epoch 30:   0%|          | 0/47 [00:00<?, ?it/s, loss=0, v_num=]
Epoch 30:  43%|████▎     | 20/47 [00:00<00:00, 29.39it/s, loss=0, v_num=]
Epoch 30:  43%|████▎     | 20/47 [00:00<00:00, 29.36it/s, loss=0, v_num=]
Epoch 30:  85%|████████▌ | 40/47 [00:00<00:00, 41.25it/s, loss=0, v_num=]
Epoch 30:  85%|████████▌ | 40/47 [00:00<00:00, 41.23it/s, loss=0, v_num=]
Epoch 30: 100%|██████████| 47/47 [00:01<00:00, 36.86it/s, loss=0, v_num=]Evaluating...
NMI : 0.0, ARI: 0.0, ACC: 0.05, current K: 1

Epoch 30:   0%|          | 0/47 [00:00<?, ?it/s, loss=0, v_num=]         
Epoch 31:   0%|          | 0/47 [00:00<?, ?it/s, loss=0, v_num=]/usr/local/lib/python3.13/dist-packages/torch/utils/data/dataloader.py:432: UserWarning: This DataLoader will create 6 worker processes in total. Our suggested max number of worker in current system is 2, which is smaller than what this DataLoader is going to create. Please be aware that excessive worker creation might get DataLoader running slow or even freeze, lower the worker number to avoid potential slowness/freeze if necessary.
  self.check_worker_number_rationality()

Epoch 31:  43%|████▎     | 20/47 [00:00<00:00, 28.62it/s, loss=0, v_num=]
Epoch 31:  43%|████▎     | 20/47 [00:00<00:00, 28.58it/s, loss=0, v_num=]
Epoch 31:  85%|████████▌ | 40/47 [00:01<00:00, 38.75it/s, loss=0, v_num=]
Epoch 31:  85%|████████▌ | 40/47 [00:01<00:00, 38.73it/s, loss=0, v_num=]
Epoch 31: 100%|██████████| 47/47 [00:01<00:00, 36.43it/s, loss=0, v_num=]
Epoch 31:   0%|          | 0/47 [00:00<?, ?it/s, loss=0, v_num=]         
Epoch 32:   0%|          | 0/47 [00:00<?, ?it/s, loss=0, v_num=]
Epoch 32:  43%|████▎     | 20/47 [00:00<00:00, 38.73it/s, loss=0, v_num=]
Epoch 32:  43%|████▎     | 20/47 [00:00<00:00, 38.68it/s, loss=0, v_num=]
Epoch 32:  85%|████████▌ | 40/47 [00:00<00:00, 53.24it/s, loss=0, v_num=]
Epoch 32:  85%|████████▌ | 40/47 [00:00<00:00, 53.21it/s, loss=0, v_num=]
Epoch 32: 100%|██████████| 47/47 [00:00<00:00, 49.73it/s, loss=0, v_num=]
Epoch 32:   0%|          | 0/47 [00:00<?, ?it/s, loss=0, v_num=]         
Epoch 33:   0%|          | 0/47 [00:00<?, ?it/s, loss=0, v_num=]
Epoch 33:  43%|████▎     | 20/47 [00:00<00:00, 43.30it/s, loss=0, v_num=]
Epoch 33:  43%|████▎     | 20/47 [00:00<00:00, 43.24it/s, loss=0, v_num=]
Epoch 33:  85%|████████▌ | 40/47 [00:00<00:00, 57.29it/s, loss=0, v_num=]
Epoch 33:  85%|████████▌ | 40/47 [00:00<00:00, 57.26it/s, loss=0, v_num=]
Epoch 33: 100%|██████████| 47/47 [00:00<00:00, 53.52it/s, loss=0, v_num=]
Epoch 33:   0%|          | 0/47 [00:00<?, ?it/s, loss=0, v_num=]         
Epoch 34:   0%|          | 0/47 [00:00<?, ?it/s, loss=0, v_num=]
Epoch 34:  43%|████▎     | 20/47 [00:00<00:00, 43.00it/s, loss=0, v_num=]
Epoch 34:  43%|████▎     | 20/47 [00:00<00:00, 42.94it/s, loss=0, v_num=]
Epoch 34:  85%|████████▌ | 40/47 [00:00<00:00, 57.73it/s, loss=0, v_num=]
Epoch 34:  85%|████████▌ | 40/47 [00:00<00:00, 57.71it/s, loss=0, v_num=]
Epoch 34: 100%|██████████| 47/47 [00:00<00:00, 53.65it/s, loss=0, v_num=]
Epoch 34:   0%|          | 0/47 [00:00<?, ?it/s, loss=0, v_num=]         
Epoch 35:   0%|          | 0/47 [00:00<?, ?it/s, loss=0, v_num=]
Epoch 35:  43%|████▎     | 20/47 [00:00<00:00, 43.47it/s, loss=0, v_num=]
Epoch 35:  43%|████▎     | 20/47 [00:00<00:00, 43.41it/s, loss=0, v_num=]
Epoch 35:  85%|████████▌ | 40/47 [00:00<00:00, 57.53it/s, loss=0, v_num=]
Epoch 35:  85%|████████▌ | 40/47 [00:00<00:00, 57.51it/s, loss=0, v_num=]
Epoch 35: 100%|██████████| 47/47 [00:00<00:00, 53.35it/s, loss=0, v_num=]Evaluating...
NMI : 0.0, ARI: 0.0, ACC: 0.05, current K: 1

Epoch 35:   0%|          | 0/47 [00:00<?, ?it/s, loss=0, v_num=]         
Epoch 36:   0%|          | 0/47 [00:00<?, ?it/s, loss=0, v_num=]/usr/local/lib/python3.13/dist-packages/torch/utils/data/dataloader.py:432: UserWarning: This DataLoader will create 6 worker processes in total. Our suggested max number of worker in current system is 2, which is smaller than what this DataLoader is going to create. Please be aware that excessive worker creation might get DataLoader running slow or even freeze, lower the worker number to avoid potential slowness/freeze if necessary.
  self.check_worker_number_rationality()

Epoch 36:  43%|████▎     | 20/47 [00:00<00:00, 42.22it/s, loss=0, v_num=]
Epoch 36:  43%|████▎     | 20/47 [00:00<00:00, 42.16it/s, loss=0, v_num=]
Epoch 36:  85%|████████▌ | 40/47 [00:00<00:00, 57.07it/s, loss=0, v_num=]
Epoch 36:  85%|████████▌ | 40/47 [00:00<00:00, 57.04it/s, loss=0, v_num=]
Epoch 36: 100%|██████████| 47/47 [00:00<00:00, 52.50it/s, loss=0, v_num=]
Epoch 36:   0%|          | 0/47 [00:00<?, ?it/s, loss=0, v_num=]         
Epoch 37:   0%|          | 0/47 [00:00<?, ?it/s, loss=0, v_num=]
Epoch 37:  43%|████▎     | 20/47 [00:00<00:00, 42.06it/s, loss=0, v_num=]
Epoch 37:  43%|████▎     | 20/47 [00:00<00:00, 41.99it/s, loss=0, v_num=]
Epoch 37:  85%|████████▌ | 40/47 [00:00<00:00, 56.17it/s, loss=0, v_num=]
Epoch 37:  85%|████████▌ | 40/47 [00:00<00:00, 56.15it/s, loss=0, v_num=]
Epoch 37: 100%|██████████| 47/47 [00:00<00:00, 52.81it/s, loss=0, v_num=]
Epoch 37:   0%|          | 0/47 [00:00<?, ?it/s, loss=0, v_num=]         
Epoch 38:   0%|          | 0/47 [00:00<?, ?it/s, loss=0, v_num=]
Epoch 38:  43%|████▎     | 20/47 [00:00<00:00, 43.28it/s, loss=0, v_num=]
Epoch 38:  43%|████▎     | 20/47 [00:00<00:00, 43.22it/s, loss=0, v_num=]
Epoch 38:  85%|████████▌ | 40/47 [00:00<00:00, 57.41it/s, loss=0, v_num=]
Epoch 38:  85%|████████▌ | 40/47 [00:00<00:00, 57.38it/s, loss=0, v_num=]
Epoch 38: 100%|██████████| 47/47 [00:00<00:00, 53.13it/s, loss=0, v_num=]
Epoch 38:   0%|          | 0/47 [00:00<?, ?it/s, loss=0, v_num=]         
Epoch 39:   0%|          | 0/47 [00:00<?, ?it/s, loss=0, v_num=]
Epoch 39:  43%|████▎     | 20/47 [00:00<00:00, 40.75it/s, loss=0, v_num=]
Epoch 39:  43%|████▎     | 20/47 [00:00<00:00, 40.69it/s, loss=0, v_num=]
Epoch 39:  85%|████████▌ | 40/47 [00:00<00:00, 55.72it/s, loss=0, v_num=]
Epoch 39:  85%|████████▌ | 40/47 [00:00<00:00, 55.69it/s, loss=0, v_num=]
Epoch 39: 100%|██████████| 47/47 [00:00<00:00, 51.35it/s, loss=0, v_num=]
Epoch 39:   0%|          | 0/47 [00:00<?, ?it/s, loss=0, v_num=]         
Epoch 40:   0%|          | 0/47 [00:00<?, ?it/s, loss=0, v_num=]
Epoch 40:  43%|████▎     | 20/47 [00:00<00:00, 41.77it/s, loss=0, v_num=]
Epoch 40:  43%|████▎     | 20/47 [00:00<00:00, 41.71it/s, loss=0, v_num=]
Epoch 40:  85%|████████▌ | 40/47 [00:00<00:00, 55.39it/s, loss=0, v_num=]
Epoch 40:  85%|████████▌ | 40/47 [00:00<00:00, 55.37it/s, loss=0, v_num=]
Epoch 40: 100%|██████████| 47/47 [00:00<00:00, 51.53it/s, loss=0, v_num=]Evaluating...
NMI : 0.0, ARI: 0.0, ACC: 0.05, current K: 1

Epoch 40:   0%|          | 0/47 [00:00<?, ?it/s, loss=0, v_num=]         
Epoch 41:   0%|          | 0/47 [00:00<?, ?it/s, loss=0, v_num=]/usr/local/lib/python3.13/dist-packages/torch/utils/data/dataloader.py:432: UserWarning: This DataLoader will create 6 worker processes in total. Our suggested max number of worker in current system is 2, which is smaller than what this DataLoader is going to create. Please be aware that excessive worker creation might get DataLoader running slow or even freeze, lower the worker number to avoid potential slowness/freeze if necessary.
  self.check_worker_number_rationality()

Epoch 41:  43%|████▎     | 20/47 [00:00<00:00, 42.61it/s, loss=0, v_num=]
Epoch 41:  43%|████▎     | 20/47 [00:00<00:00, 42.55it/s, loss=0, v_num=]
Epoch 41:  85%|████████▌ | 40/47 [00:00<00:00, 57.26it/s, loss=0, v_num=]
Epoch 41:  85%|████████▌ | 40/47 [00:00<00:00, 57.24it/s, loss=0, v_num=]
Epoch 41: 100%|██████████| 47/47 [00:00<00:00, 53.11it/s, loss=0, v_num=]
Epoch 41:   0%|          | 0/47 [00:00<?, ?it/s, loss=0, v_num=]         
Epoch 42:   0%|          | 0/47 [00:00<?, ?it/s, loss=0, v_num=]
Epoch 42:  43%|████▎     | 20/47 [00:00<00:00, 41.37it/s, loss=0, v_num=]
Epoch 42:  43%|████▎     | 20/47 [00:00<00:00, 41.31it/s, loss=0, v_num=]
Epoch 42:  85%|████████▌ | 40/47 [00:00<00:00, 55.79it/s, loss=0, v_num=]
Epoch 42:  85%|████████▌ | 40/47 [00:00<00:00, 55.76it/s, loss=0, v_num=]
Epoch 42: 100%|██████████| 47/47 [00:00<00:00, 51.82it/s, loss=0, v_num=]
Epoch 42:   0%|          | 0/47 [00:00<?, ?it/s, loss=0, v_num=]         
Epoch 43:   0%|          | 0/47 [00:00<?, ?it/s, loss=0, v_num=]
Epoch 43:  43%|████▎     | 20/47 [00:00<00:00, 28.17it/s, loss=0, v_num=]
Epoch 43:  43%|████▎     | 20/47 [00:00<00:00, 28.13it/s, loss=0, v_num=]
Epoch 43:  85%|████████▌ | 40/47 [00:01<00:00, 39.76it/s, loss=0, v_num=]
Epoch 43:  85%|████████▌ | 40/47 [00:01<00:00, 39.74it/s, loss=0, v_num=]
Epoch 43: 100%|██████████| 47/47 [00:01<00:00, 35.74it/s, loss=0, v_num=]
Epoch 43:   0%|          | 0/47 [00:00<?, ?it/s, loss=0, v_num=]         
Epoch 44:   0%|          | 0/47 [00:00<?, ?it/s, loss=0, v_num=]
Epoch 44:  43%|████▎     | 20/47 [00:00<00:00, 27.69it/s, loss=0, v_num=]
Epoch 44:  43%|████▎     | 20/47 [00:00<00:00, 27.66it/s, loss=0, v_num=]
Epoch 44:  85%|████████▌ | 40/47 [00:01<00:00, 38.40it/s, loss=0, v_num=]
Epoch 44:  85%|████████▌ | 40/47 [00:01<00:00, 38.36it/s, loss=0, v_num=]
Epoch 44: 100%|██████████| 47/47 [00:01<00:00, 35.84it/s, loss=0, v_num=]
Epoch 44:   0%|          | 0/47 [00:00<?, ?it/s, loss=0, v_num=]         
Epoch 45:   0%|          | 0/47 [00:00<?, ?it/s, loss=0, v_num=]/usr/local/lib/python3.13/dist-packages/torch/utils/data/dataloader.py:432: UserWarning: This DataLoader will create 6 worker processes in total. Our suggested max number of worker in current system is 2, which is smaller than what this DataLoader is going to create. Please be aware that excessive worker creation might get DataLoader running slow or even freeze, lower the worker number to avoid potential slowness/freeze if necessary.
  self.check_worker_number_rationality()

Epoch 45:  43%|████▎     | 20/47 [00:00<00:00, 32.66it/s, loss=0, v_num=]
Epoch 45:  43%|████▎     | 20/47 [00:00<00:00, 32.62it/s, loss=0.525, v_num=]
Epoch 45:  85%|████████▌ | 40/47 [00:00<00:00, 44.48it/s, loss=0.525, v_num=]
Epoch 45:  85%|████████▌ | 40/47 [00:00<00:00, 44.46it/s, loss=0.447, v_num=]
Epoch 45: 100%|██████████| 47/47 [00:01<00:00, 42.44it/s, loss=0.435, v_num=]Evaluating...
NMI : 0.0, ARI: 0.0, ACC: 0.05, current K: 1

Epoch 45:   0%|          | 0/47 [00:00<?, ?it/s, loss=0.435, v_num=]         
Epoch 46:   0%|          | 0/47 [00:00<?, ?it/s, loss=0.435, v_num=]/usr/local/lib/python3.13/dist-packages/torch/utils/data/dataloader.py:432: UserWarning: This DataLoader will create 6 worker processes in total. Our suggested max number of worker in current system is 2, which is smaller than what this DataLoader is going to create. Please be aware that excessive worker creation might get DataLoader running slow or even freeze, lower the worker number to avoid potential slowness/freeze if necessary.
  self.check_worker_number_rationality()

Epoch 46:  43%|████▎     | 20/47 [00:00<00:00, 39.52it/s, loss=0.435, v_num=]
Epoch 46:  43%|████▎     | 20/47 [00:00<00:00, 39.47it/s, loss=0.441, v_num=]
Epoch 46:  85%|████████▌ | 40/47 [00:00<00:00, 49.34it/s, loss=0.441, v_num=]
Epoch 46:  85%|████████▌ | 40/47 [00:00<00:00, 49.32it/s, loss=0.442, v_num=]
Epoch 46: 100%|██████████| 47/47 [00:01<00:00, 46.20it/s, loss=0.44, v_num=] 
Epoch 46:   0%|          | 0/47 [00:00<?, ?it/s, loss=0.44, v_num=]         
Epoch 47:   0%|          | 0/47 [00:00<?, ?it/s, loss=0.44, v_num=]
Epoch 47:  43%|████▎     | 20/47 [00:00<00:00, 36.97it/s, loss=0.44, v_num=]
Epoch 47:  43%|████▎     | 20/47 [00:00<00:00, 36.92it/s, loss=0.428, v_num=]
Epoch 47:  85%|████████▌ | 40/47 [00:00<00:00, 47.67it/s, loss=0.428, v_num=]
Epoch 47:  85%|████████▌ | 40/47 [00:00<00:00, 47.65it/s, loss=0.425, v_num=]
Epoch 47: 100%|██████████| 47/47 [00:01<00:00, 44.78it/s, loss=0.425, v_num=]
Epoch 47:   0%|          | 0/47 [00:00<?, ?it/s, loss=0.425, v_num=]         
Epoch 48:   0%|          | 0/47 [00:00<?, ?it/s, loss=0.425, v_num=]
Epoch 48:  43%|████▎     | 20/47 [00:00<00:00, 37.62it/s, loss=0.425, v_num=]
Epoch 48:  43%|████▎     | 20/47 [00:00<00:00, 37.57it/s, loss=0.427, v_num=]
Epoch 48:  85%|████████▌ | 40/47 [00:00<00:00, 47.77it/s, loss=0.427, v_num=]
Epoch 48:  85%|████████▌ | 40/47 [00:00<00:00, 47.75it/s, loss=0.424, v_num=]
Epoch 48: 100%|██████████| 47/47 [00:01<00:00, 45.12it/s, loss=0.422, v_num=]
Epoch 48:   0%|          | 0/47 [00:00<?, ?it/s, loss=0.422, v_num=]         
Epoch 49:   0%|          | 0/47 [00:00<?, ?it/s, loss=0.422, v_num=]
Epoch 49:  43%|████▎     | 20/47 [00:00<00:00, 38.58it/s, loss=0.422, v_num=]
Epoch 49:  43%|████▎     | 20/47 [00:00<00:00, 38.53it/s, loss=0.426, v_num=]
Epoch 49:  85%|████████▌ | 40/47 [00:00<00:00, 48.86it/s, loss=0.426, v_num=]
Epoch 49:  85%|████████▌ | 40/47 [00:00<00:00, 48.84it/s, loss=0.425, v_num=]
Epoch 49: 100%|██████████| 47/47 [00:01<00:00, 45.24it/s, loss=0.425, v_num=]
Epoch 49:   0%|          | 0/47 [00:00<?, ?it/s, loss=0.425, v_num=]         
Epoch 50:   0%|          | 0/47 [00:00<?, ?it/s, loss=0.425, v_num=]
Epoch 50:  43%|████▎     | 20/47 [00:00<00:00, 36.39it/s, loss=0.425, v_num=]
Epoch 50:  43%|████▎     | 20/47 [00:00<00:00, 36.34it/s, loss=0.425, v_num=]
Epoch 50:  85%|████████▌ | 40/47 [00:00<00:00, 48.17it/s, loss=0.425, v_num=]
Epoch 50:  85%|████████▌ | 40/47 [00:00<00:00, 48.15it/s, loss=0.423, v_num=]
Epoch 50: 100%|██████████| 47/47 [00:01<00:00, 45.12it/s, loss=0.424, v_num=]Evaluating...
NMI : 0.0, ARI: 0.0, ACC: 0.05, current K: 1
Epoch 50 | NMI: 0.0000, ARI: 0.0000, ACC: 0.0500, current K: 1
Confusion Matrix:
[[300   0   0   0   0   0   0   0   0   0   0   0   0   0   0   0   0   0
    0   0]
 [300   0   0   0   0   0   0   0   0   0   0   0   0   0   0   0   0   0
    0   0]
 [300   0   0   0   0   0   0   0   0   0   0   0   0   0   0   0   0   0
    0   0]
 [300   0   0   0   0   0   0   0   0   0   0   0   0   0   0   0   0   0
    0   0]
 [300   0   0   0   0   0   0   0   0   0   0   0   0   0   0   0   0   0
    0   0]
 [300   0   0   0   0   0   0   0   0   0   0   0   0   0   0   0   0   0
    0   0]
 [300   0   0   0   0   0   0   0   0   0   0   0   0   0   0   0   0   0
    0   0]
 [300   0   0   0   0   0   0   0   0   0   0   0   0   0   0   0   0   0
    0   0]
 [300   0   0   0   0   0   0   0   0   0   0   0   0   0   0   0   0   0
    0   0]
 [300   0   0   0   0   0   0   0   0   0   0   0   0   0   0   0   0   0
    0   0]
 [300   0   0   0   0   0   0   0   0   0   0   0   0   0   0   0   0   0
    0   0]
 [300   0   0   0   0   0   0   0   0   0   0   0   0   0   0   0   0   0
    0   0]
 [300   0   0   0   0   0   0   0   0   0   0   0   0   0   0   0   0   0
    0   0]
 [300   0   0   0   0   0   0   0   0   0   0   0   0   0   0   0   0   0
    0   0]
 [300   0   0   0   0   0   0   0   0   0   0   0   0   0   0   0   0   0
    0   0]
 [300   0   0   0   0   0   0   0   0   0   0   0   0   0   0   0   0   0
    0   0]
 [300   0   0   0   0   0   0   0   0   0   0   0   0   0   0   0   0   0
    0   0]
 [300   0   0   0   0   0   0   0   0   0   0   0   0   0   0   0   0   0
    0   0]
 [300   0   0   0   0   0   0   0   0   0   0   0   0   0   0   0   0   0
    0   0]
 [300   0   0   0   0   0   0   0   0   0   0   0   0   0   0   0   0   0
    0   0]]

Epoch 50:   0%|          | 0/47 [00:00<?, ?it/s, loss=0.424, v_num=]         
Epoch 51:   0%|          | 0/47 [00:00<?, ?it/s, loss=0.424, v_num=]/usr/local/lib/python3.13/dist-packages/torch/utils/data/dataloader.py:432: UserWarning: This DataLoader will create 6 worker processes in total. Our suggested max number of worker in current system is 2, which is smaller than what this DataLoader is going to create. Please be aware that excessive worker creation might get DataLoader running slow or even freeze, lower the worker number to avoid potential slowness/freeze if necessary.
  self.check_worker_number_rationality()

Epoch 51:  43%|████▎     | 20/47 [00:00<00:00, 37.08it/s, loss=0.424, v_num=]
Epoch 51:  43%|████▎     | 20/47 [00:00<00:00, 37.04it/s, loss=0.424, v_num=]
Epoch 51:  85%|████████▌ | 40/47 [00:00<00:00, 49.00it/s, loss=0.424, v_num=]
Epoch 51:  85%|████████▌ | 40/47 [00:00<00:00, 48.98it/s, loss=0.424, v_num=]
Epoch 51: 100%|██████████| 47/47 [00:01<00:00, 45.36it/s, loss=0.425, v_num=]
Epoch 51:   0%|          | 0/47 [00:00<?, ?it/s, loss=0.425, v_num=]         
Epoch 52:   0%|          | 0/47 [00:00<?, ?it/s, loss=0.425, v_num=]
Epoch 52:  43%|████▎     | 20/47 [00:00<00:00, 35.49it/s, loss=0.425, v_num=]
Epoch 52:  43%|████▎     | 20/47 [00:00<00:00, 35.46it/s, loss=0.425, v_num=]
Epoch 52:  85%|████████▌ | 40/47 [00:00<00:00, 47.81it/s, loss=0.425, v_num=]
Epoch 52:  85%|████████▌ | 40/47 [00:00<00:00, 47.80it/s, loss=0.424, v_num=]
Epoch 52: 100%|██████████| 47/47 [00:01<00:00, 44.71it/s, loss=0.424, v_num=]
Epoch 52:   0%|          | 0/47 [00:00<?, ?it/s, loss=0.424, v_num=]         
Epoch 53:   0%|          | 0/47 [00:00<?, ?it/s, loss=0.424, v_num=]
Epoch 53:  43%|████▎     | 20/47 [00:00<00:00, 37.29it/s, loss=0.424, v_num=]
Epoch 53:  43%|████▎     | 20/47 [00:00<00:00, 37.24it/s, loss=0.424, v_num=]
Epoch 53:  85%|████████▌ | 40/47 [00:00<00:00, 48.33it/s, loss=0.424, v_num=]
Epoch 53:  85%|████████▌ | 40/47 [00:00<00:00, 48.31it/s, loss=0.423, v_num=]
Epoch 53: 100%|██████████| 47/47 [00:01<00:00, 45.62it/s, loss=0.424, v_num=]
Epoch 53:   0%|          | 0/47 [00:00<?, ?it/s, loss=0.424, v_num=]         
Epoch 54:   0%|          | 0/47 [00:00<?, ?it/s, loss=0.424, v_num=]
Epoch 54:  43%|████▎     | 20/47 [00:00<00:00, 31.15it/s, loss=0.424, v_num=]
Epoch 54:  43%|████▎     | 20/47 [00:00<00:00, 31.11it/s, loss=0.424, v_num=]
Epoch 54:  85%|████████▌ | 40/47 [00:01<00:00, 39.86it/s, loss=0.424, v_num=]
Epoch 54:  85%|████████▌ | 40/47 [00:01<00:00, 39.84it/s, loss=0.421, v_num=]
Epoch 54: 100%|██████████| 47/47 [00:01<00:00, 35.69it/s, loss=0.422, v_num=]
Epoch 54:   0%|          | 0/47 [00:00<?, ?it/s, loss=0.422, v_num=]         
Epoch 55:   0%|          | 0/47 [00:00<?, ?it/s, loss=0.422, v_num=]
Epoch 55:  43%|████▎     | 20/47 [00:00<00:01, 25.55it/s, loss=0.422, v_num=]
Epoch 55:  43%|████▎     | 20/47 [00:00<00:01, 25.52it/s, loss=0.421, v_num=]
Epoch 55:  85%|████████▌ | 40/47 [00:01<00:00, 35.04it/s, loss=0.421, v_num=]
Epoch 55:  85%|████████▌ | 40/47 [00:01<00:00, 35.03it/s, loss=0.422, v_num=]
Epoch 55: 100%|██████████| 47/47 [00:01<00:00, 31.63it/s, loss=0.423, v_num=]/content/DeepDPM-New/src/clustering_models/clusternet_modules/clusternetasmodel.py:682: UserWarning: To copy construct from a tensor, it is recommended to use sourceTensor.detach().clone() or sourceTensor.detach().clone().requires_grad_(True), rather than torch.tensor(sourceTensor).
  mus_ind_to_split = torch.nonzero(torch.tensor(split_decisions), as_tuple=False)
Splitting clusters [0]
Evaluating...
NMI : 0.0, ARI: 0.0, ACC: 0.05, current K: 1
[Split] K updated → 2 clusters
  [Epoch 55] losses at split → cluster_loss=0.0000, subcluster_loss=0.8473

Epoch 55:   0%|          | 0/47 [00:00<?, ?it/s, loss=0.423, v_num=]         
Epoch 56:   0%|          | 0/47 [00:00<?, ?it/s, loss=0.423, v_num=]/usr/local/lib/python3.13/dist-packages/torch/utils/data/dataloader.py:432: UserWarning: This DataLoader will create 6 worker processes in total. Our suggested max number of worker in current system is 2, which is smaller than what this DataLoader is going to create. Please be aware that excessive worker creation might get DataLoader running slow or even freeze, lower the worker number to avoid potential slowness/freeze if necessary.
  self.check_worker_number_rationality()

Epoch 56:  43%|████▎     | 20/47 [00:00<00:00, 34.28it/s, loss=0.423, v_num=]
Epoch 56:  43%|████▎     | 20/47 [00:00<00:00, 34.23it/s, loss=0.779, v_num=]
Epoch 56:  85%|████████▌ | 40/47 [00:00<00:00, 43.54it/s, loss=0.779, v_num=]
Epoch 56:  85%|████████▌ | 40/47 [00:00<00:00, 43.52it/s, loss=0.673, v_num=]
Epoch 56: 100%|██████████| 47/47 [00:01<00:00, 40.90it/s, loss=0.645, v_num=]
Epoch 56:   0%|          | 0/47 [00:00<?, ?it/s, loss=0.645, v_num=]         
Epoch 57:   0%|          | 0/47 [00:00<?, ?it/s, loss=0.645, v_num=]
Epoch 57:  43%|████▎     | 20/47 [00:00<00:00, 33.89it/s, loss=0.645, v_num=]
Epoch 57:  43%|████▎     | 20/47 [00:00<00:00, 33.85it/s, loss=0.579, v_num=]
Epoch 57:  85%|████████▌ | 40/47 [00:00<00:00, 43.53it/s, loss=0.579, v_num=]
Epoch 57:  85%|████████▌ | 40/47 [00:00<00:00, 43.51it/s, loss=0.521, v_num=]
Epoch 57: 100%|██████████| 47/47 [00:01<00:00, 40.93it/s, loss=0.504, v_num=]
Epoch 57:   0%|          | 0/47 [00:00<?, ?it/s, loss=0.504, v_num=]         
Epoch 58:   0%|          | 0/47 [00:00<?, ?it/s, loss=0.504, v_num=]
Epoch 58:  43%|████▎     | 20/47 [00:00<00:00, 34.54it/s, loss=0.504, v_num=]
Epoch 58:  43%|████▎     | 20/47 [00:00<00:00, 34.50it/s, loss=0.467, v_num=]
Epoch 58:  85%|████████▌ | 40/47 [00:00<00:00, 44.08it/s, loss=0.467, v_num=]
Epoch 58:  85%|████████▌ | 40/47 [00:00<00:00, 44.06it/s, loss=0.435, v_num=]
Epoch 58: 100%|██████████| 47/47 [00:01<00:00, 41.41it/s, loss=0.432, v_num=]
Epoch 58:   0%|          | 0/47 [00:00<?, ?it/s, loss=0.432, v_num=]         
Epoch 59:   0%|          | 0/47 [00:00<?, ?it/s, loss=0.432, v_num=]
Epoch 59:  43%|████▎     | 20/47 [00:00<00:00, 33.70it/s, loss=0.432, v_num=]
Epoch 59:  43%|████▎     | 20/47 [00:00<00:00, 33.66it/s, loss=0.421, v_num=]
Epoch 59:  85%|████████▌ | 40/47 [00:00<00:00, 43.65it/s, loss=0.421, v_num=]
Epoch 59:  85%|████████▌ | 40/47 [00:00<00:00, 43.63it/s, loss=0.403, v_num=]
Epoch 59: 100%|██████████| 47/47 [00:01<00:00, 41.10it/s, loss=0.407, v_num=]
Epoch 59:   0%|          | 0/47 [00:00<?, ?it/s, loss=0.407, v_num=]         
Epoch 60:   0%|          | 0/47 [00:00<?, ?it/s, loss=0.407, v_num=]
Epoch 60:  43%|████▎     | 20/47 [00:00<00:00, 33.10it/s, loss=0.407, v_num=]
Epoch 60:  43%|████▎     | 20/47 [00:00<00:00, 33.06it/s, loss=0.403, v_num=]
Epoch 60:  85%|████████▌ | 40/47 [00:00<00:00, 42.73it/s, loss=0.403, v_num=]
Epoch 60:  85%|████████▌ | 40/47 [00:00<00:00, 42.71it/s, loss=0.398, v_num=]
Epoch 60: 100%|██████████| 47/47 [00:01<00:00, 40.56it/s, loss=0.396, v_num=]Evaluating...
NMI : 0.25866700024044403, ARI: 0.07763931826142689, ACC: 0.0985, current K: 2
Epoch 60 | NMI: 0.2587, ARI: 0.0776, ACC: 0.0985, current K: 2
Confusion Matrix:
[[294   6   0   0   0   0   0   0   0   0   0   0   0   0   0   0   0   0
    0   0]
 [  5 295   0   0   0   0   0   0   0   0   0   0   0   0   0   0   0   0
    0   0]
 [295   5   0   0   0   0   0   0   0   0   0   0   0   0   0   0   0   0
    0   0]
 [  4 296   0   0   0   0   0   0   0   0   0   0   0   0   0   0   0   0
    0   0]
 [268  32   0   0   0   0   0   0   0   0   0   0   0   0   0   0   0   0
    0   0]
 [ 22 278   0   0   0   0   0   0   0   0   0   0   0   0   0   0   0   0
    0   0]
 [274  26   0   0   0   0   0   0   0   0   0   0   0   0   0   0   0   0
    0   0]
 [ 35 265   0   0   0   0   0   0   0   0   0   0   0   0   0   0   0   0
    0   0]
 [292   8   0   0   0   0   0   0   0   0   0   0   0   0   0   0   0   0
    0   0]
 [ 20 280   0   0   0   0   0   0   0   0   0   0   0   0   0   0   0   0
    0   0]
 [281  19   0   0   0   0   0   0   0   0   0   0   0   0   0   0   0   0
    0   0]
 [ 18 282   0   0   0   0   0   0   0   0   0   0   0   0   0   0   0   0
    0   0]
 [289  11   0   0   0   0   0   0   0   0   0   0   0   0   0   0   0   0
    0   0]
 [ 13 287   0   0   0   0   0   0   0   0   0   0   0   0   0   0   0   0
    0   0]
 [287  13   0   0   0   0   0   0   0   0   0   0   0   0   0   0   0   0
    0   0]
 [ 11 289   0   0   0   0   0   0   0   0   0   0   0   0   0   0   0   0
    0   0]
 [276  24   0   0   0   0   0   0   0   0   0   0   0   0   0   0   0   0
    0   0]
 [ 36 264   0   0   0   0   0   0   0   0   0   0   0   0   0   0   0   0
    0   0]
 [280  20   0   0   0   0   0   0   0   0   0   0   0   0   0   0   0   0
    0   0]
 [ 31 269   0   0   0   0   0   0   0   0   0   0   0   0   0   0   0   0
    0   0]]

Epoch 60:   0%|          | 0/47 [00:00<?, ?it/s, loss=0.396, v_num=]         
Epoch 61:   0%|          | 0/47 [00:00<?, ?it/s, loss=0.396, v_num=]/usr/local/lib/python3.13/dist-packages/torch/utils/data/dataloader.py:432: UserWarning: This DataLoader will create 6 worker processes in total. Our suggested max number of worker in current system is 2, which is smaller than what this DataLoader is going to create. Please be aware that excessive worker creation might get DataLoader running slow or even freeze, lower the worker number to avoid potential slowness/freeze if necessary.
  self.check_worker_number_rationality()

Epoch 61:  43%|████▎     | 20/47 [00:00<00:00, 34.67it/s, loss=0.396, v_num=]
Epoch 61:  43%|████▎     | 20/47 [00:00<00:00, 34.63it/s, loss=0.399, v_num=]
Epoch 61:  85%|████████▌ | 40/47 [00:00<00:00, 44.50it/s, loss=0.399, v_num=]
Epoch 61:  85%|████████▌ | 40/47 [00:00<00:00, 44.48it/s, loss=0.391, v_num=]
Epoch 61: 100%|██████████| 47/47 [00:01<00:00, 40.78it/s, loss=0.389, v_num=]
Epoch 61:   0%|          | 0/47 [00:00<?, ?it/s, loss=0.389, v_num=]         
Epoch 62:   0%|          | 0/47 [00:00<?, ?it/s, loss=0.389, v_num=]
Epoch 62:  43%|████▎     | 20/47 [00:00<00:00, 35.42it/s, loss=0.389, v_num=]
Epoch 62:  43%|████▎     | 20/47 [00:00<00:00, 35.38it/s, loss=0.381, v_num=]
Epoch 62:  85%|████████▌ | 40/47 [00:00<00:00, 45.10it/s, loss=0.381, v_num=]
Epoch 62:  85%|████████▌ | 40/47 [00:00<00:00, 45.08it/s, loss=0.379, v_num=]
Epoch 62: 100%|██████████| 47/47 [00:01<00:00, 41.39it/s, loss=0.375, v_num=]
Epoch 62:   0%|          | 0/47 [00:00<?, ?it/s, loss=0.375, v_num=]         
Epoch 63:   0%|          | 0/47 [00:00<?, ?it/s, loss=0.375, v_num=]
Epoch 63:  43%|████▎     | 20/47 [00:00<00:00, 33.89it/s, loss=0.375, v_num=]
Epoch 63:  43%|████▎     | 20/47 [00:00<00:00, 33.85it/s, loss=0.377, v_num=]
Epoch 63:  85%|████████▌ | 40/47 [00:00<00:00, 43.16it/s, loss=0.377, v_num=]
Epoch 63:  85%|████████▌ | 40/47 [00:00<00:00, 43.14it/s, loss=0.375, v_num=]
Epoch 63: 100%|██████████| 47/47 [00:01<00:00, 40.47it/s, loss=0.376, v_num=]
Epoch 63:   0%|          | 0/47 [00:00<?, ?it/s, loss=0.376, v_num=]         
Epoch 64:   0%|          | 0/47 [00:00<?, ?it/s, loss=0.376, v_num=]
Epoch 64:  43%|████▎     | 20/47 [00:00<00:00, 33.25it/s, loss=0.376, v_num=]
Epoch 64:  43%|████▎     | 20/47 [00:00<00:00, 33.20it/s, loss=0.378, v_num=]
Epoch 64:  85%|████████▌ | 40/47 [00:01<00:00, 37.24it/s, loss=0.378, v_num=]
Epoch 64:  85%|████████▌ | 40/47 [00:01<00:00, 37.23it/s, loss=0.377, v_num=]
Epoch 64: 100%|██████████| 47/47 [00:01<00:00, 32.75it/s, loss=0.375, v_num=]
Epoch 64:   0%|          | 0/47 [00:00<?, ?it/s, loss=0.375, v_num=]         
Epoch 65:   0%|          | 0/47 [00:00<?, ?it/s, loss=0.375, v_num=]
Epoch 65:  43%|████▎     | 20/47 [00:00<00:01, 23.91it/s, loss=0.375, v_num=]
Epoch 65:  43%|████▎     | 20/47 [00:00<00:01, 23.89it/s, loss=0.38, v_num=] 
Epoch 65:  85%|████████▌ | 40/47 [00:01<00:00, 31.20it/s, loss=0.38, v_num=]
Epoch 65:  85%|████████▌ | 40/47 [00:01<00:00, 31.19it/s, loss=0.372, v_num=]
Epoch 65: 100%|██████████| 47/47 [00:01<00:00, 28.40it/s, loss=0.375, v_num=]Evaluating...
NMI : 0.2625962412000929, ARI: 0.07864287611671407, ACC: 0.0985, current K: 2

Epoch 65:   0%|          | 0/47 [00:00<?, ?it/s, loss=0.375, v_num=]         
Epoch 66:   0%|          | 0/47 [00:00<?, ?it/s, loss=0.375, v_num=]/usr/local/lib/python3.13/dist-packages/torch/utils/data/dataloader.py:432: UserWarning: This DataLoader will create 6 worker processes in total. Our suggested max number of worker in current system is 2, which is smaller than what this DataLoader is going to create. Please be aware that excessive worker creation might get DataLoader running slow or even freeze, lower the worker number to avoid potential slowness/freeze if necessary.
  self.check_worker_number_rationality()

Epoch 66:  43%|████▎     | 20/47 [00:00<00:00, 34.95it/s, loss=0.375, v_num=]
Epoch 66:  43%|████▎     | 20/47 [00:00<00:00, 34.91it/s, loss=0.374, v_num=]
Epoch 66:  85%|████████▌ | 40/47 [00:00<00:00, 43.12it/s, loss=0.374, v_num=]
Epoch 66:  85%|████████▌ | 40/47 [00:00<00:00, 43.11it/s, loss=0.376, v_num=]
Epoch 66: 100%|██████████| 47/47 [00:01<00:00, 40.72it/s, loss=0.374, v_num=]
Epoch 66:   0%|          | 0/47 [00:00<?, ?it/s, loss=0.374, v_num=]         
Epoch 67:   0%|          | 0/47 [00:00<?, ?it/s, loss=0.374, v_num=]
Epoch 67:  43%|████▎     | 20/47 [00:00<00:00, 33.95it/s, loss=0.374, v_num=]
Epoch 67:  43%|████▎     | 20/47 [00:00<00:00, 33.91it/s, loss=0.376, v_num=]
Epoch 67:  85%|████████▌ | 40/47 [00:00<00:00, 43.39it/s, loss=0.376, v_num=]
Epoch 67:  85%|████████▌ | 40/47 [00:00<00:00, 43.37it/s, loss=0.372, v_num=]
Epoch 67: 100%|██████████| 47/47 [00:01<00:00, 40.87it/s, loss=0.375, v_num=]
Epoch 67:   0%|          | 0/47 [00:00<?, ?it/s, loss=0.375, v_num=]         
Epoch 68:   0%|          | 0/47 [00:00<?, ?it/s, loss=0.375, v_num=]
Epoch 68:  43%|████▎     | 20/47 [00:00<00:00, 31.95it/s, loss=0.375, v_num=]
Epoch 68:  43%|████▎     | 20/47 [00:00<00:00, 31.92it/s, loss=0.376, v_num=]
Epoch 68:  85%|████████▌ | 40/47 [00:00<00:00, 41.93it/s, loss=0.376, v_num=]
Epoch 68:  85%|████████▌ | 40/47 [00:00<00:00, 41.91it/s, loss=0.372, v_num=]
Epoch 68: 100%|██████████| 47/47 [00:01<00:00, 39.98it/s, loss=0.372, v_num=]
Epoch 68:   0%|          | 0/47 [00:00<?, ?it/s, loss=0.372, v_num=]         
Epoch 69:   0%|          | 0/47 [00:00<?, ?it/s, loss=0.372, v_num=]
Epoch 69:  43%|████▎     | 20/47 [00:00<00:00, 33.47it/s, loss=0.372, v_num=]
Epoch 69:  43%|████▎     | 20/47 [00:00<00:00, 33.43it/s, loss=0.371, v_num=]
Epoch 69:  85%|████████▌ | 40/47 [00:00<00:00, 43.36it/s, loss=0.371, v_num=]
Epoch 69:  85%|████████▌ | 40/47 [00:00<00:00, 43.35it/s, loss=0.373, v_num=]
Epoch 69: 100%|██████████| 47/47 [00:01<00:00, 40.63it/s, loss=0.37, v_num=] 
Epoch 69:   0%|          | 0/47 [00:00<?, ?it/s, loss=0.37, v_num=]         
Epoch 70:   0%|          | 0/47 [00:00<?, ?it/s, loss=0.37, v_num=]
Epoch 70:  43%|████▎     | 20/47 [00:00<00:00, 34.82it/s, loss=0.37, v_num=]
Epoch 70:  43%|████▎     | 20/47 [00:00<00:00, 34.78it/s, loss=0.374, v_num=]
Epoch 70:  85%|████████▌ | 40/47 [00:00<00:00, 43.73it/s, loss=0.374, v_num=]
Epoch 70:  85%|████████▌ | 40/47 [00:00<00:00, 43.71it/s, loss=0.371, v_num=]
Epoch 70: 100%|██████████| 47/47 [00:01<00:00, 41.31it/s, loss=0.372, v_num=]Evaluating...
NMI : 0.2630920979218371, ARI: 0.07879482723532212, ACC: 0.0985, current K: 2
Epoch 70 | NMI: 0.2631, ARI: 0.0788, ACC: 0.0985, current K: 2
Confusion Matrix:
[[294   6   0   0   0   0   0   0   0   0   0   0   0   0   0   0   0   0
    0   0]
 [  3 297   0   0   0   0   0   0   0   0   0   0   0   0   0   0   0   0
    0   0]
 [293   7   0   0   0   0   0   0   0   0   0   0   0   0   0   0   0   0
    0   0]
 [  4 296   0   0   0   0   0   0   0   0   0   0   0   0   0   0   0   0
    0   0]
 [267  33   0   0   0   0   0   0   0   0   0   0   0   0   0   0   0   0
    0   0]
 [ 19 281   0   0   0   0   0   0   0   0   0   0   0   0   0   0   0   0
    0   0]
 [277  23   0   0   0   0   0   0   0   0   0   0   0   0   0   0   0   0
    0   0]
 [ 31 269   0   0   0   0   0   0   0   0   0   0   0   0   0   0   0   0
    0   0]
 [286  14   0   0   0   0   0   0   0   0   0   0   0   0   0   0   0   0
    0   0]
 [ 19 281   0   0   0   0   0   0   0   0   0   0   0   0   0   0   0   0
    0   0]
 [278  22   0   0   0   0   0   0   0   0   0   0   0   0   0   0   0   0
    0   0]
 [ 15 285   0   0   0   0   0   0   0   0   0   0   0   0   0   0   0   0
    0   0]
 [291   9   0   0   0   0   0   0   0   0   0   0   0   0   0   0   0   0
    0   0]
 [ 13 287   0   0   0   0   0   0   0   0   0   0   0   0   0   0   0   0
    0   0]
 [288  12   0   0   0   0   0   0   0   0   0   0   0   0   0   0   0   0
    0   0]
 [  9 291   0   0   0   0   0   0   0   0   0   0   0   0   0   0   0   0
    0   0]
 [275  25   0   0   0   0   0   0   0   0   0   0   0   0   0   0   0   0
    0   0]
 [ 28 272   0   0   0   0   0   0   0   0   0   0   0   0   0   0   0   0
    0   0]
 [281  19   0   0   0   0   0   0   0   0   0   0   0   0   0   0   0   0
    0   0]
 [ 27 273   0   0   0   0   0   0   0   0   0   0   0   0   0   0   0   0
    0   0]]

Epoch 70:   0%|          | 0/47 [00:00<?, ?it/s, loss=0.372, v_num=]         
Epoch 71:   0%|          | 0/47 [00:00<?, ?it/s, loss=0.372, v_num=]/usr/local/lib/python3.13/dist-packages/torch/utils/data/dataloader.py:432: UserWarning: This DataLoader will create 6 worker processes in total. Our suggested max number of worker in current system is 2, which is smaller than what this DataLoader is going to create. Please be aware that excessive worker creation might get DataLoader running slow or even freeze, lower the worker number to avoid potential slowness/freeze if necessary.
  self.check_worker_number_rationality()

Epoch 71:  43%|████▎     | 20/47 [00:00<00:00, 34.95it/s, loss=0.372, v_num=]
Epoch 71:  43%|████▎     | 20/47 [00:00<00:00, 34.91it/s, loss=0.369, v_num=]
Epoch 71:  85%|████████▌ | 40/47 [00:00<00:00, 44.82it/s, loss=0.369, v_num=]
Epoch 71:  85%|████████▌ | 40/47 [00:00<00:00, 44.80it/s, loss=0.369, v_num=]
Epoch 71: 100%|██████████| 47/47 [00:01<00:00, 41.47it/s, loss=0.374, v_num=]
Epoch 71:   0%|          | 0/47 [00:00<?, ?it/s, loss=0.374, v_num=]         
Epoch 72:   0%|          | 0/47 [00:00<?, ?it/s, loss=0.374, v_num=]
Epoch 72:  43%|████▎     | 20/47 [00:00<00:00, 32.62it/s, loss=0.374, v_num=]
Epoch 72:  43%|████▎     | 20/47 [00:00<00:00, 32.58it/s, loss=0.37, v_num=] 
Epoch 72:  85%|████████▌ | 40/47 [00:00<00:00, 41.71it/s, loss=0.37, v_num=]
Epoch 72:  85%|████████▌ | 40/47 [00:00<00:00, 41.70it/s, loss=0.377, v_num=]
Epoch 72: 100%|██████████| 47/47 [00:01<00:00, 39.00it/s, loss=0.371, v_num=]
Epoch 72:   0%|          | 0/47 [00:00<?, ?it/s, loss=0.371, v_num=]         
Epoch 73:   0%|          | 0/47 [00:00<?, ?it/s, loss=0.371, v_num=]
Epoch 73:  43%|████▎     | 20/47 [00:00<00:00, 33.77it/s, loss=0.371, v_num=]
Epoch 73:  43%|████▎     | 20/47 [00:00<00:00, 33.72it/s, loss=0.37, v_num=] 
Epoch 73:  85%|████████▌ | 40/47 [00:00<00:00, 42.80it/s, loss=0.37, v_num=]
Epoch 73:  85%|████████▌ | 40/47 [00:00<00:00, 42.79it/s, loss=0.375, v_num=]
Epoch 73: 100%|██████████| 47/47 [00:01<00:00, 40.65it/s, loss=0.369, v_num=]
Epoch 73:   0%|          | 0/47 [00:00<?, ?it/s, loss=0.369, v_num=]         
Epoch 74:   0%|          | 0/47 [00:00<?, ?it/s, loss=0.369, v_num=]
Epoch 74:  43%|████▎     | 20/47 [00:00<00:00, 30.49it/s, loss=0.369, v_num=]
Epoch 74:  43%|████▎     | 20/47 [00:00<00:00, 30.44it/s, loss=0.376, v_num=]
Epoch 74:  85%|████████▌ | 40/47 [00:01<00:00, 37.34it/s, loss=0.376, v_num=]
Epoch 74:  85%|████████▌ | 40/47 [00:01<00:00, 37.32it/s, loss=0.366, v_num=]
Epoch 74: 100%|██████████| 47/47 [00:01<00:00, 33.25it/s, loss=0.369, v_num=]
Epoch 74:   0%|          | 0/47 [00:00<?, ?it/s, loss=0.369, v_num=]         
Epoch 75:   0%|          | 0/47 [00:00<?, ?it/s, loss=0.369, v_num=]
Epoch 75:  43%|████▎     | 20/47 [00:00<00:01, 23.84it/s, loss=0.369, v_num=]
Epoch 75:  43%|████▎     | 20/47 [00:00<00:01, 23.82it/s, loss=0.367, v_num=]
Epoch 75:  85%|████████▌ | 40/47 [00:01<00:00, 31.09it/s, loss=0.367, v_num=]
Epoch 75:  85%|████████▌ | 40/47 [00:01<00:00, 31.08it/s, loss=0.365, v_num=]
Epoch 75: 100%|██████████| 47/47 [00:01<00:00, 28.30it/s, loss=0.372, v_num=]Evaluating...
NMI : 0.2668303743151104, ARI: 0.07960175036853481, ACC: 0.09883, current K: 2

Epoch 75:   0%|          | 0/47 [00:00<?, ?it/s, loss=0.372, v_num=]         
Epoch 76:   0%|          | 0/47 [00:00<?, ?it/s, loss=0.372, v_num=]/usr/local/lib/python3.13/dist-packages/torch/utils/data/dataloader.py:432: UserWarning: This DataLoader will create 6 worker processes in total. Our suggested max number of worker in current system is 2, which is smaller than what this DataLoader is going to create. Please be aware that excessive worker creation might get DataLoader running slow or even freeze, lower the worker number to avoid potential slowness/freeze if necessary.
  self.check_worker_number_rationality()

Epoch 76:  43%|████▎     | 20/47 [00:00<00:00, 34.74it/s, loss=0.372, v_num=]
Epoch 76:  43%|████▎     | 20/47 [00:00<00:00, 34.70it/s, loss=0.371, v_num=]
Epoch 76:  85%|████████▌ | 40/47 [00:00<00:00, 43.25it/s, loss=0.371, v_num=]
Epoch 76:  85%|████████▌ | 40/47 [00:00<00:00, 43.23it/s, loss=0.367, v_num=]
Epoch 76: 100%|██████████| 47/47 [00:01<00:00, 40.64it/s, loss=0.369, v_num=]
Epoch 76:   0%|          | 0/47 [00:00<?, ?it/s, loss=0.369, v_num=]         
Epoch 77:   0%|          | 0/47 [00:00<?, ?it/s, loss=0.369, v_num=]
Epoch 77:  43%|████▎     | 20/47 [00:00<00:00, 33.47it/s, loss=0.369, v_num=]
Epoch 77:  43%|████▎     | 20/47 [00:00<00:00, 33.44it/s, loss=0.369, v_num=]
Epoch 77:  85%|████████▌ | 40/47 [00:00<00:00, 41.75it/s, loss=0.369, v_num=]
Epoch 77:  85%|████████▌ | 40/47 [00:00<00:00, 41.74it/s, loss=0.367, v_num=]
Epoch 77: 100%|██████████| 47/47 [00:01<00:00, 39.30it/s, loss=0.372, v_num=]
Epoch 77:   0%|          | 0/47 [00:00<?, ?it/s, loss=0.372, v_num=]         
Epoch 78:   0%|          | 0/47 [00:00<?, ?it/s, loss=0.372, v_num=]
Epoch 78:  43%|████▎     | 20/47 [00:00<00:00, 33.71it/s, loss=0.372, v_num=]
Epoch 78:  43%|████▎     | 20/47 [00:00<00:00, 33.67it/s, loss=0.371, v_num=]
Epoch 78:  85%|████████▌ | 40/47 [00:00<00:00, 43.51it/s, loss=0.371, v_num=]
Epoch 78:  85%|████████▌ | 40/47 [00:00<00:00, 43.50it/s, loss=0.365, v_num=]
Epoch 78: 100%|██████████| 47/47 [00:01<00:00, 41.09it/s, loss=0.367, v_num=]
Epoch 78:   0%|          | 0/47 [00:00<?, ?it/s, loss=0.367, v_num=]         
Epoch 79:   0%|          | 0/47 [00:00<?, ?it/s, loss=0.367, v_num=]
Epoch 79:  43%|████▎     | 20/47 [00:00<00:00, 33.94it/s, loss=0.367, v_num=]
Epoch 79:  43%|████▎     | 20/47 [00:00<00:00, 33.90it/s, loss=0.359, v_num=]
Epoch 79:  85%|████████▌ | 40/47 [00:00<00:00, 43.34it/s, loss=0.359, v_num=]
Epoch 79:  85%|████████▌ | 40/47 [00:00<00:00, 43.33it/s, loss=0.369, v_num=]
Epoch 79: 100%|██████████| 47/47 [00:01<00:00, 40.93it/s, loss=0.37, v_num=] 
Epoch 79:   0%|          | 0/47 [00:00<?, ?it/s, loss=0.37, v_num=]         
Epoch 80:   0%|          | 0/47 [00:00<?, ?it/s, loss=0.37, v_num=]
Epoch 80:  43%|████▎     | 20/47 [00:00<00:00, 33.95it/s, loss=0.37, v_num=]
Epoch 80:  43%|████▎     | 20/47 [00:00<00:00, 33.91it/s, loss=0.367, v_num=]
Epoch 80:  85%|████████▌ | 40/47 [00:00<00:00, 43.46it/s, loss=0.367, v_num=]
Epoch 80:  85%|████████▌ | 40/47 [00:00<00:00, 43.44it/s, loss=0.372, v_num=]
Epoch 80: 100%|██████████| 47/47 [00:01<00:00, 40.78it/s, loss=0.368, v_num=]Evaluating...
NMI : 0.2675957720291213, ARI: 0.07977837640142553, ACC: 0.09883, current K: 2
Epoch 80 | NMI: 0.2676, ARI: 0.0798, ACC: 0.0988, current K: 2
Confusion Matrix:
[[294   6   0   0   0   0   0   0   0   0   0   0   0   0   0   0   0   0
    0   0]
 [  3 297   0   0   0   0   0   0   0   0   0   0   0   0   0   0   0   0
    0   0]
 [293   7   0   0   0   0   0   0   0   0   0   0   0   0   0   0   0   0
    0   0]
 [  1 299   0   0   0   0   0   0   0   0   0   0   0   0   0   0   0   0
    0   0]
 [267  33   0   0   0   0   0   0   0   0   0   0   0   0   0   0   0   0
    0   0]
 [ 17 283   0   0   0   0   0   0   0   0   0   0   0   0   0   0   0   0
    0   0]
 [278  22   0   0   0   0   0   0   0   0   0   0   0   0   0   0   0   0
    0   0]
 [ 30 270   0   0   0   0   0   0   0   0   0   0   0   0   0   0   0   0
    0   0]
 [285  15   0   0   0   0   0   0   0   0   0   0   0   0   0   0   0   0
    0   0]
 [ 20 280   0   0   0   0   0   0   0   0   0   0   0   0   0   0   0   0
    0   0]
 [278  22   0   0   0   0   0   0   0   0   0   0   0   0   0   0   0   0
    0   0]
 [ 21 279   0   0   0   0   0   0   0   0   0   0   0   0   0   0   0   0
    0   0]
 [292   8   0   0   0   0   0   0   0   0   0   0   0   0   0   0   0   0
    0   0]
 [ 13 287   0   0   0   0   0   0   0   0   0   0   0   0   0   0   0   0
    0   0]
 [289  11   0   0   0   0   0   0   0   0   0   0   0   0   0   0   0   0
    0   0]
 [  8 292   0   0   0   0   0   0   0   0   0   0   0   0   0   0   0   0
    0   0]
 [279  21   0   0   0   0   0   0   0   0   0   0   0   0   0   0   0   0
    0   0]
 [ 22 278   0   0   0   0   0   0   0   0   0   0   0   0   0   0   0   0
    0   0]
 [283  17   0   0   0   0   0   0   0   0   0   0   0   0   0   0   0   0
    0   0]
 [ 24 276   0   0   0   0   0   0   0   0   0   0   0   0   0   0   0   0
    0   0]]

Epoch 80:   0%|          | 0/47 [00:00<?, ?it/s, loss=0.368, v_num=]         
Epoch 81:   0%|          | 0/47 [00:00<?, ?it/s, loss=0.368, v_num=]/usr/local/lib/python3.13/dist-packages/torch/utils/data/dataloader.py:432: UserWarning: This DataLoader will create 6 worker processes in total. Our suggested max number of worker in current system is 2, which is smaller than what this DataLoader is going to create. Please be aware that excessive worker creation might get DataLoader running slow or even freeze, lower the worker number to avoid potential slowness/freeze if necessary.
  self.check_worker_number_rationality()

Epoch 81:  43%|████▎     | 20/47 [00:00<00:00, 33.37it/s, loss=0.368, v_num=]
Epoch 81:  43%|████▎     | 20/47 [00:00<00:00, 33.34it/s, loss=0.366, v_num=]
Epoch 81:  85%|████████▌ | 40/47 [00:00<00:00, 41.83it/s, loss=0.366, v_num=]
Epoch 81:  85%|████████▌ | 40/47 [00:00<00:00, 41.81it/s, loss=0.364, v_num=]
Epoch 81: 100%|██████████| 47/47 [00:01<00:00, 39.52it/s, loss=0.371, v_num=]
Epoch 81:   0%|          | 0/47 [00:00<?, ?it/s, loss=0.371, v_num=]         
Epoch 82:   0%|          | 0/47 [00:00<?, ?it/s, loss=0.371, v_num=]
Epoch 82:  43%|████▎     | 20/47 [00:00<00:00, 33.95it/s, loss=0.371, v_num=]
Epoch 82:  43%|████▎     | 20/47 [00:00<00:00, 33.91it/s, loss=0.362, v_num=]
Epoch 82:  85%|████████▌ | 40/47 [00:00<00:00, 42.83it/s, loss=0.362, v_num=]
Epoch 82:  85%|████████▌ | 40/47 [00:00<00:00, 42.81it/s, loss=0.372, v_num=]
Epoch 82: 100%|██████████| 47/47 [00:01<00:00, 40.00it/s, loss=0.372, v_num=]
Epoch 82:   0%|          | 0/47 [00:00<?, ?it/s, loss=0.372, v_num=]         
Epoch 83:   0%|          | 0/47 [00:00<?, ?it/s, loss=0.372, v_num=]
Epoch 83:  43%|████▎     | 20/47 [00:00<00:00, 34.71it/s, loss=0.372, v_num=]
Epoch 83:  43%|████▎     | 20/47 [00:00<00:00, 34.66it/s, loss=0.367, v_num=]
Epoch 83:  85%|████████▌ | 40/47 [00:00<00:00, 43.58it/s, loss=0.367, v_num=]
Epoch 83:  85%|████████▌ | 40/47 [00:00<00:00, 43.57it/s, loss=0.37, v_num=] 
Epoch 83: 100%|██████████| 47/47 [00:01<00:00, 40.49it/s, loss=0.363, v_num=]
Epoch 83:   0%|          | 0/47 [00:00<?, ?it/s, loss=0.363, v_num=]         
Epoch 84:   0%|          | 0/47 [00:00<?, ?it/s, loss=0.363, v_num=]
Epoch 84:  43%|████▎     | 20/47 [00:00<00:00, 29.39it/s, loss=0.363, v_num=]
Epoch 84:  43%|████▎     | 20/47 [00:00<00:00, 29.36it/s, loss=0.364, v_num=]
Epoch 84:  85%|████████▌ | 40/47 [00:01<00:00, 36.31it/s, loss=0.364, v_num=]
Epoch 84:  85%|████████▌ | 40/47 [00:01<00:00, 36.30it/s, loss=0.37, v_num=] 
Epoch 84: 100%|██████████| 47/47 [00:01<00:00, 33.27it/s, loss=0.367, v_num=]
Epoch 84:   0%|          | 0/47 [00:00<?, ?it/s, loss=0.367, v_num=]         
Epoch 85:   0%|          | 0/47 [00:00<?, ?it/s, loss=0.367, v_num=]
Epoch 85:  43%|████▎     | 20/47 [00:00<00:01, 24.00it/s, loss=0.367, v_num=]
Epoch 85:  43%|████▎     | 20/47 [00:00<00:01, 23.97it/s, loss=0.364, v_num=]
Epoch 85:  85%|████████▌ | 40/47 [00:01<00:00, 31.18it/s, loss=0.364, v_num=]
Epoch 85:  85%|████████▌ | 40/47 [00:01<00:00, 31.17it/s, loss=0.368, v_num=]
Epoch 85: 100%|██████████| 47/47 [00:01<00:00, 29.35it/s, loss=0.367, v_num=]Evaluating...
NMI : 0.2675960791944374, ARI: 0.07977744848680675, ACC: 0.09883, current K: 2

Epoch 85:   0%|          | 0/47 [00:00<?, ?it/s, loss=0.367, v_num=]         
Epoch 86:   0%|          | 0/47 [00:00<?, ?it/s, loss=0.367, v_num=]/usr/local/lib/python3.13/dist-packages/torch/utils/data/dataloader.py:432: UserWarning: This DataLoader will create 6 worker processes in total. Our suggested max number of worker in current system is 2, which is smaller than what this DataLoader is going to create. Please be aware that excessive worker creation might get DataLoader running slow or even freeze, lower the worker number to avoid potential slowness/freeze if necessary.
  self.check_worker_number_rationality()

Epoch 86:  43%|████▎     | 20/47 [00:00<00:00, 34.40it/s, loss=0.367, v_num=]
Epoch 86:  43%|████▎     | 20/47 [00:00<00:00, 34.36it/s, loss=0.365, v_num=]
Epoch 86:  85%|████████▌ | 40/47 [00:00<00:00, 43.29it/s, loss=0.365, v_num=]
Epoch 86:  85%|████████▌ | 40/47 [00:00<00:00, 43.28it/s, loss=0.365, v_num=]
Epoch 86: 100%|██████████| 47/47 [00:01<00:00, 40.97it/s, loss=0.369, v_num=]
Epoch 86:   0%|          | 0/47 [00:00<?, ?it/s, loss=0.369, v_num=]         
Epoch 87:   0%|          | 0/47 [00:00<?, ?it/s, loss=0.369, v_num=]
Epoch 87:  43%|████▎     | 20/47 [00:00<00:00, 34.53it/s, loss=0.369, v_num=]
Epoch 87:  43%|████▎     | 20/47 [00:00<00:00, 34.50it/s, loss=0.37, v_num=] 
Epoch 87:  85%|████████▌ | 40/47 [00:00<00:00, 44.44it/s, loss=0.37, v_num=]
Epoch 87:  85%|████████▌ | 40/47 [00:00<00:00, 44.43it/s, loss=0.366, v_num=]
Epoch 87: 100%|██████████| 47/47 [00:01<00:00, 41.39it/s, loss=0.367, v_num=]
Epoch 87:   0%|          | 0/47 [00:00<?, ?it/s, loss=0.367, v_num=]         
Epoch 88:   0%|          | 0/47 [00:00<?, ?it/s, loss=0.367, v_num=]
Epoch 88:  43%|████▎     | 20/47 [00:00<00:00, 34.91it/s, loss=0.367, v_num=]
Epoch 88:  43%|████▎     | 20/47 [00:00<00:00, 34.87it/s, loss=0.367, v_num=]
Epoch 88:  85%|████████▌ | 40/47 [00:00<00:00, 44.41it/s, loss=0.367, v_num=]
Epoch 88:  85%|████████▌ | 40/47 [00:00<00:00, 44.39it/s, loss=0.365, v_num=]
Epoch 88: 100%|██████████| 47/47 [00:01<00:00, 41.50it/s, loss=0.36, v_num=] 
Epoch 88:   0%|          | 0/47 [00:00<?, ?it/s, loss=0.36, v_num=]         
Epoch 89:   0%|          | 0/47 [00:00<?, ?it/s, loss=0.36, v_num=]
Epoch 89:  43%|████▎     | 20/47 [00:00<00:00, 34.16it/s, loss=0.36, v_num=]
Epoch 89:  43%|████▎     | 20/47 [00:00<00:00, 34.12it/s, loss=0.362, v_num=]
Epoch 89:  85%|████████▌ | 40/47 [00:00<00:00, 44.10it/s, loss=0.362, v_num=]
Epoch 89:  85%|████████▌ | 40/47 [00:00<00:00, 44.08it/s, loss=0.369, v_num=]
Epoch 89: 100%|██████████| 47/47 [00:01<00:00, 41.86it/s, loss=0.369, v_num=]
Epoch 89:   0%|          | 0/47 [00:00<?, ?it/s, loss=0.369, v_num=]         
Epoch 90:   0%|          | 0/47 [00:00<?, ?it/s, loss=0.369, v_num=]
Epoch 90:  43%|████▎     | 20/47 [00:00<00:00, 33.30it/s, loss=0.369, v_num=]
Epoch 90:  43%|████▎     | 20/47 [00:00<00:00, 33.26it/s, loss=0.367, v_num=]
Epoch 90:  85%|████████▌ | 40/47 [00:00<00:00, 42.71it/s, loss=0.367, v_num=]
Epoch 90:  85%|████████▌ | 40/47 [00:00<00:00, 42.70it/s, loss=0.363, v_num=]
Epoch 90: 100%|██████████| 47/47 [00:01<00:00, 40.37it/s, loss=0.363, v_num=]Evaluating...
NMI : 0.26714546979257797, ARI: 0.0796654139110766, ACC: 0.09883, current K: 2
Epoch 90 | NMI: 0.2671, ARI: 0.0797, ACC: 0.0988, current K: 2
Confusion Matrix:
[[294   6   0   0   0   0   0   0   0   0   0   0   0   0   0   0   0   0
    0   0]
 [  3 297   0   0   0   0   0   0   0   0   0   0   0   0   0   0   0   0
    0   0]
 [293   7   0   0   0   0   0   0   0   0   0   0   0   0   0   0   0   0
    0   0]
 [  1 299   0   0   0   0   0   0   0   0   0   0   0   0   0   0   0   0
    0   0]
 [267  33   0   0   0   0   0   0   0   0   0   0   0   0   0   0   0   0
    0   0]
 [ 17 283   0   0   0   0   0   0   0   0   0   0   0   0   0   0   0   0
    0   0]
 [278  22   0   0   0   0   0   0   0   0   0   0   0   0   0   0   0   0
    0   0]
 [ 31 269   0   0   0   0   0   0   0   0   0   0   0   0   0   0   0   0
    0   0]
 [282  18   0   0   0   0   0   0   0   0   0   0   0   0   0   0   0   0
    0   0]
 [ 21 279   0   0   0   0   0   0   0   0   0   0   0   0   0   0   0   0
    0   0]
 [275  25   0   0   0   0   0   0   0   0   0   0   0   0   0   0   0   0
    0   0]
 [ 23 277   0   0   0   0   0   0   0   0   0   0   0   0   0   0   0   0
    0   0]
 [292   8   0   0   0   0   0   0   0   0   0   0   0   0   0   0   0   0
    0   0]
 [ 13 287   0   0   0   0   0   0   0   0   0   0   0   0   0   0   0   0
    0   0]
 [289  11   0   0   0   0   0   0   0   0   0   0   0   0   0   0   0   0
    0   0]
 [  8 292   0   0   0   0   0   0   0   0   0   0   0   0   0   0   0   0
    0   0]
 [280  20   0   0   0   0   0   0   0   0   0   0   0   0   0   0   0   0
    0   0]
 [ 19 281   0   0   0   0   0   0   0   0   0   0   0   0   0   0   0   0
    0   0]
 [284  16   0   0   0   0   0   0   0   0   0   0   0   0   0   0   0   0
    0   0]
 [ 21 279   0   0   0   0   0   0   0   0   0   0   0   0   0   0   0   0
    0   0]]

Epoch 90:   0%|          | 0/47 [00:00<?, ?it/s, loss=0.363, v_num=]         
Epoch 91:   0%|          | 0/47 [00:00<?, ?it/s, loss=0.363, v_num=]/usr/local/lib/python3.13/dist-packages/torch/utils/data/dataloader.py:432: UserWarning: This DataLoader will create 6 worker processes in total. Our suggested max number of worker in current system is 2, which is smaller than what this DataLoader is going to create. Please be aware that excessive worker creation might get DataLoader running slow or even freeze, lower the worker number to avoid potential slowness/freeze if necessary.
  self.check_worker_number_rationality()

Epoch 91:  43%|████▎     | 20/47 [00:00<00:00, 34.08it/s, loss=0.363, v_num=]
Epoch 91:  43%|████▎     | 20/47 [00:00<00:00, 34.04it/s, loss=0.363, v_num=]
Epoch 91:  85%|████████▌ | 40/47 [00:00<00:00, 43.92it/s, loss=0.363, v_num=]
Epoch 91:  85%|████████▌ | 40/47 [00:00<00:00, 43.91it/s, loss=0.365, v_num=]
Epoch 91: 100%|██████████| 47/47 [00:01<00:00, 40.87it/s, loss=0.365, v_num=]
Epoch 91:   0%|          | 0/47 [00:00<?, ?it/s, loss=0.365, v_num=]         
Epoch 92:   0%|          | 0/47 [00:00<?, ?it/s, loss=0.365, v_num=]
Epoch 92:  43%|████▎     | 20/47 [00:00<00:00, 34.90it/s, loss=0.365, v_num=]
Epoch 92:  43%|████▎     | 20/47 [00:00<00:00, 34.86it/s, loss=0.367, v_num=]
Epoch 92:  85%|████████▌ | 40/47 [00:00<00:00, 43.76it/s, loss=0.367, v_num=]
Epoch 92:  85%|████████▌ | 40/47 [00:00<00:00, 43.75it/s, loss=0.365, v_num=]
Epoch 92: 100%|██████████| 47/47 [00:01<00:00, 41.29it/s, loss=0.364, v_num=]
Epoch 92:   0%|          | 0/47 [00:00<?, ?it/s, loss=0.364, v_num=]         
Epoch 93:   0%|          | 0/47 [00:00<?, ?it/s, loss=0.364, v_num=]
Epoch 93:  43%|████▎     | 20/47 [00:00<00:00, 34.68it/s, loss=0.364, v_num=]
Epoch 93:  43%|████▎     | 20/47 [00:00<00:00, 34.64it/s, loss=0.37, v_num=] 
Epoch 93:  85%|████████▌ | 40/47 [00:00<00:00, 43.60it/s, loss=0.37, v_num=]
Epoch 93:  85%|████████▌ | 40/47 [00:00<00:00, 43.58it/s, loss=0.364, v_num=]
Epoch 93: 100%|██████████| 47/47 [00:01<00:00, 40.76it/s, loss=0.365, v_num=]
Epoch 93:   0%|          | 0/47 [00:00<?, ?it/s, loss=0.365, v_num=]         
Epoch 94:   0%|          | 0/47 [00:00<?, ?it/s, loss=0.365, v_num=]
Epoch 94:  43%|████▎     | 20/47 [00:00<00:00, 30.11it/s, loss=0.365, v_num=]
Epoch 94:  43%|████▎     | 20/47 [00:00<00:00, 30.08it/s, loss=0.365, v_num=]
Epoch 94:  85%|████████▌ | 40/47 [00:01<00:00, 36.33it/s, loss=0.365, v_num=]
Epoch 94:  85%|████████▌ | 40/47 [00:01<00:00, 36.31it/s, loss=0.36, v_num=] 
Epoch 94: 100%|██████████| 47/47 [00:01<00:00, 32.55it/s, loss=0.364, v_num=]
Epoch 94:   0%|          | 0/47 [00:00<?, ?it/s, loss=0.364, v_num=]         
Epoch 95:   0%|          | 0/47 [00:00<?, ?it/s, loss=0.364, v_num=]
Epoch 95:  43%|████▎     | 20/47 [00:00<00:01, 23.68it/s, loss=0.364, v_num=]
Epoch 95:  43%|████▎     | 20/47 [00:00<00:01, 23.65it/s, loss=0.363, v_num=]
Epoch 95:  85%|████████▌ | 40/47 [00:01<00:00, 30.83it/s, loss=0.363, v_num=]
Epoch 95:  85%|████████▌ | 40/47 [00:01<00:00, 30.82it/s, loss=0.365, v_num=]
Epoch 95: 100%|██████████| 47/47 [00:01<00:00, 28.61it/s, loss=0.37, v_num=] Evaluating...
NMI : 0.26762332099548236, ARI: 0.07977959387487348, ACC: 0.09883, current K: 2

Epoch 95:   0%|          | 0/47 [00:00<?, ?it/s, loss=0.37, v_num=]         
Epoch 96:   0%|          | 0/47 [00:00<?, ?it/s, loss=0.37, v_num=]/usr/local/lib/python3.13/dist-packages/torch/utils/data/dataloader.py:432: UserWarning: This DataLoader will create 6 worker processes in total. Our suggested max number of worker in current system is 2, which is smaller than what this DataLoader is going to create. Please be aware that excessive worker creation might get DataLoader running slow or even freeze, lower the worker number to avoid potential slowness/freeze if necessary.
  self.check_worker_number_rationality()

Epoch 96:  43%|████▎     | 20/47 [00:00<00:00, 34.90it/s, loss=0.37, v_num=]
Epoch 96:  43%|████▎     | 20/47 [00:00<00:00, 34.86it/s, loss=0.363, v_num=]
Epoch 96:  85%|████████▌ | 40/47 [00:00<00:00, 43.65it/s, loss=0.363, v_num=]
Epoch 96:  85%|████████▌ | 40/47 [00:00<00:00, 43.63it/s, loss=0.37, v_num=] 
Epoch 96: 100%|██████████| 47/47 [00:01<00:00, 41.11it/s, loss=0.361, v_num=]
Epoch 96:   0%|          | 0/47 [00:00<?, ?it/s, loss=0.361, v_num=]         
Epoch 97:   0%|          | 0/47 [00:00<?, ?it/s, loss=0.361, v_num=]
Epoch 97:  43%|████▎     | 20/47 [00:00<00:00, 34.30it/s, loss=0.361, v_num=]
Epoch 97:  43%|████▎     | 20/47 [00:00<00:00, 34.26it/s, loss=0.365, v_num=]
Epoch 97:  85%|████████▌ | 40/47 [00:00<00:00, 44.05it/s, loss=0.365, v_num=]
Epoch 97:  85%|████████▌ | 40/47 [00:00<00:00, 44.03it/s, loss=0.364, v_num=]
Epoch 97: 100%|██████████| 47/47 [00:01<00:00, 41.52it/s, loss=0.365, v_num=]
Epoch 97:   0%|          | 0/47 [00:00<?, ?it/s, loss=0.365, v_num=]         
Epoch 98:   0%|          | 0/47 [00:00<?, ?it/s, loss=0.365, v_num=]
Epoch 98:  43%|████▎     | 20/47 [00:00<00:00, 34.56it/s, loss=0.365, v_num=]
Epoch 98:  43%|████▎     | 20/47 [00:00<00:00, 34.52it/s, loss=0.371, v_num=]
Epoch 98:  85%|████████▌ | 40/47 [00:00<00:00, 44.19it/s, loss=0.371, v_num=]
Epoch 98:  85%|████████▌ | 40/47 [00:00<00:00, 44.18it/s, loss=0.364, v_num=]
Epoch 98: 100%|██████████| 47/47 [00:01<00:00, 40.91it/s, loss=0.364, v_num=]
Epoch 98:   0%|          | 0/47 [00:00<?, ?it/s, loss=0.364, v_num=]         
Epoch 99:   0%|          | 0/47 [00:00<?, ?it/s, loss=0.364, v_num=]
Epoch 99:  43%|████▎     | 20/47 [00:00<00:00, 33.33it/s, loss=0.364, v_num=]
Epoch 99:  43%|████▎     | 20/47 [00:00<00:00, 33.29it/s, loss=0.363, v_num=]
Epoch 99:  85%|████████▌ | 40/47 [00:00<00:00, 42.07it/s, loss=0.363, v_num=]
Epoch 99:  85%|████████▌ | 40/47 [00:00<00:00, 42.05it/s, loss=0.364, v_num=]
Epoch 99: 100%|██████████| 47/47 [00:01<00:00, 39.51it/s, loss=0.363, v_num=]
Epoch 99:   0%|          | 0/47 [00:00<?, ?it/s, loss=0.363, v_num=]         
Epoch 100:   0%|          | 0/47 [00:00<?, ?it/s, loss=0.363, v_num=]
Epoch 100:  43%|████▎     | 20/47 [00:00<00:00, 29.63it/s, loss=0.363, v_num=]
Epoch 100:  43%|████▎     | 20/47 [00:00<00:00, 29.60it/s, loss=0.363, v_num=]
Epoch 100:  85%|████████▌ | 40/47 [00:00<00:00, 40.05it/s, loss=0.363, v_num=]
Epoch 100:  85%|████████▌ | 40/47 [00:00<00:00, 40.04it/s, loss=0.369, v_num=]
Epoch 100: 100%|██████████| 47/47 [00:01<00:00, 38.02it/s, loss=0.368, v_num=]Evaluating...
NMI : 0.26818896711625295, ARI: 0.0798997025354122, ACC: 0.09883, current K: 2
Epoch 100 | NMI: 0.2682, ARI: 0.0799, ACC: 0.0988, current K: 2
Confusion Matrix:
[[294   6   0   0   0   0   0   0   0   0   0   0   0   0   0   0   0   0
    0   0]
 [  3 297   0   0   0   0   0   0   0   0   0   0   0   0   0   0   0   0
    0   0]
 [293   7   0   0   0   0   0   0   0   0   0   0   0   0   0   0   0   0
    0   0]
 [  1 299   0   0   0   0   0   0   0   0   0   0   0   0   0   0   0   0
    0   0]
 [267  33   0   0   0   0   0   0   0   0   0   0   0   0   0   0   0   0
    0   0]
 [ 18 282   0   0   0   0   0   0   0   0   0   0   0   0   0   0   0   0
    0   0]
 [277  23   0   0   0   0   0   0   0   0   0   0   0   0   0   0   0   0
    0   0]
 [ 30 270   0   0   0   0   0   0   0   0   0   0   0   0   0   0   0   0
    0   0]
 [281  19   0   0   0   0   0   0   0   0   0   0   0   0   0   0   0   0
    0   0]
 [ 21 279   0   0   0   0   0   0   0   0   0   0   0   0   0   0   0   0
    0   0]
 [273  27   0   0   0   0   0   0   0   0   0   0   0   0   0   0   0   0
    0   0]
 [ 23 277   0   0   0   0   0   0   0   0   0   0   0   0   0   0   0   0
    0   0]
 [291   9   0   0   0   0   0   0   0   0   0   0   0   0   0   0   0   0
    0   0]
 [ 12 288   0   0   0   0   0   0   0   0   0   0   0   0   0   0   0   0
    0   0]
 [290  10   0   0   0   0   0   0   0   0   0   0   0   0   0   0   0   0
    0   0]
 [  8 292   0   0   0   0   0   0   0   0   0   0   0   0   0   0   0   0
    0   0]
 [280  20   0   0   0   0   0   0   0   0   0   0   0   0   0   0   0   0
    0   0]
 [ 16 284   0   0   0   0   0   0   0   0   0   0   0   0   0   0   0   0
    0   0]
 [285  15   0   0   0   0   0   0   0   0   0   0   0   0   0   0   0   0
    0   0]
 [ 18 282   0   0   0   0   0   0   0   0   0   0   0   0   0   0   0   0
    0   0]]

Epoch 100:   0%|          | 0/47 [00:00<?, ?it/s, loss=0.368, v_num=]         
Epoch 101:   0%|          | 0/47 [00:00<?, ?it/s, loss=0.368, v_num=]/usr/local/lib/python3.13/dist-packages/torch/utils/data/dataloader.py:432: UserWarning: This DataLoader will create 6 worker processes in total. Our suggested max number of worker in current system is 2, which is smaller than what this DataLoader is going to create. Please be aware that excessive worker creation might get DataLoader running slow or even freeze, lower the worker number to avoid potential slowness/freeze if necessary.
  self.check_worker_number_rationality()

Epoch 101:  43%|████▎     | 20/47 [00:00<00:00, 35.32it/s, loss=0.368, v_num=]
Epoch 101:  43%|████▎     | 20/47 [00:00<00:00, 35.28it/s, loss=0.365, v_num=]
Epoch 101:  85%|████████▌ | 40/47 [00:00<00:00, 44.65it/s, loss=0.365, v_num=]
Epoch 101:  85%|████████▌ | 40/47 [00:00<00:00, 44.63it/s, loss=0.36, v_num=] 
Epoch 101: 100%|██████████| 47/47 [00:01<00:00, 41.22it/s, loss=0.364, v_num=]
Epoch 101:   0%|          | 0/47 [00:00<?, ?it/s, loss=0.364, v_num=]         
Epoch 102:   0%|          | 0/47 [00:00<?, ?it/s, loss=0.364, v_num=]
Epoch 102:  43%|████▎     | 20/47 [00:00<00:00, 33.76it/s, loss=0.364, v_num=]
Epoch 102:  43%|████▎     | 20/47 [00:00<00:00, 33.71it/s, loss=0.364, v_num=]
Epoch 102:  85%|████████▌ | 40/47 [00:00<00:00, 42.23it/s, loss=0.364, v_num=]
Epoch 102:  85%|████████▌ | 40/47 [00:00<00:00, 42.22it/s, loss=0.363, v_num=]
Epoch 102: 100%|██████████| 47/47 [00:01<00:00, 39.56it/s, loss=0.36, v_num=] 
Epoch 102:   0%|          | 0/47 [00:00<?, ?it/s, loss=0.36, v_num=]         
Epoch 103:   0%|          | 0/47 [00:00<?, ?it/s, loss=0.36, v_num=]
Epoch 103:  43%|████▎     | 20/47 [00:00<00:00, 33.56it/s, loss=0.36, v_num=]
Epoch 103:  43%|████▎     | 20/47 [00:00<00:00, 33.52it/s, loss=0.359, v_num=]
Epoch 103:  85%|████████▌ | 40/47 [00:00<00:00, 42.39it/s, loss=0.359, v_num=]
Epoch 103:  85%|████████▌ | 40/47 [00:00<00:00, 42.38it/s, loss=0.368, v_num=]
Epoch 103: 100%|██████████| 47/47 [00:01<00:00, 40.03it/s, loss=0.367, v_num=]
Epoch 103:   0%|          | 0/47 [00:00<?, ?it/s, loss=0.367, v_num=]         
Epoch 104:   0%|          | 0/47 [00:00<?, ?it/s, loss=0.367, v_num=]
Epoch 104:  43%|████▎     | 20/47 [00:00<00:00, 28.02it/s, loss=0.367, v_num=]
Epoch 104:  43%|████▎     | 20/47 [00:00<00:00, 28.00it/s, loss=0.363, v_num=]
Epoch 104:  85%|████████▌ | 40/47 [00:01<00:00, 35.15it/s, loss=0.363, v_num=]
Epoch 104:  85%|████████▌ | 40/47 [00:01<00:00, 35.13it/s, loss=0.36, v_num=] 
Epoch 104: 100%|██████████| 47/47 [00:01<00:00, 31.06it/s, loss=0.368, v_num=]
Epoch 104:   0%|          | 0/47 [00:00<?, ?it/s, loss=0.368, v_num=]         
Epoch 105:   0%|          | 0/47 [00:00<?, ?it/s, loss=0.368, v_num=]
Epoch 105:  43%|████▎     | 20/47 [00:00<00:01, 23.93it/s, loss=0.368, v_num=]
Epoch 105:  43%|████▎     | 20/47 [00:00<00:01, 23.91it/s, loss=0.361, v_num=]
Epoch 105:  85%|████████▌ | 40/47 [00:01<00:00, 30.42it/s, loss=0.361, v_num=]
Epoch 105:  85%|████████▌ | 40/47 [00:01<00:00, 30.40it/s, loss=0.369, v_num=]
Epoch 105: 100%|██████████| 47/47 [00:01<00:00, 29.94it/s, loss=0.363, v_num=]Evaluating...
NMI : 0.2682291584814294, ARI: 0.07990325908896069, ACC: 0.09883, current K: 2

Epoch 105:   0%|          | 0/47 [00:00<?, ?it/s, loss=0.363, v_num=]         
Epoch 106:   0%|          | 0/47 [00:00<?, ?it/s, loss=0.363, v_num=]/usr/local/lib/python3.13/dist-packages/torch/utils/data/dataloader.py:432: UserWarning: This DataLoader will create 6 worker processes in total. Our suggested max number of worker in current system is 2, which is smaller than what this DataLoader is going to create. Please be aware that excessive worker creation might get DataLoader running slow or even freeze, lower the worker number to avoid potential slowness/freeze if necessary.
  self.check_worker_number_rationality()

Epoch 106:  43%|████▎     | 20/47 [00:00<00:00, 33.94it/s, loss=0.363, v_num=]
Epoch 106:  43%|████▎     | 20/47 [00:00<00:00, 33.90it/s, loss=0.363, v_num=]
Epoch 106:  85%|████████▌ | 40/47 [00:00<00:00, 42.85it/s, loss=0.363, v_num=]
Epoch 106:  85%|████████▌ | 40/47 [00:00<00:00, 42.83it/s, loss=0.365, v_num=]
Epoch 106: 100%|██████████| 47/47 [00:01<00:00, 40.41it/s, loss=0.364, v_num=]
Epoch 106:   0%|          | 0/47 [00:00<?, ?it/s, loss=0.364, v_num=]         
Epoch 107:   0%|          | 0/47 [00:00<?, ?it/s, loss=0.364, v_num=]
Epoch 107:  43%|████▎     | 20/47 [00:00<00:00, 31.64it/s, loss=0.364, v_num=]
Epoch 107:  43%|████▎     | 20/47 [00:00<00:00, 31.61it/s, loss=0.362, v_num=]
Epoch 107:  85%|████████▌ | 40/47 [00:00<00:00, 41.08it/s, loss=0.362, v_num=]
Epoch 107:  85%|████████▌ | 40/47 [00:00<00:00, 41.06it/s, loss=0.366, v_num=]
Epoch 107: 100%|██████████| 47/47 [00:01<00:00, 38.89it/s, loss=0.366, v_num=]
Epoch 107:   0%|          | 0/47 [00:00<?, ?it/s, loss=0.366, v_num=]         
Epoch 108:   0%|          | 0/47 [00:00<?, ?it/s, loss=0.366, v_num=]
Epoch 108:  43%|████▎     | 20/47 [00:00<00:00, 33.02it/s, loss=0.366, v_num=]
Epoch 108:  43%|████▎     | 20/47 [00:00<00:00, 32.98it/s, loss=0.368, v_num=]
Epoch 108:  85%|████████▌ | 40/47 [00:00<00:00, 42.32it/s, loss=0.368, v_num=]
Epoch 108:  85%|████████▌ | 40/47 [00:00<00:00, 42.31it/s, loss=0.361, v_num=]
Epoch 108: 100%|██████████| 47/47 [00:01<00:00, 39.51it/s, loss=0.364, v_num=]
Epoch 108:   0%|          | 0/47 [00:00<?, ?it/s, loss=0.364, v_num=]         
Epoch 109:   0%|          | 0/47 [00:00<?, ?it/s, loss=0.364, v_num=]
Epoch 109:  43%|████▎     | 20/47 [00:00<00:00, 32.30it/s, loss=0.364, v_num=]
Epoch 109:  43%|████▎     | 20/47 [00:00<00:00, 32.27it/s, loss=0.36, v_num=] 
Epoch 109:  85%|████████▌ | 40/47 [00:00<00:00, 41.90it/s, loss=0.36, v_num=]
Epoch 109:  85%|████████▌ | 40/47 [00:00<00:00, 41.89it/s, loss=0.366, v_num=]
Epoch 109: 100%|██████████| 47/47 [00:01<00:00, 38.93it/s, loss=0.365, v_num=]
Epoch 109:   0%|          | 0/47 [00:00<?, ?it/s, loss=0.365, v_num=]         
Epoch 110:   0%|          | 0/47 [00:00<?, ?it/s, loss=0.365, v_num=]
Epoch 110:  43%|████▎     | 20/47 [00:00<00:00, 34.63it/s, loss=0.365, v_num=]
Epoch 110:  43%|████▎     | 20/47 [00:00<00:00, 34.59it/s, loss=0.365, v_num=]
Epoch 110:  85%|████████▌ | 40/47 [00:00<00:00, 43.53it/s, loss=0.365, v_num=]
Epoch 110:  85%|████████▌ | 40/47 [00:00<00:00, 43.52it/s, loss=0.367, v_num=]
Epoch 110: 100%|██████████| 47/47 [00:01<00:00, 40.33it/s, loss=0.36, v_num=] Evaluating...
NMI : 0.26876696954491364, ARI: 0.08002097542980016, ACC: 0.09883, current K: 2
Epoch 110 | NMI: 0.2688, ARI: 0.0800, ACC: 0.0988, current K: 2
Confusion Matrix:
[[294   6   0   0   0   0   0   0   0   0   0   0   0   0   0   0   0   0
    0   0]
 [  3 297   0   0   0   0   0   0   0   0   0   0   0   0   0   0   0   0
    0   0]
 [293   7   0   0   0   0   0   0   0   0   0   0   0   0   0   0   0   0
    0   0]
 [  1 299   0   0   0   0   0   0   0   0   0   0   0   0   0   0   0   0
    0   0]
 [267  33   0   0   0   0   0   0   0   0   0   0   0   0   0   0   0   0
    0   0]
 [ 19 281   0   0   0   0   0   0   0   0   0   0   0   0   0   0   0   0
    0   0]
 [277  23   0   0   0   0   0   0   0   0   0   0   0   0   0   0   0   0
    0   0]
 [ 30 270   0   0   0   0   0   0   0   0   0   0   0   0   0   0   0   0
    0   0]
 [281  19   0   0   0   0   0   0   0   0   0   0   0   0   0   0   0   0
    0   0]
 [ 21 279   0   0   0   0   0   0   0   0   0   0   0   0   0   0   0   0
    0   0]
 [273  27   0   0   0   0   0   0   0   0   0   0   0   0   0   0   0   0
    0   0]
 [ 24 276   0   0   0   0   0   0   0   0   0   0   0   0   0   0   0   0
    0   0]
 [291   9   0   0   0   0   0   0   0   0   0   0   0   0   0   0   0   0
    0   0]
 [ 11 289   0   0   0   0   0   0   0   0   0   0   0   0   0   0   0   0
    0   0]
 [289  11   0   0   0   0   0   0   0   0   0   0   0   0   0   0   0   0
    0   0]
 [  8 292   0   0   0   0   0   0   0   0   0   0   0   0   0   0   0   0
    0   0]
 [280  20   0   0   0   0   0   0   0   0   0   0   0   0   0   0   0   0
    0   0]
 [ 13 287   0   0   0   0   0   0   0   0   0   0   0   0   0   0   0   0
    0   0]
 [285  15   0   0   0   0   0   0   0   0   0   0   0   0   0   0   0   0
    0   0]
 [ 17 283   0   0   0   0   0   0   0   0   0   0   0   0   0   0   0   0
    0   0]]

Epoch 110:   0%|          | 0/47 [00:00<?, ?it/s, loss=0.36, v_num=]         
Epoch 111:   0%|          | 0/47 [00:00<?, ?it/s, loss=0.36, v_num=]/usr/local/lib/python3.13/dist-packages/torch/utils/data/dataloader.py:432: UserWarning: This DataLoader will create 6 worker processes in total. Our suggested max number of worker in current system is 2, which is smaller than what this DataLoader is going to create. Please be aware that excessive worker creation might get DataLoader running slow or even freeze, lower the worker number to avoid potential slowness/freeze if necessary.
  self.check_worker_number_rationality()

Epoch 111:  43%|████▎     | 20/47 [00:00<00:00, 33.56it/s, loss=0.36, v_num=]
Epoch 111:  43%|████▎     | 20/47 [00:00<00:00, 33.52it/s, loss=0.366, v_num=]
Epoch 111:  85%|████████▌ | 40/47 [00:00<00:00, 41.53it/s, loss=0.366, v_num=]
Epoch 111:  85%|████████▌ | 40/47 [00:00<00:00, 41.52it/s, loss=0.369, v_num=]
Epoch 111: 100%|██████████| 47/47 [00:01<00:00, 39.37it/s, loss=0.366, v_num=]
Epoch 111:   0%|          | 0/47 [00:00<?, ?it/s, loss=0.366, v_num=]         
Epoch 112:   0%|          | 0/47 [00:00<?, ?it/s, loss=0.366, v_num=]
Epoch 112:  43%|████▎     | 20/47 [00:00<00:00, 33.18it/s, loss=0.366, v_num=]
Epoch 112:  43%|████▎     | 20/47 [00:00<00:00, 33.15it/s, loss=0.365, v_num=]
Epoch 112:  85%|████████▌ | 40/47 [00:00<00:00, 42.52it/s, loss=0.365, v_num=]
Epoch 112:  85%|████████▌ | 40/47 [00:00<00:00, 42.50it/s, loss=0.362, v_num=]
Epoch 112: 100%|██████████| 47/47 [00:01<00:00, 40.17it/s, loss=0.365, v_num=]
Epoch 112:   0%|          | 0/47 [00:00<?, ?it/s, loss=0.365, v_num=]         
Epoch 113:   0%|          | 0/47 [00:00<?, ?it/s, loss=0.365, v_num=]
Epoch 113:  43%|████▎     | 20/47 [00:00<00:00, 32.75it/s, loss=0.365, v_num=]
Epoch 113:  43%|████▎     | 20/47 [00:00<00:00, 32.72it/s, loss=0.366, v_num=]
Epoch 113:  85%|████████▌ | 40/47 [00:00<00:00, 42.60it/s, loss=0.366, v_num=]
Epoch 113:  85%|████████▌ | 40/47 [00:00<00:00, 42.58it/s, loss=0.358, v_num=]
Epoch 113: 100%|██████████| 47/47 [00:01<00:00, 40.31it/s, loss=0.36, v_num=] 
Epoch 113:   0%|          | 0/47 [00:00<?, ?it/s, loss=0.36, v_num=]         
Epoch 114:   0%|          | 0/47 [00:00<?, ?it/s, loss=0.36, v_num=]
Epoch 114:  43%|████▎     | 20/47 [00:00<00:01, 23.90it/s, loss=0.36, v_num=]
Epoch 114:  43%|████▎     | 20/47 [00:00<00:01, 23.88it/s, loss=0.362, v_num=]
Epoch 114:  85%|████████▌ | 40/47 [00:01<00:00, 32.01it/s, loss=0.362, v_num=]
Epoch 114:  85%|████████▌ | 40/47 [00:01<00:00, 32.00it/s, loss=0.366, v_num=]
Epoch 114: 100%|██████████| 47/47 [00:01<00:00, 29.23it/s, loss=0.362, v_num=]
Epoch 114:   0%|          | 0/47 [00:00<?, ?it/s, loss=0.362, v_num=]         
Epoch 115:   0%|          | 0/47 [00:00<?, ?it/s, loss=0.362, v_num=]
Epoch 115:  43%|████▎     | 20/47 [00:00<00:01, 24.74it/s, loss=0.362, v_num=]
Epoch 115:  43%|████▎     | 20/47 [00:00<00:01, 24.69it/s, loss=0.362, v_num=]
Epoch 115:  85%|████████▌ | 40/47 [00:01<00:00, 32.67it/s, loss=0.362, v_num=]
Epoch 115:  85%|████████▌ | 40/47 [00:01<00:00, 32.66it/s, loss=0.366, v_num=]
Epoch 115: 100%|██████████| 47/47 [00:01<00:00, 32.35it/s, loss=0.369, v_num=]Evaluating...
NMI : 0.269713563391328, ARI: 0.08020793214526745, ACC: 0.09883, current K: 2

Epoch 115:   0%|          | 0/47 [00:00<?, ?it/s, loss=0.369, v_num=]         
Epoch 116:   0%|          | 0/47 [00:00<?, ?it/s, loss=0.369, v_num=]/usr/local/lib/python3.13/dist-packages/torch/utils/data/dataloader.py:432: UserWarning: This DataLoader will create 6 worker processes in total. Our suggested max number of worker in current system is 2, which is smaller than what this DataLoader is going to create. Please be aware that excessive worker creation might get DataLoader running slow or even freeze, lower the worker number to avoid potential slowness/freeze if necessary.
  self.check_worker_number_rationality()

Epoch 116:  43%|████▎     | 20/47 [00:00<00:00, 33.62it/s, loss=0.369, v_num=]
Epoch 116:  43%|████▎     | 20/47 [00:00<00:00, 33.59it/s, loss=0.364, v_num=]
Epoch 116:  85%|████████▌ | 40/47 [00:00<00:00, 42.99it/s, loss=0.364, v_num=]
Epoch 116:  85%|████████▌ | 40/47 [00:00<00:00, 42.98it/s, loss=0.363, v_num=]
Epoch 116: 100%|██████████| 47/47 [00:01<00:00, 40.20it/s, loss=0.364, v_num=]
Epoch 116:   0%|          | 0/47 [00:00<?, ?it/s, loss=0.364, v_num=]         
Epoch 117:   0%|          | 0/47 [00:00<?, ?it/s, loss=0.364, v_num=]
Epoch 117:  43%|████▎     | 20/47 [00:00<00:00, 33.41it/s, loss=0.364, v_num=]
Epoch 117:  43%|████▎     | 20/47 [00:00<00:00, 33.37it/s, loss=0.36, v_num=] 
Epoch 117:  85%|████████▌ | 40/47 [00:00<00:00, 42.97it/s, loss=0.36, v_num=]
Epoch 117:  85%|████████▌ | 40/47 [00:00<00:00, 42.95it/s, loss=0.364, v_num=]
Epoch 117: 100%|██████████| 47/47 [00:01<00:00, 40.72it/s, loss=0.365, v_num=]
Epoch 117:   0%|          | 0/47 [00:00<?, ?it/s, loss=0.365, v_num=]         
Epoch 118:   0%|          | 0/47 [00:00<?, ?it/s, loss=0.365, v_num=]
Epoch 118:  43%|████▎     | 20/47 [00:00<00:00, 32.64it/s, loss=0.365, v_num=]
Epoch 118:  43%|████▎     | 20/47 [00:00<00:00, 32.60it/s, loss=0.364, v_num=]
Epoch 118:  85%|████████▌ | 40/47 [00:00<00:00, 41.97it/s, loss=0.364, v_num=]
Epoch 118:  85%|████████▌ | 40/47 [00:00<00:00, 41.95it/s, loss=0.364, v_num=]
Epoch 118: 100%|██████████| 47/47 [00:01<00:00, 39.18it/s, loss=0.368, v_num=]
Epoch 118:   0%|          | 0/47 [00:00<?, ?it/s, loss=0.368, v_num=]         
Epoch 119:   0%|          | 0/47 [00:00<?, ?it/s, loss=0.368, v_num=]
Epoch 119:  43%|████▎     | 20/47 [00:00<00:00, 30.85it/s, loss=0.368, v_num=]
Epoch 119:  43%|████▎     | 20/47 [00:00<00:00, 30.81it/s, loss=0.368, v_num=]
Epoch 119:  85%|████████▌ | 40/47 [00:01<00:00, 38.76it/s, loss=0.368, v_num=]
Epoch 119:  85%|████████▌ | 40/47 [00:01<00:00, 38.74it/s, loss=0.361, v_num=]
Epoch 119: 100%|██████████| 47/47 [00:01<00:00, 37.26it/s, loss=0.36, v_num=] 
Epoch 119:   0%|          | 0/47 [00:00<?, ?it/s, loss=0.36, v_num=]         
Epoch 120:   0%|          | 0/47 [00:00<?, ?it/s, loss=0.36, v_num=]
Epoch 120:  43%|████▎     | 20/47 [00:00<00:00, 33.46it/s, loss=0.36, v_num=]
Epoch 120:  43%|████▎     | 20/47 [00:00<00:00, 33.42it/s, loss=0.361, v_num=]
Epoch 120:  85%|████████▌ | 40/47 [00:00<00:00, 42.63it/s, loss=0.361, v_num=]
Epoch 120:  85%|████████▌ | 40/47 [00:00<00:00, 42.62it/s, loss=0.366, v_num=]
Epoch 120: 100%|██████████| 47/47 [00:01<00:00, 40.37it/s, loss=0.368, v_num=]Evaluating...
NMI : 0.2699414459206343, ARI: 0.0802237766197098, ACC: 0.099, current K: 2
Epoch 120 | NMI: 0.2699, ARI: 0.0802, ACC: 0.0990, current K: 2
Confusion Matrix:
[[295   5   0   0   0   0   0   0   0   0   0   0   0   0   0   0   0   0
    0   0]
 [  3 297   0   0   0   0   0   0   0   0   0   0   0   0   0   0   0   0
    0   0]
 [293   7   0   0   0   0   0   0   0   0   0   0   0   0   0   0   0   0
    0   0]
 [  1 299   0   0   0   0   0   0   0   0   0   0   0   0   0   0   0   0
    0   0]
 [266  34   0   0   0   0   0   0   0   0   0   0   0   0   0   0   0   0
    0   0]
 [ 19 281   0   0   0   0   0   0   0   0   0   0   0   0   0   0   0   0
    0   0]
 [276  24   0   0   0   0   0   0   0   0   0   0   0   0   0   0   0   0
    0   0]
 [ 30 270   0   0   0   0   0   0   0   0   0   0   0   0   0   0   0   0
    0   0]
 [281  19   0   0   0   0   0   0   0   0   0   0   0   0   0   0   0   0
    0   0]
 [ 22 278   0   0   0   0   0   0   0   0   0   0   0   0   0   0   0   0
    0   0]
 [273  27   0   0   0   0   0   0   0   0   0   0   0   0   0   0   0   0
    0   0]
 [ 24 276   0   0   0   0   0   0   0   0   0   0   0   0   0   0   0   0
    0   0]
 [292   8   0   0   0   0   0   0   0   0   0   0   0   0   0   0   0   0
    0   0]
 [ 11 289   0   0   0   0   0   0   0   0   0   0   0   0   0   0   0   0
    0   0]
 [289  11   0   0   0   0   0   0   0   0   0   0   0   0   0   0   0   0
    0   0]
 [  7 293   0   0   0   0   0   0   0   0   0   0   0   0   0   0   0   0
    0   0]
 [281  19   0   0   0   0   0   0   0   0   0   0   0   0   0   0   0   0
    0   0]
 [ 11 289   0   0   0   0   0   0   0   0   0   0   0   0   0   0   0   0
    0   0]
 [284  16   0   0   0   0   0   0   0   0   0   0   0   0   0   0   0   0
    0   0]
 [ 16 284   0   0   0   0   0   0   0   0   0   0   0   0   0   0   0   0
    0   0]]

Epoch 120:   0%|          | 0/47 [00:00<?, ?it/s, loss=0.368, v_num=]         
Epoch 121:   0%|          | 0/47 [00:00<?, ?it/s, loss=0.368, v_num=]/usr/local/lib/python3.13/dist-packages/torch/utils/data/dataloader.py:432: UserWarning: This DataLoader will create 6 worker processes in total. Our suggested max number of worker in current system is 2, which is smaller than what this DataLoader is going to create. Please be aware that excessive worker creation might get DataLoader running slow or even freeze, lower the worker number to avoid potential slowness/freeze if necessary.
  self.check_worker_number_rationality()

Epoch 121:  43%|████▎     | 20/47 [00:00<00:00, 33.67it/s, loss=0.368, v_num=]
Epoch 121:  43%|████▎     | 20/47 [00:00<00:00, 33.63it/s, loss=0.366, v_num=]
Epoch 121:  85%|████████▌ | 40/47 [00:00<00:00, 43.24it/s, loss=0.366, v_num=]
Epoch 121:  85%|████████▌ | 40/47 [00:00<00:00, 43.22it/s, loss=0.364, v_num=]
Epoch 121: 100%|██████████| 47/47 [00:01<00:00, 40.60it/s, loss=0.366, v_num=]
Epoch 121:   0%|          | 0/47 [00:00<?, ?it/s, loss=0.366, v_num=]         
Epoch 122:   0%|          | 0/47 [00:00<?, ?it/s, loss=0.366, v_num=]
Epoch 122:  43%|████▎     | 20/47 [00:00<00:00, 32.71it/s, loss=0.366, v_num=]
Epoch 122:  43%|████▎     | 20/47 [00:00<00:00, 32.68it/s, loss=0.366, v_num=]
Epoch 122:  85%|████████▌ | 40/47 [00:00<00:00, 42.08it/s, loss=0.366, v_num=]
Epoch 122:  85%|████████▌ | 40/47 [00:00<00:00, 42.07it/s, loss=0.363, v_num=]
Epoch 122: 100%|██████████| 47/47 [00:01<00:00, 39.82it/s, loss=0.363, v_num=]
Epoch 122:   0%|          | 0/47 [00:00<?, ?it/s, loss=0.363, v_num=]         
Epoch 123:   0%|          | 0/47 [00:00<?, ?it/s, loss=0.363, v_num=]
Epoch 123:  43%|████▎     | 20/47 [00:00<00:00, 33.32it/s, loss=0.363, v_num=]
Epoch 123:  43%|████▎     | 20/47 [00:00<00:00, 33.28it/s, loss=0.362, v_num=]
Epoch 123:  85%|████████▌ | 40/47 [00:00<00:00, 41.15it/s, loss=0.362, v_num=]
Epoch 123:  85%|████████▌ | 40/47 [00:00<00:00, 41.14it/s, loss=0.365, v_num=]
Epoch 123: 100%|██████████| 47/47 [00:01<00:00, 35.89it/s, loss=0.366, v_num=]
Epoch 123:   0%|          | 0/47 [00:00<?, ?it/s, loss=0.366, v_num=]         
Epoch 124:   0%|          | 0/47 [00:00<?, ?it/s, loss=0.366, v_num=]
Epoch 124:  43%|████▎     | 20/47 [00:00<00:01, 25.42it/s, loss=0.366, v_num=]
Epoch 124:  43%|████▎     | 20/47 [00:00<00:01, 25.39it/s, loss=0.363, v_num=]
Epoch 124:  85%|████████▌ | 40/47 [00:01<00:00, 33.22it/s, loss=0.363, v_num=]
Epoch 124:  85%|████████▌ | 40/47 [00:01<00:00, 33.21it/s, loss=0.361, v_num=]
Epoch 124: 100%|██████████| 47/47 [00:01<00:00, 30.40it/s, loss=0.362, v_num=]
Epoch 124:   0%|          | 0/47 [00:00<?, ?it/s, loss=0.362, v_num=]         
Epoch 125:   0%|          | 0/47 [00:00<?, ?it/s, loss=0.362, v_num=]
Epoch 125:  43%|████▎     | 20/47 [00:00<00:01, 22.86it/s, loss=0.362, v_num=]
Epoch 125:  43%|████▎     | 20/47 [00:00<00:01, 22.84it/s, loss=0.369, v_num=]
Epoch 125:  85%|████████▌ | 40/47 [00:01<00:00, 33.02it/s, loss=0.369, v_num=]
Epoch 125:  85%|████████▌ | 40/47 [00:01<00:00, 33.01it/s, loss=0.363, v_num=]
Epoch 125: 100%|██████████| 47/47 [00:01<00:00, 32.57it/s, loss=0.362, v_num=]Evaluating...
NMI : 0.27030413007592957, ARI: 0.08029387970801277, ACC: 0.099, current K: 2

Epoch 125:   0%|          | 0/47 [00:00<?, ?it/s, loss=0.362, v_num=]         
Epoch 126:   0%|          | 0/47 [00:00<?, ?it/s, loss=0.362, v_num=]/usr/local/lib/python3.13/dist-packages/torch/utils/data/dataloader.py:432: UserWarning: This DataLoader will create 6 worker processes in total. Our suggested max number of worker in current system is 2, which is smaller than what this DataLoader is going to create. Please be aware that excessive worker creation might get DataLoader running slow or even freeze, lower the worker number to avoid potential slowness/freeze if necessary.
  self.check_worker_number_rationality()

Epoch 126:  43%|████▎     | 20/47 [00:00<00:00, 32.62it/s, loss=0.362, v_num=]
Epoch 126:  43%|████▎     | 20/47 [00:00<00:00, 32.59it/s, loss=0.365, v_num=]
Epoch 126:  85%|████████▌ | 40/47 [00:00<00:00, 41.80it/s, loss=0.365, v_num=]
Epoch 126:  85%|████████▌ | 40/47 [00:00<00:00, 41.79it/s, loss=0.367, v_num=]
Epoch 126: 100%|██████████| 47/47 [00:01<00:00, 38.89it/s, loss=0.361, v_num=]
Epoch 126:   0%|          | 0/47 [00:00<?, ?it/s, loss=0.361, v_num=]         
Epoch 127:   0%|          | 0/47 [00:00<?, ?it/s, loss=0.361, v_num=]
Epoch 127:  43%|████▎     | 20/47 [00:00<00:00, 33.79it/s, loss=0.361, v_num=]
Epoch 127:  43%|████▎     | 20/47 [00:00<00:00, 33.76it/s, loss=0.361, v_num=]
Epoch 127:  85%|████████▌ | 40/47 [00:00<00:00, 43.07it/s, loss=0.361, v_num=]
Epoch 127:  85%|████████▌ | 40/47 [00:00<00:00, 43.05it/s, loss=0.364, v_num=]
Epoch 127: 100%|██████████| 47/47 [00:01<00:00, 40.52it/s, loss=0.366, v_num=]
Epoch 127:   0%|          | 0/47 [00:00<?, ?it/s, loss=0.366, v_num=]         
Epoch 128:   0%|          | 0/47 [00:00<?, ?it/s, loss=0.366, v_num=]
Epoch 128:  43%|████▎     | 20/47 [00:00<00:00, 34.96it/s, loss=0.366, v_num=]
Epoch 128:  43%|████▎     | 20/47 [00:00<00:00, 34.93it/s, loss=0.368, v_num=]
Epoch 128:  85%|████████▌ | 40/47 [00:00<00:00, 43.38it/s, loss=0.368, v_num=]
Epoch 128:  85%|████████▌ | 40/47 [00:00<00:00, 43.36it/s, loss=0.362, v_num=]
Epoch 128: 100%|██████████| 47/47 [00:01<00:00, 40.58it/s, loss=0.365, v_num=]
Epoch 128:   0%|          | 0/47 [00:00<?, ?it/s, loss=0.365, v_num=]         
Epoch 129:   0%|          | 0/47 [00:00<?, ?it/s, loss=0.365, v_num=]
Epoch 129:  43%|████▎     | 20/47 [00:00<00:00, 34.19it/s, loss=0.365, v_num=]
Epoch 129:  43%|████▎     | 20/47 [00:00<00:00, 34.14it/s, loss=0.364, v_num=]
Epoch 129:  85%|████████▌ | 40/47 [00:00<00:00, 43.27it/s, loss=0.364, v_num=]
Epoch 129:  85%|████████▌ | 40/47 [00:00<00:00, 43.26it/s, loss=0.362, v_num=]
Epoch 129: 100%|██████████| 47/47 [00:01<00:00, 40.91it/s, loss=0.363, v_num=]
Epoch 129:   0%|          | 0/47 [00:00<?, ?it/s, loss=0.363, v_num=]         
Epoch 130:   0%|          | 0/47 [00:00<?, ?it/s, loss=0.363, v_num=]
Epoch 130:  43%|████▎     | 20/47 [00:00<00:00, 32.89it/s, loss=0.363, v_num=]
Epoch 130:  43%|████▎     | 20/47 [00:00<00:00, 32.86it/s, loss=0.361, v_num=]
Epoch 130:  85%|████████▌ | 40/47 [00:00<00:00, 42.56it/s, loss=0.361, v_num=]
Epoch 130:  85%|████████▌ | 40/47 [00:00<00:00, 42.54it/s, loss=0.362, v_num=]
Epoch 130: 100%|██████████| 47/47 [00:01<00:00, 40.07it/s, loss=0.362, v_num=]Evaluating...
NMI : 0.2715881206651621, ARI: 0.0805470652983004, ACC: 0.099, current K: 2
Epoch 130 | NMI: 0.2716, ARI: 0.0805, ACC: 0.0990, current K: 2
Confusion Matrix:
[[295   5   0   0   0   0   0   0   0   0   0   0   0   0   0   0   0   0
    0   0]
 [  3 297   0   0   0   0   0   0   0   0   0   0   0   0   0   0   0   0
    0   0]
 [293   7   0   0   0   0   0   0   0   0   0   0   0   0   0   0   0   0
    0   0]
 [  1 299   0   0   0   0   0   0   0   0   0   0   0   0   0   0   0   0
    0   0]
 [265  35   0   0   0   0   0   0   0   0   0   0   0   0   0   0   0   0
    0   0]
 [ 18 282   0   0   0   0   0   0   0   0   0   0   0   0   0   0   0   0
    0   0]
 [274  26   0   0   0   0   0   0   0   0   0   0   0   0   0   0   0   0
    0   0]
 [ 30 270   0   0   0   0   0   0   0   0   0   0   0   0   0   0   0   0
    0   0]
 [282  18   0   0   0   0   0   0   0   0   0   0   0   0   0   0   0   0
    0   0]
 [ 22 278   0   0   0   0   0   0   0   0   0   0   0   0   0   0   0   0
    0   0]
 [273  27   0   0   0   0   0   0   0   0   0   0   0   0   0   0   0   0
    0   0]
 [ 24 276   0   0   0   0   0   0   0   0   0   0   0   0   0   0   0   0
    0   0]
 [292   8   0   0   0   0   0   0   0   0   0   0   0   0   0   0   0   0
    0   0]
 [ 10 290   0   0   0   0   0   0   0   0   0   0   0   0   0   0   0   0
    0   0]
 [292   8   0   0   0   0   0   0   0   0   0   0   0   0   0   0   0   0
    0   0]
 [  7 293   0   0   0   0   0   0   0   0   0   0   0   0   0   0   0   0
    0   0]
 [282  18   0   0   0   0   0   0   0   0   0   0   0   0   0   0   0   0
    0   0]
 [ 10 290   0   0   0   0   0   0   0   0   0   0   0   0   0   0   0   0
    0   0]
 [284  16   0   0   0   0   0   0   0   0   0   0   0   0   0   0   0   0
    0   0]
 [ 16 284   0   0   0   0   0   0   0   0   0   0   0   0   0   0   0   0
    0   0]]

Epoch 130:   0%|          | 0/47 [00:00<?, ?it/s, loss=0.362, v_num=]         
Epoch 131:   0%|          | 0/47 [00:00<?, ?it/s, loss=0.362, v_num=]/usr/local/lib/python3.13/dist-packages/torch/utils/data/dataloader.py:432: UserWarning: This DataLoader will create 6 worker processes in total. Our suggested max number of worker in current system is 2, which is smaller than what this DataLoader is going to create. Please be aware that excessive worker creation might get DataLoader running slow or even freeze, lower the worker number to avoid potential slowness/freeze if necessary.
  self.check_worker_number_rationality()

Epoch 131:  43%|████▎     | 20/47 [00:00<00:00, 33.39it/s, loss=0.362, v_num=]
Epoch 131:  43%|████▎     | 20/47 [00:00<00:00, 33.35it/s, loss=0.364, v_num=]
Epoch 131:  85%|████████▌ | 40/47 [00:00<00:00, 42.66it/s, loss=0.364, v_num=]
Epoch 131:  85%|████████▌ | 40/47 [00:00<00:00, 42.64it/s, loss=0.361, v_num=]
Epoch 131: 100%|██████████| 47/47 [00:01<00:00, 40.15it/s, loss=0.359, v_num=]
Epoch 131:   0%|          | 0/47 [00:00<?, ?it/s, loss=0.359, v_num=]         
Epoch 132:   0%|          | 0/47 [00:00<?, ?it/s, loss=0.359, v_num=]
Epoch 132:  43%|████▎     | 20/47 [00:00<00:00, 33.73it/s, loss=0.359, v_num=]
Epoch 132:  43%|████▎     | 20/47 [00:00<00:00, 33.69it/s, loss=0.362, v_num=]
Epoch 132:  85%|████████▌ | 40/47 [00:00<00:00, 43.57it/s, loss=0.362, v_num=]
Epoch 132:  85%|████████▌ | 40/47 [00:00<00:00, 43.55it/s, loss=0.365, v_num=]
Epoch 132: 100%|██████████| 47/47 [00:01<00:00, 40.15it/s, loss=0.361, v_num=]
Epoch 132:   0%|          | 0/47 [00:00<?, ?it/s, loss=0.361, v_num=]         
Epoch 133:   0%|          | 0/47 [00:00<?, ?it/s, loss=0.361, v_num=]
Epoch 133:  43%|████▎     | 20/47 [00:00<00:00, 33.76it/s, loss=0.361, v_num=]
Epoch 133:  43%|████▎     | 20/47 [00:00<00:00, 33.72it/s, loss=0.364, v_num=]
Epoch 133:  85%|████████▌ | 40/47 [00:00<00:00, 42.93it/s, loss=0.364, v_num=]
Epoch 133:  85%|████████▌ | 40/47 [00:00<00:00, 42.91it/s, loss=0.357, v_num=]
Epoch 133: 100%|██████████| 47/47 [00:01<00:00, 36.97it/s, loss=0.362, v_num=]
Epoch 133:   0%|          | 0/47 [00:00<?, ?it/s, loss=0.362, v_num=]         
Epoch 134:   0%|          | 0/47 [00:00<?, ?it/s, loss=0.362, v_num=]
Epoch 134:  43%|████▎     | 20/47 [00:00<00:01, 24.44it/s, loss=0.362, v_num=]
Epoch 134:  43%|████▎     | 20/47 [00:00<00:01, 24.42it/s, loss=0.359, v_num=]
Epoch 134:  85%|████████▌ | 40/47 [00:01<00:00, 32.72it/s, loss=0.359, v_num=]
Epoch 134:  85%|████████▌ | 40/47 [00:01<00:00, 32.71it/s, loss=0.365, v_num=]
Epoch 134: 100%|██████████| 47/47 [00:01<00:00, 30.35it/s, loss=0.365, v_num=]
Epoch 134:   0%|          | 0/47 [00:00<?, ?it/s, loss=0.365, v_num=]         
Epoch 135:   0%|          | 0/47 [00:00<?, ?it/s, loss=0.365, v_num=]
Epoch 135:  43%|████▎     | 20/47 [00:00<00:01, 22.51it/s, loss=0.365, v_num=]
Epoch 135:  43%|████▎     | 20/47 [00:00<00:01, 22.49it/s, loss=0.36, v_num=] 
Epoch 135:  85%|████████▌ | 40/47 [00:01<00:00, 32.48it/s, loss=0.36, v_num=]
Epoch 135:  85%|████████▌ | 40/47 [00:01<00:00, 32.47it/s, loss=0.366, v_num=]
Epoch 135: 100%|██████████| 47/47 [00:01<00:00, 31.68it/s, loss=0.363, v_num=]Evaluating...
NMI : 0.2712841574162598, ARI: 0.0804844424798748, ACC: 0.099, current K: 2

Epoch 135:   0%|          | 0/47 [00:00<?, ?it/s, loss=0.363, v_num=]         
Epoch 136:   0%|          | 0/47 [00:00<?, ?it/s, loss=0.363, v_num=]/usr/local/lib/python3.13/dist-packages/torch/utils/data/dataloader.py:432: UserWarning: This DataLoader will create 6 worker processes in total. Our suggested max number of worker in current system is 2, which is smaller than what this DataLoader is going to create. Please be aware that excessive worker creation might get DataLoader running slow or even freeze, lower the worker number to avoid potential slowness/freeze if necessary.
  self.check_worker_number_rationality()

Epoch 136:  43%|████▎     | 20/47 [00:00<00:00, 33.57it/s, loss=0.363, v_num=]
Epoch 136:  43%|████▎     | 20/47 [00:00<00:00, 33.54it/s, loss=0.364, v_num=]
Epoch 136:  85%|████████▌ | 40/47 [00:00<00:00, 42.45it/s, loss=0.364, v_num=]
Epoch 136:  85%|████████▌ | 40/47 [00:00<00:00, 42.44it/s, loss=0.365, v_num=]
Epoch 136: 100%|██████████| 47/47 [00:01<00:00, 39.93it/s, loss=0.361, v_num=]
Epoch 136:   0%|          | 0/47 [00:00<?, ?it/s, loss=0.361, v_num=]         
Epoch 137:   0%|          | 0/47 [00:00<?, ?it/s, loss=0.361, v_num=]
Epoch 137:  43%|████▎     | 20/47 [00:00<00:00, 33.08it/s, loss=0.361, v_num=]
Epoch 137:  43%|████▎     | 20/47 [00:00<00:00, 33.05it/s, loss=0.363, v_num=]
Epoch 137:  85%|████████▌ | 40/47 [00:00<00:00, 41.93it/s, loss=0.363, v_num=]
Epoch 137:  85%|████████▌ | 40/47 [00:00<00:00, 41.91it/s, loss=0.365, v_num=]
Epoch 137: 100%|██████████| 47/47 [00:01<00:00, 39.30it/s, loss=0.367, v_num=]
Epoch 137:   0%|          | 0/47 [00:00<?, ?it/s, loss=0.367, v_num=]         
Epoch 138:   0%|          | 0/47 [00:00<?, ?it/s, loss=0.367, v_num=]
Epoch 138:  43%|████▎     | 20/47 [00:00<00:00, 33.16it/s, loss=0.367, v_num=]
Epoch 138:  43%|████▎     | 20/47 [00:00<00:00, 33.12it/s, loss=0.365, v_num=]
Epoch 138:  85%|████████▌ | 40/47 [00:00<00:00, 43.00it/s, loss=0.365, v_num=]
Epoch 138:  85%|████████▌ | 40/47 [00:00<00:00, 42.99it/s, loss=0.366, v_num=]
Epoch 138: 100%|██████████| 47/47 [00:01<00:00, 40.29it/s, loss=0.363, v_num=]
Epoch 138:   0%|          | 0/47 [00:00<?, ?it/s, loss=0.363, v_num=]         
Epoch 139:   0%|          | 0/47 [00:00<?, ?it/s, loss=0.363, v_num=]
Epoch 139:  43%|████▎     | 20/47 [00:00<00:00, 33.87it/s, loss=0.363, v_num=]
Epoch 139:  43%|████▎     | 20/47 [00:00<00:00, 33.83it/s, loss=0.362, v_num=]
Epoch 139:  85%|████████▌ | 40/47 [00:00<00:00, 41.90it/s, loss=0.362, v_num=]
Epoch 139:  85%|████████▌ | 40/47 [00:00<00:00, 41.88it/s, loss=0.36, v_num=] 
Epoch 139: 100%|██████████| 47/47 [00:01<00:00, 39.56it/s, loss=0.361, v_num=]
Epoch 139:   0%|          | 0/47 [00:00<?, ?it/s, loss=0.361, v_num=]         
Epoch 140:   0%|          | 0/47 [00:00<?, ?it/s, loss=0.361, v_num=]
Epoch 140:  43%|████▎     | 20/47 [00:00<00:00, 31.78it/s, loss=0.361, v_num=]
Epoch 140:  43%|████▎     | 20/47 [00:00<00:00, 31.75it/s, loss=0.362, v_num=]
Epoch 140:  85%|████████▌ | 40/47 [00:00<00:00, 41.25it/s, loss=0.362, v_num=]
Epoch 140:  85%|████████▌ | 40/47 [00:00<00:00, 41.23it/s, loss=0.366, v_num=]
Epoch 140: 100%|██████████| 47/47 [00:01<00:00, 39.15it/s, loss=0.361, v_num=]Evaluating...
NMI : 0.271605071187364, ARI: 0.0805483989567714, ACC: 0.099, current K: 2
Epoch 140 | NMI: 0.2716, ARI: 0.0805, ACC: 0.0990, current K: 2
Confusion Matrix:
[[295   5   0   0   0   0   0   0   0   0   0   0   0   0   0   0   0   0
    0   0]
 [  3 297   0   0   0   0   0   0   0   0   0   0   0   0   0   0   0   0
    0   0]
 [293   7   0   0   0   0   0   0   0   0   0   0   0   0   0   0   0   0
    0   0]
 [  1 299   0   0   0   0   0   0   0   0   0   0   0   0   0   0   0   0
    0   0]
 [265  35   0   0   0   0   0   0   0   0   0   0   0   0   0   0   0   0
    0   0]
 [ 19 281   0   0   0   0   0   0   0   0   0   0   0   0   0   0   0   0
    0   0]
 [274  26   0   0   0   0   0   0   0   0   0   0   0   0   0   0   0   0
    0   0]
 [ 30 270   0   0   0   0   0   0   0   0   0   0   0   0   0   0   0   0
    0   0]
 [282  18   0   0   0   0   0   0   0   0   0   0   0   0   0   0   0   0
    0   0]
 [ 22 278   0   0   0   0   0   0   0   0   0   0   0   0   0   0   0   0
    0   0]
 [273  27   0   0   0   0   0   0   0   0   0   0   0   0   0   0   0   0
    0   0]
 [ 24 276   0   0   0   0   0   0   0   0   0   0   0   0   0   0   0   0
    0   0]
 [292   8   0   0   0   0   0   0   0   0   0   0   0   0   0   0   0   0
    0   0]
 [ 10 290   0   0   0   0   0   0   0   0   0   0   0   0   0   0   0   0
    0   0]
 [292   8   0   0   0   0   0   0   0   0   0   0   0   0   0   0   0   0
    0   0]
 [  7 293   0   0   0   0   0   0   0   0   0   0   0   0   0   0   0   0
    0   0]
 [282  18   0   0   0   0   0   0   0   0   0   0   0   0   0   0   0   0
    0   0]
 [ 10 290   0   0   0   0   0   0   0   0   0   0   0   0   0   0   0   0
    0   0]
 [284  16   0   0   0   0   0   0   0   0   0   0   0   0   0   0   0   0
    0   0]
 [ 15 285   0   0   0   0   0   0   0   0   0   0   0   0   0   0   0   0
    0   0]]

Epoch 140:   0%|          | 0/47 [00:00<?, ?it/s, loss=0.361, v_num=]         
Epoch 141:   0%|          | 0/47 [00:00<?, ?it/s, loss=0.361, v_num=]/usr/local/lib/python3.13/dist-packages/torch/utils/data/dataloader.py:432: UserWarning: This DataLoader will create 6 worker processes in total. Our suggested max number of worker in current system is 2, which is smaller than what this DataLoader is going to create. Please be aware that excessive worker creation might get DataLoader running slow or even freeze, lower the worker number to avoid potential slowness/freeze if necessary.
  self.check_worker_number_rationality()

Epoch 141:  43%|████▎     | 20/47 [00:00<00:00, 34.11it/s, loss=0.361, v_num=]
Epoch 141:  43%|████▎     | 20/47 [00:00<00:00, 34.07it/s, loss=0.36, v_num=] 
Epoch 141:  85%|████████▌ | 40/47 [00:00<00:00, 42.34it/s, loss=0.36, v_num=]
Epoch 141:  85%|████████▌ | 40/47 [00:00<00:00, 42.33it/s, loss=0.363, v_num=]
Epoch 141: 100%|██████████| 47/47 [00:01<00:00, 39.41it/s, loss=0.367, v_num=]
Epoch 141:   0%|          | 0/47 [00:00<?, ?it/s, loss=0.367, v_num=]         
Epoch 142:   0%|          | 0/47 [00:00<?, ?it/s, loss=0.367, v_num=]
Epoch 142:  43%|████▎     | 20/47 [00:00<00:00, 33.87it/s, loss=0.367, v_num=]
Epoch 142:  43%|████▎     | 20/47 [00:00<00:00, 33.83it/s, loss=0.363, v_num=]
Epoch 142:  85%|████████▌ | 40/47 [00:00<00:00, 42.84it/s, loss=0.363, v_num=]
Epoch 142:  85%|████████▌ | 40/47 [00:00<00:00, 42.82it/s, loss=0.359, v_num=]
Epoch 142: 100%|██████████| 47/47 [00:01<00:00, 40.56it/s, loss=0.366, v_num=]
Epoch 142:   0%|          | 0/47 [00:00<?, ?it/s, loss=0.366, v_num=]         
Epoch 143:   0%|          | 0/47 [00:00<?, ?it/s, loss=0.366, v_num=]
Epoch 143:  43%|████▎     | 20/47 [00:00<00:00, 33.23it/s, loss=0.366, v_num=]
Epoch 143:  43%|████▎     | 20/47 [00:00<00:00, 33.19it/s, loss=0.365, v_num=]
Epoch 143:  85%|████████▌ | 40/47 [00:01<00:00, 38.38it/s, loss=0.365, v_num=]
Epoch 143:  85%|████████▌ | 40/47 [00:01<00:00, 38.37it/s, loss=0.361, v_num=]
Epoch 143: 100%|██████████| 47/47 [00:01<00:00, 33.11it/s, loss=0.359, v_num=]
Epoch 143:   0%|          | 0/47 [00:00<?, ?it/s, loss=0.359, v_num=]         
Epoch 144:   0%|          | 0/47 [00:00<?, ?it/s, loss=0.359, v_num=]
Epoch 144:  43%|████▎     | 20/47 [00:00<00:01, 24.32it/s, loss=0.359, v_num=]
Epoch 144:  43%|████▎     | 20/47 [00:00<00:01, 24.30it/s, loss=0.362, v_num=]
Epoch 144:  85%|████████▌ | 40/47 [00:01<00:00, 31.08it/s, loss=0.362, v_num=]
Epoch 144:  85%|████████▌ | 40/47 [00:01<00:00, 31.07it/s, loss=0.363, v_num=]
Epoch 144: 100%|██████████| 47/47 [00:01<00:00, 28.98it/s, loss=0.364, v_num=]
Epoch 144:   0%|          | 0/47 [00:00<?, ?it/s, loss=0.364, v_num=]         
Epoch 145:   0%|          | 0/47 [00:00<?, ?it/s, loss=0.364, v_num=]
Epoch 145:  43%|████▎     | 20/47 [00:00<00:01, 26.39it/s, loss=0.364, v_num=]
Epoch 145:  43%|████▎     | 20/47 [00:00<00:01, 26.35it/s, loss=0.361, v_num=]
Epoch 145:  85%|████████▌ | 40/47 [00:01<00:00, 36.14it/s, loss=0.361, v_num=]
Epoch 145:  85%|████████▌ | 40/47 [00:01<00:00, 36.13it/s, loss=0.366, v_num=]
Epoch 145: 100%|██████████| 47/47 [00:01<00:00, 35.09it/s, loss=0.359, v_num=]Evaluating...
NMI : 0.27184965050457155, ARI: 0.08060580473284554, ACC: 0.099, current K: 2

Epoch 145:   0%|          | 0/47 [00:00<?, ?it/s, loss=0.359, v_num=]         
Epoch 146:   0%|          | 0/47 [00:00<?, ?it/s, loss=0.359, v_num=]/usr/local/lib/python3.13/dist-packages/torch/utils/data/dataloader.py:432: UserWarning: This DataLoader will create 6 worker processes in total. Our suggested max number of worker in current system is 2, which is smaller than what this DataLoader is going to create. Please be aware that excessive worker creation might get DataLoader running slow or even freeze, lower the worker number to avoid potential slowness/freeze if necessary.
  self.check_worker_number_rationality()

Epoch 146:  43%|████▎     | 20/47 [00:00<00:00, 33.01it/s, loss=0.359, v_num=]
Epoch 146:  43%|████▎     | 20/47 [00:00<00:00, 32.97it/s, loss=0.364, v_num=]
Epoch 146:  85%|████████▌ | 40/47 [00:00<00:00, 41.98it/s, loss=0.364, v_num=]
Epoch 146:  85%|████████▌ | 40/47 [00:00<00:00, 41.97it/s, loss=0.362, v_num=]
Epoch 146: 100%|██████████| 47/47 [00:01<00:00, 39.91it/s, loss=0.365, v_num=]
Epoch 146:   0%|          | 0/47 [00:00<?, ?it/s, loss=0.365, v_num=]         
Epoch 147:   0%|          | 0/47 [00:00<?, ?it/s, loss=0.365, v_num=]
Epoch 147:  43%|████▎     | 20/47 [00:00<00:00, 33.91it/s, loss=0.365, v_num=]
Epoch 147:  43%|████▎     | 20/47 [00:00<00:00, 33.87it/s, loss=0.364, v_num=]
Epoch 147:  85%|████████▌ | 40/47 [00:00<00:00, 43.09it/s, loss=0.364, v_num=]
Epoch 147:  85%|████████▌ | 40/47 [00:00<00:00, 43.07it/s, loss=0.361, v_num=]
Epoch 147: 100%|██████████| 47/47 [00:01<00:00, 39.59it/s, loss=0.364, v_num=]
Epoch 147:   0%|          | 0/47 [00:00<?, ?it/s, loss=0.364, v_num=]         
Epoch 148:   0%|          | 0/47 [00:00<?, ?it/s, loss=0.364, v_num=]
Epoch 148:  43%|████▎     | 20/47 [00:00<00:00, 32.91it/s, loss=0.364, v_num=]
Epoch 148:  43%|████▎     | 20/47 [00:00<00:00, 32.87it/s, loss=0.362, v_num=]
Epoch 148:  85%|████████▌ | 40/47 [00:00<00:00, 42.14it/s, loss=0.362, v_num=]
Epoch 148:  85%|████████▌ | 40/47 [00:00<00:00, 42.13it/s, loss=0.363, v_num=]
Epoch 148: 100%|██████████| 47/47 [00:01<00:00, 38.56it/s, loss=0.361, v_num=]
Epoch 148:   0%|          | 0/47 [00:00<?, ?it/s, loss=0.361, v_num=]         
Epoch 149:   0%|          | 0/47 [00:00<?, ?it/s, loss=0.361, v_num=]
Epoch 149:  43%|████▎     | 20/47 [00:00<00:00, 33.01it/s, loss=0.361, v_num=]
Epoch 149:  43%|████▎     | 20/47 [00:00<00:00, 32.97it/s, loss=0.356, v_num=]
Epoch 149:  85%|████████▌ | 40/47 [00:00<00:00, 41.13it/s, loss=0.356, v_num=]
Epoch 149:  85%|████████▌ | 40/47 [00:00<00:00, 41.12it/s, loss=0.362, v_num=]
Epoch 149: 100%|██████████| 47/47 [00:01<00:00, 38.84it/s, loss=0.361, v_num=]
Epoch 149:   0%|          | 0/47 [00:00<?, ?it/s, loss=0.361, v_num=]         
Epoch 150:   0%|          | 0/47 [00:00<?, ?it/s, loss=0.361, v_num=]
Epoch 150:  43%|████▎     | 20/47 [00:00<00:00, 34.57it/s, loss=0.361, v_num=]
Epoch 150:  43%|████▎     | 20/47 [00:00<00:00, 34.52it/s, loss=0.363, v_num=]
Epoch 150:  85%|████████▌ | 40/47 [00:00<00:00, 42.81it/s, loss=0.363, v_num=]
Epoch 150:  85%|████████▌ | 40/47 [00:00<00:00, 42.79it/s, loss=0.36, v_num=] 
Epoch 150: 100%|██████████| 47/47 [00:01<00:00, 40.21it/s, loss=0.366, v_num=]Evaluating...
NMI : 0.2719195255033769, ARI: 0.08061380663963483, ACC: 0.099, current K: 2
Epoch 150 | NMI: 0.2719, ARI: 0.0806, ACC: 0.0990, current K: 2
Confusion Matrix:
[[295   5   0   0   0   0   0   0   0   0   0   0   0   0   0   0   0   0
    0   0]
 [  3 297   0   0   0   0   0   0   0   0   0   0   0   0   0   0   0   0
    0   0]
 [293   7   0   0   0   0   0   0   0   0   0   0   0   0   0   0   0   0
    0   0]
 [  1 299   0   0   0   0   0   0   0   0   0   0   0   0   0   0   0   0
    0   0]
 [264  36   0   0   0   0   0   0   0   0   0   0   0   0   0   0   0   0
    0   0]
 [ 18 282   0   0   0   0   0   0   0   0   0   0   0   0   0   0   0   0
    0   0]
 [274  26   0   0   0   0   0   0   0   0   0   0   0   0   0   0   0   0
    0   0]
 [ 30 270   0   0   0   0   0   0   0   0   0   0   0   0   0   0   0   0
    0   0]
 [283  17   0   0   0   0   0   0   0   0   0   0   0   0   0   0   0   0
    0   0]
 [ 22 278   0   0   0   0   0   0   0   0   0   0   0   0   0   0   0   0
    0   0]
 [273  27   0   0   0   0   0   0   0   0   0   0   0   0   0   0   0   0
    0   0]
 [ 24 276   0   0   0   0   0   0   0   0   0   0   0   0   0   0   0   0
    0   0]
 [292   8   0   0   0   0   0   0   0   0   0   0   0   0   0   0   0   0
    0   0]
 [ 10 290   0   0   0   0   0   0   0   0   0   0   0   0   0   0   0   0
    0   0]
 [292   8   0   0   0   0   0   0   0   0   0   0   0   0   0   0   0   0
    0   0]
 [  7 293   0   0   0   0   0   0   0   0   0   0   0   0   0   0   0   0
    0   0]
 [282  18   0   0   0   0   0   0   0   0   0   0   0   0   0   0   0   0
    0   0]
 [ 10 290   0   0   0   0   0   0   0   0   0   0   0   0   0   0   0   0
    0   0]
 [284  16   0   0   0   0   0   0   0   0   0   0   0   0   0   0   0   0
    0   0]
 [ 15 285   0   0   0   0   0   0   0   0   0   0   0   0   0   0   0   0
    0   0]]

Epoch 150:   0%|          | 0/47 [00:00<?, ?it/s, loss=0.366, v_num=]         
Epoch 151:   0%|          | 0/47 [00:00<?, ?it/s, loss=0.366, v_num=]/usr/local/lib/python3.13/dist-packages/torch/utils/data/dataloader.py:432: UserWarning: This DataLoader will create 6 worker processes in total. Our suggested max number of worker in current system is 2, which is smaller than what this DataLoader is going to create. Please be aware that excessive worker creation might get DataLoader running slow or even freeze, lower the worker number to avoid potential slowness/freeze if necessary.
  self.check_worker_number_rationality()

Epoch 151:  43%|████▎     | 20/47 [00:00<00:00, 30.37it/s, loss=0.366, v_num=]
Epoch 151:  43%|████▎     | 20/47 [00:00<00:00, 30.34it/s, loss=0.359, v_num=]
Epoch 151:  85%|████████▌ | 40/47 [00:00<00:00, 40.44it/s, loss=0.359, v_num=]
Epoch 151:  85%|████████▌ | 40/47 [00:00<00:00, 40.43it/s, loss=0.364, v_num=]
Epoch 151: 100%|██████████| 47/47 [00:01<00:00, 38.42it/s, loss=0.361, v_num=]
Epoch 151:   0%|          | 0/47 [00:00<?, ?it/s, loss=0.361, v_num=]         
Epoch 152:   0%|          | 0/47 [00:00<?, ?it/s, loss=0.361, v_num=]
Epoch 152:  43%|████▎     | 20/47 [00:00<00:00, 33.24it/s, loss=0.361, v_num=]
Epoch 152:  43%|████▎     | 20/47 [00:00<00:00, 33.20it/s, loss=0.363, v_num=]
Epoch 152:  85%|████████▌ | 40/47 [00:00<00:00, 42.41it/s, loss=0.363, v_num=]
Epoch 152:  85%|████████▌ | 40/47 [00:00<00:00, 42.40it/s, loss=0.366, v_num=]
Epoch 152: 100%|██████████| 47/47 [00:01<00:00, 39.67it/s, loss=0.364, v_num=]
Epoch 152:   0%|          | 0/47 [00:00<?, ?it/s, loss=0.364, v_num=]         
Epoch 153:   0%|          | 0/47 [00:00<?, ?it/s, loss=0.364, v_num=]
Epoch 153:  43%|████▎     | 20/47 [00:00<00:00, 32.55it/s, loss=0.364, v_num=]
Epoch 153:  43%|████▎     | 20/47 [00:00<00:00, 32.51it/s, loss=0.358, v_num=]
Epoch 153:  85%|████████▌ | 40/47 [00:01<00:00, 37.89it/s, loss=0.358, v_num=]
Epoch 153:  85%|████████▌ | 40/47 [00:01<00:00, 37.87it/s, loss=0.366, v_num=]
Epoch 153: 100%|██████████| 47/47 [00:01<00:00, 33.36it/s, loss=0.362, v_num=]
Epoch 153:   0%|          | 0/47 [00:00<?, ?it/s, loss=0.362, v_num=]         
Epoch 154:   0%|          | 0/47 [00:00<?, ?it/s, loss=0.362, v_num=]
Epoch 154:  43%|████▎     | 20/47 [00:00<00:01, 24.15it/s, loss=0.362, v_num=]
Epoch 154:  43%|████▎     | 20/47 [00:00<00:01, 24.12it/s, loss=0.366, v_num=]
Epoch 154:  85%|████████▌ | 40/47 [00:01<00:00, 30.63it/s, loss=0.366, v_num=]
Epoch 154:  85%|████████▌ | 40/47 [00:01<00:00, 30.62it/s, loss=0.36, v_num=] 
Epoch 154: 100%|██████████| 47/47 [00:01<00:00, 28.24it/s, loss=0.364, v_num=]
Epoch 154:   0%|          | 0/47 [00:00<?, ?it/s, loss=0.364, v_num=]         
Epoch 155:   0%|          | 0/47 [00:00<?, ?it/s, loss=0.364, v_num=]
Epoch 155:  43%|████▎     | 20/47 [00:00<00:00, 28.43it/s, loss=0.364, v_num=]
Epoch 155:  43%|████▎     | 20/47 [00:00<00:00, 28.40it/s, loss=0.365, v_num=]
Epoch 155:  85%|████████▌ | 40/47 [00:01<00:00, 38.63it/s, loss=0.365, v_num=]
Epoch 155:  85%|████████▌ | 40/47 [00:01<00:00, 38.62it/s, loss=0.357, v_num=]
Epoch 155: 100%|██████████| 47/47 [00:01<00:00, 36.80it/s, loss=0.362, v_num=]/content/DeepDPM-New/src/clustering_models/clusternet_modules/clusternetasmodel.py:682: UserWarning: To copy construct from a tensor, it is recommended to use sourceTensor.detach().clone() or sourceTensor.detach().clone().requires_grad_(True), rather than torch.tensor(sourceTensor).
  mus_ind_to_split = torch.nonzero(torch.tensor(split_decisions), as_tuple=False)
Splitting clusters [0 1]
Evaluating...
NMI : 0.2716720307520651, ARI: 0.08055425735678744, ACC: 0.099, current K: 2
[Split] K updated → 4 clusters
  [Epoch 155] losses at split → cluster_loss=0.0053, subcluster_loss=0.7205

Epoch 155:   0%|          | 0/47 [00:00<?, ?it/s, loss=0.362, v_num=]         
Epoch 156:   0%|          | 0/47 [00:00<?, ?it/s, loss=0.362, v_num=]/usr/local/lib/python3.13/dist-packages/torch/utils/data/dataloader.py:432: UserWarning: This DataLoader will create 6 worker processes in total. Our suggested max number of worker in current system is 2, which is smaller than what this DataLoader is going to create. Please be aware that excessive worker creation might get DataLoader running slow or even freeze, lower the worker number to avoid potential slowness/freeze if necessary.
  self.check_worker_number_rationality()

Epoch 156:  43%|████▎     | 20/47 [00:00<00:00, 27.68it/s, loss=0.362, v_num=]
Epoch 156:  43%|████▎     | 20/47 [00:00<00:00, 27.66it/s, loss=0.791, v_num=]
Epoch 156:  85%|████████▌ | 40/47 [00:01<00:00, 32.78it/s, loss=0.791, v_num=]
Epoch 156:  85%|████████▌ | 40/47 [00:01<00:00, 32.77it/s, loss=0.75, v_num=] 
Epoch 156: 100%|██████████| 47/47 [00:01<00:00, 31.08it/s, loss=0.741, v_num=]
Epoch 156:   0%|          | 0/47 [00:00<?, ?it/s, loss=0.741, v_num=]         
Epoch 157:   0%|          | 0/47 [00:00<?, ?it/s, loss=0.741, v_num=]
Epoch 157:  43%|████▎     | 20/47 [00:00<00:00, 27.68it/s, loss=0.741, v_num=]
Epoch 157:  43%|████▎     | 20/47 [00:00<00:00, 27.64it/s, loss=0.709, v_num=]
Epoch 157:  85%|████████▌ | 40/47 [00:01<00:00, 34.31it/s, loss=0.709, v_num=]
Epoch 157:  85%|████████▌ | 40/47 [00:01<00:00, 34.30it/s, loss=0.667, v_num=]
Epoch 157: 100%|██████████| 47/47 [00:01<00:00, 32.61it/s, loss=0.675, v_num=]
Epoch 157:   0%|          | 0/47 [00:00<?, ?it/s, loss=0.675, v_num=]         
Epoch 158:   0%|          | 0/47 [00:00<?, ?it/s, loss=0.675, v_num=]
Epoch 158:  43%|████▎     | 20/47 [00:00<00:00, 27.71it/s, loss=0.675, v_num=]
Epoch 158:  43%|████▎     | 20/47 [00:00<00:00, 27.68it/s, loss=0.628, v_num=]
Epoch 158:  85%|████████▌ | 40/47 [00:01<00:00, 33.73it/s, loss=0.628, v_num=]
Epoch 158:  85%|████████▌ | 40/47 [00:01<00:00, 33.72it/s, loss=0.598, v_num=]
Epoch 158: 100%|██████████| 47/47 [00:01<00:00, 32.00it/s, loss=0.586, v_num=]
Epoch 158:   0%|          | 0/47 [00:00<?, ?it/s, loss=0.586, v_num=]         
Epoch 159:   0%|          | 0/47 [00:00<?, ?it/s, loss=0.586, v_num=]
Epoch 159:  43%|████▎     | 20/47 [00:00<00:00, 28.26it/s, loss=0.586, v_num=]
Epoch 159:  43%|████▎     | 20/47 [00:00<00:00, 28.23it/s, loss=0.541, v_num=]
Epoch 159:  85%|████████▌ | 40/47 [00:01<00:00, 34.83it/s, loss=0.541, v_num=]
Epoch 159:  85%|████████▌ | 40/47 [00:01<00:00, 34.82it/s, loss=0.51, v_num=] 
Epoch 159: 100%|██████████| 47/47 [00:01<00:00, 32.95it/s, loss=0.511, v_num=]
Epoch 159:   0%|          | 0/47 [00:00<?, ?it/s, loss=0.511, v_num=]         
Epoch 160:   0%|          | 0/47 [00:00<?, ?it/s, loss=0.511, v_num=]
Epoch 160:  43%|████▎     | 20/47 [00:00<00:00, 28.35it/s, loss=0.511, v_num=]
Epoch 160:  43%|████▎     | 20/47 [00:00<00:00, 28.32it/s, loss=0.482, v_num=]
Epoch 160:  85%|████████▌ | 40/47 [00:01<00:00, 35.06it/s, loss=0.482, v_num=]
Epoch 160:  85%|████████▌ | 40/47 [00:01<00:00, 35.05it/s, loss=0.461, v_num=]
Epoch 160: 100%|██████████| 47/47 [00:01<00:00, 32.73it/s, loss=0.459, v_num=]Evaluating...
NMI : 0.45359507595156534, ARI: 0.1881754407731555, ACC: 0.19317, current K: 4
Epoch 160 | NMI: 0.4536, ARI: 0.1882, ACC: 0.1932, current K: 4
Confusion Matrix:
[[  0 295   3   2   0   0   0   0   0   0   0   0   0   0   0   0   0   0
    0   0]
 [  0   2  46 252   0   0   0   0   0   0   0   0   0   0   0   0   0   0
    0   0]
 [  4 288   5   3   0   0   0   0   0   0   0   0   0   0   0   0   0   0
    0   0]
 [  0   1   1 298   0   0   0   0   0   0   0   0   0   0   0   0   0   0
    0   0]
 [225  36   0  39   0   0   0   0   0   0   0   0   0   0   0   0   0   0
    0   0]
 [  0  21 255  24   0   0   0   0   0   0   0   0   0   0   0   0   0   0
    0   0]
 [269   8   2  21   0   0   0   0   0   0   0   0   0   0   0   0   0   0
    0   0]
 [  2  25 202  71   0   0   0   0   0   0   0   0   0   0   0   0   0   0
    0   0]
 [  1 277  20   2   0   0   0   0   0   0   0   0   0   0   0   0   0   0
    0   0]
 [ 25   2  10 263   0   0   0   0   0   0   0   0   0   0   0   0   0   0
    0   0]
 [  1 275   3  21   0   0   0   0   0   0   0   0   0   0   0   0   0   0
    0   0]
 [ 15   5   3 277   0   0   0   0   0   0   0   0   0   0   0   0   0   0
    0   0]
 [212  81   1   6   0   0   0   0   0   0   0   0   0   0   0   0   0   0
    0   0]
 [  0  11   0 289   0   0   0   0   0   0   0   0   0   0   0   0   0   0
    0   0]
 [  8 280   0  12   0   0   0   0   0   0   0   0   0   0   0   0   0   0
    0   0]
 [  0   8 283   9   0   0   0   0   0   0   0   0   0   0   0   0   0   0
    0   0]
 [  4 277   3  16   0   0   0   0   0   0   0   0   0   0   0   0   0   0
    0   0]
 [  2   6 292   0   0   0   0   0   0   0   0   0   0   0   0   0   0   0
    0   0]
 [274  12   6   8   0   0   0   0   0   0   0   0   0   0   0   0   0   0
    0   0]
 [  1  14   0 285   0   0   0   0   0   0   0   0   0   0   0   0   0   0
    0   0]]

Epoch 160:   0%|          | 0/47 [00:00<?, ?it/s, loss=0.459, v_num=]         
Epoch 161:   0%|          | 0/47 [00:00<?, ?it/s, loss=0.459, v_num=]/usr/local/lib/python3.13/dist-packages/torch/utils/data/dataloader.py:432: UserWarning: This DataLoader will create 6 worker processes in total. Our suggested max number of worker in current system is 2, which is smaller than what this DataLoader is going to create. Please be aware that excessive worker creation might get DataLoader running slow or even freeze, lower the worker number to avoid potential slowness/freeze if necessary.
  self.check_worker_number_rationality()

Epoch 161:  43%|████▎     | 20/47 [00:00<00:00, 28.32it/s, loss=0.459, v_num=]
Epoch 161:  43%|████▎     | 20/47 [00:00<00:00, 28.30it/s, loss=0.435, v_num=]
Epoch 161:  85%|████████▌ | 40/47 [00:01<00:00, 34.46it/s, loss=0.435, v_num=]
Epoch 161:  85%|████████▌ | 40/47 [00:01<00:00, 34.45it/s, loss=0.419, v_num=]
Epoch 161: 100%|██████████| 47/47 [00:01<00:00, 32.53it/s, loss=0.411, v_num=]
Epoch 161:   0%|          | 0/47 [00:00<?, ?it/s, loss=0.411, v_num=]         
Epoch 162:   0%|          | 0/47 [00:00<?, ?it/s, loss=0.411, v_num=]
Epoch 162:  43%|████▎     | 20/47 [00:01<00:01, 19.96it/s, loss=0.411, v_num=]
Epoch 162:  43%|████▎     | 20/47 [00:01<00:01, 19.95it/s, loss=0.321, v_num=]
Epoch 162:  85%|████████▌ | 40/47 [00:01<00:00, 25.63it/s, loss=0.321, v_num=]
Epoch 162:  85%|████████▌ | 40/47 [00:01<00:00, 25.62it/s, loss=0.32, v_num=] 
Epoch 162: 100%|██████████| 47/47 [00:01<00:00, 24.21it/s, loss=0.315, v_num=]
Epoch 162:   0%|          | 0/47 [00:00<?, ?it/s, loss=0.315, v_num=]         
Epoch 163:   0%|          | 0/47 [00:00<?, ?it/s, loss=0.315, v_num=]
Epoch 163:  43%|████▎     | 20/47 [00:01<00:01, 19.52it/s, loss=0.315, v_num=]
Epoch 163:  43%|████▎     | 20/47 [00:01<00:01, 19.51it/s, loss=0.324, v_num=]
Epoch 163:  85%|████████▌ | 40/47 [00:01<00:00, 27.22it/s, loss=0.324, v_num=]
Epoch 163:  85%|████████▌ | 40/47 [00:01<00:00, 27.21it/s, loss=0.317, v_num=]
Epoch 163: 100%|██████████| 47/47 [00:01<00:00, 26.68it/s, loss=0.323, v_num=]
Epoch 163:   0%|          | 0/47 [00:00<?, ?it/s, loss=0.323, v_num=]         
Epoch 164:   0%|          | 0/47 [00:00<?, ?it/s, loss=0.323, v_num=]
Epoch 164:  43%|████▎     | 20/47 [00:00<00:00, 28.32it/s, loss=0.323, v_num=]
Epoch 164:  43%|████▎     | 20/47 [00:00<00:00, 28.29it/s, loss=0.326, v_num=]
Epoch 164:  85%|████████▌ | 40/47 [00:01<00:00, 34.08it/s, loss=0.326, v_num=]
Epoch 164:  85%|████████▌ | 40/47 [00:01<00:00, 34.07it/s, loss=0.322, v_num=]
Epoch 164: 100%|██████████| 47/47 [00:01<00:00, 32.28it/s, loss=0.325, v_num=]
Epoch 164:   0%|          | 0/47 [00:00<?, ?it/s, loss=0.325, v_num=]         
Epoch 165:   0%|          | 0/47 [00:00<?, ?it/s, loss=0.325, v_num=]
Epoch 165:  43%|████▎     | 20/47 [00:00<00:00, 27.90it/s, loss=0.325, v_num=]
Epoch 165:  43%|████▎     | 20/47 [00:00<00:00, 27.87it/s, loss=0.327, v_num=]
Epoch 165:  85%|████████▌ | 40/47 [00:01<00:00, 34.38it/s, loss=0.327, v_num=]
Epoch 165:  85%|████████▌ | 40/47 [00:01<00:00, 34.37it/s, loss=0.319, v_num=]
Epoch 165: 100%|██████████| 47/47 [00:01<00:00, 32.72it/s, loss=0.325, v_num=]Evaluating...
NMI : 0.4832592476729508, ARI: 0.21037398959864706, ACC: 0.19583, current K: 4

Epoch 165:   0%|          | 0/47 [00:00<?, ?it/s, loss=0.325, v_num=]         
Epoch 166:   0%|          | 0/47 [00:00<?, ?it/s, loss=0.325, v_num=]/usr/local/lib/python3.13/dist-packages/torch/utils/data/dataloader.py:432: UserWarning: This DataLoader will create 6 worker processes in total. Our suggested max number of worker in current system is 2, which is smaller than what this DataLoader is going to create. Please be aware that excessive worker creation might get DataLoader running slow or even freeze, lower the worker number to avoid potential slowness/freeze if necessary.
  self.check_worker_number_rationality()

Epoch 166:  43%|████▎     | 20/47 [00:00<00:00, 28.19it/s, loss=0.325, v_num=]
Epoch 166:  43%|████▎     | 20/47 [00:00<00:00, 28.16it/s, loss=0.322, v_num=]
Epoch 166:  85%|████████▌ | 40/47 [00:01<00:00, 34.11it/s, loss=0.322, v_num=]
Epoch 166:  85%|████████▌ | 40/47 [00:01<00:00, 34.10it/s, loss=0.321, v_num=]
Epoch 166: 100%|██████████| 47/47 [00:01<00:00, 32.56it/s, loss=0.325, v_num=]
Epoch 166:   0%|          | 0/47 [00:00<?, ?it/s, loss=0.325, v_num=]         
Epoch 167:   0%|          | 0/47 [00:00<?, ?it/s, loss=0.325, v_num=]
Epoch 167:  43%|████▎     | 20/47 [00:00<00:00, 29.12it/s, loss=0.325, v_num=]
Epoch 167:  43%|████▎     | 20/47 [00:00<00:00, 29.10it/s, loss=0.323, v_num=]
Epoch 167:  85%|████████▌ | 40/47 [00:01<00:00, 35.05it/s, loss=0.323, v_num=]
Epoch 167:  85%|████████▌ | 40/47 [00:01<00:00, 35.04it/s, loss=0.326, v_num=]
Epoch 167: 100%|██████████| 47/47 [00:01<00:00, 33.30it/s, loss=0.324, v_num=]
Epoch 167:   0%|          | 0/47 [00:00<?, ?it/s, loss=0.324, v_num=]         
Epoch 168:   0%|          | 0/47 [00:00<?, ?it/s, loss=0.324, v_num=]
Epoch 168:  43%|████▎     | 20/47 [00:00<00:00, 27.06it/s, loss=0.324, v_num=]
Epoch 168:  43%|████▎     | 20/47 [00:00<00:00, 27.04it/s, loss=0.327, v_num=]
Epoch 168:  85%|████████▌ | 40/47 [00:01<00:00, 33.17it/s, loss=0.327, v_num=]
Epoch 168:  85%|████████▌ | 40/47 [00:01<00:00, 33.16it/s, loss=0.322, v_num=]
Epoch 168: 100%|██████████| 47/47 [00:01<00:00, 31.39it/s, loss=0.321, v_num=]
Epoch 168:   0%|          | 0/47 [00:00<?, ?it/s, loss=0.321, v_num=]         
Epoch 169:   0%|          | 0/47 [00:00<?, ?it/s, loss=0.321, v_num=]
Epoch 169:  43%|████▎     | 20/47 [00:00<00:00, 27.71it/s, loss=0.321, v_num=]
Epoch 169:  43%|████▎     | 20/47 [00:00<00:00, 27.68it/s, loss=0.326, v_num=]
Epoch 169:  85%|████████▌ | 40/47 [00:05<00:00,  7.67it/s, loss=0.326, v_num=]
Epoch 169:  85%|████████▌ | 40/47 [00:05<00:00,  7.67it/s, loss=0.325, v_num=]
Epoch 169: 100%|██████████| 47/47 [00:05<00:00,  8.33it/s, loss=0.318, v_num=]
Epoch 169:   0%|          | 0/47 [00:00<?, ?it/s, loss=0.318, v_num=]         
Epoch 170:   0%|          | 0/47 [00:00<?, ?it/s, loss=0.318, v_num=]
Epoch 170:  43%|████▎     | 20/47 [00:00<00:01, 26.89it/s, loss=0.318, v_num=]
Epoch 170:  43%|████▎     | 20/47 [00:00<00:01, 26.86it/s, loss=0.327, v_num=]
Epoch 170:  85%|████████▌ | 40/47 [00:01<00:00, 33.71it/s, loss=0.327, v_num=]
Epoch 170:  85%|████████▌ | 40/47 [00:01<00:00, 33.70it/s, loss=0.318, v_num=]
Epoch 170: 100%|██████████| 47/47 [00:01<00:00, 32.09it/s, loss=0.324, v_num=]Evaluating...
NMI : 0.4870010445042602, ARI: 0.21193281547979684, ACC: 0.196, current K: 4
Epoch 170 | NMI: 0.4870, ARI: 0.2119, ACC: 0.1960, current K: 4
Confusion Matrix:
[[  0 295   5   0   0   0   0   0   0   0   0   0   0   0   0   0   0   0
    0   0]
 [  0   2  37 261   0   0   0   0   0   0   0   0   0   0   0   0   0   0
    0   0]
 [ 16 276   5   3   0   0   0   0   0   0   0   0   0   0   0   0   0   0
    0   0]
 [  1   1   1 297   0   0   0   0   0   0   0   0   0   0   0   0   0   0
    0   0]
 [256   7   0  37   0   0   0   0   0   0   0   0   0   0   0   0   0   0
    0   0]
 [  0  23 273   4   0   0   0   0   0   0   0   0   0   0   0   0   0   0
    0   0]
 [281   1   2  16   0   0   0   0   0   0   0   0   0   0   0   0   0   0
    0   0]
 [  3  20 265  12   0   0   0   0   0   0   0   0   0   0   0   0   0   0
    0   0]
 [  2 274  23   1   0   0   0   0   0   0   0   0   0   0   0   0   0   0
    0   0]
 [ 34   2   8 256   0   0   0   0   0   0   0   0   0   0   0   0   0   0
    0   0]
 [  3 275   8  14   0   0   0   0   0   0   0   0   0   0   0   0   0   0
    0   0]
 [ 21   4   6 269   0   0   0   0   0   0   0   0   0   0   0   0   0   0
    0   0]
 [285  10   0   5   0   0   0   0   0   0   0   0   0   0   0   0   0   0
    0   0]
 [  0  11   5 284   0   0   0   0   0   0   0   0   0   0   0   0   0   0
    0   0]
 [ 18 269   0  13   0   0   0   0   0   0   0   0   0   0   0   0   0   0
    0   0]
 [  0  10 287   3   0   0   0   0   0   0   0   0   0   0   0   0   0   0
    0   0]
 [  8 273   7  12   0   0   0   0   0   0   0   0   0   0   0   0   0   0
    0   0]
 [  0   5 295   0   0   0   0   0   0   0   0   0   0   0   0   0   0   0
    0   0]
 [289   0   4   7   0   0   0   0   0   0   0   0   0   0   0   0   0   0
    0   0]
 [  2  15   3 280   0   0   0   0   0   0   0   0   0   0   0   0   0   0
    0   0]]

Epoch 170:   0%|          | 0/47 [00:00<?, ?it/s, loss=0.324, v_num=]         
Epoch 171:   0%|          | 0/47 [00:00<?, ?it/s, loss=0.324, v_num=]/usr/local/lib/python3.13/dist-packages/torch/utils/data/dataloader.py:432: UserWarning: This DataLoader will create 6 worker processes in total. Our suggested max number of worker in current system is 2, which is smaller than what this DataLoader is going to create. Please be aware that excessive worker creation might get DataLoader running slow or even freeze, lower the worker number to avoid potential slowness/freeze if necessary.
  self.check_worker_number_rationality()

Epoch 171:  43%|████▎     | 20/47 [00:00<00:01, 26.66it/s, loss=0.324, v_num=]
Epoch 171:  43%|████▎     | 20/47 [00:00<00:01, 26.63it/s, loss=0.323, v_num=]
Epoch 171:  85%|████████▌ | 40/47 [00:01<00:00, 33.31it/s, loss=0.323, v_num=]
Epoch 171:  85%|████████▌ | 40/47 [00:01<00:00, 33.30it/s, loss=0.319, v_num=]
Epoch 171: 100%|██████████| 47/47 [00:01<00:00, 31.99it/s, loss=0.321, v_num=]
Epoch 171:   0%|          | 0/47 [00:00<?, ?it/s, loss=0.321, v_num=]         
Epoch 172:   0%|          | 0/47 [00:00<?, ?it/s, loss=0.321, v_num=]
Epoch 172:  43%|████▎     | 20/47 [00:00<00:00, 27.07it/s, loss=0.321, v_num=]
Epoch 172:  43%|████▎     | 20/47 [00:00<00:00, 27.04it/s, loss=0.321, v_num=]
Epoch 172:  85%|████████▌ | 40/47 [00:01<00:00, 33.72it/s, loss=0.321, v_num=]
Epoch 172:  85%|████████▌ | 40/47 [00:01<00:00, 33.71it/s, loss=0.321, v_num=]
Epoch 172: 100%|██████████| 47/47 [00:01<00:00, 32.32it/s, loss=0.32, v_num=] 
Epoch 172:   0%|          | 0/47 [00:00<?, ?it/s, loss=0.32, v_num=]         
Epoch 173:   0%|          | 0/47 [00:00<?, ?it/s, loss=0.32, v_num=]
Epoch 173:  43%|████▎     | 20/47 [00:00<00:01, 26.88it/s, loss=0.32, v_num=]
Epoch 173:  43%|████▎     | 20/47 [00:00<00:01, 26.86it/s, loss=0.323, v_num=]
Epoch 173:  85%|████████▌ | 40/47 [00:01<00:00, 33.21it/s, loss=0.323, v_num=]
Epoch 173:  85%|████████▌ | 40/47 [00:01<00:00, 33.20it/s, loss=0.321, v_num=]
Epoch 173: 100%|██████████| 47/47 [00:01<00:00, 31.47it/s, loss=0.316, v_num=]
Epoch 173:   0%|          | 0/47 [00:00<?, ?it/s, loss=0.316, v_num=]         
Epoch 174:   0%|          | 0/47 [00:00<?, ?it/s, loss=0.316, v_num=]
Epoch 174:  43%|████▎     | 20/47 [00:00<00:00, 27.19it/s, loss=0.316, v_num=]
Epoch 174:  43%|████▎     | 20/47 [00:00<00:00, 27.17it/s, loss=0.318, v_num=]
Epoch 174:  85%|████████▌ | 40/47 [00:01<00:00, 33.20it/s, loss=0.318, v_num=]
Epoch 174:  85%|████████▌ | 40/47 [00:01<00:00, 33.19it/s, loss=0.316, v_num=]
Epoch 174: 100%|██████████| 47/47 [00:01<00:00, 31.53it/s, loss=0.314, v_num=]
Epoch 174:   0%|          | 0/47 [00:00<?, ?it/s, loss=0.314, v_num=]         
Epoch 175:   0%|          | 0/47 [00:00<?, ?it/s, loss=0.314, v_num=]
Epoch 175:  43%|████▎     | 20/47 [00:00<00:00, 27.59it/s, loss=0.314, v_num=]
Epoch 175:  43%|████▎     | 20/47 [00:00<00:00, 27.57it/s, loss=0.325, v_num=]
Epoch 175:  85%|████████▌ | 40/47 [00:01<00:00, 34.06it/s, loss=0.325, v_num=]
Epoch 175:  85%|████████▌ | 40/47 [00:01<00:00, 34.05it/s, loss=0.31, v_num=] 
Epoch 175: 100%|██████████| 47/47 [00:01<00:00, 31.90it/s, loss=0.317, v_num=]Evaluating...
NMI : 0.49094768981952963, ARI: 0.21328171836840545, ACC: 0.19617, current K: 4

Epoch 175:   0%|          | 0/47 [00:00<?, ?it/s, loss=0.317, v_num=]         
Epoch 176:   0%|          | 0/47 [00:00<?, ?it/s, loss=0.317, v_num=]/usr/local/lib/python3.13/dist-packages/torch/utils/data/dataloader.py:432: UserWarning: This DataLoader will create 6 worker processes in total. Our suggested max number of worker in current system is 2, which is smaller than what this DataLoader is going to create. Please be aware that excessive worker creation might get DataLoader running slow or even freeze, lower the worker number to avoid potential slowness/freeze if necessary.
  self.check_worker_number_rationality()

Epoch 176:  43%|████▎     | 20/47 [00:00<00:00, 27.26it/s, loss=0.317, v_num=]
Epoch 176:  43%|████▎     | 20/47 [00:00<00:00, 27.24it/s, loss=0.317, v_num=]
Epoch 176:  85%|████████▌ | 40/47 [00:01<00:00, 29.81it/s, loss=0.317, v_num=]
Epoch 176:  85%|████████▌ | 40/47 [00:01<00:00, 29.80it/s, loss=0.318, v_num=]
Epoch 176: 100%|██████████| 47/47 [00:01<00:00, 27.25it/s, loss=0.318, v_num=]
Epoch 176:   0%|          | 0/47 [00:00<?, ?it/s, loss=0.318, v_num=]         
Epoch 177:   0%|          | 0/47 [00:00<?, ?it/s, loss=0.318, v_num=]
Epoch 177:  43%|████▎     | 20/47 [00:01<00:01, 19.76it/s, loss=0.318, v_num=]
Epoch 177:  43%|████▎     | 20/47 [00:01<00:01, 19.75it/s, loss=0.317, v_num=]
Epoch 177:  85%|████████▌ | 40/47 [00:01<00:00, 24.13it/s, loss=0.317, v_num=]
Epoch 177:  85%|████████▌ | 40/47 [00:01<00:00, 24.12it/s, loss=0.315, v_num=]
Epoch 177: 100%|██████████| 47/47 [00:01<00:00, 24.03it/s, loss=0.315, v_num=]
Epoch 177:   0%|          | 0/47 [00:00<?, ?it/s, loss=0.315, v_num=]         
Epoch 178:   0%|          | 0/47 [00:00<?, ?it/s, loss=0.315, v_num=]
Epoch 178:  43%|████▎     | 20/47 [00:00<00:00, 27.22it/s, loss=0.315, v_num=]
Epoch 178:  43%|████▎     | 20/47 [00:00<00:00, 27.20it/s, loss=0.315, v_num=]
Epoch 178:  85%|████████▌ | 40/47 [00:01<00:00, 34.04it/s, loss=0.315, v_num=]
Epoch 178:  85%|████████▌ | 40/47 [00:01<00:00, 34.03it/s, loss=0.31, v_num=] 
Epoch 178: 100%|██████████| 47/47 [00:01<00:00, 32.08it/s, loss=0.317, v_num=]
Epoch 178:   0%|          | 0/47 [00:00<?, ?it/s, loss=0.317, v_num=]         
Epoch 179:   0%|          | 0/47 [00:00<?, ?it/s, loss=0.317, v_num=]
Epoch 179:  43%|████▎     | 20/47 [00:00<00:00, 27.53it/s, loss=0.317, v_num=]
Epoch 179:  43%|████▎     | 20/47 [00:00<00:00, 27.51it/s, loss=0.318, v_num=]
Epoch 179:  85%|████████▌ | 40/47 [00:01<00:00, 33.60it/s, loss=0.318, v_num=]
Epoch 179:  85%|████████▌ | 40/47 [00:01<00:00, 33.59it/s, loss=0.317, v_num=]
Epoch 179: 100%|██████████| 47/47 [00:01<00:00, 32.07it/s, loss=0.312, v_num=]
Epoch 179:   0%|          | 0/47 [00:00<?, ?it/s, loss=0.312, v_num=]         
Epoch 180:   0%|          | 0/47 [00:00<?, ?it/s, loss=0.312, v_num=]
Epoch 180:  43%|████▎     | 20/47 [00:00<00:00, 27.08it/s, loss=0.312, v_num=]
Epoch 180:  43%|████▎     | 20/47 [00:00<00:00, 27.05it/s, loss=0.316, v_num=]
Epoch 180:  85%|████████▌ | 40/47 [00:01<00:00, 32.76it/s, loss=0.316, v_num=]
Epoch 180:  85%|████████▌ | 40/47 [00:01<00:00, 32.75it/s, loss=0.318, v_num=]
Epoch 180: 100%|██████████| 47/47 [00:01<00:00, 30.49it/s, loss=0.309, v_num=]Evaluating...
NMI : 0.49331737206796095, ARI: 0.21402381191767214, ACC: 0.19583, current K: 4
Epoch 180 | NMI: 0.4933, ARI: 0.2140, ACC: 0.1958, current K: 4
Confusion Matrix:
[[  0 295   5   0   0   0   0   0   0   0   0   0   0   0   0   0   0   0
    0   0]
 [  0   2   7 291   0   0   0   0   0   0   0   0   0   0   0   0   0   0
    0   0]
 [  6 286   5   3   0   0   0   0   0   0   0   0   0   0   0   0   0   0
    0   0]
 [  1   2   1 296   0   0   0   0   0   0   0   0   0   0   0   0   0   0
    0   0]
 [256  10   0  34   0   0   0   0   0   0   0   0   0   0   0   0   0   0
    0   0]
 [  0  23 273   4   0   0   0   0   0   0   0   0   0   0   0   0   0   0
    0   0]
 [286   1   0  13   0   0   0   0   0   0   0   0   0   0   0   0   0   0
    0   0]
 [  5  17 268  10   0   0   0   0   0   0   0   0   0   0   0   0   0   0
    0   0]
 [  1 274  24   1   0   0   0   0   0   0   0   0   0   0   0   0   0   0
    0   0]
 [ 39   2   4 255   0   0   0   0   0   0   0   0   0   0   0   0   0   0
    0   0]
 [  2 275  13  10   0   0   0   0   0   0   0   0   0   0   0   0   0   0
    0   0]
 [ 21   5   3 271   0   0   0   0   0   0   0   0   0   0   0   0   0   0
    0   0]
 [283  11   0   6   0   0   0   0   0   0   0   0   0   0   0   0   0   0
    0   0]
 [  0  11   9 280   0   0   0   0   0   0   0   0   0   0   0   0   0   0
    0   0]
 [ 17 270   0  13   0   0   0   0   0   0   0   0   0   0   0   0   0   0
    0   0]
 [  0  11 277  12   0   0   0   0   0   0   0   0   0   0   0   0   0   0
    0   0]
 [  5 275   6  14   0   0   0   0   0   0   0   0   0   0   0   0   0   0
    0   0]
 [  0   6 294   0   0   0   0   0   0   0   0   0   0   0   0   0   0   0
    0   0]
 [290   0   6   4   0   0   0   0   0   0   0   0   0   0   0   0   0   0
    0   0]
 [  2  15   4 279   0   0   0   0   0   0   0   0   0   0   0   0   0   0
    0   0]]

Epoch 180:   0%|          | 0/47 [00:00<?, ?it/s, loss=0.309, v_num=]         
Epoch 181:   0%|          | 0/47 [00:00<?, ?it/s, loss=0.309, v_num=]/usr/local/lib/python3.13/dist-packages/torch/utils/data/dataloader.py:432: UserWarning: This DataLoader will create 6 worker processes in total. Our suggested max number of worker in current system is 2, which is smaller than what this DataLoader is going to create. Please be aware that excessive worker creation might get DataLoader running slow or even freeze, lower the worker number to avoid potential slowness/freeze if necessary.
  self.check_worker_number_rationality()

Epoch 181:  43%|████▎     | 20/47 [00:00<00:01, 26.98it/s, loss=0.309, v_num=]
Epoch 181:  43%|████▎     | 20/47 [00:00<00:01, 26.95it/s, loss=0.317, v_num=]
Epoch 181:  85%|████████▌ | 40/47 [00:01<00:00, 32.92it/s, loss=0.317, v_num=]
Epoch 181:  85%|████████▌ | 40/47 [00:01<00:00, 32.91it/s, loss=0.319, v_num=]
Epoch 181: 100%|██████████| 47/47 [00:01<00:00, 31.65it/s, loss=0.311, v_num=]
Epoch 181:   0%|          | 0/47 [00:00<?, ?it/s, loss=0.311, v_num=]         
Epoch 182:   0%|          | 0/47 [00:00<?, ?it/s, loss=0.311, v_num=]
Epoch 182:  43%|████▎     | 20/47 [00:00<00:01, 26.91it/s, loss=0.311, v_num=]
Epoch 182:  43%|████▎     | 20/47 [00:00<00:01, 26.88it/s, loss=0.319, v_num=]
Epoch 182:  85%|████████▌ | 40/47 [00:01<00:00, 33.57it/s, loss=0.319, v_num=]
Epoch 182:  85%|████████▌ | 40/47 [00:01<00:00, 33.56it/s, loss=0.312, v_num=]
Epoch 182: 100%|██████████| 47/47 [00:01<00:00, 31.90it/s, loss=0.309, v_num=]
Epoch 182:   0%|          | 0/47 [00:00<?, ?it/s, loss=0.309, v_num=]         
Epoch 183:   0%|          | 0/47 [00:00<?, ?it/s, loss=0.309, v_num=]
Epoch 183:  43%|████▎     | 20/47 [00:00<00:01, 26.76it/s, loss=0.309, v_num=]
Epoch 183:  43%|████▎     | 20/47 [00:00<00:01, 26.73it/s, loss=0.318, v_num=]
Epoch 183:  85%|████████▌ | 40/47 [00:01<00:00, 32.62it/s, loss=0.318, v_num=]
Epoch 183:  85%|████████▌ | 40/47 [00:01<00:00, 32.61it/s, loss=0.308, v_num=]
Epoch 183: 100%|██████████| 47/47 [00:01<00:00, 31.13it/s, loss=0.314, v_num=]
Epoch 183:   0%|          | 0/47 [00:00<?, ?it/s, loss=0.314, v_num=]         
Epoch 184:   0%|          | 0/47 [00:00<?, ?it/s, loss=0.314, v_num=]
Epoch 184:  43%|████▎     | 20/47 [00:00<00:01, 24.98it/s, loss=0.314, v_num=]
Epoch 184:  43%|████▎     | 20/47 [00:00<00:01, 24.96it/s, loss=0.315, v_num=]
Epoch 184:  85%|████████▌ | 40/47 [00:01<00:00, 29.76it/s, loss=0.315, v_num=]
Epoch 184:  85%|████████▌ | 40/47 [00:01<00:00, 29.75it/s, loss=0.31, v_num=] 
Epoch 184: 100%|██████████| 47/47 [00:01<00:00, 26.63it/s, loss=0.314, v_num=]
Epoch 184:   0%|          | 0/47 [00:00<?, ?it/s, loss=0.314, v_num=]         
Epoch 185:   0%|          | 0/47 [00:00<?, ?it/s, loss=0.314, v_num=]
Epoch 185:  43%|████▎     | 20/47 [00:01<00:01, 19.20it/s, loss=0.314, v_num=]
Epoch 185:  43%|████▎     | 20/47 [00:01<00:01, 19.19it/s, loss=0.312, v_num=]
Epoch 185:  85%|████████▌ | 40/47 [00:01<00:00, 24.73it/s, loss=0.312, v_num=]
Epoch 185:  85%|████████▌ | 40/47 [00:01<00:00, 24.72it/s, loss=0.313, v_num=]
Epoch 185: 100%|██████████| 47/47 [00:01<00:00, 24.45it/s, loss=0.314, v_num=]Evaluating...
NMI : 0.4954797060322547, ARI: 0.2150681166455184, ACC: 0.1965, current K: 4

Epoch 185:   0%|          | 0/47 [00:00<?, ?it/s, loss=0.314, v_num=]         
Epoch 186:   0%|          | 0/47 [00:00<?, ?it/s, loss=0.314, v_num=]/usr/local/lib/python3.13/dist-packages/torch/utils/data/dataloader.py:432: UserWarning: This DataLoader will create 6 worker processes in total. Our suggested max number of worker in current system is 2, which is smaller than what this DataLoader is going to create. Please be aware that excessive worker creation might get DataLoader running slow or even freeze, lower the worker number to avoid potential slowness/freeze if necessary.
  self.check_worker_number_rationality()

Epoch 186:  43%|████▎     | 20/47 [00:00<00:00, 28.21it/s, loss=0.314, v_num=]
Epoch 186:  43%|████▎     | 20/47 [00:00<00:00, 28.19it/s, loss=0.311, v_num=]
Epoch 186:  85%|████████▌ | 40/47 [00:01<00:00, 33.82it/s, loss=0.311, v_num=]
Epoch 186:  85%|████████▌ | 40/47 [00:01<00:00, 33.81it/s, loss=0.312, v_num=]
Epoch 186: 100%|██████████| 47/47 [00:01<00:00, 32.15it/s, loss=0.314, v_num=]
Epoch 186:   0%|          | 0/47 [00:00<?, ?it/s, loss=0.314, v_num=]         
Epoch 187:   0%|          | 0/47 [00:00<?, ?it/s, loss=0.314, v_num=]
Epoch 187:  43%|████▎     | 20/47 [00:00<00:00, 27.09it/s, loss=0.314, v_num=]
Epoch 187:  43%|████▎     | 20/47 [00:00<00:00, 27.06it/s, loss=0.31, v_num=] 
Epoch 187:  85%|████████▌ | 40/47 [00:01<00:00, 32.98it/s, loss=0.31, v_num=]
Epoch 187:  85%|████████▌ | 40/47 [00:01<00:00, 32.97it/s, loss=0.315, v_num=]
Epoch 187: 100%|██████████| 47/47 [00:01<00:00, 30.40it/s, loss=0.314, v_num=]
Epoch 187:   0%|          | 0/47 [00:00<?, ?it/s, loss=0.314, v_num=]         
Epoch 188:   0%|          | 0/47 [00:00<?, ?it/s, loss=0.314, v_num=]
Epoch 188:  43%|████▎     | 20/47 [00:00<00:00, 27.30it/s, loss=0.314, v_num=]
Epoch 188:  43%|████▎     | 20/47 [00:00<00:00, 27.27it/s, loss=0.315, v_num=]
Epoch 188:  85%|████████▌ | 40/47 [00:01<00:00, 33.79it/s, loss=0.315, v_num=]
Epoch 188:  85%|████████▌ | 40/47 [00:01<00:00, 33.78it/s, loss=0.312, v_num=]
Epoch 188: 100%|██████████| 47/47 [00:01<00:00, 32.43it/s, loss=0.311, v_num=]
Epoch 188:   0%|          | 0/47 [00:00<?, ?it/s, loss=0.311, v_num=]         
Epoch 189:   0%|          | 0/47 [00:00<?, ?it/s, loss=0.311, v_num=]
Epoch 189:  43%|████▎     | 20/47 [00:00<00:00, 27.56it/s, loss=0.311, v_num=]
Epoch 189:  43%|████▎     | 20/47 [00:00<00:00, 27.53it/s, loss=0.309, v_num=]
Epoch 189:  85%|████████▌ | 40/47 [00:01<00:00, 34.20it/s, loss=0.309, v_num=]
Epoch 189:  85%|████████▌ | 40/47 [00:01<00:00, 34.19it/s, loss=0.311, v_num=]
Epoch 189: 100%|██████████| 47/47 [00:01<00:00, 32.64it/s, loss=0.311, v_num=]
Epoch 189:   0%|          | 0/47 [00:00<?, ?it/s, loss=0.311, v_num=]         
Epoch 190:   0%|          | 0/47 [00:00<?, ?it/s, loss=0.311, v_num=]
Epoch 190:  43%|████▎     | 20/47 [00:00<00:01, 26.43it/s, loss=0.311, v_num=]
Epoch 190:  43%|████▎     | 20/47 [00:00<00:01, 26.41it/s, loss=0.308, v_num=]
Epoch 190:  85%|████████▌ | 40/47 [00:01<00:00, 32.87it/s, loss=0.308, v_num=]
Epoch 190:  85%|████████▌ | 40/47 [00:01<00:00, 32.86it/s, loss=0.312, v_num=]
Epoch 190: 100%|██████████| 47/47 [00:01<00:00, 31.50it/s, loss=0.311, v_num=]Evaluating...
NMI : 0.4943155320592913, ARI: 0.21446346926137994, ACC: 0.196, current K: 4
Epoch 190 | NMI: 0.4943, ARI: 0.2145, ACC: 0.1960, current K: 4
Confusion Matrix:
[[  0 295   5   0   0   0   0   0   0   0   0   0   0   0   0   0   0   0
    0   0]
 [  0   2   5 293   0   0   0   0   0   0   0   0   0   0   0   0   0   0
    0   0]
 [  6 286   5   3   0   0   0   0   0   0   0   0   0   0   0   0   0   0
    0   0]
 [  1   2   1 296   0   0   0   0   0   0   0   0   0   0   0   0   0   0
    0   0]
 [260   7   0  33   0   0   0   0   0   0   0   0   0   0   0   0   0   0
    0   0]
 [  0  21 275   4   0   0   0   0   0   0   0   0   0   0   0   0   0   0
    0   0]
 [289   1   0  10   0   0   0   0   0   0   0   0   0   0   0   0   0   0
    0   0]
 [  4  15 273   8   0   0   0   0   0   0   0   0   0   0   0   0   0   0
    0   0]
 [  1 271  27   1   0   0   0   0   0   0   0   0   0   0   0   0   0   0
    0   0]
 [ 43   2   3 252   0   0   0   0   0   0   0   0   0   0   0   0   0   0
    0   0]
 [  1 272  17  10   0   0   0   0   0   0   0   0   0   0   0   0   0   0
    0   0]
 [ 24   4   3 269   0   0   0   0   0   0   0   0   0   0   0   0   0   0
    0   0]
 [278  16   0   6   0   0   0   0   0   0   0   0   0   0   0   0   0   0
    0   0]
 [  0  14   7 279   0   0   0   0   0   0   0   0   0   0   0   0   0   0
    0   0]
 [ 16 271   0  13   0   0   0   0   0   0   0   0   0   0   0   0   0   0
    0   0]
 [  0  11 274  15   0   0   0   0   0   0   0   0   0   0   0   0   0   0
    0   0]
 [  4 276   6  14   0   0   0   0   0   0   0   0   0   0   0   0   0   0
    0   0]
 [  1   4 294   1   0   0   0   0   0   0   0   0   0   0   0   0   0   0
    0   0]
 [291   1   6   2   0   0   0   0   0   0   0   0   0   0   0   0   0   0
    0   0]
 [  2  15   4 279   0   0   0   0   0   0   0   0   0   0   0   0   0   0
    0   0]]

Epoch 190:   0%|          | 0/47 [00:00<?, ?it/s, loss=0.311, v_num=]         
Epoch 191:   0%|          | 0/47 [00:00<?, ?it/s, loss=0.311, v_num=]/usr/local/lib/python3.13/dist-packages/torch/utils/data/dataloader.py:432: UserWarning: This DataLoader will create 6 worker processes in total. Our suggested max number of worker in current system is 2, which is smaller than what this DataLoader is going to create. Please be aware that excessive worker creation might get DataLoader running slow or even freeze, lower the worker number to avoid potential slowness/freeze if necessary.
  self.check_worker_number_rationality()

Epoch 191:  43%|████▎     | 20/47 [00:00<00:01, 26.71it/s, loss=0.311, v_num=]
Epoch 191:  43%|████▎     | 20/47 [00:00<00:01, 26.68it/s, loss=0.309, v_num=]
Epoch 191:  85%|████████▌ | 40/47 [00:01<00:00, 33.35it/s, loss=0.309, v_num=]
Epoch 191:  85%|████████▌ | 40/47 [00:01<00:00, 33.35it/s, loss=0.312, v_num=]
Epoch 191: 100%|██████████| 47/47 [00:01<00:00, 31.74it/s, loss=0.311, v_num=]
Epoch 191:   0%|          | 0/47 [00:00<?, ?it/s, loss=0.311, v_num=]         
Epoch 192:   0%|          | 0/47 [00:00<?, ?it/s, loss=0.311, v_num=]
Epoch 192:  43%|████▎     | 20/47 [00:00<00:01, 23.33it/s, loss=0.311, v_num=]
Epoch 192:  43%|████▎     | 20/47 [00:00<00:01, 23.30it/s, loss=0.312, v_num=]
Epoch 192:  85%|████████▌ | 40/47 [00:01<00:00, 27.94it/s, loss=0.312, v_num=]
Epoch 192:  85%|████████▌ | 40/47 [00:01<00:00, 27.93it/s, loss=0.313, v_num=]
Epoch 192: 100%|██████████| 47/47 [00:01<00:00, 25.79it/s, loss=0.311, v_num=]
Epoch 192:   0%|          | 0/47 [00:00<?, ?it/s, loss=0.311, v_num=]         
Epoch 193:   0%|          | 0/47 [00:00<?, ?it/s, loss=0.311, v_num=]
Epoch 193:  43%|████▎     | 20/47 [00:01<00:01, 18.73it/s, loss=0.311, v_num=]
Epoch 193:  43%|████▎     | 20/47 [00:01<00:01, 18.72it/s, loss=0.309, v_num=]
Epoch 193:  85%|████████▌ | 40/47 [00:01<00:00, 24.86it/s, loss=0.309, v_num=]
Epoch 193:  85%|████████▌ | 40/47 [00:01<00:00, 24.85it/s, loss=0.311, v_num=]
Epoch 193: 100%|██████████| 47/47 [00:01<00:00, 25.06it/s, loss=0.311, v_num=]
Epoch 193:   0%|          | 0/47 [00:00<?, ?it/s, loss=0.311, v_num=]         
Epoch 194:   0%|          | 0/47 [00:00<?, ?it/s, loss=0.311, v_num=]
Epoch 194:  43%|████▎     | 20/47 [00:00<00:00, 27.10it/s, loss=0.311, v_num=]
Epoch 194:  43%|████▎     | 20/47 [00:00<00:00, 27.07it/s, loss=0.307, v_num=]
Epoch 194:  85%|████████▌ | 40/47 [00:01<00:00, 33.63it/s, loss=0.307, v_num=]
Epoch 194:  85%|████████▌ | 40/47 [00:01<00:00, 33.62it/s, loss=0.31, v_num=] 
Epoch 194: 100%|██████████| 47/47 [00:01<00:00, 32.30it/s, loss=0.311, v_num=]
Epoch 194:   0%|          | 0/47 [00:00<?, ?it/s, loss=0.311, v_num=]         
Epoch 195:   0%|          | 0/47 [00:00<?, ?it/s, loss=0.311, v_num=]
Epoch 195:  43%|████▎     | 20/47 [00:00<00:01, 26.26it/s, loss=0.311, v_num=]
Epoch 195:  43%|████▎     | 20/47 [00:00<00:01, 26.24it/s, loss=0.311, v_num=]
Epoch 195:  85%|████████▌ | 40/47 [00:01<00:00, 32.57it/s, loss=0.311, v_num=]
Epoch 195:  85%|████████▌ | 40/47 [00:01<00:00, 32.56it/s, loss=0.311, v_num=]
Epoch 195: 100%|██████████| 47/47 [00:01<00:00, 30.82it/s, loss=0.311, v_num=]Evaluating...
NMI : 0.4946980067573909, ARI: 0.21433293845482243, ACC: 0.19617, current K: 4

Epoch 195:   0%|          | 0/47 [00:00<?, ?it/s, loss=0.311, v_num=]         
Epoch 196:   0%|          | 0/47 [00:00<?, ?it/s, loss=0.311, v_num=]/usr/local/lib/python3.13/dist-packages/torch/utils/data/dataloader.py:432: UserWarning: This DataLoader will create 6 worker processes in total. Our suggested max number of worker in current system is 2, which is smaller than what this DataLoader is going to create. Please be aware that excessive worker creation might get DataLoader running slow or even freeze, lower the worker number to avoid potential slowness/freeze if necessary.
  self.check_worker_number_rationality()

Epoch 196:  43%|████▎     | 20/47 [00:00<00:00, 27.12it/s, loss=0.311, v_num=]
Epoch 196:  43%|████▎     | 20/47 [00:00<00:00, 27.09it/s, loss=0.307, v_num=]
Epoch 196:  85%|████████▌ | 40/47 [00:01<00:00, 33.58it/s, loss=0.307, v_num=]
Epoch 196:  85%|████████▌ | 40/47 [00:01<00:00, 33.57it/s, loss=0.313, v_num=]
Epoch 196: 100%|██████████| 47/47 [00:01<00:00, 32.06it/s, loss=0.312, v_num=]
Epoch 196:   0%|          | 0/47 [00:00<?, ?it/s, loss=0.312, v_num=]         
Epoch 197:   0%|          | 0/47 [00:00<?, ?it/s, loss=0.312, v_num=]
Epoch 197:  43%|████▎     | 20/47 [00:00<00:01, 26.11it/s, loss=0.312, v_num=]
Epoch 197:  43%|████▎     | 20/47 [00:00<00:01, 26.09it/s, loss=0.311, v_num=]
Epoch 197:  85%|████████▌ | 40/47 [00:01<00:00, 32.93it/s, loss=0.311, v_num=]
Epoch 197:  85%|████████▌ | 40/47 [00:01<00:00, 32.92it/s, loss=0.311, v_num=]
Epoch 197: 100%|██████████| 47/47 [00:01<00:00, 31.37it/s, loss=0.308, v_num=]
Epoch 197:   0%|          | 0/47 [00:00<?, ?it/s, loss=0.308, v_num=]         
Epoch 198:   0%|          | 0/47 [00:00<?, ?it/s, loss=0.308, v_num=]
Epoch 198:  43%|████▎     | 20/47 [00:00<00:00, 27.67it/s, loss=0.308, v_num=]
Epoch 198:  43%|████▎     | 20/47 [00:00<00:00, 27.64it/s, loss=0.317, v_num=]
Epoch 198:  85%|████████▌ | 40/47 [00:01<00:00, 33.51it/s, loss=0.317, v_num=]
Epoch 198:  85%|████████▌ | 40/47 [00:01<00:00, 33.50it/s, loss=0.307, v_num=]
Epoch 198: 100%|██████████| 47/47 [00:01<00:00, 32.11it/s, loss=0.309, v_num=]
Epoch 198:   0%|          | 0/47 [00:00<?, ?it/s, loss=0.309, v_num=]         
Epoch 199:   0%|          | 0/47 [00:00<?, ?it/s, loss=0.309, v_num=]
Epoch 199:  43%|████▎     | 20/47 [00:00<00:00, 27.17it/s, loss=0.309, v_num=]
Epoch 199:  43%|████▎     | 20/47 [00:00<00:00, 27.15it/s, loss=0.316, v_num=]
Epoch 199:  85%|████████▌ | 40/47 [00:01<00:00, 33.44it/s, loss=0.316, v_num=]
Epoch 199:  85%|████████▌ | 40/47 [00:01<00:00, 33.43it/s, loss=0.315, v_num=]
Epoch 199: 100%|██████████| 47/47 [00:01<00:00, 31.42it/s, loss=0.31, v_num=] 
Epoch 199:   0%|          | 0/47 [00:00<?, ?it/s, loss=0.31, v_num=]         
Epoch 200:   0%|          | 0/47 [00:00<?, ?it/s, loss=0.31, v_num=]
Epoch 200:  43%|████▎     | 20/47 [00:00<00:01, 22.91it/s, loss=0.31, v_num=]
Epoch 200:  43%|████▎     | 20/47 [00:00<00:01, 22.89it/s, loss=0.314, v_num=]
Epoch 200:  85%|████████▌ | 40/47 [00:01<00:00, 27.24it/s, loss=0.314, v_num=]
Epoch 200:  85%|████████▌ | 40/47 [00:01<00:00, 27.23it/s, loss=0.306, v_num=]
Epoch 200: 100%|██████████| 47/47 [00:01<00:00, 24.92it/s, loss=0.313, v_num=]Evaluating...
NMI : 0.4943186184991304, ARI: 0.21394093365755146, ACC: 0.19633, current K: 4
Epoch 200 | NMI: 0.4943, ARI: 0.2139, ACC: 0.1963, current K: 4
Confusion Matrix:
[[  0 295   5   0   0   0   0   0   0   0   0   0   0   0   0   0   0   0
    0   0]
 [  0   1   6 293   0   0   0   0   0   0   0   0   0   0   0   0   0   0
    0   0]
 [  6 286   5   3   0   0   0   0   0   0   0   0   0   0   0   0   0   0
    0   0]
 [  1   2   0 297   0   0   0   0   0   0   0   0   0   0   0   0   0   0
    0   0]
 [259   9   0  32   0   0   0   0   0   0   0   0   0   0   0   0   0   0
    0   0]
 [  0  22 275   3   0   0   0   0   0   0   0   0   0   0   0   0   0   0
    0   0]
 [287   1   0  12   0   0   0   0   0   0   0   0   0   0   0   0   0   0
    0   0]
 [  4  15 273   8   0   0   0   0   0   0   0   0   0   0   0   0   0   0
    0   0]
 [  1 271  28   0   0   0   0   0   0   0   0   0   0   0   0   0   0   0
    0   0]
 [ 44   2   2 252   0   0   0   0   0   0   0   0   0   0   0   0   0   0
    0   0]
 [  2 272  17   9   0   0   0   0   0   0   0   0   0   0   0   0   0   0
    0   0]
 [ 25   4   3 268   0   0   0   0   0   0   0   0   0   0   0   0   0   0
    0   0]
 [277  17   0   6   0   0   0   0   0   0   0   0   0   0   0   0   0   0
    0   0]
 [  0  14   6 280   0   0   0   0   0   0   0   0   0   0   0   0   0   0
    0   0]
 [ 16 271   0  13   0   0   0   0   0   0   0   0   0   0   0   0   0   0
    0   0]
 [  0  11 272  17   0   0   0   0   0   0   0   0   0   0   0   0   0   0
    0   0]
 [  4 276   5  15   0   0   0   0   0   0   0   0   0   0   0   0   0   0
    0   0]
 [  1   4 294   1   0   0   0   0   0   0   0   0   0   0   0   0   0   0
    0   0]
 [292   1   5   2   0   0   0   0   0   0   0   0   0   0   0   0   0   0
    0   0]
 [  2  15   4 279   0   0   0   0   0   0   0   0   0   0   0   0   0   0
    0   0]]

Epoch 200:   0%|          | 0/47 [00:00<?, ?it/s, loss=0.313, v_num=]         
Epoch 201:   0%|          | 0/47 [00:00<?, ?it/s, loss=0.313, v_num=]/usr/local/lib/python3.13/dist-packages/torch/utils/data/dataloader.py:432: UserWarning: This DataLoader will create 6 worker processes in total. Our suggested max number of worker in current system is 2, which is smaller than what this DataLoader is going to create. Please be aware that excessive worker creation might get DataLoader running slow or even freeze, lower the worker number to avoid potential slowness/freeze if necessary.
  self.check_worker_number_rationality()

Epoch 201:  43%|████▎     | 20/47 [00:01<00:01, 18.92it/s, loss=0.313, v_num=]
Epoch 201:  43%|████▎     | 20/47 [00:01<00:01, 18.91it/s, loss=0.316, v_num=]
Epoch 201:  85%|████████▌ | 40/47 [00:01<00:00, 26.44it/s, loss=0.316, v_num=]
Epoch 201:  85%|████████▌ | 40/47 [00:01<00:00, 26.43it/s, loss=0.302, v_num=]
Epoch 201: 100%|██████████| 47/47 [00:01<00:00, 26.08it/s, loss=0.307, v_num=]
Epoch 201:   0%|          | 0/47 [00:00<?, ?it/s, loss=0.307, v_num=]         
Epoch 202:   0%|          | 0/47 [00:00<?, ?it/s, loss=0.307, v_num=]
Epoch 202:  43%|████▎     | 20/47 [00:00<00:01, 25.89it/s, loss=0.307, v_num=]
Epoch 202:  43%|████▎     | 20/47 [00:00<00:01, 25.86it/s, loss=0.31, v_num=] 
Epoch 202:  85%|████████▌ | 40/47 [00:01<00:00, 32.21it/s, loss=0.31, v_num=]
Epoch 202:  85%|████████▌ | 40/47 [00:01<00:00, 32.20it/s, loss=0.307, v_num=]
Epoch 202: 100%|██████████| 47/47 [00:01<00:00, 30.74it/s, loss=0.308, v_num=]
Epoch 202:   0%|          | 0/47 [00:00<?, ?it/s, loss=0.308, v_num=]         
Epoch 203:   0%|          | 0/47 [00:00<?, ?it/s, loss=0.308, v_num=]
Epoch 203:  43%|████▎     | 20/47 [00:00<00:00, 27.34it/s, loss=0.308, v_num=]
Epoch 203:  43%|████▎     | 20/47 [00:00<00:00, 27.31it/s, loss=0.309, v_num=]
Epoch 203:  85%|████████▌ | 40/47 [00:01<00:00, 33.53it/s, loss=0.309, v_num=]
Epoch 203:  85%|████████▌ | 40/47 [00:01<00:00, 33.52it/s, loss=0.312, v_num=]
Epoch 203: 100%|██████████| 47/47 [00:01<00:00, 32.06it/s, loss=0.312, v_num=]
Epoch 203:   0%|          | 0/47 [00:00<?, ?it/s, loss=0.312, v_num=]         
Epoch 204:   0%|          | 0/47 [00:00<?, ?it/s, loss=0.312, v_num=]
Epoch 204:  43%|████▎     | 20/47 [00:00<00:01, 26.33it/s, loss=0.312, v_num=]
Epoch 204:  43%|████▎     | 20/47 [00:00<00:01, 26.31it/s, loss=0.309, v_num=]
Epoch 204:  85%|████████▌ | 40/47 [00:01<00:00, 32.59it/s, loss=0.309, v_num=]
Epoch 204:  85%|████████▌ | 40/47 [00:01<00:00, 32.58it/s, loss=0.312, v_num=]
Epoch 204: 100%|██████████| 47/47 [00:01<00:00, 31.01it/s, loss=0.311, v_num=]
Epoch 204:   0%|          | 0/47 [00:00<?, ?it/s, loss=0.311, v_num=]         
Epoch 205:   0%|          | 0/47 [00:00<?, ?it/s, loss=0.311, v_num=]
Epoch 205:  43%|████▎     | 20/47 [00:00<00:00, 27.77it/s, loss=0.311, v_num=]
Epoch 205:  43%|████▎     | 20/47 [00:00<00:00, 27.74it/s, loss=0.307, v_num=]
Epoch 205:  85%|████████▌ | 40/47 [00:01<00:00, 33.49it/s, loss=0.307, v_num=]
Epoch 205:  85%|████████▌ | 40/47 [00:01<00:00, 33.48it/s, loss=0.311, v_num=]
Epoch 205: 100%|██████████| 47/47 [00:01<00:00, 31.97it/s, loss=0.308, v_num=]Evaluating...
NMI : 0.4957760031608945, ARI: 0.21442347881220494, ACC: 0.19683, current K: 4

Epoch 205:   0%|          | 0/47 [00:00<?, ?it/s, loss=0.308, v_num=]         
Epoch 206:   0%|          | 0/47 [00:00<?, ?it/s, loss=0.308, v_num=]/usr/local/lib/python3.13/dist-packages/torch/utils/data/dataloader.py:432: UserWarning: This DataLoader will create 6 worker processes in total. Our suggested max number of worker in current system is 2, which is smaller than what this DataLoader is going to create. Please be aware that excessive worker creation might get DataLoader running slow or even freeze, lower the worker number to avoid potential slowness/freeze if necessary.
  self.check_worker_number_rationality()

Epoch 206:  43%|████▎     | 20/47 [00:00<00:00, 27.48it/s, loss=0.308, v_num=]
Epoch 206:  43%|████▎     | 20/47 [00:00<00:00, 27.45it/s, loss=0.316, v_num=]
Epoch 206:  85%|████████▌ | 40/47 [00:01<00:00, 32.78it/s, loss=0.316, v_num=]
Epoch 206:  85%|████████▌ | 40/47 [00:01<00:00, 32.77it/s, loss=0.312, v_num=]
Epoch 206: 100%|██████████| 47/47 [00:01<00:00, 30.03it/s, loss=0.307, v_num=]
Epoch 206:   0%|          | 0/47 [00:00<?, ?it/s, loss=0.307, v_num=]         
Epoch 207:   0%|          | 0/47 [00:00<?, ?it/s, loss=0.307, v_num=]
Epoch 207:  43%|████▎     | 20/47 [00:00<00:01, 26.69it/s, loss=0.307, v_num=]
Epoch 207:  43%|████▎     | 20/47 [00:00<00:01, 26.67it/s, loss=0.31, v_num=] 
Epoch 207:  85%|████████▌ | 40/47 [00:01<00:00, 33.11it/s, loss=0.31, v_num=]
Epoch 207:  85%|████████▌ | 40/47 [00:01<00:00, 33.10it/s, loss=0.311, v_num=]
Epoch 207: 100%|██████████| 47/47 [00:01<00:00, 30.81it/s, loss=0.314, v_num=]
Epoch 207:   0%|          | 0/47 [00:00<?, ?it/s, loss=0.314, v_num=]         
Epoch 208:   0%|          | 0/47 [00:00<?, ?it/s, loss=0.314, v_num=]
Epoch 208:  43%|████▎     | 20/47 [00:01<00:01, 19.30it/s, loss=0.314, v_num=]
Epoch 208:  43%|████▎     | 20/47 [00:01<00:01, 19.28it/s, loss=0.309, v_num=]
Epoch 208:  85%|████████▌ | 40/47 [00:01<00:00, 24.43it/s, loss=0.309, v_num=]
Epoch 208:  85%|████████▌ | 40/47 [00:01<00:00, 24.42it/s, loss=0.306, v_num=]
Epoch 208: 100%|██████████| 47/47 [00:02<00:00, 23.21it/s, loss=0.311, v_num=]
Epoch 208:   0%|          | 0/47 [00:00<?, ?it/s, loss=0.311, v_num=]         
Epoch 209:   0%|          | 0/47 [00:00<?, ?it/s, loss=0.311, v_num=]
Epoch 209:  43%|████▎     | 20/47 [00:00<00:01, 20.47it/s, loss=0.311, v_num=]
Epoch 209:  43%|████▎     | 20/47 [00:00<00:01, 20.45it/s, loss=0.313, v_num=]
Epoch 209:  85%|████████▌ | 40/47 [00:01<00:00, 27.96it/s, loss=0.313, v_num=]
Epoch 209:  85%|████████▌ | 40/47 [00:01<00:00, 27.95it/s, loss=0.308, v_num=]
Epoch 209: 100%|██████████| 47/47 [00:01<00:00, 27.23it/s, loss=0.308, v_num=]
Epoch 209:   0%|          | 0/47 [00:00<?, ?it/s, loss=0.308, v_num=]         
Epoch 210:   0%|          | 0/47 [00:00<?, ?it/s, loss=0.308, v_num=]
Epoch 210:  43%|████▎     | 20/47 [00:00<00:00, 27.20it/s, loss=0.308, v_num=]
Epoch 210:  43%|████▎     | 20/47 [00:00<00:00, 27.17it/s, loss=0.311, v_num=]
Epoch 210:  85%|████████▌ | 40/47 [00:01<00:00, 33.54it/s, loss=0.311, v_num=]
Epoch 210:  85%|████████▌ | 40/47 [00:01<00:00, 33.53it/s, loss=0.311, v_num=]
Epoch 210: 100%|██████████| 47/47 [00:01<00:00, 32.07it/s, loss=0.308, v_num=]Evaluating...
NMI : 0.4962767508307222, ARI: 0.2147196025430091, ACC: 0.19683, current K: 4
Epoch 210 | NMI: 0.4963, ARI: 0.2147, ACC: 0.1968, current K: 4
Confusion Matrix:
[[  0 296   4   0   0   0   0   0   0   0   0   0   0   0   0   0   0   0
    0   0]
 [  0   1   6 293   0   0   0   0   0   0   0   0   0   0   0   0   0   0
    0   0]
 [  5 287   5   3   0   0   0   0   0   0   0   0   0   0   0   0   0   0
    0   0]
 [  1   2   0 297   0   0   0   0   0   0   0   0   0   0   0   0   0   0
    0   0]
 [259   9   0  32   0   0   0   0   0   0   0   0   0   0   0   0   0   0
    0   0]
 [  0  20 276   4   0   0   0   0   0   0   0   0   0   0   0   0   0   0
    0   0]
 [287   1   0  12   0   0   0   0   0   0   0   0   0   0   0   0   0   0
    0   0]
 [  4  15 273   8   0   0   0   0   0   0   0   0   0   0   0   0   0   0
    0   0]
 [  1 271  28   0   0   0   0   0   0   0   0   0   0   0   0   0   0   0
    0   0]
 [ 44   2   2 252   0   0   0   0   0   0   0   0   0   0   0   0   0   0
    0   0]
 [  2 273  16   9   0   0   0   0   0   0   0   0   0   0   0   0   0   0
    0   0]
 [ 24   4   3 269   0   0   0   0   0   0   0   0   0   0   0   0   0   0
    0   0]
 [277  17   0   6   0   0   0   0   0   0   0   0   0   0   0   0   0   0
    0   0]
 [  0  14   6 280   0   0   0   0   0   0   0   0   0   0   0   0   0   0
    0   0]
 [ 15 272   0  13   0   0   0   0   0   0   0   0   0   0   0   0   0   0
    0   0]
 [  0  11 272  17   0   0   0   0   0   0   0   0   0   0   0   0   0   0
    0   0]
 [  4 276   5  15   0   0   0   0   0   0   0   0   0   0   0   0   0   0
    0   0]
 [  1   2 296   1   0   0   0   0   0   0   0   0   0   0   0   0   0   0
    0   0]
 [292   1   5   2   0   0   0   0   0   0   0   0   0   0   0   0   0   0
    0   0]
 [  2  15   4 279   0   0   0   0   0   0   0   0   0   0   0   0   0   0
    0   0]]

Epoch 210:   0%|          | 0/47 [00:00<?, ?it/s, loss=0.308, v_num=]         
Epoch 211:   0%|          | 0/47 [00:00<?, ?it/s, loss=0.308, v_num=]/usr/local/lib/python3.13/dist-packages/torch/utils/data/dataloader.py:432: UserWarning: This DataLoader will create 6 worker processes in total. Our suggested max number of worker in current system is 2, which is smaller than what this DataLoader is going to create. Please be aware that excessive worker creation might get DataLoader running slow or even freeze, lower the worker number to avoid potential slowness/freeze if necessary.
  self.check_worker_number_rationality()

Epoch 211:  43%|████▎     | 20/47 [00:00<00:01, 26.55it/s, loss=0.308, v_num=]
Epoch 211:  43%|████▎     | 20/47 [00:00<00:01, 26.52it/s, loss=0.311, v_num=]
Epoch 211:  85%|████████▌ | 40/47 [00:01<00:00, 33.20it/s, loss=0.311, v_num=]
Epoch 211:  85%|████████▌ | 40/47 [00:01<00:00, 33.19it/s, loss=0.307, v_num=]
Epoch 211: 100%|██████████| 47/47 [00:01<00:00, 31.22it/s, loss=0.308, v_num=]
Epoch 211:   0%|          | 0/47 [00:00<?, ?it/s, loss=0.308, v_num=]         
Epoch 212:   0%|          | 0/47 [00:00<?, ?it/s, loss=0.308, v_num=]
Epoch 212:  43%|████▎     | 20/47 [00:00<00:00, 27.75it/s, loss=0.308, v_num=]
Epoch 212:  43%|████▎     | 20/47 [00:00<00:00, 27.72it/s, loss=0.311, v_num=]
Epoch 212:  85%|████████▌ | 40/47 [00:01<00:00, 33.98it/s, loss=0.311, v_num=]
Epoch 212:  85%|████████▌ | 40/47 [00:01<00:00, 33.97it/s, loss=0.307, v_num=]
Epoch 212: 100%|██████████| 47/47 [00:01<00:00, 32.00it/s, loss=0.304, v_num=]
Epoch 212:   0%|          | 0/47 [00:00<?, ?it/s, loss=0.304, v_num=]         
Epoch 213:   0%|          | 0/47 [00:00<?, ?it/s, loss=0.304, v_num=]
Epoch 213:  43%|████▎     | 20/47 [00:00<00:01, 26.95it/s, loss=0.304, v_num=]
Epoch 213:  43%|████▎     | 20/47 [00:00<00:01, 26.93it/s, loss=0.31, v_num=] 
Epoch 213:  85%|████████▌ | 40/47 [00:01<00:00, 33.61it/s, loss=0.31, v_num=]
Epoch 213:  85%|████████▌ | 40/47 [00:01<00:00, 33.59it/s, loss=0.307, v_num=]
Epoch 213: 100%|██████████| 47/47 [00:01<00:00, 31.62it/s, loss=0.31, v_num=] 
Epoch 213:   0%|          | 0/47 [00:00<?, ?it/s, loss=0.31, v_num=]         
Epoch 214:   0%|          | 0/47 [00:00<?, ?it/s, loss=0.31, v_num=]
Epoch 214:  43%|████▎     | 20/47 [00:00<00:00, 27.69it/s, loss=0.31, v_num=]
Epoch 214:  43%|████▎     | 20/47 [00:00<00:00, 27.66it/s, loss=0.313, v_num=]
Epoch 214:  85%|████████▌ | 40/47 [00:01<00:00, 33.85it/s, loss=0.313, v_num=]
Epoch 214:  85%|████████▌ | 40/47 [00:01<00:00, 33.84it/s, loss=0.307, v_num=]
Epoch 214: 100%|██████████| 47/47 [00:01<00:00, 32.28it/s, loss=0.304, v_num=]
Epoch 214:   0%|          | 0/47 [00:00<?, ?it/s, loss=0.304, v_num=]         
Epoch 215:   0%|          | 0/47 [00:00<?, ?it/s, loss=0.304, v_num=]
Epoch 215:  43%|████▎     | 20/47 [00:00<00:00, 27.32it/s, loss=0.304, v_num=]
Epoch 215:  43%|████▎     | 20/47 [00:00<00:00, 27.30it/s, loss=0.309, v_num=]
Epoch 215:  85%|████████▌ | 40/47 [00:01<00:00, 33.99it/s, loss=0.309, v_num=]
Epoch 215:  85%|████████▌ | 40/47 [00:01<00:00, 33.98it/s, loss=0.311, v_num=]
Epoch 215: 100%|██████████| 47/47 [00:01<00:00, 30.44it/s, loss=0.314, v_num=]Evaluating...
NMI : 0.4961331477978774, ARI: 0.21448380818409335, ACC: 0.197, current K: 4

Epoch 215:   0%|          | 0/47 [00:00<?, ?it/s, loss=0.314, v_num=]         
Epoch 216:   0%|          | 0/47 [00:00<?, ?it/s, loss=0.314, v_num=]/usr/local/lib/python3.13/dist-packages/torch/utils/data/dataloader.py:432: UserWarning: This DataLoader will create 6 worker processes in total. Our suggested max number of worker in current system is 2, which is smaller than what this DataLoader is going to create. Please be aware that excessive worker creation might get DataLoader running slow or even freeze, lower the worker number to avoid potential slowness/freeze if necessary.
  self.check_worker_number_rationality()

Epoch 216:  43%|████▎     | 20/47 [00:01<00:01, 19.62it/s, loss=0.314, v_num=]
Epoch 216:  43%|████▎     | 20/47 [00:01<00:01, 19.60it/s, loss=0.309, v_num=]
Epoch 216:  85%|████████▌ | 40/47 [00:01<00:00, 24.43it/s, loss=0.309, v_num=]
Epoch 216:  85%|████████▌ | 40/47 [00:01<00:00, 24.42it/s, loss=0.313, v_num=]
Epoch 216: 100%|██████████| 47/47 [00:02<00:00, 23.21it/s, loss=0.307, v_num=]
Epoch 216:   0%|          | 0/47 [00:00<?, ?it/s, loss=0.307, v_num=]         
Epoch 217:   0%|          | 0/47 [00:00<?, ?it/s, loss=0.307, v_num=]
Epoch 217:  43%|████▎     | 20/47 [00:00<00:01, 22.83it/s, loss=0.307, v_num=]
Epoch 217:  43%|████▎     | 20/47 [00:00<00:01, 22.81it/s, loss=0.309, v_num=]
Epoch 217:  85%|████████▌ | 40/47 [00:01<00:00, 30.37it/s, loss=0.309, v_num=]
Epoch 217:  85%|████████▌ | 40/47 [00:01<00:00, 30.36it/s, loss=0.31, v_num=] 
Epoch 217: 100%|██████████| 47/47 [00:01<00:00, 29.32it/s, loss=0.31, v_num=]
Epoch 217:   0%|          | 0/47 [00:00<?, ?it/s, loss=0.31, v_num=]         
Epoch 218:   0%|          | 0/47 [00:00<?, ?it/s, loss=0.31, v_num=]
Epoch 218:  43%|████▎     | 20/47 [00:00<00:00, 27.09it/s, loss=0.31, v_num=]
Epoch 218:  43%|████▎     | 20/47 [00:00<00:00, 27.07it/s, loss=0.31, v_num=]
Epoch 218:  85%|████████▌ | 40/47 [00:01<00:00, 33.75it/s, loss=0.31, v_num=]
Epoch 218:  85%|████████▌ | 40/47 [00:01<00:00, 33.74it/s, loss=0.307, v_num=]
Epoch 218: 100%|██████████| 47/47 [00:01<00:00, 32.06it/s, loss=0.308, v_num=]
Epoch 218:   0%|          | 0/47 [00:00<?, ?it/s, loss=0.308, v_num=]         
Epoch 219:   0%|          | 0/47 [00:00<?, ?it/s, loss=0.308, v_num=]
Epoch 219:  43%|████▎     | 20/47 [00:00<00:00, 28.00it/s, loss=0.308, v_num=]
Epoch 219:  43%|████▎     | 20/47 [00:00<00:00, 27.97it/s, loss=0.313, v_num=]
Epoch 219:  85%|████████▌ | 40/47 [00:01<00:00, 34.64it/s, loss=0.313, v_num=]
Epoch 219:  85%|████████▌ | 40/47 [00:01<00:00, 34.63it/s, loss=0.309, v_num=]
Epoch 219: 100%|██████████| 47/47 [00:01<00:00, 33.05it/s, loss=0.307, v_num=]
Epoch 219:   0%|          | 0/47 [00:00<?, ?it/s, loss=0.307, v_num=]         
Epoch 220:   0%|          | 0/47 [00:00<?, ?it/s, loss=0.307, v_num=]
Epoch 220:  43%|████▎     | 20/47 [00:00<00:00, 27.75it/s, loss=0.307, v_num=]
Epoch 220:  43%|████▎     | 20/47 [00:00<00:00, 27.73it/s, loss=0.313, v_num=]
Epoch 220:  85%|████████▌ | 40/47 [00:01<00:00, 34.39it/s, loss=0.313, v_num=]
Epoch 220:  85%|████████▌ | 40/47 [00:01<00:00, 34.37it/s, loss=0.311, v_num=]
Epoch 220: 100%|██████████| 47/47 [00:01<00:00, 32.89it/s, loss=0.308, v_num=]Evaluating...
NMI : 0.49680674751990306, ARI: 0.214856275054945, ACC: 0.197, current K: 4
Epoch 220 | NMI: 0.4968, ARI: 0.2149, ACC: 0.1970, current K: 4
Confusion Matrix:
[[  0 296   4   0   0   0   0   0   0   0   0   0   0   0   0   0   0   0
    0   0]
 [  0   1   6 293   0   0   0   0   0   0   0   0   0   0   0   0   0   0
    0   0]
 [  5 287   5   3   0   0   0   0   0   0   0   0   0   0   0   0   0   0
    0   0]
 [  1   2   0 297   0   0   0   0   0   0   0   0   0   0   0   0   0   0
    0   0]
 [259  10   0  31   0   0   0   0   0   0   0   0   0   0   0   0   0   0
    0   0]
 [  0  19 277   4   0   0   0   0   0   0   0   0   0   0   0   0   0   0
    0   0]
 [286   2   0  12   0   0   0   0   0   0   0   0   0   0   0   0   0   0
    0   0]
 [  4  15 273   8   0   0   0   0   0   0   0   0   0   0   0   0   0   0
    0   0]
 [  1 271  28   0   0   0   0   0   0   0   0   0   0   0   0   0   0   0
    0   0]
 [ 44   2   2 252   0   0   0   0   0   0   0   0   0   0   0   0   0   0
    0   0]
 [  2 273  16   9   0   0   0   0   0   0   0   0   0   0   0   0   0   0
    0   0]
 [ 23   4   3 270   0   0   0   0   0   0   0   0   0   0   0   0   0   0
    0   0]
 [277  17   0   6   0   0   0   0   0   0   0   0   0   0   0   0   0   0
    0   0]
 [  0  14   5 281   0   0   0   0   0   0   0   0   0   0   0   0   0   0
    0   0]
 [ 14 273   0  13   0   0   0   0   0   0   0   0   0   0   0   0   0   0
    0   0]
 [  0  11 271  18   0   0   0   0   0   0   0   0   0   0   0   0   0   0
    0   0]
 [  3 276   5  16   0   0   0   0   0   0   0   0   0   0   0   0   0   0
    0   0]
 [  1   2 296   1   0   0   0   0   0   0   0   0   0   0   0   0   0   0
    0   0]
 [293   1   4   2   0   0   0   0   0   0   0   0   0   0   0   0   0   0
    0   0]
 [  2  15   4 279   0   0   0   0   0   0   0   0   0   0   0   0   0   0
    0   0]]

Epoch 220:   0%|          | 0/47 [00:00<?, ?it/s, loss=0.308, v_num=]         
Epoch 221:   0%|          | 0/47 [00:00<?, ?it/s, loss=0.308, v_num=]/usr/local/lib/python3.13/dist-packages/torch/utils/data/dataloader.py:432: UserWarning: This DataLoader will create 6 worker processes in total. Our suggested max number of worker in current system is 2, which is smaller than what this DataLoader is going to create. Please be aware that excessive worker creation might get DataLoader running slow or even freeze, lower the worker number to avoid potential slowness/freeze if necessary.
  self.check_worker_number_rationality()

Epoch 221:  43%|████▎     | 20/47 [00:00<00:00, 27.95it/s, loss=0.308, v_num=]
Epoch 221:  43%|████▎     | 20/47 [00:00<00:00, 27.92it/s, loss=0.309, v_num=]
Epoch 221:  85%|████████▌ | 40/47 [00:01<00:00, 34.77it/s, loss=0.309, v_num=]
Epoch 221:  85%|████████▌ | 40/47 [00:01<00:00, 34.76it/s, loss=0.306, v_num=]
Epoch 221: 100%|██████████| 47/47 [00:01<00:00, 33.04it/s, loss=0.312, v_num=]
Epoch 221:   0%|          | 0/47 [00:00<?, ?it/s, loss=0.312, v_num=]         
Epoch 222:   0%|          | 0/47 [00:00<?, ?it/s, loss=0.312, v_num=]
Epoch 222:  43%|████▎     | 20/47 [00:00<00:00, 28.72it/s, loss=0.312, v_num=]
Epoch 222:  43%|████▎     | 20/47 [00:00<00:00, 28.70it/s, loss=0.309, v_num=]
Epoch 222:  85%|████████▌ | 40/47 [00:01<00:00, 34.98it/s, loss=0.309, v_num=]
Epoch 222:  85%|████████▌ | 40/47 [00:01<00:00, 34.97it/s, loss=0.309, v_num=]
Epoch 222: 100%|██████████| 47/47 [00:01<00:00, 32.90it/s, loss=0.308, v_num=]
Epoch 222:   0%|          | 0/47 [00:00<?, ?it/s, loss=0.308, v_num=]         
Epoch 223:   0%|          | 0/47 [00:00<?, ?it/s, loss=0.308, v_num=]
Epoch 223:  43%|████▎     | 20/47 [00:00<00:00, 27.64it/s, loss=0.308, v_num=]
Epoch 223:  43%|████▎     | 20/47 [00:00<00:00, 27.61it/s, loss=0.307, v_num=]
Epoch 223:  85%|████████▌ | 40/47 [00:01<00:00, 33.82it/s, loss=0.307, v_num=]
Epoch 223:  85%|████████▌ | 40/47 [00:01<00:00, 33.81it/s, loss=0.305, v_num=]
Epoch 223: 100%|██████████| 47/47 [00:01<00:00, 31.80it/s, loss=0.308, v_num=]
Epoch 223:   0%|          | 0/47 [00:00<?, ?it/s, loss=0.308, v_num=]         
Epoch 224:   0%|          | 0/47 [00:00<?, ?it/s, loss=0.308, v_num=]
Epoch 224:  43%|████▎     | 20/47 [00:00<00:01, 20.12it/s, loss=0.308, v_num=]
Epoch 224:  43%|████▎     | 20/47 [00:00<00:01, 20.10it/s, loss=0.31, v_num=] 
Epoch 224:  85%|████████▌ | 40/47 [00:01<00:00, 25.71it/s, loss=0.31, v_num=]
Epoch 224:  85%|████████▌ | 40/47 [00:01<00:00, 25.70it/s, loss=0.313, v_num=]
Epoch 224: 100%|██████████| 47/47 [00:01<00:00, 24.41it/s, loss=0.308, v_num=]
Epoch 224:   0%|          | 0/47 [00:00<?, ?it/s, loss=0.308, v_num=]         
Epoch 225:   0%|          | 0/47 [00:00<?, ?it/s, loss=0.308, v_num=]
Epoch 225:  43%|████▎     | 20/47 [00:01<00:01, 17.40it/s, loss=0.308, v_num=]
Epoch 225:  43%|████▎     | 20/47 [00:01<00:01, 17.39it/s, loss=0.308, v_num=]
Epoch 225:  85%|████████▌ | 40/47 [00:01<00:00, 24.37it/s, loss=0.308, v_num=]
Epoch 225:  85%|████████▌ | 40/47 [00:01<00:00, 24.37it/s, loss=0.306, v_num=]
Epoch 225: 100%|██████████| 47/47 [00:01<00:00, 24.48it/s, loss=0.31, v_num=] Evaluating...
NMI : 0.4970378662679841, ARI: 0.214843963580378, ACC: 0.197, current K: 4

Epoch 225:   0%|          | 0/47 [00:00<?, ?it/s, loss=0.31, v_num=]         
Epoch 226:   0%|          | 0/47 [00:00<?, ?it/s, loss=0.31, v_num=]/usr/local/lib/python3.13/dist-packages/torch/utils/data/dataloader.py:432: UserWarning: This DataLoader will create 6 worker processes in total. Our suggested max number of worker in current system is 2, which is smaller than what this DataLoader is going to create. Please be aware that excessive worker creation might get DataLoader running slow or even freeze, lower the worker number to avoid potential slowness/freeze if necessary.
  self.check_worker_number_rationality()

Epoch 226:  43%|████▎     | 20/47 [00:00<00:00, 27.36it/s, loss=0.31, v_num=]
Epoch 226:  43%|████▎     | 20/47 [00:00<00:00, 27.33it/s, loss=0.309, v_num=]
Epoch 226:  85%|████████▌ | 40/47 [00:01<00:00, 33.59it/s, loss=0.309, v_num=]
Epoch 226:  85%|████████▌ | 40/47 [00:01<00:00, 33.58it/s, loss=0.305, v_num=]
Epoch 226: 100%|██████████| 47/47 [00:01<00:00, 31.67it/s, loss=0.31, v_num=] 
Epoch 226:   0%|          | 0/47 [00:00<?, ?it/s, loss=0.31, v_num=]         
Epoch 227:   0%|          | 0/47 [00:00<?, ?it/s, loss=0.31, v_num=]
Epoch 227:  43%|████▎     | 20/47 [00:00<00:00, 28.47it/s, loss=0.31, v_num=]
Epoch 227:  43%|████▎     | 20/47 [00:00<00:00, 28.44it/s, loss=0.309, v_num=]
Epoch 227:  85%|████████▌ | 40/47 [00:01<00:00, 33.96it/s, loss=0.309, v_num=]
Epoch 227:  85%|████████▌ | 40/47 [00:01<00:00, 33.95it/s, loss=0.308, v_num=]
Epoch 227: 100%|██████████| 47/47 [00:01<00:00, 32.32it/s, loss=0.304, v_num=]
Epoch 227:   0%|          | 0/47 [00:00<?, ?it/s, loss=0.304, v_num=]         
Epoch 228:   0%|          | 0/47 [00:00<?, ?it/s, loss=0.304, v_num=]
Epoch 228:  43%|████▎     | 20/47 [00:00<00:00, 27.69it/s, loss=0.304, v_num=]
Epoch 228:  43%|████▎     | 20/47 [00:00<00:00, 27.66it/s, loss=0.303, v_num=]
Epoch 228:  85%|████████▌ | 40/47 [00:01<00:00, 34.18it/s, loss=0.303, v_num=]
Epoch 228:  85%|████████▌ | 40/47 [00:01<00:00, 34.17it/s, loss=0.313, v_num=]
Epoch 228: 100%|██████████| 47/47 [00:01<00:00, 32.27it/s, loss=0.307, v_num=]
Epoch 228:   0%|          | 0/47 [00:00<?, ?it/s, loss=0.307, v_num=]         
Epoch 229:   0%|          | 0/47 [00:00<?, ?it/s, loss=0.307, v_num=]
Epoch 229:  43%|████▎     | 20/47 [00:00<00:00, 28.14it/s, loss=0.307, v_num=]
Epoch 229:  43%|████▎     | 20/47 [00:00<00:00, 28.11it/s, loss=0.308, v_num=]
Epoch 229:  85%|████████▌ | 40/47 [00:01<00:00, 34.39it/s, loss=0.308, v_num=]
Epoch 229:  85%|████████▌ | 40/47 [00:01<00:00, 34.38it/s, loss=0.304, v_num=]
Epoch 229: 100%|██████████| 47/47 [00:01<00:00, 32.97it/s, loss=0.309, v_num=]
Epoch 229:   0%|          | 0/47 [00:00<?, ?it/s, loss=0.309, v_num=]         
Epoch 230:   0%|          | 0/47 [00:00<?, ?it/s, loss=0.309, v_num=]
Epoch 230:  43%|████▎     | 20/47 [00:00<00:00, 27.14it/s, loss=0.309, v_num=]
Epoch 230:  43%|████▎     | 20/47 [00:00<00:00, 27.12it/s, loss=0.305, v_num=]
Epoch 230:  85%|████████▌ | 40/47 [00:01<00:00, 32.72it/s, loss=0.305, v_num=]
Epoch 230:  85%|████████▌ | 40/47 [00:01<00:00, 32.71it/s, loss=0.312, v_num=]
Epoch 230: 100%|██████████| 47/47 [00:01<00:00, 30.62it/s, loss=0.307, v_num=]Evaluating...
NMI : 0.4987905060222822, ARI: 0.2154549704765879, ACC: 0.197, current K: 4
Epoch 230 | NMI: 0.4988, ARI: 0.2155, ACC: 0.1970, current K: 4
Confusion Matrix:
[[  0 296   4   0   0   0   0   0   0   0   0   0   0   0   0   0   0   0
    0   0]
 [  0   1   5 294   0   0   0   0   0   0   0   0   0   0   0   0   0   0
    0   0]
 [  5 287   5   3   0   0   0   0   0   0   0   0   0   0   0   0   0   0
    0   0]
 [  1   2   0 297   0   0   0   0   0   0   0   0   0   0   0   0   0   0
    0   0]
 [257  12   0  31   0   0   0   0   0   0   0   0   0   0   0   0   0   0
    0   0]
 [  0  19 277   4   0   0   0   0   0   0   0   0   0   0   0   0   0   0
    0   0]
 [286   2   0  12   0   0   0   0   0   0   0   0   0   0   0   0   0   0
    0   0]
 [  4  15 272   9   0   0   0   0   0   0   0   0   0   0   0   0   0   0
    0   0]
 [  1 271  28   0   0   0   0   0   0   0   0   0   0   0   0   0   0   0
    0   0]
 [ 44   2   2 252   0   0   0   0   0   0   0   0   0   0   0   0   0   0
    0   0]
 [  2 275  14   9   0   0   0   0   0   0   0   0   0   0   0   0   0   0
    0   0]
 [ 21   3   3 273   0   0   0   0   0   0   0   0   0   0   0   0   0   0
    0   0]
 [278  16   0   6   0   0   0   0   0   0   0   0   0   0   0   0   0   0
    0   0]
 [  0  14   5 281   0   0   0   0   0   0   0   0   0   0   0   0   0   0
    0   0]
 [ 11 276   0  13   0   0   0   0   0   0   0   0   0   0   0   0   0   0
    0   0]
 [  0  11 272  17   0   0   0   0   0   0   0   0   0   0   0   0   0   0
    0   0]
 [  2 277   5  16   0   0   0   0   0   0   0   0   0   0   0   0   0   0
    0   0]
 [  1   2 296   1   0   0   0   0   0   0   0   0   0   0   0   0   0   0
    0   0]
 [293   1   4   2   0   0   0   0   0   0   0   0   0   0   0   0   0   0
    0   0]
 [  2  15   4 279   0   0   0   0   0   0   0   0   0   0   0   0   0   0
    0   0]]

Epoch 230:   0%|          | 0/47 [00:00<?, ?it/s, loss=0.307, v_num=]         
Epoch 231:   0%|          | 0/47 [00:00<?, ?it/s, loss=0.307, v_num=]/usr/local/lib/python3.13/dist-packages/torch/utils/data/dataloader.py:432: UserWarning: This DataLoader will create 6 worker processes in total. Our suggested max number of worker in current system is 2, which is smaller than what this DataLoader is going to create. Please be aware that excessive worker creation might get DataLoader running slow or even freeze, lower the worker number to avoid potential slowness/freeze if necessary.
  self.check_worker_number_rationality()

Epoch 231:  43%|████▎     | 20/47 [00:00<00:00, 27.04it/s, loss=0.307, v_num=]
Epoch 231:  43%|████▎     | 20/47 [00:00<00:00, 27.01it/s, loss=0.311, v_num=]
Epoch 231:  85%|████████▌ | 40/47 [00:01<00:00, 33.62it/s, loss=0.311, v_num=]
Epoch 231:  85%|████████▌ | 40/47 [00:01<00:00, 33.61it/s, loss=0.308, v_num=]
Epoch 231: 100%|██████████| 47/47 [00:01<00:00, 32.23it/s, loss=0.308, v_num=]
Epoch 231:   0%|          | 0/47 [00:00<?, ?it/s, loss=0.308, v_num=]         
Epoch 232:   0%|          | 0/47 [00:00<?, ?it/s, loss=0.308, v_num=]
Epoch 232:  43%|████▎     | 20/47 [00:00<00:01, 20.49it/s, loss=0.308, v_num=]
Epoch 232:  43%|████▎     | 20/47 [00:00<00:01, 20.47it/s, loss=0.306, v_num=]
Epoch 232:  85%|████████▌ | 40/47 [00:01<00:00, 26.00it/s, loss=0.306, v_num=]
Epoch 232:  85%|████████▌ | 40/47 [00:01<00:00, 25.99it/s, loss=0.305, v_num=]
Epoch 232: 100%|██████████| 47/47 [00:01<00:00, 24.45it/s, loss=0.31, v_num=] 
Epoch 232:   0%|          | 0/47 [00:00<?, ?it/s, loss=0.31, v_num=]         
Epoch 233:   0%|          | 0/47 [00:00<?, ?it/s, loss=0.31, v_num=]
Epoch 233:  43%|████▎     | 20/47 [00:01<00:01, 19.85it/s, loss=0.31, v_num=]
Epoch 233:  43%|████▎     | 20/47 [00:01<00:01, 19.84it/s, loss=0.312, v_num=]
Epoch 233:  85%|████████▌ | 40/47 [00:01<00:00, 27.47it/s, loss=0.312, v_num=]
Epoch 233:  85%|████████▌ | 40/47 [00:01<00:00, 27.47it/s, loss=0.31, v_num=] 
Epoch 233: 100%|██████████| 47/47 [00:01<00:00, 26.98it/s, loss=0.307, v_num=]
Epoch 233:   0%|          | 0/47 [00:00<?, ?it/s, loss=0.307, v_num=]         
Epoch 234:   0%|          | 0/47 [00:00<?, ?it/s, loss=0.307, v_num=]
Epoch 234:  43%|████▎     | 20/47 [00:00<00:00, 27.21it/s, loss=0.307, v_num=]
Epoch 234:  43%|████▎     | 20/47 [00:00<00:00, 27.18it/s, loss=0.311, v_num=]
Epoch 234:  85%|████████▌ | 40/47 [00:01<00:00, 33.40it/s, loss=0.311, v_num=]
Epoch 234:  85%|████████▌ | 40/47 [00:01<00:00, 33.39it/s, loss=0.311, v_num=]
Epoch 234: 100%|██████████| 47/47 [00:01<00:00, 31.91it/s, loss=0.309, v_num=]
Epoch 234:   0%|          | 0/47 [00:00<?, ?it/s, loss=0.309, v_num=]         
Epoch 235:   0%|          | 0/47 [00:00<?, ?it/s, loss=0.309, v_num=]
Epoch 235:  43%|████▎     | 20/47 [00:00<00:00, 27.10it/s, loss=0.309, v_num=]
Epoch 235:  43%|████▎     | 20/47 [00:00<00:00, 27.07it/s, loss=0.307, v_num=]
Epoch 235:  85%|████████▌ | 40/47 [00:01<00:00, 33.82it/s, loss=0.307, v_num=]
Epoch 235:  85%|████████▌ | 40/47 [00:01<00:00, 33.81it/s, loss=0.312, v_num=]
Epoch 235: 100%|██████████| 47/47 [00:01<00:00, 32.15it/s, loss=0.308, v_num=]Evaluating...
NMI : 0.4996969532578404, ARI: 0.21568565192564662, ACC: 0.19717, current K: 4

Epoch 235:   0%|          | 0/47 [00:00<?, ?it/s, loss=0.308, v_num=]         
Epoch 236:   0%|          | 0/47 [00:00<?, ?it/s, loss=0.308, v_num=]/usr/local/lib/python3.13/dist-packages/torch/utils/data/dataloader.py:432: UserWarning: This DataLoader will create 6 worker processes in total. Our suggested max number of worker in current system is 2, which is smaller than what this DataLoader is going to create. Please be aware that excessive worker creation might get DataLoader running slow or even freeze, lower the worker number to avoid potential slowness/freeze if necessary.
  self.check_worker_number_rationality()

Epoch 236:  43%|████▎     | 20/47 [00:00<00:01, 26.79it/s, loss=0.308, v_num=]
Epoch 236:  43%|████▎     | 20/47 [00:00<00:01, 26.77it/s, loss=0.307, v_num=]
Epoch 236:  85%|████████▌ | 40/47 [00:01<00:00, 32.78it/s, loss=0.307, v_num=]
Epoch 236:  85%|████████▌ | 40/47 [00:01<00:00, 32.77it/s, loss=0.307, v_num=]
Epoch 236: 100%|██████████| 47/47 [00:01<00:00, 31.21it/s, loss=0.306, v_num=]
Epoch 236:   0%|          | 0/47 [00:00<?, ?it/s, loss=0.306, v_num=]         
Epoch 237:   0%|          | 0/47 [00:00<?, ?it/s, loss=0.306, v_num=]
Epoch 237:  43%|████▎     | 20/47 [00:00<00:01, 26.62it/s, loss=0.306, v_num=]
Epoch 237:  43%|████▎     | 20/47 [00:00<00:01, 26.59it/s, loss=0.309, v_num=]
Epoch 237:  85%|████████▌ | 40/47 [00:01<00:00, 33.04it/s, loss=0.309, v_num=]
Epoch 237:  85%|████████▌ | 40/47 [00:01<00:00, 33.03it/s, loss=0.311, v_num=]
Epoch 237: 100%|██████████| 47/47 [00:01<00:00, 31.50it/s, loss=0.308, v_num=]
Epoch 237:   0%|          | 0/47 [00:00<?, ?it/s, loss=0.308, v_num=]         
Epoch 238:   0%|          | 0/47 [00:00<?, ?it/s, loss=0.308, v_num=]
Epoch 238:  43%|████▎     | 20/47 [00:00<00:01, 25.73it/s, loss=0.308, v_num=]
Epoch 238:  43%|████▎     | 20/47 [00:00<00:01, 25.71it/s, loss=0.306, v_num=]
Epoch 238:  85%|████████▌ | 40/47 [00:01<00:00, 31.86it/s, loss=0.306, v_num=]
Epoch 238:  85%|████████▌ | 40/47 [00:01<00:00, 31.85it/s, loss=0.308, v_num=]
Epoch 238: 100%|██████████| 47/47 [00:01<00:00, 30.57it/s, loss=0.306, v_num=]
Epoch 238:   0%|          | 0/47 [00:00<?, ?it/s, loss=0.306, v_num=]         
Epoch 239:   0%|          | 0/47 [00:00<?, ?it/s, loss=0.306, v_num=]
Epoch 239:  43%|████▎     | 20/47 [00:00<00:01, 26.98it/s, loss=0.306, v_num=]
Epoch 239:  43%|████▎     | 20/47 [00:00<00:01, 26.95it/s, loss=0.309, v_num=]
Epoch 239:  85%|████████▌ | 40/47 [00:01<00:00, 33.42it/s, loss=0.309, v_num=]
Epoch 239:  85%|████████▌ | 40/47 [00:01<00:00, 33.41it/s, loss=0.312, v_num=]
Epoch 239: 100%|██████████| 47/47 [00:01<00:00, 31.26it/s, loss=0.305, v_num=]
Epoch 239:   0%|          | 0/47 [00:00<?, ?it/s, loss=0.305, v_num=]         
Epoch 240:   0%|          | 0/47 [00:00<?, ?it/s, loss=0.305, v_num=]
Epoch 240:  43%|████▎     | 20/47 [00:01<00:01, 19.89it/s, loss=0.305, v_num=]
Epoch 240:  43%|████▎     | 20/47 [00:01<00:01, 19.87it/s, loss=0.309, v_num=]
Epoch 240:  85%|████████▌ | 40/47 [00:01<00:00, 25.38it/s, loss=0.309, v_num=]
Epoch 240:  85%|████████▌ | 40/47 [00:01<00:00, 25.37it/s, loss=0.301, v_num=]
Epoch 240: 100%|██████████| 47/47 [00:01<00:00, 23.66it/s, loss=0.305, v_num=]Evaluating...
NMI : 0.5002877671080642, ARI: 0.21566474052865048, ACC: 0.19717, current K: 4
Epoch 240 | NMI: 0.5003, ARI: 0.2157, ACC: 0.1972, current K: 4
Confusion Matrix:
[[  0 296   4   0   0   0   0   0   0   0   0   0   0   0   0   0   0   0
    0   0]
 [  0   1   5 294   0   0   0   0   0   0   0   0   0   0   0   0   0   0
    0   0]
 [  5 287   5   3   0   0   0   0   0   0   0   0   0   0   0   0   0   0
    0   0]
 [  1   2   0 297   0   0   0   0   0   0   0   0   0   0   0   0   0   0
    0   0]
 [255  14   0  31   0   0   0   0   0   0   0   0   0   0   0   0   0   0
    0   0]
 [  0  20 276   4   0   0   0   0   0   0   0   0   0   0   0   0   0   0
    0   0]
 [286   2   0  12   0   0   0   0   0   0   0   0   0   0   0   0   0   0
    0   0]
 [  4  15 273   8   0   0   0   0   0   0   0   0   0   0   0   0   0   0
    0   0]
 [  1 271  28   0   0   0   0   0   0   0   0   0   0   0   0   0   0   0
    0   0]
 [ 44   2   2 252   0   0   0   0   0   0   0   0   0   0   0   0   0   0
    0   0]
 [  1 275  15   9   0   0   0   0   0   0   0   0   0   0   0   0   0   0
    0   0]
 [ 17   2   3 278   0   0   0   0   0   0   0   0   0   0   0   0   0   0
    0   0]
 [277  17   0   6   0   0   0   0   0   0   0   0   0   0   0   0   0   0
    0   0]
 [  0  14   5 281   0   0   0   0   0   0   0   0   0   0   0   0   0   0
    0   0]
 [  9 278   0  13   0   0   0   0   0   0   0   0   0   0   0   0   0   0
    0   0]
 [  0  10 272  18   0   0   0   0   0   0   0   0   0   0   0   0   0   0
    0   0]
 [  2 277   4  17   0   0   0   0   0   0   0   0   0   0   0   0   0   0
    0   0]
 [  1   1 296   2   0   0   0   0   0   0   0   0   0   0   0   0   0   0
    0   0]
 [294   1   3   2   0   0   0   0   0   0   0   0   0   0   0   0   0   0
    0   0]
 [  2  15   4 279   0   0   0   0   0   0   0   0   0   0   0   0   0   0
    0   0]]

Epoch 240:   0%|          | 0/47 [00:00<?, ?it/s, loss=0.305, v_num=]         
Epoch 241:   0%|          | 0/47 [00:00<?, ?it/s, loss=0.305, v_num=]/usr/local/lib/python3.13/dist-packages/torch/utils/data/dataloader.py:432: UserWarning: This DataLoader will create 6 worker processes in total. Our suggested max number of worker in current system is 2, which is smaller than what this DataLoader is going to create. Please be aware that excessive worker creation might get DataLoader running slow or even freeze, lower the worker number to avoid potential slowness/freeze if necessary.
  self.check_worker_number_rationality()

Epoch 241:  43%|████▎     | 20/47 [00:00<00:01, 21.37it/s, loss=0.305, v_num=]
Epoch 241:  43%|████▎     | 20/47 [00:00<00:01, 21.36it/s, loss=0.313, v_num=]
Epoch 241:  85%|████████▌ | 40/47 [00:01<00:00, 28.64it/s, loss=0.313, v_num=]
Epoch 241:  85%|████████▌ | 40/47 [00:01<00:00, 28.63it/s, loss=0.306, v_num=]
Epoch 241: 100%|██████████| 47/47 [00:01<00:00, 28.01it/s, loss=0.306, v_num=]
Epoch 241:   0%|          | 0/47 [00:00<?, ?it/s, loss=0.306, v_num=]         
Epoch 242:   0%|          | 0/47 [00:00<?, ?it/s, loss=0.306, v_num=]
Epoch 242:  43%|████▎     | 20/47 [00:00<00:01, 26.66it/s, loss=0.306, v_num=]
Epoch 242:  43%|████▎     | 20/47 [00:00<00:01, 26.63it/s, loss=0.309, v_num=]
Epoch 242:  85%|████████▌ | 40/47 [00:01<00:00, 33.54it/s, loss=0.309, v_num=]
Epoch 242:  85%|████████▌ | 40/47 [00:01<00:00, 33.53it/s, loss=0.312, v_num=]
Epoch 242: 100%|██████████| 47/47 [00:01<00:00, 31.78it/s, loss=0.306, v_num=]
Epoch 242:   0%|          | 0/47 [00:00<?, ?it/s, loss=0.306, v_num=]         
Epoch 243:   0%|          | 0/47 [00:00<?, ?it/s, loss=0.306, v_num=]
Epoch 243:  43%|████▎     | 20/47 [00:00<00:01, 26.60it/s, loss=0.306, v_num=]
Epoch 243:  43%|████▎     | 20/47 [00:00<00:01, 26.58it/s, loss=0.311, v_num=]
Epoch 243:  85%|████████▌ | 40/47 [00:01<00:00, 33.56it/s, loss=0.311, v_num=]
Epoch 243:  85%|████████▌ | 40/47 [00:01<00:00, 33.55it/s, loss=0.307, v_num=]
Epoch 243: 100%|██████████| 47/47 [00:01<00:00, 31.34it/s, loss=0.309, v_num=]
Epoch 243:   0%|          | 0/47 [00:00<?, ?it/s, loss=0.309, v_num=]         
Epoch 244:   0%|          | 0/47 [00:00<?, ?it/s, loss=0.309, v_num=]
Epoch 244:  43%|████▎     | 20/47 [00:00<00:01, 23.38it/s, loss=0.309, v_num=]
Epoch 244:  43%|████▎     | 20/47 [00:00<00:01, 23.36it/s, loss=0.309, v_num=]
Epoch 244:  85%|████████▌ | 40/47 [00:01<00:00, 30.34it/s, loss=0.309, v_num=]
Epoch 244:  85%|████████▌ | 40/47 [00:01<00:00, 30.33it/s, loss=0.308, v_num=]
Epoch 244: 100%|██████████| 47/47 [00:01<00:00, 29.42it/s, loss=0.307, v_num=]
Epoch 244:   0%|          | 0/47 [00:00<?, ?it/s, loss=0.307, v_num=]         
Epoch 245:   0%|          | 0/47 [00:00<?, ?it/s, loss=0.307, v_num=]
Epoch 245:  43%|████▎     | 20/47 [00:00<00:01, 26.96it/s, loss=0.307, v_num=]
Epoch 245:  43%|████▎     | 20/47 [00:00<00:01, 26.93it/s, loss=0.306, v_num=]
Epoch 245:  85%|████████▌ | 40/47 [00:01<00:00, 33.62it/s, loss=0.306, v_num=]
Epoch 245:  85%|████████▌ | 40/47 [00:01<00:00, 33.61it/s, loss=0.306, v_num=]
Epoch 245: 100%|██████████| 47/47 [00:01<00:00, 31.86it/s, loss=0.309, v_num=]Evaluating...
NMI : 0.5010975974747149, ARI: 0.21598863511938168, ACC: 0.197, current K: 4

Epoch 245:   0%|          | 0/47 [00:00<?, ?it/s, loss=0.309, v_num=]         
Epoch 246:   0%|          | 0/47 [00:00<?, ?it/s, loss=0.309, v_num=]/usr/local/lib/python3.13/dist-packages/torch/utils/data/dataloader.py:432: UserWarning: This DataLoader will create 6 worker processes in total. Our suggested max number of worker in current system is 2, which is smaller than what this DataLoader is going to create. Please be aware that excessive worker creation might get DataLoader running slow or even freeze, lower the worker number to avoid potential slowness/freeze if necessary.
  self.check_worker_number_rationality()

Epoch 246:  43%|████▎     | 20/47 [00:00<00:01, 26.13it/s, loss=0.309, v_num=]
Epoch 246:  43%|████▎     | 20/47 [00:00<00:01, 26.11it/s, loss=0.305, v_num=]
Epoch 246:  85%|████████▌ | 40/47 [00:01<00:00, 32.61it/s, loss=0.305, v_num=]
Epoch 246:  85%|████████▌ | 40/47 [00:01<00:00, 32.60it/s, loss=0.307, v_num=]
Epoch 246: 100%|██████████| 47/47 [00:01<00:00, 31.36it/s, loss=0.31, v_num=] 
Epoch 246:   0%|          | 0/47 [00:00<?, ?it/s, loss=0.31, v_num=]         
Epoch 247:   0%|          | 0/47 [00:00<?, ?it/s, loss=0.31, v_num=]
Epoch 247:  43%|████▎     | 20/47 [00:00<00:00, 27.35it/s, loss=0.31, v_num=]
Epoch 247:  43%|████▎     | 20/47 [00:00<00:00, 27.33it/s, loss=0.308, v_num=]
Epoch 247:  85%|████████▌ | 40/47 [00:01<00:00, 33.44it/s, loss=0.308, v_num=]
Epoch 247:  85%|████████▌ | 40/47 [00:01<00:00, 33.43it/s, loss=0.309, v_num=]
Epoch 247: 100%|██████████| 47/47 [00:01<00:00, 29.14it/s, loss=0.311, v_num=]
Epoch 247:   0%|          | 0/47 [00:00<?, ?it/s, loss=0.311, v_num=]         
Epoch 248:   0%|          | 0/47 [00:00<?, ?it/s, loss=0.311, v_num=]
Epoch 248:  43%|████▎     | 20/47 [00:00<00:01, 20.14it/s, loss=0.311, v_num=]
Epoch 248:  43%|████▎     | 20/47 [00:00<00:01, 20.12it/s, loss=0.309, v_num=]
Epoch 248:  85%|████████▌ | 40/47 [00:01<00:00, 25.31it/s, loss=0.309, v_num=]
Epoch 248:  85%|████████▌ | 40/47 [00:01<00:00, 25.31it/s, loss=0.311, v_num=]
Epoch 248: 100%|██████████| 47/47 [00:01<00:00, 23.72it/s, loss=0.305, v_num=]
Epoch 248:   0%|          | 0/47 [00:00<?, ?it/s, loss=0.305, v_num=]         
Epoch 249:   0%|          | 0/47 [00:00<?, ?it/s, loss=0.305, v_num=]
Epoch 249:  43%|████▎     | 20/47 [00:00<00:01, 24.54it/s, loss=0.305, v_num=]
Epoch 249:  43%|████▎     | 20/47 [00:00<00:01, 24.52it/s, loss=0.305, v_num=]
Epoch 249:  85%|████████▌ | 40/47 [00:01<00:00, 31.93it/s, loss=0.305, v_num=]
Epoch 249:  85%|████████▌ | 40/47 [00:01<00:00, 31.92it/s, loss=0.306, v_num=]
Epoch 249: 100%|██████████| 47/47 [00:01<00:00, 30.89it/s, loss=0.307, v_num=]
Epoch 249:   0%|          | 0/47 [00:00<?, ?it/s, loss=0.307, v_num=]         
Epoch 250:   0%|          | 0/47 [00:00<?, ?it/s, loss=0.307, v_num=]
Epoch 250:  43%|████▎     | 20/47 [00:00<00:00, 28.14it/s, loss=0.307, v_num=]
Epoch 250:  43%|████▎     | 20/47 [00:00<00:00, 28.12it/s, loss=0.304, v_num=]
Epoch 250:  85%|████████▌ | 40/47 [00:01<00:00, 35.06it/s, loss=0.304, v_num=]
Epoch 250:  85%|████████▌ | 40/47 [00:01<00:00, 35.05it/s, loss=0.305, v_num=]
Epoch 250: 100%|██████████| 47/47 [00:01<00:00, 32.61it/s, loss=0.306, v_num=]Evaluating...
NMI : 0.5008469547287866, ARI: 0.21582977801314288, ACC: 0.197, current K: 4
Epoch 250 | NMI: 0.5008, ARI: 0.2158, ACC: 0.1970, current K: 4
Confusion Matrix:
[[  0 296   4   0   0   0   0   0   0   0   0   0   0   0   0   0   0   0
    0   0]
 [  0   1   5 294   0   0   0   0   0   0   0   0   0   0   0   0   0   0
    0   0]
 [  5 287   5   3   0   0   0   0   0   0   0   0   0   0   0   0   0   0
    0   0]
 [  1   2   0 297   0   0   0   0   0   0   0   0   0   0   0   0   0   0
    0   0]
 [257  12   0  31   0   0   0   0   0   0   0   0   0   0   0   0   0   0
    0   0]
 [  0  20 276   4   0   0   0   0   0   0   0   0   0   0   0   0   0   0
    0   0]
 [284   2   0  14   0   0   0   0   0   0   0   0   0   0   0   0   0   0
    0   0]
 [  3  15 274   8   0   0   0   0   0   0   0   0   0   0   0   0   0   0
    0   0]
 [  1 272  27   0   0   0   0   0   0   0   0   0   0   0   0   0   0   0
    0   0]
 [ 44   2   2 252   0   0   0   0   0   0   0   0   0   0   0   0   0   0
    0   0]
 [  1 275  14  10   0   0   0   0   0   0   0   0   0   0   0   0   0   0
    0   0]
 [ 17   2   2 279   0   0   0   0   0   0   0   0   0   0   0   0   0   0
    0   0]
 [278  16   0   6   0   0   0   0   0   0   0   0   0   0   0   0   0   0
    0   0]
 [  0  14   5 281   0   0   0   0   0   0   0   0   0   0   0   0   0   0
    0   0]
 [  9 278   0  13   0   0   0   0   0   0   0   0   0   0   0   0   0   0
    0   0]
 [  0  10 272  18   0   0   0   0   0   0   0   0   0   0   0   0   0   0
    0   0]
 [  2 277   4  17   0   0   0   0   0   0   0   0   0   0   0   0   0   0
    0   0]
 [  1   2 295   2   0   0   0   0   0   0   0   0   0   0   0   0   0   0
    0   0]
 [294   1   3   2   0   0   0   0   0   0   0   0   0   0   0   0   0   0
    0   0]
 [  2  15   4 279   0   0   0   0   0   0   0   0   0   0   0   0   0   0
    0   0]]

Epoch 250:   0%|          | 0/47 [00:00<?, ?it/s, loss=0.306, v_num=]         
Epoch 251:   0%|          | 0/47 [00:00<?, ?it/s, loss=0.306, v_num=]/usr/local/lib/python3.13/dist-packages/torch/utils/data/dataloader.py:432: UserWarning: This DataLoader will create 6 worker processes in total. Our suggested max number of worker in current system is 2, which is smaller than what this DataLoader is going to create. Please be aware that excessive worker creation might get DataLoader running slow or even freeze, lower the worker number to avoid potential slowness/freeze if necessary.
  self.check_worker_number_rationality()

Epoch 251:  43%|████▎     | 20/47 [00:00<00:00, 27.47it/s, loss=0.306, v_num=]
Epoch 251:  43%|████▎     | 20/47 [00:00<00:00, 27.45it/s, loss=0.31, v_num=] 
Epoch 251:  85%|████████▌ | 40/47 [00:01<00:00, 33.97it/s, loss=0.31, v_num=]
Epoch 251:  85%|████████▌ | 40/47 [00:01<00:00, 33.96it/s, loss=0.303, v_num=]
Epoch 251: 100%|██████████| 47/47 [00:01<00:00, 32.33it/s, loss=0.311, v_num=]
Epoch 251:   0%|          | 0/47 [00:00<?, ?it/s, loss=0.311, v_num=]         
Epoch 252:   0%|          | 0/47 [00:00<?, ?it/s, loss=0.311, v_num=]
Epoch 252:  43%|████▎     | 20/47 [00:00<00:01, 26.91it/s, loss=0.311, v_num=]
Epoch 252:  43%|████▎     | 20/47 [00:00<00:01, 26.89it/s, loss=0.305, v_num=]
Epoch 252:  85%|████████▌ | 40/47 [00:01<00:00, 33.64it/s, loss=0.305, v_num=]
Epoch 252:  85%|████████▌ | 40/47 [00:01<00:00, 33.63it/s, loss=0.308, v_num=]
Epoch 252: 100%|██████████| 47/47 [00:01<00:00, 31.92it/s, loss=0.307, v_num=]
Epoch 252:   0%|          | 0/47 [00:00<?, ?it/s, loss=0.307, v_num=]         
Epoch 253:   0%|          | 0/47 [00:00<?, ?it/s, loss=0.307, v_num=]
Epoch 253:  43%|████▎     | 20/47 [00:00<00:00, 28.08it/s, loss=0.307, v_num=]
Epoch 253:  43%|████▎     | 20/47 [00:00<00:00, 28.04it/s, loss=0.305, v_num=]
Epoch 253:  85%|████████▌ | 40/47 [00:01<00:00, 34.51it/s, loss=0.305, v_num=]
Epoch 253:  85%|████████▌ | 40/47 [00:01<00:00, 34.50it/s, loss=0.305, v_num=]
Epoch 253: 100%|██████████| 47/47 [00:01<00:00, 32.97it/s, loss=0.304, v_num=]
Epoch 253:   0%|          | 0/47 [00:00<?, ?it/s, loss=0.304, v_num=]         
Epoch 254:   0%|          | 0/47 [00:00<?, ?it/s, loss=0.304, v_num=]
Epoch 254:  43%|████▎     | 20/47 [00:00<00:01, 26.60it/s, loss=0.304, v_num=]
Epoch 254:  43%|████▎     | 20/47 [00:00<00:01, 26.58it/s, loss=0.308, v_num=]
Epoch 254:  85%|████████▌ | 40/47 [00:01<00:00, 33.41it/s, loss=0.308, v_num=]
Epoch 254:  85%|████████▌ | 40/47 [00:01<00:00, 33.40it/s, loss=0.31, v_num=] 
Epoch 254: 100%|██████████| 47/47 [00:01<00:00, 32.03it/s, loss=0.305, v_num=]
Epoch 254:   0%|          | 0/47 [00:00<?, ?it/s, loss=0.305, v_num=]         
Epoch 255:   0%|          | 0/47 [00:00<?, ?it/s, loss=0.305, v_num=]
Epoch 255:  43%|████▎     | 20/47 [00:00<00:00, 27.80it/s, loss=0.305, v_num=]
Epoch 255:  43%|████▎     | 20/47 [00:00<00:00, 27.77it/s, loss=0.303, v_num=]
Epoch 255:  85%|████████▌ | 40/47 [00:01<00:00, 33.99it/s, loss=0.303, v_num=]
Epoch 255:  85%|████████▌ | 40/47 [00:01<00:00, 33.98it/s, loss=0.307, v_num=]
Epoch 255: 100%|██████████| 47/47 [00:01<00:00, 30.02it/s, loss=0.308, v_num=]/content/DeepDPM-New/src/clustering_models/clusternet_modules/clusternetasmodel.py:682: UserWarning: To copy construct from a tensor, it is recommended to use sourceTensor.detach().clone() or sourceTensor.detach().clone().requires_grad_(True), rather than torch.tensor(sourceTensor).
  mus_ind_to_split = torch.nonzero(torch.tensor(split_decisions), as_tuple=False)
Splitting clusters [0 1 2 3]
Evaluating...
NMI : 0.5001161686044983, ARI: 0.21550389123946068, ACC: 0.197, current K: 4
[Split] K updated → 8 clusters
  [Epoch 255] losses at split → cluster_loss=0.0130, subcluster_loss=0.5999

Epoch 255:   0%|          | 0/47 [00:00<?, ?it/s, loss=0.308, v_num=]         
Epoch 256:   0%|          | 0/47 [00:00<?, ?it/s, loss=0.308, v_num=]/usr/local/lib/python3.13/dist-packages/torch/utils/data/dataloader.py:432: UserWarning: This DataLoader will create 6 worker processes in total. Our suggested max number of worker in current system is 2, which is smaller than what this DataLoader is going to create. Please be aware that excessive worker creation might get DataLoader running slow or even freeze, lower the worker number to avoid potential slowness/freeze if necessary.
  self.check_worker_number_rationality()

Epoch 256:  43%|████▎     | 20/47 [00:01<00:01, 15.17it/s, loss=0.308, v_num=]
Epoch 256:  43%|████▎     | 20/47 [00:01<00:01, 15.16it/s, loss=0.711, v_num=]
Epoch 256:  85%|████████▌ | 40/47 [00:02<00:00, 18.05it/s, loss=0.711, v_num=]
Epoch 256:  85%|████████▌ | 40/47 [00:02<00:00, 18.05it/s, loss=0.658, v_num=]
Epoch 256: 100%|██████████| 47/47 [00:02<00:00, 18.29it/s, loss=0.631, v_num=]
Epoch 256:   0%|          | 0/47 [00:00<?, ?it/s, loss=0.631, v_num=]         
Epoch 257:   0%|          | 0/47 [00:00<?, ?it/s, loss=0.631, v_num=]
Epoch 257:  43%|████▎     | 20/47 [00:00<00:01, 21.86it/s, loss=0.631, v_num=]
Epoch 257:  43%|████▎     | 20/47 [00:00<00:01, 21.84it/s, loss=0.599, v_num=]
Epoch 257:  85%|████████▌ | 40/47 [00:01<00:00, 25.47it/s, loss=0.599, v_num=]
Epoch 257:  85%|████████▌ | 40/47 [00:01<00:00, 25.46it/s, loss=0.575, v_num=]
Epoch 257: 100%|██████████| 47/47 [00:01<00:00, 24.32it/s, loss=0.561, v_num=]
Epoch 257:   0%|          | 0/47 [00:00<?, ?it/s, loss=0.561, v_num=]         
Epoch 258:   0%|          | 0/47 [00:00<?, ?it/s, loss=0.561, v_num=]
Epoch 258:  43%|████▎     | 20/47 [00:00<00:01, 21.03it/s, loss=0.561, v_num=]
Epoch 258:  43%|████▎     | 20/47 [00:00<00:01, 21.02it/s, loss=0.539, v_num=]
Epoch 258:  85%|████████▌ | 40/47 [00:01<00:00, 24.68it/s, loss=0.539, v_num=]
Epoch 258:  85%|████████▌ | 40/47 [00:01<00:00, 24.67it/s, loss=0.52, v_num=] 
Epoch 258: 100%|██████████| 47/47 [00:01<00:00, 23.89it/s, loss=0.51, v_num=]
Epoch 258:   0%|          | 0/47 [00:00<?, ?it/s, loss=0.51, v_num=]         
Epoch 259:   0%|          | 0/47 [00:00<?, ?it/s, loss=0.51, v_num=]
Epoch 259:  43%|████▎     | 20/47 [00:00<00:01, 21.26it/s, loss=0.51, v_num=]
Epoch 259:  43%|████▎     | 20/47 [00:00<00:01, 21.24it/s, loss=0.481, v_num=]
Epoch 259:  85%|████████▌ | 40/47 [00:01<00:00, 24.90it/s, loss=0.481, v_num=]
Epoch 259:  85%|████████▌ | 40/47 [00:01<00:00, 24.89it/s, loss=0.465, v_num=]
Epoch 259: 100%|██████████| 47/47 [00:01<00:00, 23.98it/s, loss=0.457, v_num=]
Epoch 259:   0%|          | 0/47 [00:00<?, ?it/s, loss=0.457, v_num=]         
Epoch 260:   0%|          | 0/47 [00:00<?, ?it/s, loss=0.457, v_num=]
Epoch 260:  43%|████▎     | 20/47 [00:00<00:01, 21.18it/s, loss=0.457, v_num=]
Epoch 260:  43%|████▎     | 20/47 [00:00<00:01, 21.16it/s, loss=0.443, v_num=]
Epoch 260:  85%|████████▌ | 40/47 [00:01<00:00, 24.81it/s, loss=0.443, v_num=]
Epoch 260:  85%|████████▌ | 40/47 [00:01<00:00, 24.80it/s, loss=0.429, v_num=]
Epoch 260: 100%|██████████| 47/47 [00:01<00:00, 24.10it/s, loss=0.423, v_num=]Evaluating...
NMI : 0.5991878801789353, ARI: 0.3351595906214196, ACC: 0.36567, current K: 8
Epoch 260 | NMI: 0.5992, ARI: 0.3352, ACC: 0.3657, current K: 8
Confusion Matrix:
[[  0   0   7 289   4   0   0   0   0   0   0   0   0   0   0   0   0   0
    0   0]
 [  0   1   0   2   1   5   0 291   0   0   0   0   0   0   0   0   0   0
    0   0]
 [  4   0   0 289   2   3   1   1   0   0   0   0   0   0   0   0   0   0
    0   0]
 [  1   0   0   2   1   0  49 247   0   0   0   0   0   0   0   0   0   0
    0   0]
 [ 18 249   5   0   0   0  26   2   0   0   0   0   0   0   0   0   0   0
    0   0]
 [  0   0   0  18 268  10   2   2   0   0   0   0   0   0   0   0   0   0
    0   0]
 [147 141   0   1   0   0   0  11   0   0   0   0   0   0   0   0   0   0
    0   0]
 [  1   2   0  16 263  10   8   0   0   0   0   0   0   0   0   0   0   0
    0   0]
 [  1   0   1 272  20   6   0   0   0   0   0   0   0   0   0   0   0   0
    0   0]
 [  8  42   0   2   0   1   2 245   0   0   0   0   0   0   0   0   0   0
    0   0]
 [  1   0   0 273  16   1   6   3   0   0   0   0   0   0   0   0   0   0
    0   0]
 [  1  21   2   1   0   2  63 210   0   0   0   0   0   0   0   0   0   0
    0   0]
 [254  18   0  22   0   0   0   6   0   0   0   0   0   0   0   0   0   0
    0   0]
 [  0   0   0  14   6   0 205  75   0   0   0   0   0   0   0   0   0   0
    0   0]
 [  0  10 186  91   0   0   5   8   0   0   0   0   0   0   0   0   0   0
    0   0]
 [  0   0   0  11   5 267   1  16   0   0   0   0   0   0   0   0   0   0
    0   0]
 [  0   2 247  30   4   0   6  11   0   0   0   0   0   0   0   0   0   0
    0   0]
 [  0   1   0   4   8 285   0   2   0   0   0   0   0   0   0   0   0   0
    0   0]
 [285   8   0   1   3   1   2   0   0   0   0   0   0   0   0   0   0   0
    0   0]
 [  0   2   0  13   4   0 280   1   0   0   0   0   0   0   0   0   0   0
    0   0]]

Epoch 260:   0%|          | 0/47 [00:00<?, ?it/s, loss=0.423, v_num=]         
Epoch 261:   0%|          | 0/47 [00:00<?, ?it/s, loss=0.423, v_num=]/usr/local/lib/python3.13/dist-packages/torch/utils/data/dataloader.py:432: UserWarning: This DataLoader will create 6 worker processes in total. Our suggested max number of worker in current system is 2, which is smaller than what this DataLoader is going to create. Please be aware that excessive worker creation might get DataLoader running slow or even freeze, lower the worker number to avoid potential slowness/freeze if necessary.
  self.check_worker_number_rationality()

Epoch 261:  43%|████▎     | 20/47 [00:00<00:01, 21.44it/s, loss=0.423, v_num=]
Epoch 261:  43%|████▎     | 20/47 [00:00<00:01, 21.43it/s, loss=0.41, v_num=] 
Epoch 261:  85%|████████▌ | 40/47 [00:01<00:00, 24.98it/s, loss=0.41, v_num=]
Epoch 261:  85%|████████▌ | 40/47 [00:01<00:00, 24.97it/s, loss=0.4, v_num=] 
Epoch 261: 100%|██████████| 47/47 [00:02<00:00, 22.55it/s, loss=0.402, v_num=]
Epoch 261:   0%|          | 0/47 [00:00<?, ?it/s, loss=0.402, v_num=]         
Epoch 262:   0%|          | 0/47 [00:00<?, ?it/s, loss=0.402, v_num=]
Epoch 262:  43%|████▎     | 20/47 [00:01<00:01, 16.13it/s, loss=0.402, v_num=]
Epoch 262:  43%|████▎     | 20/47 [00:01<00:01, 16.12it/s, loss=0.286, v_num=]
Epoch 262:  85%|████████▌ | 40/47 [00:02<00:00, 18.59it/s, loss=0.286, v_num=]
Epoch 262:  85%|████████▌ | 40/47 [00:02<00:00, 18.58it/s, loss=0.277, v_num=]
Epoch 262: 100%|██████████| 47/47 [00:02<00:00, 18.52it/s, loss=0.281, v_num=]
Epoch 262:   0%|          | 0/47 [00:00<?, ?it/s, loss=0.281, v_num=]         
Epoch 263:   0%|          | 0/47 [00:00<?, ?it/s, loss=0.281, v_num=]
Epoch 263:  43%|████▎     | 20/47 [00:00<00:01, 20.79it/s, loss=0.281, v_num=]
Epoch 263:  43%|████▎     | 20/47 [00:00<00:01, 20.78it/s, loss=0.287, v_num=]
Epoch 263:  85%|████████▌ | 40/47 [00:01<00:00, 24.64it/s, loss=0.287, v_num=]
Epoch 263:  85%|████████▌ | 40/47 [00:01<00:00, 24.63it/s, loss=0.282, v_num=]
Epoch 263: 100%|██████████| 47/47 [00:02<00:00, 23.42it/s, loss=0.283, v_num=]
Epoch 263:   0%|          | 0/47 [00:00<?, ?it/s, loss=0.283, v_num=]         
Epoch 264:   0%|          | 0/47 [00:00<?, ?it/s, loss=0.283, v_num=]
Epoch 264:  43%|████▎     | 20/47 [00:00<00:01, 20.11it/s, loss=0.283, v_num=]
Epoch 264:  43%|████▎     | 20/47 [00:00<00:01, 20.10it/s, loss=0.289, v_num=]
Epoch 264:  85%|████████▌ | 40/47 [00:01<00:00, 23.78it/s, loss=0.289, v_num=]
Epoch 264:  85%|████████▌ | 40/47 [00:01<00:00, 23.77it/s, loss=0.281, v_num=]
Epoch 264: 100%|██████████| 47/47 [00:02<00:00, 21.63it/s, loss=0.281, v_num=]
Epoch 264:   0%|          | 0/47 [00:00<?, ?it/s, loss=0.281, v_num=]         
Epoch 265:   0%|          | 0/47 [00:00<?, ?it/s, loss=0.281, v_num=]
Epoch 265:  43%|████▎     | 20/47 [00:00<00:01, 20.70it/s, loss=0.281, v_num=]
Epoch 265:  43%|████▎     | 20/47 [00:00<00:01, 20.69it/s, loss=0.284, v_num=]
Epoch 265:  85%|████████▌ | 40/47 [00:01<00:00, 24.28it/s, loss=0.284, v_num=]
Epoch 265:  85%|████████▌ | 40/47 [00:01<00:00, 24.28it/s, loss=0.286, v_num=]
Epoch 265: 100%|██████████| 47/47 [00:02<00:00, 23.29it/s, loss=0.287, v_num=]Evaluating...
NMI : 0.621340111538519, ARI: 0.37440214539671324, ACC: 0.37433, current K: 8

Epoch 265:   0%|          | 0/47 [00:00<?, ?it/s, loss=0.287, v_num=]         
Epoch 266:   0%|          | 0/47 [00:00<?, ?it/s, loss=0.287, v_num=]/usr/local/lib/python3.13/dist-packages/torch/utils/data/dataloader.py:432: UserWarning: This DataLoader will create 6 worker processes in total. Our suggested max number of worker in current system is 2, which is smaller than what this DataLoader is going to create. Please be aware that excessive worker creation might get DataLoader running slow or even freeze, lower the worker number to avoid potential slowness/freeze if necessary.
  self.check_worker_number_rationality()

Epoch 266:  43%|████▎     | 20/47 [00:00<00:01, 21.35it/s, loss=0.287, v_num=]
Epoch 266:  43%|████▎     | 20/47 [00:00<00:01, 21.34it/s, loss=0.29, v_num=] 
Epoch 266:  85%|████████▌ | 40/47 [00:01<00:00, 25.02it/s, loss=0.29, v_num=]
Epoch 266:  85%|████████▌ | 40/47 [00:01<00:00, 25.01it/s, loss=0.287, v_num=]
Epoch 266: 100%|██████████| 47/47 [00:01<00:00, 23.85it/s, loss=0.288, v_num=]
Epoch 266:   0%|          | 0/47 [00:00<?, ?it/s, loss=0.288, v_num=]         
Epoch 267:   0%|          | 0/47 [00:00<?, ?it/s, loss=0.288, v_num=]
Epoch 267:  43%|████▎     | 20/47 [00:00<00:01, 21.06it/s, loss=0.288, v_num=]
Epoch 267:  43%|████▎     | 20/47 [00:00<00:01, 21.04it/s, loss=0.287, v_num=]
Epoch 267:  85%|████████▌ | 40/47 [00:01<00:00, 22.78it/s, loss=0.287, v_num=]
Epoch 267:  85%|████████▌ | 40/47 [00:01<00:00, 22.77it/s, loss=0.289, v_num=]
Epoch 267: 100%|██████████| 47/47 [00:02<00:00, 20.47it/s, loss=0.285, v_num=]
Epoch 267:   0%|          | 0/47 [00:00<?, ?it/s, loss=0.285, v_num=]         
Epoch 268:   0%|          | 0/47 [00:00<?, ?it/s, loss=0.285, v_num=]
Epoch 268:  43%|████▎     | 20/47 [00:01<00:01, 15.41it/s, loss=0.285, v_num=]
Epoch 268:  43%|████▎     | 20/47 [00:01<00:01, 15.40it/s, loss=0.284, v_num=]
Epoch 268:  85%|████████▌ | 40/47 [00:02<00:00, 19.34it/s, loss=0.284, v_num=]
Epoch 268:  85%|████████▌ | 40/47 [00:02<00:00, 19.34it/s, loss=0.283, v_num=]
Epoch 268: 100%|██████████| 47/47 [00:02<00:00, 19.38it/s, loss=0.284, v_num=]
Epoch 268:   0%|          | 0/47 [00:00<?, ?it/s, loss=0.284, v_num=]         
Epoch 269:   0%|          | 0/47 [00:00<?, ?it/s, loss=0.284, v_num=]
Epoch 269:  43%|████▎     | 20/47 [00:00<00:01, 20.86it/s, loss=0.284, v_num=]
Epoch 269:  43%|████▎     | 20/47 [00:00<00:01, 20.84it/s, loss=0.282, v_num=]
Epoch 269:  85%|████████▌ | 40/47 [00:01<00:00, 24.34it/s, loss=0.282, v_num=]
Epoch 269:  85%|████████▌ | 40/47 [00:01<00:00, 24.33it/s, loss=0.29, v_num=] 
Epoch 269: 100%|██████████| 47/47 [00:01<00:00, 23.59it/s, loss=0.287, v_num=]
Epoch 269:   0%|          | 0/47 [00:00<?, ?it/s, loss=0.287, v_num=]         
Epoch 270:   0%|          | 0/47 [00:00<?, ?it/s, loss=0.287, v_num=]
Epoch 270:  43%|████▎     | 20/47 [00:00<00:01, 21.36it/s, loss=0.287, v_num=]
Epoch 270:  43%|████▎     | 20/47 [00:00<00:01, 21.35it/s, loss=0.289, v_num=]
Epoch 270:  85%|████████▌ | 40/47 [00:01<00:00, 24.87it/s, loss=0.289, v_num=]
Epoch 270:  85%|████████▌ | 40/47 [00:01<00:00, 24.86it/s, loss=0.284, v_num=]
Epoch 270: 100%|██████████| 47/47 [00:01<00:00, 24.00it/s, loss=0.282, v_num=]Evaluating...
NMI : 0.6241509830164994, ARI: 0.3782980062927831, ACC: 0.3755, current K: 8
Epoch 270 | NMI: 0.6242, ARI: 0.3783, ACC: 0.3755, current K: 8
Confusion Matrix:
[[  0   0  23 272   5   0   0   0   0   0   0   0   0   0   0   0   0   0
    0   0]
 [  0   2   0   0   1   8   3 286   0   0   0   0   0   0   0   0   0   0
    0   0]
 [  5   0   3 285   2   3   1   1   0   0   0   0   0   0   0   0   0   0
    0   0]
 [  0   1   0   2   1   0  79 217   0   0   0   0   0   0   0   0   0   0
    0   0]
 [  3 273   6   0   0   0  16   2   0   0   0   0   0   0   0   0   0   0
    0   0]
 [  0   0   4   7 280   6   3   0   0   0   0   0   0   0   0   0   0   0
    0   0]
 [103 190   1   0   0   0   0   6   0   0   0   0   0   0   0   0   0   0
    0   0]
 [  1   2   0  12 274   6   5   0   0   0   0   0   0   0   0   0   0   0
    0   0]
 [  1   0  49 210  34   6   0   0   0   0   0   0   0   0   0   0   0   0
    0   0]
 [  2  54   0   2   0   1   4 237   0   0   0   0   0   0   0   0   0   0
    0   0]
 [  1   0  10 257  22   1   7   2   0   0   0   0   0   0   0   0   0   0
    0   0]
 [  1  34   3   1   0   1  62 198   0   0   0   0   0   0   0   0   0   0
    0   0]
 [270  13   2  10   0   0   0   5   0   0   0   0   0   0   0   0   0   0
    0   0]
 [  0   0   0  15   8   0 265  12   0   0   0   0   0   0   0   0   0   0
    0   0]
 [  0  10 267  11   0   0   7   5   0   0   0   0   0   0   0   0   0   0
    0   0]
 [  0   1   0  10   5 269   0  15   0   0   0   0   0   0   0   0   0   0
    0   0]
 [  0   4 280   1   5   0   6   4   0   0   0   0   0   0   0   0   0   0
    0   0]
 [  0   2   0   2   7 288   0   1   0   0   0   0   0   0   0   0   0   0
    0   0]
 [277  14   0   0   6   1   2   0   0   0   0   0   0   0   0   0   0   0
    0   0]
 [  0   2   0   8   6   0 284   0   0   0   0   0   0   0   0   0   0   0
    0   0]]

Epoch 270:   0%|          | 0/47 [00:00<?, ?it/s, loss=0.282, v_num=]         
Epoch 271:   0%|          | 0/47 [00:00<?, ?it/s, loss=0.282, v_num=]/usr/local/lib/python3.13/dist-packages/torch/utils/data/dataloader.py:432: UserWarning: This DataLoader will create 6 worker processes in total. Our suggested max number of worker in current system is 2, which is smaller than what this DataLoader is going to create. Please be aware that excessive worker creation might get DataLoader running slow or even freeze, lower the worker number to avoid potential slowness/freeze if necessary.
  self.check_worker_number_rationality()

Epoch 271:  43%|████▎     | 20/47 [00:00<00:01, 20.91it/s, loss=0.282, v_num=]
Epoch 271:  43%|████▎     | 20/47 [00:00<00:01, 20.90it/s, loss=0.285, v_num=]
Epoch 271:  85%|████████▌ | 40/47 [00:01<00:00, 24.32it/s, loss=0.285, v_num=]
Epoch 271:  85%|████████▌ | 40/47 [00:01<00:00, 24.32it/s, loss=0.285, v_num=]
Epoch 271: 100%|██████████| 47/47 [00:01<00:00, 23.58it/s, loss=0.286, v_num=]
Epoch 271:   0%|          | 0/47 [00:00<?, ?it/s, loss=0.286, v_num=]         
Epoch 272:   0%|          | 0/47 [00:00<?, ?it/s, loss=0.286, v_num=]
Epoch 272:  43%|████▎     | 20/47 [00:00<00:01, 20.86it/s, loss=0.286, v_num=]
Epoch 272:  43%|████▎     | 20/47 [00:00<00:01, 20.84it/s, loss=0.28, v_num=] 
Epoch 272:  85%|████████▌ | 40/47 [00:01<00:00, 24.49it/s, loss=0.28, v_num=]
Epoch 272:  85%|████████▌ | 40/47 [00:01<00:00, 24.49it/s, loss=0.288, v_num=]
Epoch 272: 100%|██████████| 47/47 [00:01<00:00, 23.63it/s, loss=0.279, v_num=]
Epoch 272:   0%|          | 0/47 [00:00<?, ?it/s, loss=0.279, v_num=]         
Epoch 273:   0%|          | 0/47 [00:00<?, ?it/s, loss=0.279, v_num=]
Epoch 273:  43%|████▎     | 20/47 [00:00<00:01, 21.12it/s, loss=0.279, v_num=]
Epoch 273:  43%|████▎     | 20/47 [00:00<00:01, 21.11it/s, loss=0.282, v_num=]
Epoch 273:  85%|████████▌ | 40/47 [00:01<00:00, 22.40it/s, loss=0.282, v_num=]
Epoch 273:  85%|████████▌ | 40/47 [00:01<00:00, 22.40it/s, loss=0.284, v_num=]
Epoch 273: 100%|██████████| 47/47 [00:02<00:00, 20.50it/s, loss=0.286, v_num=]
Epoch 273:   0%|          | 0/47 [00:00<?, ?it/s, loss=0.286, v_num=]         
Epoch 274:   0%|          | 0/47 [00:00<?, ?it/s, loss=0.286, v_num=]
Epoch 274:  43%|████▎     | 20/47 [00:01<00:01, 14.32it/s, loss=0.286, v_num=]
Epoch 274:  43%|████▎     | 20/47 [00:01<00:01, 14.31it/s, loss=0.279, v_num=]
Epoch 274:  85%|████████▌ | 40/47 [00:02<00:00, 19.42it/s, loss=0.279, v_num=]
Epoch 274:  85%|████████▌ | 40/47 [00:02<00:00, 19.41it/s, loss=0.28, v_num=] 
Epoch 274: 100%|██████████| 47/47 [00:02<00:00, 19.23it/s, loss=0.279, v_num=]
Epoch 274:   0%|          | 0/47 [00:00<?, ?it/s, loss=0.279, v_num=]         
Epoch 275:   0%|          | 0/47 [00:00<?, ?it/s, loss=0.279, v_num=]
Epoch 275:  43%|████▎     | 20/47 [00:00<00:01, 21.60it/s, loss=0.279, v_num=]
Epoch 275:  43%|████▎     | 20/47 [00:00<00:01, 21.58it/s, loss=0.282, v_num=]
Epoch 275:  85%|████████▌ | 40/47 [00:01<00:00, 25.16it/s, loss=0.282, v_num=]
Epoch 275:  85%|████████▌ | 40/47 [00:01<00:00, 25.15it/s, loss=0.28, v_num=] 
Epoch 275: 100%|██████████| 47/47 [00:01<00:00, 24.19it/s, loss=0.276, v_num=]Evaluating...
NMI : 0.6293810995470934, ARI: 0.3815762395140183, ACC: 0.37567, current K: 8

Epoch 275:   0%|          | 0/47 [00:00<?, ?it/s, loss=0.276, v_num=]         
Epoch 276:   0%|          | 0/47 [00:00<?, ?it/s, loss=0.276, v_num=]/usr/local/lib/python3.13/dist-packages/torch/utils/data/dataloader.py:432: UserWarning: This DataLoader will create 6 worker processes in total. Our suggested max number of worker in current system is 2, which is smaller than what this DataLoader is going to create. Please be aware that excessive worker creation might get DataLoader running slow or even freeze, lower the worker number to avoid potential slowness/freeze if necessary.
  self.check_worker_number_rationality()

Epoch 276:  43%|████▎     | 20/47 [00:00<00:01, 21.64it/s, loss=0.276, v_num=]
Epoch 276:  43%|████▎     | 20/47 [00:00<00:01, 21.62it/s, loss=0.279, v_num=]
Epoch 276:  85%|████████▌ | 40/47 [00:01<00:00, 25.08it/s, loss=0.279, v_num=]
Epoch 276:  85%|████████▌ | 40/47 [00:01<00:00, 25.08it/s, loss=0.282, v_num=]
Epoch 276: 100%|██████████| 47/47 [00:01<00:00, 23.99it/s, loss=0.278, v_num=]
Epoch 276:   0%|          | 0/47 [00:00<?, ?it/s, loss=0.278, v_num=]         
Epoch 277:   0%|          | 0/47 [00:00<?, ?it/s, loss=0.278, v_num=]
Epoch 277:  43%|████▎     | 20/47 [00:00<00:01, 20.62it/s, loss=0.278, v_num=]
Epoch 277:  43%|████▎     | 20/47 [00:00<00:01, 20.60it/s, loss=0.278, v_num=]
Epoch 277:  85%|████████▌ | 40/47 [00:01<00:00, 24.02it/s, loss=0.278, v_num=]
Epoch 277:  85%|████████▌ | 40/47 [00:01<00:00, 24.01it/s, loss=0.276, v_num=]
Epoch 277: 100%|██████████| 47/47 [00:02<00:00, 23.06it/s, loss=0.278, v_num=]
Epoch 277:   0%|          | 0/47 [00:00<?, ?it/s, loss=0.278, v_num=]         
Epoch 278:   0%|          | 0/47 [00:00<?, ?it/s, loss=0.278, v_num=]
Epoch 278:  43%|████▎     | 20/47 [00:00<00:01, 20.27it/s, loss=0.278, v_num=]
Epoch 278:  43%|████▎     | 20/47 [00:00<00:01, 20.25it/s, loss=0.282, v_num=]
Epoch 278:  85%|████████▌ | 40/47 [00:01<00:00, 23.60it/s, loss=0.282, v_num=]
Epoch 278:  85%|████████▌ | 40/47 [00:01<00:00, 23.60it/s, loss=0.278, v_num=]
Epoch 278: 100%|██████████| 47/47 [00:02<00:00, 22.34it/s, loss=0.276, v_num=]
Epoch 278:   0%|          | 0/47 [00:00<?, ?it/s, loss=0.276, v_num=]         
Epoch 279:   0%|          | 0/47 [00:00<?, ?it/s, loss=0.276, v_num=]
Epoch 279:  43%|████▎     | 20/47 [00:01<00:01, 17.84it/s, loss=0.276, v_num=]
Epoch 279:  43%|████▎     | 20/47 [00:01<00:01, 17.83it/s, loss=0.275, v_num=]
Epoch 279:  85%|████████▌ | 40/47 [00:02<00:00, 19.91it/s, loss=0.275, v_num=]
Epoch 279:  85%|████████▌ | 40/47 [00:02<00:00, 19.91it/s, loss=0.28, v_num=] 
Epoch 279: 100%|██████████| 47/47 [00:02<00:00, 18.54it/s, loss=0.271, v_num=]
Epoch 279:   0%|          | 0/47 [00:00<?, ?it/s, loss=0.271, v_num=]         
Epoch 280:   0%|          | 0/47 [00:00<?, ?it/s, loss=0.271, v_num=]
Epoch 280:  43%|████▎     | 20/47 [00:01<00:01, 15.21it/s, loss=0.271, v_num=]
Epoch 280:  43%|████▎     | 20/47 [00:01<00:01, 15.20it/s, loss=0.277, v_num=]
Epoch 280:  85%|████████▌ | 40/47 [00:02<00:00, 19.97it/s, loss=0.277, v_num=]
Epoch 280:  85%|████████▌ | 40/47 [00:02<00:00, 19.97it/s, loss=0.277, v_num=]
Epoch 280: 100%|██████████| 47/47 [00:02<00:00, 19.94it/s, loss=0.277, v_num=]Evaluating...
NMI : 0.635490749929524, ARI: 0.38513485517717383, ACC: 0.37667, current K: 8
Epoch 280 | NMI: 0.6355, ARI: 0.3851, ACC: 0.3767, current K: 8
Confusion Matrix:
[[  0   0  16 279   5   0   0   0   0   0   0   0   0   0   0   0   0   0
    0   0]
 [  0   2   0   0   1   9   1 287   0   0   0   0   0   0   0   0   0   0
    0   0]
 [  6   0   1 286   4   2   1   0   0   0   0   0   0   0   0   0   0   0
    0   0]
 [  0   1   0   2   0   0  59 238   0   0   0   0   0   0   0   0   0   0
    0   0]
 [  2 278   6   0   0   0   9   5   0   0   0   0   0   0   0   0   0   0
    0   0]
 [  0   0   3   5 287   3   2   0   0   0   0   0   0   0   0   0   0   0
    0   0]
 [ 95 199   1   0   0   0   0   5   0   0   0   0   0   0   0   0   0   0
    0   0]
 [  1   2   0  12 276   5   4   0   0   0   0   0   0   0   0   0   0   0
    0   0]
 [  1   0  25 227  45   2   0   0   0   0   0   0   0   0   0   0   0   0
    0   0]
 [  2  62   0   2   0   1   0 233   0   0   0   0   0   0   0   0   0   0
    0   0]
 [  1   0   4 260  25   1   7   2   0   0   0   0   0   0   0   0   0   0
    0   0]
 [  1  52   3   1   0   1  39 203   0   0   0   0   0   0   0   0   0   0
    0   0]
 [272  12   0   9   1   0   1   5   0   0   0   0   0   0   0   0   0   0
    0   0]
 [  0   0   0  15   5   0 269  11   0   0   0   0   0   0   0   0   0   0
    0   0]
 [  0  16 263  13   0   0   3   5   0   0   0   0   0   0   0   0   0   0
    0   0]
 [  0   1   0  10   6 271   0  12   0   0   0   0   0   0   0   0   0   0
    0   0]
 [  0   6 278   1   8   0   4   3   0   0   0   0   0   0   0   0   0   0
    0   0]
 [  0   4   0   2   7 287   0   0   0   0   0   0   0   0   0   0   0   0
    0   0]
 [275  15   0   0   8   1   1   0   0   0   0   0   0   0   0   0   0   0
    0   0]
 [  0   4   0   7   7   0 282   0   0   0   0   0   0   0   0   0   0   0
    0   0]]

Epoch 280:   0%|          | 0/47 [00:00<?, ?it/s, loss=0.277, v_num=]         
Epoch 281:   0%|          | 0/47 [00:00<?, ?it/s, loss=0.277, v_num=]/usr/local/lib/python3.13/dist-packages/torch/utils/data/dataloader.py:432: UserWarning: This DataLoader will create 6 worker processes in total. Our suggested max number of worker in current system is 2, which is smaller than what this DataLoader is going to create. Please be aware that excessive worker creation might get DataLoader running slow or even freeze, lower the worker number to avoid potential slowness/freeze if necessary.
  self.check_worker_number_rationality()

Epoch 281:  43%|████▎     | 20/47 [00:00<00:01, 20.26it/s, loss=0.277, v_num=]
Epoch 281:  43%|████▎     | 20/47 [00:00<00:01, 20.24it/s, loss=0.276, v_num=]
Epoch 281:  85%|████████▌ | 40/47 [00:01<00:00, 23.91it/s, loss=0.276, v_num=]
Epoch 281:  85%|████████▌ | 40/47 [00:01<00:00, 23.90it/s, loss=0.281, v_num=]
Epoch 281: 100%|██████████| 47/47 [00:02<00:00, 23.12it/s, loss=0.278, v_num=]
Epoch 281:   0%|          | 0/47 [00:00<?, ?it/s, loss=0.278, v_num=]         
Epoch 282:   0%|          | 0/47 [00:00<?, ?it/s, loss=0.278, v_num=]
Epoch 282:  43%|████▎     | 20/47 [00:00<00:01, 20.58it/s, loss=0.278, v_num=]
Epoch 282:  43%|████▎     | 20/47 [00:00<00:01, 20.56it/s, loss=0.276, v_num=]
Epoch 282:  85%|████████▌ | 40/47 [00:01<00:00, 24.04it/s, loss=0.276, v_num=]
Epoch 282:  85%|████████▌ | 40/47 [00:01<00:00, 24.04it/s, loss=0.277, v_num=]
Epoch 282: 100%|██████████| 47/47 [00:02<00:00, 23.26it/s, loss=0.273, v_num=]
Epoch 282:   0%|          | 0/47 [00:00<?, ?it/s, loss=0.273, v_num=]         
Epoch 283:   0%|          | 0/47 [00:00<?, ?it/s, loss=0.273, v_num=]
Epoch 283:  43%|████▎     | 20/47 [00:01<00:01, 19.91it/s, loss=0.273, v_num=]
Epoch 283:  43%|████▎     | 20/47 [00:01<00:01, 19.89it/s, loss=0.277, v_num=]
Epoch 283:  85%|████████▌ | 40/47 [00:01<00:00, 23.42it/s, loss=0.277, v_num=]
Epoch 283:  85%|████████▌ | 40/47 [00:01<00:00, 23.42it/s, loss=0.275, v_num=]
Epoch 283: 100%|██████████| 47/47 [00:02<00:00, 22.77it/s, loss=0.273, v_num=]
Epoch 283:   0%|          | 0/47 [00:00<?, ?it/s, loss=0.273, v_num=]         
Epoch 284:   0%|          | 0/47 [00:00<?, ?it/s, loss=0.273, v_num=]
Epoch 284:  43%|████▎     | 20/47 [00:00<00:01, 20.14it/s, loss=0.273, v_num=]
Epoch 284:  43%|████▎     | 20/47 [00:00<00:01, 20.13it/s, loss=0.27, v_num=] 
Epoch 284:  85%|████████▌ | 40/47 [00:01<00:00, 23.70it/s, loss=0.27, v_num=]
Epoch 284:  85%|████████▌ | 40/47 [00:01<00:00, 23.69it/s, loss=0.282, v_num=]
Epoch 284: 100%|██████████| 47/47 [00:02<00:00, 22.95it/s, loss=0.279, v_num=]
Epoch 284:   0%|          | 0/47 [00:00<?, ?it/s, loss=0.279, v_num=]         
Epoch 285:   0%|          | 0/47 [00:00<?, ?it/s, loss=0.279, v_num=]
Epoch 285:  43%|████▎     | 20/47 [00:01<00:01, 15.82it/s, loss=0.279, v_num=]
Epoch 285:  43%|████▎     | 20/47 [00:01<00:01, 15.81it/s, loss=0.271, v_num=]
Epoch 285:  85%|████████▌ | 40/47 [00:02<00:00, 17.91it/s, loss=0.271, v_num=]
Epoch 285:  85%|████████▌ | 40/47 [00:02<00:00, 17.90it/s, loss=0.273, v_num=]
Epoch 285: 100%|██████████| 47/47 [00:02<00:00, 17.33it/s, loss=0.274, v_num=]Evaluating...
NMI : 0.6416627971715959, ARI: 0.38837617537173064, ACC: 0.37683, current K: 8

Epoch 285:   0%|          | 0/47 [00:00<?, ?it/s, loss=0.274, v_num=]         
Epoch 286:   0%|          | 0/47 [00:00<?, ?it/s, loss=0.274, v_num=]/usr/local/lib/python3.13/dist-packages/torch/utils/data/dataloader.py:432: UserWarning: This DataLoader will create 6 worker processes in total. Our suggested max number of worker in current system is 2, which is smaller than what this DataLoader is going to create. Please be aware that excessive worker creation might get DataLoader running slow or even freeze, lower the worker number to avoid potential slowness/freeze if necessary.
  self.check_worker_number_rationality()

Epoch 286:  43%|████▎     | 20/47 [00:01<00:01, 19.12it/s, loss=0.274, v_num=]
Epoch 286:  43%|████▎     | 20/47 [00:01<00:01, 19.11it/s, loss=0.276, v_num=]
Epoch 286:  85%|████████▌ | 40/47 [00:01<00:00, 23.42it/s, loss=0.276, v_num=]
Epoch 286:  85%|████████▌ | 40/47 [00:01<00:00, 23.42it/s, loss=0.269, v_num=]
Epoch 286: 100%|██████████| 47/47 [00:02<00:00, 22.78it/s, loss=0.269, v_num=]
Epoch 286:   0%|          | 0/47 [00:00<?, ?it/s, loss=0.269, v_num=]         
Epoch 287:   0%|          | 0/47 [00:00<?, ?it/s, loss=0.269, v_num=]
Epoch 287:  43%|████▎     | 20/47 [00:00<00:01, 21.03it/s, loss=0.269, v_num=]
Epoch 287:  43%|████▎     | 20/47 [00:00<00:01, 21.01it/s, loss=0.275, v_num=]
Epoch 287:  85%|████████▌ | 40/47 [00:01<00:00, 24.75it/s, loss=0.275, v_num=]
Epoch 287:  85%|████████▌ | 40/47 [00:01<00:00, 24.75it/s, loss=0.275, v_num=]
Epoch 287: 100%|██████████| 47/47 [00:01<00:00, 23.83it/s, loss=0.272, v_num=]
Epoch 287:   0%|          | 0/47 [00:00<?, ?it/s, loss=0.272, v_num=]         
Epoch 288:   0%|          | 0/47 [00:00<?, ?it/s, loss=0.272, v_num=]
Epoch 288:  43%|████▎     | 20/47 [00:00<00:01, 21.02it/s, loss=0.272, v_num=]
Epoch 288:  43%|████▎     | 20/47 [00:00<00:01, 21.00it/s, loss=0.27, v_num=] 
Epoch 288:  85%|████████▌ | 40/47 [00:01<00:00, 24.76it/s, loss=0.27, v_num=]
Epoch 288:  85%|████████▌ | 40/47 [00:01<00:00, 24.76it/s, loss=0.272, v_num=]
Epoch 288: 100%|██████████| 47/47 [00:01<00:00, 23.77it/s, loss=0.275, v_num=]
Epoch 288:   0%|          | 0/47 [00:00<?, ?it/s, loss=0.275, v_num=]         
Epoch 289:   0%|          | 0/47 [00:00<?, ?it/s, loss=0.275, v_num=]
Epoch 289:  43%|████▎     | 20/47 [00:00<00:01, 20.87it/s, loss=0.275, v_num=]
Epoch 289:  43%|████▎     | 20/47 [00:00<00:01, 20.86it/s, loss=0.269, v_num=]
Epoch 289:  85%|████████▌ | 40/47 [00:01<00:00, 24.40it/s, loss=0.269, v_num=]
Epoch 289:  85%|████████▌ | 40/47 [00:01<00:00, 24.39it/s, loss=0.271, v_num=]
Epoch 289: 100%|██████████| 47/47 [00:02<00:00, 23.43it/s, loss=0.277, v_num=]
Epoch 289:   0%|          | 0/47 [00:00<?, ?it/s, loss=0.277, v_num=]         
Epoch 290:   0%|          | 0/47 [00:00<?, ?it/s, loss=0.277, v_num=]
Epoch 290:  43%|████▎     | 20/47 [00:00<00:01, 20.38it/s, loss=0.277, v_num=]
Epoch 290:  43%|████▎     | 20/47 [00:00<00:01, 20.37it/s, loss=0.269, v_num=]
Epoch 290:  85%|████████▌ | 40/47 [00:01<00:00, 23.93it/s, loss=0.269, v_num=]
Epoch 290:  85%|████████▌ | 40/47 [00:01<00:00, 23.93it/s, loss=0.274, v_num=]
Epoch 290: 100%|██████████| 47/47 [00:02<00:00, 22.74it/s, loss=0.272, v_num=]Evaluating...
NMI : 0.646883924352207, ARI: 0.3903318388025922, ACC: 0.37667, current K: 8
Epoch 290 | NMI: 0.6469, ARI: 0.3903, ACC: 0.3767, current K: 8
Confusion Matrix:
[[  0   0   9 286   5   0   0   0   0   0   0   0   0   0   0   0   0   0
    0   0]
 [  0   4   0   0   1  10   1 284   0   0   0   0   0   0   0   0   0   0
    0   0]
 [  4   0   0 288   4   2   1   1   0   0   0   0   0   0   0   0   0   0
    0   0]
 [  0   1   0   0   0   0  35 264   0   0   0   0   0   0   0   0   0   0
    0   0]
 [  2 282   6   0   1   0   3   6   0   0   0   0   0   0   0   0   0   0
    0   0]
 [  0   1   1   7 288   2   1   0   0   0   0   0   0   0   0   0   0   0
    0   0]
 [ 84 211   1   0   0   0   0   4   0   0   0   0   0   0   0   0   0   0
    0   0]
 [  1   4   0  12 276   4   3   0   0   0   0   0   0   0   0   0   0   0
    0   0]
 [  1   0   5 235  57   2   0   0   0   0   0   0   0   0   0   0   0   0
    0   0]
 [  1  64   0   2   0   1   0 232   0   0   0   0   0   0   0   0   0   0
    0   0]
 [  1   1   1 262  27   0   6   2   0   0   0   0   0   0   0   0   0   0
    0   0]
 [  2  64   2   2   0   1  12 217   0   0   0   0   0   0   0   0   0   0
    0   0]
 [271  11   0  10   2   0   0   6   0   0   0   0   0   0   0   0   0   0
    0   0]
 [  0   0   0  15   4   0 268  13   0   0   0   0   0   0   0   0   0   0
    0   0]
 [  0  19 262  13   0   0   0   6   0   0   0   0   0   0   0   0   0   0
    0   0]
 [  0   2   0   9   7 273   0   9   0   0   0   0   0   0   0   0   0   0
    0   0]
 [  0  15 277   0   6   0   0   2   0   0   0   0   0   0   0   0   0   0
    0   0]
 [  0   6   0   2   7 285   0   0   0   0   0   0   0   0   0   0   0   0
    0   0]
 [273  16   0   0   9   0   2   0   0   0   0   0   0   0   0   0   0   0
    0   0]
 [  0   4   0   6   7   0 283   0   0   0   0   0   0   0   0   0   0   0
    0   0]]

Epoch 290:   0%|          | 0/47 [00:00<?, ?it/s, loss=0.272, v_num=]         
Epoch 291:   0%|          | 0/47 [00:00<?, ?it/s, loss=0.272, v_num=]/usr/local/lib/python3.13/dist-packages/torch/utils/data/dataloader.py:432: UserWarning: This DataLoader will create 6 worker processes in total. Our suggested max number of worker in current system is 2, which is smaller than what this DataLoader is going to create. Please be aware that excessive worker creation might get DataLoader running slow or even freeze, lower the worker number to avoid potential slowness/freeze if necessary.
  self.check_worker_number_rationality()

Epoch 291:  43%|████▎     | 20/47 [00:01<00:01, 16.61it/s, loss=0.272, v_num=]
Epoch 291:  43%|████▎     | 20/47 [00:01<00:01, 16.60it/s, loss=0.272, v_num=]
Epoch 291:  85%|████████▌ | 40/47 [00:02<00:00, 19.01it/s, loss=0.272, v_num=]
Epoch 291:  85%|████████▌ | 40/47 [00:02<00:00, 19.00it/s, loss=0.27, v_num=] 
Epoch 291: 100%|██████████| 47/47 [00:02<00:00, 18.01it/s, loss=0.266, v_num=]
Epoch 291:   0%|          | 0/47 [00:00<?, ?it/s, loss=0.266, v_num=]         
Epoch 292:   0%|          | 0/47 [00:00<?, ?it/s, loss=0.266, v_num=]
Epoch 292:  43%|████▎     | 20/47 [00:01<00:01, 17.30it/s, loss=0.266, v_num=]
Epoch 292:  43%|████▎     | 20/47 [00:01<00:01, 17.29it/s, loss=0.271, v_num=]
Epoch 292:  85%|████████▌ | 40/47 [00:01<00:00, 21.08it/s, loss=0.271, v_num=]
Epoch 292:  85%|████████▌ | 40/47 [00:01<00:00, 21.08it/s, loss=0.272, v_num=]
Epoch 292: 100%|██████████| 47/47 [00:02<00:00, 20.87it/s, loss=0.272, v_num=]
Epoch 292:   0%|          | 0/47 [00:00<?, ?it/s, loss=0.272, v_num=]         
Epoch 293:   0%|          | 0/47 [00:00<?, ?it/s, loss=0.272, v_num=]
Epoch 293:  43%|████▎     | 20/47 [00:00<00:01, 20.88it/s, loss=0.272, v_num=]
Epoch 293:  43%|████▎     | 20/47 [00:00<00:01, 20.87it/s, loss=0.268, v_num=]
Epoch 293:  85%|████████▌ | 40/47 [00:01<00:00, 23.76it/s, loss=0.268, v_num=]
Epoch 293:  85%|████████▌ | 40/47 [00:01<00:00, 23.75it/s, loss=0.274, v_num=]
Epoch 293: 100%|██████████| 47/47 [00:02<00:00, 23.04it/s, loss=0.274, v_num=]
Epoch 293:   0%|          | 0/47 [00:00<?, ?it/s, loss=0.274, v_num=]         
Epoch 294:   0%|          | 0/47 [00:00<?, ?it/s, loss=0.274, v_num=]
Epoch 294:  43%|████▎     | 20/47 [00:00<00:01, 20.66it/s, loss=0.274, v_num=]
Epoch 294:  43%|████▎     | 20/47 [00:00<00:01, 20.64it/s, loss=0.269, v_num=]
Epoch 294:  85%|████████▌ | 40/47 [00:01<00:00, 24.02it/s, loss=0.269, v_num=]
Epoch 294:  85%|████████▌ | 40/47 [00:01<00:00, 24.01it/s, loss=0.269, v_num=]
Epoch 294: 100%|██████████| 47/47 [00:02<00:00, 23.15it/s, loss=0.274, v_num=]
Epoch 294:   0%|          | 0/47 [00:00<?, ?it/s, loss=0.274, v_num=]         
Epoch 295:   0%|          | 0/47 [00:00<?, ?it/s, loss=0.274, v_num=]
Epoch 295:  43%|████▎     | 20/47 [00:00<00:01, 20.84it/s, loss=0.274, v_num=]
Epoch 295:  43%|████▎     | 20/47 [00:00<00:01, 20.83it/s, loss=0.267, v_num=]
Epoch 295:  85%|████████▌ | 40/47 [00:01<00:00, 24.12it/s, loss=0.267, v_num=]
Epoch 295:  85%|████████▌ | 40/47 [00:01<00:00, 24.11it/s, loss=0.275, v_num=]
Epoch 295: 100%|██████████| 47/47 [00:02<00:00, 23.18it/s, loss=0.274, v_num=]Evaluating...
NMI : 0.6502963412367533, ARI: 0.39182736256888784, ACC: 0.37617, current K: 8

Epoch 295:   0%|          | 0/47 [00:00<?, ?it/s, loss=0.274, v_num=]         
Epoch 296:   0%|          | 0/47 [00:00<?, ?it/s, loss=0.274, v_num=]/usr/local/lib/python3.13/dist-packages/torch/utils/data/dataloader.py:432: UserWarning: This DataLoader will create 6 worker processes in total. Our suggested max number of worker in current system is 2, which is smaller than what this DataLoader is going to create. Please be aware that excessive worker creation might get DataLoader running slow or even freeze, lower the worker number to avoid potential slowness/freeze if necessary.
  self.check_worker_number_rationality()

Epoch 296:  43%|████▎     | 20/47 [00:00<00:01, 20.05it/s, loss=0.274, v_num=]
Epoch 296:  43%|████▎     | 20/47 [00:00<00:01, 20.03it/s, loss=0.269, v_num=]
Epoch 296:  85%|████████▌ | 40/47 [00:01<00:00, 24.06it/s, loss=0.269, v_num=]
Epoch 296:  85%|████████▌ | 40/47 [00:01<00:00, 24.05it/s, loss=0.272, v_num=]
Epoch 296: 100%|██████████| 47/47 [00:02<00:00, 23.10it/s, loss=0.271, v_num=]
Epoch 296:   0%|          | 0/47 [00:00<?, ?it/s, loss=0.271, v_num=]         
Epoch 297:   0%|          | 0/47 [00:00<?, ?it/s, loss=0.271, v_num=]
Epoch 297:  43%|████▎     | 20/47 [00:01<00:01, 15.98it/s, loss=0.271, v_num=]
Epoch 297:  43%|████▎     | 20/47 [00:01<00:01, 15.97it/s, loss=0.272, v_num=]
Epoch 297:  85%|████████▌ | 40/47 [00:02<00:00, 18.66it/s, loss=0.272, v_num=]
Epoch 297:  85%|████████▌ | 40/47 [00:02<00:00, 18.66it/s, loss=0.277, v_num=]
Epoch 297: 100%|██████████| 47/47 [00:02<00:00, 17.90it/s, loss=0.27, v_num=] 
Epoch 297:   0%|          | 0/47 [00:00<?, ?it/s, loss=0.27, v_num=]         
Epoch 298:   0%|          | 0/47 [00:00<?, ?it/s, loss=0.27, v_num=]
Epoch 298:  43%|████▎     | 20/47 [00:00<00:01, 20.86it/s, loss=0.27, v_num=]
Epoch 298:  43%|████▎     | 20/47 [00:00<00:01, 20.84it/s, loss=0.263, v_num=]
Epoch 298:  85%|████████▌ | 40/47 [00:01<00:00, 24.27it/s, loss=0.263, v_num=]
Epoch 298:  85%|████████▌ | 40/47 [00:01<00:00, 24.27it/s, loss=0.272, v_num=]
Epoch 298: 100%|██████████| 47/47 [00:02<00:00, 23.15it/s, loss=0.272, v_num=]
Epoch 298:   0%|          | 0/47 [00:00<?, ?it/s, loss=0.272, v_num=]         
Epoch 299:   0%|          | 0/47 [00:00<?, ?it/s, loss=0.272, v_num=]
Epoch 299:  43%|████▎     | 20/47 [00:00<00:01, 20.44it/s, loss=0.272, v_num=]
Epoch 299:  43%|████▎     | 20/47 [00:00<00:01, 20.43it/s, loss=0.265, v_num=]
Epoch 299:  85%|████████▌ | 40/47 [00:01<00:00, 24.29it/s, loss=0.265, v_num=]
Epoch 299:  85%|████████▌ | 40/47 [00:01<00:00, 24.29it/s, loss=0.274, v_num=]
Epoch 299: 100%|██████████| 47/47 [00:02<00:00, 23.27it/s, loss=0.278, v_num=]
Epoch 299:   0%|          | 0/47 [00:00<?, ?it/s, loss=0.278, v_num=]         
Epoch 300:   0%|          | 0/47 [00:00<?, ?it/s, loss=0.278, v_num=]
Epoch 300:  43%|████▎     | 20/47 [00:00<00:01, 20.46it/s, loss=0.278, v_num=]
Epoch 300:  43%|████▎     | 20/47 [00:00<00:01, 20.44it/s, loss=0.266, v_num=]
Epoch 300:  85%|████████▌ | 40/47 [00:01<00:00, 24.20it/s, loss=0.266, v_num=]
Epoch 300:  85%|████████▌ | 40/47 [00:01<00:00, 24.20it/s, loss=0.272, v_num=]
Epoch 300: 100%|██████████| 47/47 [00:02<00:00, 23.15it/s, loss=0.261, v_num=]Evaluating...
NMI : 0.6492837803055763, ARI: 0.3908280236196031, ACC: 0.37467, current K: 8
Epoch 300 | NMI: 0.6493, ARI: 0.3908, ACC: 0.3747, current K: 8
Confusion Matrix:
[[  0   0   9 286   5   0   0   0   0   0   0   0   0   0   0   0   0   0
    0   0]
 [  0   4   0   0   1  10   1 284   0   0   0   0   0   0   0   0   0   0
    0   0]
 [  4   0   0 288   5   2   0   1   0   0   0   0   0   0   0   0   0   0
    0   0]
 [  0   1   0   0   0   0  16 283   0   0   0   0   0   0   0   0   0   0
    0   0]
 [  1 277  13   0   1   0   2   6   0   0   0   0   0   0   0   0   0   0
    0   0]
 [  0   1   0   7 287   3   2   0   0   0   0   0   0   0   0   0   0   0
    0   0]
 [ 73 222   2   0   0   0   0   3   0   0   0   0   0   0   0   0   0   0
    0   0]
 [  1   4   0  11 276   5   3   0   0   0   0   0   0   0   0   0   0   0
    0   0]
 [  1   0   2 232  63   2   0   0   0   0   0   0   0   0   0   0   0   0
    0   0]
 [  0  68   0   2   0   1   0 229   0   0   0   0   0   0   0   0   0   0
    0   0]
 [  1   1   2 257  30   0   7   2   0   0   0   0   0   0   0   0   0   0
    0   0]
 [  0  80   2   2   0   1   3 212   0   0   0   0   0   0   0   0   0   0
    0   0]
 [270  11   0  10   2   0   0   7   0   0   0   0   0   0   0   0   0   0
    0   0]
 [  0   0   0  15   4   0 267  14   0   0   0   0   0   0   0   0   0   0
    0   0]
 [  0  17 268  10   0   0   0   5   0   0   0   0   0   0   0   0   0   0
    0   0]
 [  0   2   0   9   8 271   0  10   0   0   0   0   0   0   0   0   0   0
    0   0]
 [  0  18 274   0   6   0   0   2   0   0   0   0   0   0   0   0   0   0
    0   0]
 [  0   6   0   2  10 282   0   0   0   0   0   0   0   0   0   0   0   0
    0   0]
 [273  16   0   0   9   0   1   1   0   0   0   0   0   0   0   0   0   0
    0   0]
 [  0   4   0   6   7   0 283   0   0   0   0   0   0   0   0   0   0   0
    0   0]]

Epoch 300:   0%|          | 0/47 [00:00<?, ?it/s, loss=0.261, v_num=]         
Epoch 301:   0%|          | 0/47 [00:00<?, ?it/s, loss=0.261, v_num=]/usr/local/lib/python3.13/dist-packages/torch/utils/data/dataloader.py:432: UserWarning: This DataLoader will create 6 worker processes in total. Our suggested max number of worker in current system is 2, which is smaller than what this DataLoader is going to create. Please be aware that excessive worker creation might get DataLoader running slow or even freeze, lower the worker number to avoid potential slowness/freeze if necessary.
  self.check_worker_number_rationality()

Epoch 301:  43%|████▎     | 20/47 [00:01<00:01, 19.86it/s, loss=0.261, v_num=]
Epoch 301:  43%|████▎     | 20/47 [00:01<00:01, 19.85it/s, loss=0.264, v_num=]
Epoch 301:  85%|████████▌ | 40/47 [00:01<00:00, 23.97it/s, loss=0.264, v_num=]
Epoch 301:  85%|████████▌ | 40/47 [00:01<00:00, 23.96it/s, loss=0.274, v_num=]
Epoch 301: 100%|██████████| 47/47 [00:02<00:00, 23.04it/s, loss=0.267, v_num=]
Epoch 301:   0%|          | 0/47 [00:00<?, ?it/s, loss=0.267, v_num=]         
Epoch 302:   0%|          | 0/47 [00:00<?, ?it/s, loss=0.267, v_num=]
Epoch 302:  43%|████▎     | 20/47 [00:00<00:01, 20.65it/s, loss=0.267, v_num=]
Epoch 302:  43%|████▎     | 20/47 [00:00<00:01, 20.64it/s, loss=0.269, v_num=]
Epoch 302:  85%|████████▌ | 40/47 [00:01<00:00, 24.42it/s, loss=0.269, v_num=]
Epoch 302:  85%|████████▌ | 40/47 [00:01<00:00, 24.41it/s, loss=0.271, v_num=]
Epoch 302: 100%|██████████| 47/47 [00:02<00:00, 21.85it/s, loss=0.264, v_num=]
Epoch 302:   0%|          | 0/47 [00:00<?, ?it/s, loss=0.264, v_num=]         
Epoch 303:   0%|          | 0/47 [00:00<?, ?it/s, loss=0.264, v_num=]
Epoch 303:  43%|████▎     | 20/47 [00:01<00:01, 15.12it/s, loss=0.264, v_num=]
Epoch 303:  43%|████▎     | 20/47 [00:01<00:01, 15.11it/s, loss=0.266, v_num=]
Epoch 303:  85%|████████▌ | 40/47 [00:02<00:00, 17.41it/s, loss=0.266, v_num=]
Epoch 303:  85%|████████▌ | 40/47 [00:02<00:00, 17.40it/s, loss=0.27, v_num=] 
Epoch 303: 100%|██████████| 47/47 [00:02<00:00, 17.47it/s, loss=0.268, v_num=]
Epoch 303:   0%|          | 0/47 [00:00<?, ?it/s, loss=0.268, v_num=]         
Epoch 304:   0%|          | 0/47 [00:00<?, ?it/s, loss=0.268, v_num=]
Epoch 304:  43%|████▎     | 20/47 [00:01<00:01, 19.78it/s, loss=0.268, v_num=]
Epoch 304:  43%|████▎     | 20/47 [00:01<00:01, 19.76it/s, loss=0.271, v_num=]
Epoch 304:  85%|████████▌ | 40/47 [00:01<00:00, 22.97it/s, loss=0.271, v_num=]
Epoch 304:  85%|████████▌ | 40/47 [00:01<00:00, 22.96it/s, loss=0.271, v_num=]
Epoch 304: 100%|██████████| 47/47 [00:02<00:00, 22.45it/s, loss=0.273, v_num=]
Epoch 304:   0%|          | 0/47 [00:00<?, ?it/s, loss=0.273, v_num=]         
Epoch 305:   0%|          | 0/47 [00:00<?, ?it/s, loss=0.273, v_num=]
Epoch 305:  43%|████▎     | 20/47 [00:01<00:01, 19.18it/s, loss=0.273, v_num=]
Epoch 305:  43%|████▎     | 20/47 [00:01<00:01, 19.17it/s, loss=0.266, v_num=]
Epoch 305:  85%|████████▌ | 40/47 [00:01<00:00, 23.02it/s, loss=0.266, v_num=]
Epoch 305:  85%|████████▌ | 40/47 [00:01<00:00, 23.02it/s, loss=0.266, v_num=]
Epoch 305: 100%|██████████| 47/47 [00:02<00:00, 22.47it/s, loss=0.266, v_num=]Evaluating...
NMI : 0.6488639266346223, ARI: 0.3906292396643495, ACC: 0.37417, current K: 8

Epoch 305:   0%|          | 0/47 [00:00<?, ?it/s, loss=0.266, v_num=]         
Epoch 306:   0%|          | 0/47 [00:00<?, ?it/s, loss=0.266, v_num=]/usr/local/lib/python3.13/dist-packages/torch/utils/data/dataloader.py:432: UserWarning: This DataLoader will create 6 worker processes in total. Our suggested max number of worker in current system is 2, which is smaller than what this DataLoader is going to create. Please be aware that excessive worker creation might get DataLoader running slow or even freeze, lower the worker number to avoid potential slowness/freeze if necessary.
  self.check_worker_number_rationality()

Epoch 306:  43%|████▎     | 20/47 [00:01<00:01, 18.84it/s, loss=0.266, v_num=]
Epoch 306:  43%|████▎     | 20/47 [00:01<00:01, 18.82it/s, loss=0.265, v_num=]
Epoch 306:  85%|████████▌ | 40/47 [00:01<00:00, 23.19it/s, loss=0.265, v_num=]
Epoch 306:  85%|████████▌ | 40/47 [00:01<00:00, 23.19it/s, loss=0.267, v_num=]
Epoch 306: 100%|██████████| 47/47 [00:02<00:00, 22.71it/s, loss=0.269, v_num=]
Epoch 306:   0%|          | 0/47 [00:00<?, ?it/s, loss=0.269, v_num=]         
Epoch 307:   0%|          | 0/47 [00:00<?, ?it/s, loss=0.269, v_num=]
Epoch 307:  43%|████▎     | 20/47 [00:00<00:01, 21.80it/s, loss=0.269, v_num=]
Epoch 307:  43%|████▎     | 20/47 [00:00<00:01, 21.79it/s, loss=0.27, v_num=] 
Epoch 307:  85%|████████▌ | 40/47 [00:01<00:00, 25.30it/s, loss=0.27, v_num=]
Epoch 307:  85%|████████▌ | 40/47 [00:01<00:00, 25.29it/s, loss=0.268, v_num=]
Epoch 307: 100%|██████████| 47/47 [00:01<00:00, 24.36it/s, loss=0.269, v_num=]
Epoch 307:   0%|          | 0/47 [00:00<?, ?it/s, loss=0.269, v_num=]         
Epoch 308:   0%|          | 0/47 [00:00<?, ?it/s, loss=0.269, v_num=]
Epoch 308:  43%|████▎     | 20/47 [00:00<00:01, 21.48it/s, loss=0.269, v_num=]
Epoch 308:  43%|████▎     | 20/47 [00:00<00:01, 21.46it/s, loss=0.275, v_num=]
Epoch 308:  85%|████████▌ | 40/47 [00:01<00:00, 22.56it/s, loss=0.275, v_num=]
Epoch 308:  85%|████████▌ | 40/47 [00:01<00:00, 22.55it/s, loss=0.269, v_num=]
Epoch 308: 100%|██████████| 47/47 [00:02<00:00, 20.73it/s, loss=0.264, v_num=]
Epoch 308:   0%|          | 0/47 [00:00<?, ?it/s, loss=0.264, v_num=]         
Epoch 309:   0%|          | 0/47 [00:00<?, ?it/s, loss=0.264, v_num=]
Epoch 309:  43%|████▎     | 20/47 [00:01<00:01, 14.94it/s, loss=0.264, v_num=]
Epoch 309:  43%|████▎     | 20/47 [00:01<00:01, 14.93it/s, loss=0.264, v_num=]
Epoch 309:  85%|████████▌ | 40/47 [00:02<00:00, 18.22it/s, loss=0.264, v_num=]
Epoch 309:  85%|████████▌ | 40/47 [00:02<00:00, 18.21it/s, loss=0.269, v_num=]
Epoch 309: 100%|██████████| 47/47 [00:02<00:00, 18.28it/s, loss=0.262, v_num=]
Epoch 309:   0%|          | 0/47 [00:00<?, ?it/s, loss=0.262, v_num=]         
Epoch 310:   0%|          | 0/47 [00:00<?, ?it/s, loss=0.262, v_num=]
Epoch 310:  43%|████▎     | 20/47 [00:01<00:01, 19.98it/s, loss=0.262, v_num=]
Epoch 310:  43%|████▎     | 20/47 [00:01<00:01, 19.97it/s, loss=0.264, v_num=]
Epoch 310:  85%|████████▌ | 40/47 [00:01<00:00, 23.73it/s, loss=0.264, v_num=]
Epoch 310:  85%|████████▌ | 40/47 [00:01<00:00, 23.73it/s, loss=0.267, v_num=]
Epoch 310: 100%|██████████| 47/47 [00:02<00:00, 22.87it/s, loss=0.27, v_num=] Evaluating...
NMI : 0.6497074435542339, ARI: 0.3907731907782913, ACC: 0.37467, current K: 8
Epoch 310 | NMI: 0.6497, ARI: 0.3908, ACC: 0.3747, current K: 8
Confusion Matrix:
[[  0   0   8 287   5   0   0   0   0   0   0   0   0   0   0   0   0   0
    0   0]
 [  0   4   0   0   1  10   0 285   0   0   0   0   0   0   0   0   0   0
    0   0]
 [  3   0   0 289   5   2   0   1   0   0   0   0   0   0   0   0   0   0
    0   0]
 [  0   2   0   0   0   0  10 288   0   0   0   0   0   0   0   0   0   0
    0   0]
 [  0 274  17   0   1   0   2   6   0   0   0   0   0   0   0   0   0   0
    0   0]
 [  0   1   0   7 287   3   2   0   0   0   0   0   0   0   0   0   0   0
    0   0]
 [ 71 223   3   0   0   0   0   3   0   0   0   0   0   0   0   0   0   0
    0   0]
 [  1   4   0  11 273   5   6   0   0   0   0   0   0   0   0   0   0   0
    0   0]
 [  1   0   1 230  66   2   0   0   0   0   0   0   0   0   0   0   0   0
    0   0]
 [  1  67   0   2   0   1   0 229   0   0   0   0   0   0   0   0   0   0
    0   0]
 [  1   3   2 254  32   0   7   1   0   0   0   0   0   0   0   0   0   0
    0   0]
 [  0  80   2   2   0   1   3 212   0   0   0   0   0   0   0   0   0   0
    0   0]
 [270  11   0  10   2   0   0   7   0   0   0   0   0   0   0   0   0   0
    0   0]
 [  0   0   0  15   4   0 268  13   0   0   0   0   0   0   0   0   0   0
    0   0]
 [  0  18 267  10   0   0   0   5   0   0   0   0   0   0   0   0   0   0
    0   0]
 [  0   2   0   9   8 273   0   8   0   0   0   0   0   0   0   0   0   0
    0   0]
 [  0  23 271   0   6   0   0   0   0   0   0   0   0   0   0   0   0   0
    0   0]
 [  0   4   0   2  11 283   0   0   0   0   0   0   0   0   0   0   0   0
    0   0]
 [274  16   0   0   8   0   1   1   0   0   0   0   0   0   0   0   0   0
    0   0]
 [  0   4   0   6   8   0 282   0   0   0   0   0   0   0   0   0   0   0
    0   0]]

Epoch 310:   0%|          | 0/47 [00:00<?, ?it/s, loss=0.27, v_num=]         
Epoch 311:   0%|          | 0/47 [00:00<?, ?it/s, loss=0.27, v_num=]/usr/local/lib/python3.13/dist-packages/torch/utils/data/dataloader.py:432: UserWarning: This DataLoader will create 6 worker processes in total. Our suggested max number of worker in current system is 2, which is smaller than what this DataLoader is going to create. Please be aware that excessive worker creation might get DataLoader running slow or even freeze, lower the worker number to avoid potential slowness/freeze if necessary.
  self.check_worker_number_rationality()

Epoch 311:  43%|████▎     | 20/47 [00:00<00:01, 20.55it/s, loss=0.27, v_num=]
Epoch 311:  43%|████▎     | 20/47 [00:00<00:01, 20.53it/s, loss=0.273, v_num=]
Epoch 311:  85%|████████▌ | 40/47 [00:01<00:00, 24.15it/s, loss=0.273, v_num=]
Epoch 311:  85%|████████▌ | 40/47 [00:01<00:00, 24.14it/s, loss=0.267, v_num=]
Epoch 311: 100%|██████████| 47/47 [00:02<00:00, 23.36it/s, loss=0.266, v_num=]
Epoch 311:   0%|          | 0/47 [00:00<?, ?it/s, loss=0.266, v_num=]         
Epoch 312:   0%|          | 0/47 [00:00<?, ?it/s, loss=0.266, v_num=]
Epoch 312:  43%|████▎     | 20/47 [00:00<00:01, 20.28it/s, loss=0.266, v_num=]
Epoch 312:  43%|████▎     | 20/47 [00:00<00:01, 20.26it/s, loss=0.266, v_num=]
Epoch 312:  85%|████████▌ | 40/47 [00:01<00:00, 24.24it/s, loss=0.266, v_num=]
Epoch 312:  85%|████████▌ | 40/47 [00:01<00:00, 24.23it/s, loss=0.274, v_num=]
Epoch 312: 100%|██████████| 47/47 [00:01<00:00, 23.56it/s, loss=0.265, v_num=]
Epoch 312:   0%|          | 0/47 [00:00<?, ?it/s, loss=0.265, v_num=]         
Epoch 313:   0%|          | 0/47 [00:00<?, ?it/s, loss=0.265, v_num=]
Epoch 313:  43%|████▎     | 20/47 [00:00<00:01, 20.70it/s, loss=0.265, v_num=]
Epoch 313:  43%|████▎     | 20/47 [00:00<00:01, 20.69it/s, loss=0.266, v_num=]
Epoch 313:  85%|████████▌ | 40/47 [00:01<00:00, 24.50it/s, loss=0.266, v_num=]
Epoch 313:  85%|████████▌ | 40/47 [00:01<00:00, 24.50it/s, loss=0.266, v_num=]
Epoch 313: 100%|██████████| 47/47 [00:01<00:00, 23.65it/s, loss=0.264, v_num=]
Epoch 313:   0%|          | 0/47 [00:00<?, ?it/s, loss=0.264, v_num=]         
Epoch 314:   0%|          | 0/47 [00:00<?, ?it/s, loss=0.264, v_num=]
Epoch 314:  43%|████▎     | 20/47 [00:00<00:01, 21.41it/s, loss=0.264, v_num=]
Epoch 314:  43%|████▎     | 20/47 [00:00<00:01, 21.39it/s, loss=0.263, v_num=]
Epoch 314:  85%|████████▌ | 40/47 [00:01<00:00, 21.64it/s, loss=0.263, v_num=]
Epoch 314:  85%|████████▌ | 40/47 [00:01<00:00, 21.63it/s, loss=0.266, v_num=]
Epoch 314: 100%|██████████| 47/47 [00:02<00:00, 19.92it/s, loss=0.264, v_num=]
Epoch 314:   0%|          | 0/47 [00:00<?, ?it/s, loss=0.264, v_num=]         
Epoch 315:   0%|          | 0/47 [00:00<?, ?it/s, loss=0.264, v_num=]
Epoch 315:  43%|████▎     | 20/47 [00:01<00:01, 14.48it/s, loss=0.264, v_num=]
Epoch 315:  43%|████▎     | 20/47 [00:01<00:01, 14.47it/s, loss=0.261, v_num=]
Epoch 315:  85%|████████▌ | 40/47 [00:02<00:00, 19.51it/s, loss=0.261, v_num=]
Epoch 315:  85%|████████▌ | 40/47 [00:02<00:00, 19.51it/s, loss=0.265, v_num=]
Epoch 315: 100%|██████████| 47/47 [00:02<00:00, 19.44it/s, loss=0.266, v_num=]Evaluating...
NMI : 0.6522275753156098, ARI: 0.3916680888989005, ACC: 0.37433, current K: 8

Epoch 315:   0%|          | 0/47 [00:00<?, ?it/s, loss=0.266, v_num=]         
Epoch 316:   0%|          | 0/47 [00:00<?, ?it/s, loss=0.266, v_num=]/usr/local/lib/python3.13/dist-packages/torch/utils/data/dataloader.py:432: UserWarning: This DataLoader will create 6 worker processes in total. Our suggested max number of worker in current system is 2, which is smaller than what this DataLoader is going to create. Please be aware that excessive worker creation might get DataLoader running slow or even freeze, lower the worker number to avoid potential slowness/freeze if necessary.
  self.check_worker_number_rationality()

Epoch 316:  43%|████▎     | 20/47 [00:00<00:01, 21.07it/s, loss=0.266, v_num=]
Epoch 316:  43%|████▎     | 20/47 [00:00<00:01, 21.05it/s, loss=0.264, v_num=]
Epoch 316:  85%|████████▌ | 40/47 [00:01<00:00, 24.20it/s, loss=0.264, v_num=]
Epoch 316:  85%|████████▌ | 40/47 [00:01<00:00, 24.19it/s, loss=0.266, v_num=]
Epoch 316: 100%|██████████| 47/47 [00:02<00:00, 23.27it/s, loss=0.27, v_num=] 
Epoch 316:   0%|          | 0/47 [00:00<?, ?it/s, loss=0.27, v_num=]         
Epoch 317:   0%|          | 0/47 [00:00<?, ?it/s, loss=0.27, v_num=]
Epoch 317:  43%|████▎     | 20/47 [00:00<00:01, 20.71it/s, loss=0.27, v_num=]
Epoch 317:  43%|████▎     | 20/47 [00:00<00:01, 20.69it/s, loss=0.269, v_num=]
Epoch 317:  85%|████████▌ | 40/47 [00:01<00:00, 24.24it/s, loss=0.269, v_num=]
Epoch 317:  85%|████████▌ | 40/47 [00:01<00:00, 24.24it/s, loss=0.27, v_num=] 
Epoch 317: 100%|██████████| 47/47 [00:02<00:00, 23.00it/s, loss=0.266, v_num=]
Epoch 317:   0%|          | 0/47 [00:00<?, ?it/s, loss=0.266, v_num=]         
Epoch 318:   0%|          | 0/47 [00:00<?, ?it/s, loss=0.266, v_num=]
Epoch 318:  43%|████▎     | 20/47 [00:00<00:01, 20.83it/s, loss=0.266, v_num=]
Epoch 318:  43%|████▎     | 20/47 [00:00<00:01, 20.82it/s, loss=0.265, v_num=]
Epoch 318:  85%|████████▌ | 40/47 [00:01<00:00, 24.92it/s, loss=0.265, v_num=]
Epoch 318:  85%|████████▌ | 40/47 [00:01<00:00, 24.92it/s, loss=0.265, v_num=]
Epoch 318: 100%|██████████| 47/47 [00:01<00:00, 23.97it/s, loss=0.266, v_num=]
Epoch 318:   0%|          | 0/47 [00:00<?, ?it/s, loss=0.266, v_num=]         
Epoch 319:   0%|          | 0/47 [00:00<?, ?it/s, loss=0.266, v_num=]
Epoch 319:  43%|████▎     | 20/47 [00:00<00:01, 21.07it/s, loss=0.266, v_num=]
Epoch 319:  43%|████▎     | 20/47 [00:00<00:01, 21.06it/s, loss=0.262, v_num=]
Epoch 319:  85%|████████▌ | 40/47 [00:01<00:00, 24.35it/s, loss=0.262, v_num=]
Epoch 319:  85%|████████▌ | 40/47 [00:01<00:00, 24.34it/s, loss=0.27, v_num=] 
Epoch 319: 100%|██████████| 47/47 [00:01<00:00, 23.61it/s, loss=0.26, v_num=]
Epoch 319:   0%|          | 0/47 [00:00<?, ?it/s, loss=0.26, v_num=]         
Epoch 320:   0%|          | 0/47 [00:00<?, ?it/s, loss=0.26, v_num=]
Epoch 320:  43%|████▎     | 20/47 [00:01<00:01, 17.75it/s, loss=0.26, v_num=]
Epoch 320:  43%|████▎     | 20/47 [00:01<00:01, 17.74it/s, loss=0.263, v_num=]
Epoch 320:  85%|████████▌ | 40/47 [00:02<00:00, 19.88it/s, loss=0.263, v_num=]
Epoch 320:  85%|████████▌ | 40/47 [00:02<00:00, 19.88it/s, loss=0.263, v_num=]
Epoch 320: 100%|██████████| 47/47 [00:02<00:00, 19.02it/s, loss=0.267, v_num=]Evaluating...
NMI : 0.6537394763542784, ARI: 0.3926073545522128, ACC: 0.3745, current K: 8
Epoch 320 | NMI: 0.6537, ARI: 0.3926, ACC: 0.3745, current K: 8
Confusion Matrix:
[[  0   0   7 288   5   0   0   0   0   0   0   0   0   0   0   0   0   0
    0   0]
 [  0   4   0   0   1   7   0 288   0   0   0   0   0   0   0   0   0   0
    0   0]
 [  2   0   0 290   5   2   0   1   0   0   0   0   0   0   0   0   0   0
    0   0]
 [  0   2   0   0   0   0   7 291   0   0   0   0   0   0   0   0   0   0
    0   0]
 [  0 273  19   0   1   0   2   5   0   0   0   0   0   0   0   0   0   0
    0   0]
 [  0   0   0   7 288   3   2   0   0   0   0   0   0   0   0   0   0   0
    0   0]
 [ 53 241   3   0   0   0   0   3   0   0   0   0   0   0   0   0   0   0
    0   0]
 [  1   3   0  11 274   5   6   0   0   0   0   0   0   0   0   0   0   0
    0   0]
 [  0   0   1 230  68   1   0   0   0   0   0   0   0   0   0   0   0   0
    0   0]
 [  0  68   0   2   0   1   0 229   0   0   0   0   0   0   0   0   0   0
    0   0]
 [  1   3   2 254  32   0   7   1   0   0   0   0   0   0   0   0   0   0
    0   0]
 [  0  84   1   1   0   1   2 211   0   0   0   0   0   0   0   0   0   0
    0   0]
 [270  10   0  10   2   0   0   8   0   0   0   0   0   0   0   0   0   0
    0   0]
 [  0   0   0  15   4   0 269  12   0   0   0   0   0   0   0   0   0   0
    0   0]
 [  0  19 266  10   0   0   0   5   0   0   0   0   0   0   0   0   0   0
    0   0]
 [  0   2   0   7  10 272   0   9   0   0   0   0   0   0   0   0   0   0
    0   0]
 [  0  24 270   0   6   0   0   0   0   0   0   0   0   0   0   0   0   0
    0   0]
 [  0   7   0   2  11 280   0   0   0   0   0   0   0   0   0   0   0   0
    0   0]
 [273  17   0   0   8   0   1   1   0   0   0   0   0   0   0   0   0   0
    0   0]
 [  0   4   0   7   7   0 282   0   0   0   0   0   0   0   0   0   0   0
    0   0]]

Epoch 320:   0%|          | 0/47 [00:00<?, ?it/s, loss=0.267, v_num=]         
Epoch 321:   0%|          | 0/47 [00:00<?, ?it/s, loss=0.267, v_num=]/usr/local/lib/python3.13/dist-packages/torch/utils/data/dataloader.py:432: UserWarning: This DataLoader will create 6 worker processes in total. Our suggested max number of worker in current system is 2, which is smaller than what this DataLoader is going to create. Please be aware that excessive worker creation might get DataLoader running slow or even freeze, lower the worker number to avoid potential slowness/freeze if necessary.
  self.check_worker_number_rationality()

Epoch 321:  43%|████▎     | 20/47 [00:01<00:01, 14.48it/s, loss=0.267, v_num=]
Epoch 321:  43%|████▎     | 20/47 [00:01<00:01, 14.47it/s, loss=0.27, v_num=] 
Epoch 321:  85%|████████▌ | 40/47 [00:02<00:00, 19.44it/s, loss=0.27, v_num=]
Epoch 321:  85%|████████▌ | 40/47 [00:02<00:00, 19.44it/s, loss=0.263, v_num=]
Epoch 321: 100%|██████████| 47/47 [00:02<00:00, 19.45it/s, loss=0.261, v_num=]
Epoch 321:   0%|          | 0/47 [00:00<?, ?it/s, loss=0.261, v_num=]         
Epoch 322:   0%|          | 0/47 [00:00<?, ?it/s, loss=0.261, v_num=]
Epoch 322:  43%|████▎     | 20/47 [00:00<00:01, 20.32it/s, loss=0.261, v_num=]
Epoch 322:  43%|████▎     | 20/47 [00:00<00:01, 20.30it/s, loss=0.26, v_num=] 
Epoch 322:  85%|████████▌ | 40/47 [00:01<00:00, 24.00it/s, loss=0.26, v_num=]
Epoch 322:  85%|████████▌ | 40/47 [00:01<00:00, 23.99it/s, loss=0.263, v_num=]
Epoch 322: 100%|██████████| 47/47 [00:02<00:00, 23.31it/s, loss=0.263, v_num=]
Epoch 322:   0%|          | 0/47 [00:00<?, ?it/s, loss=0.263, v_num=]         
Epoch 323:   0%|          | 0/47 [00:00<?, ?it/s, loss=0.263, v_num=]
Epoch 323:  43%|████▎     | 20/47 [00:00<00:01, 21.16it/s, loss=0.263, v_num=]
Epoch 323:  43%|████▎     | 20/47 [00:00<00:01, 21.15it/s, loss=0.266, v_num=]
Epoch 323:  85%|████████▌ | 40/47 [00:01<00:00, 24.76it/s, loss=0.266, v_num=]
Epoch 323:  85%|████████▌ | 40/47 [00:01<00:00, 24.76it/s, loss=0.26, v_num=] 
Epoch 323: 100%|██████████| 47/47 [00:01<00:00, 23.88it/s, loss=0.264, v_num=]
Epoch 323:   0%|          | 0/47 [00:00<?, ?it/s, loss=0.264, v_num=]         
Epoch 324:   0%|          | 0/47 [00:00<?, ?it/s, loss=0.264, v_num=]
Epoch 324:  43%|████▎     | 20/47 [00:00<00:01, 21.13it/s, loss=0.264, v_num=]
Epoch 324:  43%|████▎     | 20/47 [00:00<00:01, 21.11it/s, loss=0.265, v_num=]
Epoch 324:  85%|████████▌ | 40/47 [00:01<00:00, 24.44it/s, loss=0.265, v_num=]
Epoch 324:  85%|████████▌ | 40/47 [00:01<00:00, 24.43it/s, loss=0.263, v_num=]
Epoch 324: 100%|██████████| 47/47 [00:01<00:00, 23.69it/s, loss=0.273, v_num=]
Epoch 324:   0%|          | 0/47 [00:00<?, ?it/s, loss=0.273, v_num=]         
Epoch 325:   0%|          | 0/47 [00:00<?, ?it/s, loss=0.273, v_num=]
Epoch 325:  43%|████▎     | 20/47 [00:00<00:01, 20.48it/s, loss=0.273, v_num=]
Epoch 325:  43%|████▎     | 20/47 [00:00<00:01, 20.46it/s, loss=0.259, v_num=]
Epoch 325:  85%|████████▌ | 40/47 [00:01<00:00, 23.85it/s, loss=0.259, v_num=]
Epoch 325:  85%|████████▌ | 40/47 [00:01<00:00, 23.84it/s, loss=0.27, v_num=] 
Epoch 325: 100%|██████████| 47/47 [00:02<00:00, 23.16it/s, loss=0.269, v_num=]Evaluating...
NMI : 0.653270116509602, ARI: 0.39254545458314505, ACC: 0.37383, current K: 8

Epoch 325:   0%|          | 0/47 [00:00<?, ?it/s, loss=0.269, v_num=]         
Epoch 326:   0%|          | 0/47 [00:00<?, ?it/s, loss=0.269, v_num=]/usr/local/lib/python3.13/dist-packages/torch/utils/data/dataloader.py:432: UserWarning: This DataLoader will create 6 worker processes in total. Our suggested max number of worker in current system is 2, which is smaller than what this DataLoader is going to create. Please be aware that excessive worker creation might get DataLoader running slow or even freeze, lower the worker number to avoid potential slowness/freeze if necessary.
  self.check_worker_number_rationality()

Epoch 326:  43%|████▎     | 20/47 [00:01<00:01, 18.25it/s, loss=0.269, v_num=]
Epoch 326:  43%|████▎     | 20/47 [00:01<00:01, 18.23it/s, loss=0.263, v_num=]
Epoch 326:  85%|████████▌ | 40/47 [00:01<00:00, 20.48it/s, loss=0.263, v_num=]
Epoch 326:  85%|████████▌ | 40/47 [00:01<00:00, 20.48it/s, loss=0.262, v_num=]
Epoch 326: 100%|██████████| 47/47 [00:02<00:00, 19.49it/s, loss=0.265, v_num=]
Epoch 326:   0%|          | 0/47 [00:00<?, ?it/s, loss=0.265, v_num=]         
Epoch 327:   0%|          | 0/47 [00:00<?, ?it/s, loss=0.265, v_num=]
Epoch 327:  43%|████▎     | 20/47 [00:01<00:01, 15.10it/s, loss=0.265, v_num=]
Epoch 327:  43%|████▎     | 20/47 [00:01<00:01, 15.09it/s, loss=0.266, v_num=]
Epoch 327:  85%|████████▌ | 40/47 [00:01<00:00, 20.17it/s, loss=0.266, v_num=]
Epoch 327:  85%|████████▌ | 40/47 [00:01<00:00, 20.16it/s, loss=0.265, v_num=]
Epoch 327: 100%|██████████| 47/47 [00:02<00:00, 20.12it/s, loss=0.26, v_num=] 
Epoch 327:   0%|          | 0/47 [00:00<?, ?it/s, loss=0.26, v_num=]         
Epoch 328:   0%|          | 0/47 [00:00<?, ?it/s, loss=0.26, v_num=]
Epoch 328:  43%|████▎     | 20/47 [00:00<00:01, 21.89it/s, loss=0.26, v_num=]
Epoch 328:  43%|████▎     | 20/47 [00:00<00:01, 21.87it/s, loss=0.266, v_num=]
Epoch 328:  85%|████████▌ | 40/47 [00:01<00:00, 25.87it/s, loss=0.266, v_num=]
Epoch 328:  85%|████████▌ | 40/47 [00:01<00:00, 25.87it/s, loss=0.263, v_num=]
Epoch 328: 100%|██████████| 47/47 [00:01<00:00, 24.53it/s, loss=0.26, v_num=] 
Epoch 328:   0%|          | 0/47 [00:00<?, ?it/s, loss=0.26, v_num=]         
Epoch 329:   0%|          | 0/47 [00:00<?, ?it/s, loss=0.26, v_num=]
Epoch 329:  43%|████▎     | 20/47 [00:00<00:01, 21.22it/s, loss=0.26, v_num=]
Epoch 329:  43%|████▎     | 20/47 [00:00<00:01, 21.21it/s, loss=0.262, v_num=]
Epoch 329:  85%|████████▌ | 40/47 [00:01<00:00, 24.94it/s, loss=0.262, v_num=]
Epoch 329:  85%|████████▌ | 40/47 [00:01<00:00, 24.94it/s, loss=0.264, v_num=]
Epoch 329: 100%|██████████| 47/47 [00:01<00:00, 23.97it/s, loss=0.257, v_num=]
Epoch 329:   0%|          | 0/47 [00:00<?, ?it/s, loss=0.257, v_num=]         
Epoch 330:   0%|          | 0/47 [00:00<?, ?it/s, loss=0.257, v_num=]
Epoch 330:  43%|████▎     | 20/47 [00:00<00:01, 21.33it/s, loss=0.257, v_num=]
Epoch 330:  43%|████▎     | 20/47 [00:00<00:01, 21.31it/s, loss=0.267, v_num=]
Epoch 330:  85%|████████▌ | 40/47 [00:01<00:00, 24.97it/s, loss=0.267, v_num=]
Epoch 330:  85%|████████▌ | 40/47 [00:01<00:00, 24.96it/s, loss=0.265, v_num=]
Epoch 330: 100%|██████████| 47/47 [00:01<00:00, 23.97it/s, loss=0.265, v_num=]Evaluating...
NMI : 0.6550100982332447, ARI: 0.3938796354380631, ACC: 0.37367, current K: 8
Epoch 330 | NMI: 0.6550, ARI: 0.3939, ACC: 0.3737, current K: 8
Confusion Matrix:
[[  0   0   7 288   5   0   0   0   0   0   0   0   0   0   0   0   0   0
    0   0]
 [  0   4   0   0   1   7   0 288   0   0   0   0   0   0   0   0   0   0
    0   0]
 [  2   0   0 290   5   2   0   1   0   0   0   0   0   0   0   0   0   0
    0   0]
 [  0   2   0   0   0   0   7 291   0   0   0   0   0   0   0   0   0   0
    0   0]
 [  0 273  19   0   1   0   2   5   0   0   0   0   0   0   0   0   0   0
    0   0]
 [  0   0   0   7 288   3   2   0   0   0   0   0   0   0   0   0   0   0
    0   0]
 [ 38 257   3   0   0   0   0   2   0   0   0   0   0   0   0   0   0   0
    0   0]
 [  1   2   0  11 275   5   6   0   0   0   0   0   0   0   0   0   0   0
    0   0]
 [  0   0   1 228  70   1   0   0   0   0   0   0   0   0   0   0   0   0
    0   0]
 [  0  67   0   2   0   1   0 230   0   0   0   0   0   0   0   0   0   0
    0   0]
 [  1   3   2 252  34   0   7   1   0   0   0   0   0   0   0   0   0   0
    0   0]
 [  0  83   1   1   0   1   2 212   0   0   0   0   0   0   0   0   0   0
    0   0]
 [268  12   0  10   2   0   0   8   0   0   0   0   0   0   0   0   0   0
    0   0]
 [  0   0   0  15   5   0 269  11   0   0   0   0   0   0   0   0   0   0
    0   0]
 [  0  19 267   9   0   0   0   5   0   0   0   0   0   0   0   0   0   0
    0   0]
 [  0   2   0   7  10 274   0   7   0   0   0   0   0   0   0   0   0   0
    0   0]
 [  0  26 268   0   6   0   0   0   0   0   0   0   0   0   0   0   0   0
    0   0]
 [  0   6   0   2  12 280   0   0   0   0   0   0   0   0   0   0   0   0
    0   0]
 [270  19   0   0   9   0   1   1   0   0   0   0   0   0   0   0   0   0
    0   0]
 [  0   4   0   7   7   0 282   0   0   0   0   0   0   0   0   0   0   0
    0   0]]

Epoch 330:   0%|          | 0/47 [00:00<?, ?it/s, loss=0.265, v_num=]         
Epoch 331:   0%|          | 0/47 [00:00<?, ?it/s, loss=0.265, v_num=]/usr/local/lib/python3.13/dist-packages/torch/utils/data/dataloader.py:432: UserWarning: This DataLoader will create 6 worker processes in total. Our suggested max number of worker in current system is 2, which is smaller than what this DataLoader is going to create. Please be aware that excessive worker creation might get DataLoader running slow or even freeze, lower the worker number to avoid potential slowness/freeze if necessary.
  self.check_worker_number_rationality()

Epoch 331:  43%|████▎     | 20/47 [00:00<00:01, 21.61it/s, loss=0.265, v_num=]
Epoch 331:  43%|████▎     | 20/47 [00:00<00:01, 21.60it/s, loss=0.263, v_num=]
Epoch 331:  85%|████████▌ | 40/47 [00:01<00:00, 25.33it/s, loss=0.263, v_num=]
Epoch 331:  85%|████████▌ | 40/47 [00:01<00:00, 25.33it/s, loss=0.262, v_num=]
Epoch 331: 100%|██████████| 47/47 [00:01<00:00, 24.26it/s, loss=0.263, v_num=]
Epoch 331:   0%|          | 0/47 [00:00<?, ?it/s, loss=0.263, v_num=]         
Epoch 332:   0%|          | 0/47 [00:00<?, ?it/s, loss=0.263, v_num=]
Epoch 332:  43%|████▎     | 20/47 [00:00<00:01, 20.32it/s, loss=0.263, v_num=]
Epoch 332:  43%|████▎     | 20/47 [00:00<00:01, 20.30it/s, loss=0.26, v_num=] 
Epoch 332:  85%|████████▌ | 40/47 [00:01<00:00, 22.06it/s, loss=0.26, v_num=]
Epoch 332:  85%|████████▌ | 40/47 [00:01<00:00, 22.06it/s, loss=0.262, v_num=]
Epoch 332: 100%|██████████| 47/47 [00:02<00:00, 20.37it/s, loss=0.262, v_num=]
Epoch 332:   0%|          | 0/47 [00:00<?, ?it/s, loss=0.262, v_num=]         
Epoch 333:   0%|          | 0/47 [00:00<?, ?it/s, loss=0.262, v_num=]
Epoch 333:  43%|████▎     | 20/47 [00:01<00:01, 15.91it/s, loss=0.262, v_num=]
Epoch 333:  43%|████▎     | 20/47 [00:01<00:01, 15.90it/s, loss=0.262, v_num=]
Epoch 333:  85%|████████▌ | 40/47 [00:01<00:00, 21.18it/s, loss=0.262, v_num=]
Epoch 333:  85%|████████▌ | 40/47 [00:01<00:00, 21.18it/s, loss=0.264, v_num=]
Epoch 333: 100%|██████████| 47/47 [00:02<00:00, 20.90it/s, loss=0.265, v_num=]
Epoch 333:   0%|          | 0/47 [00:00<?, ?it/s, loss=0.265, v_num=]         
Epoch 334:   0%|          | 0/47 [00:00<?, ?it/s, loss=0.265, v_num=]
Epoch 334:  43%|████▎     | 20/47 [00:01<00:01, 19.97it/s, loss=0.265, v_num=]
Epoch 334:  43%|████▎     | 20/47 [00:01<00:01, 19.96it/s, loss=0.262, v_num=]
Epoch 334:  85%|████████▌ | 40/47 [00:01<00:00, 23.81it/s, loss=0.262, v_num=]
Epoch 334:  85%|████████▌ | 40/47 [00:01<00:00, 23.79it/s, loss=0.261, v_num=]
Epoch 334: 100%|██████████| 47/47 [00:02<00:00, 23.14it/s, loss=0.258, v_num=]
Epoch 334:   0%|          | 0/47 [00:00<?, ?it/s, loss=0.258, v_num=]         
Epoch 335:   0%|          | 0/47 [00:00<?, ?it/s, loss=0.258, v_num=]
Epoch 335:  43%|████▎     | 20/47 [00:00<00:01, 21.60it/s, loss=0.258, v_num=]
Epoch 335:  43%|████▎     | 20/47 [00:00<00:01, 21.58it/s, loss=0.26, v_num=] 
Epoch 335:  85%|████████▌ | 40/47 [00:01<00:00, 25.52it/s, loss=0.26, v_num=]
Epoch 335:  85%|████████▌ | 40/47 [00:01<00:00, 25.52it/s, loss=0.265, v_num=]
Epoch 335: 100%|██████████| 47/47 [00:01<00:00, 24.38it/s, loss=0.263, v_num=]Evaluating...
NMI : 0.6556674678221779, ARI: 0.39448409153383157, ACC: 0.37333, current K: 8

Epoch 335:   0%|          | 0/47 [00:00<?, ?it/s, loss=0.263, v_num=]         
Epoch 336:   0%|          | 0/47 [00:00<?, ?it/s, loss=0.263, v_num=]/usr/local/lib/python3.13/dist-packages/torch/utils/data/dataloader.py:432: UserWarning: This DataLoader will create 6 worker processes in total. Our suggested max number of worker in current system is 2, which is smaller than what this DataLoader is going to create. Please be aware that excessive worker creation might get DataLoader running slow or even freeze, lower the worker number to avoid potential slowness/freeze if necessary.
  self.check_worker_number_rationality()

Epoch 336:  43%|████▎     | 20/47 [00:00<00:01, 21.37it/s, loss=0.263, v_num=]
Epoch 336:  43%|████▎     | 20/47 [00:00<00:01, 21.35it/s, loss=0.263, v_num=]
Epoch 336:  85%|████████▌ | 40/47 [00:01<00:00, 24.69it/s, loss=0.263, v_num=]
Epoch 336:  85%|████████▌ | 40/47 [00:01<00:00, 24.68it/s, loss=0.263, v_num=]
Epoch 336: 100%|██████████| 47/47 [00:01<00:00, 23.70it/s, loss=0.266, v_num=]
Epoch 336:   0%|          | 0/47 [00:00<?, ?it/s, loss=0.266, v_num=]         
Epoch 337:   0%|          | 0/47 [00:00<?, ?it/s, loss=0.266, v_num=]
Epoch 337:  43%|████▎     | 20/47 [00:00<00:01, 21.72it/s, loss=0.266, v_num=]
Epoch 337:  43%|████▎     | 20/47 [00:00<00:01, 21.70it/s, loss=0.271, v_num=]
Epoch 337:  85%|████████▌ | 40/47 [00:01<00:00, 25.49it/s, loss=0.271, v_num=]
Epoch 337:  85%|████████▌ | 40/47 [00:01<00:00, 25.48it/s, loss=0.26, v_num=] 
Epoch 337: 100%|██████████| 47/47 [00:01<00:00, 24.54it/s, loss=0.254, v_num=]
Epoch 337:   0%|          | 0/47 [00:00<?, ?it/s, loss=0.254, v_num=]         
Epoch 338:   0%|          | 0/47 [00:00<?, ?it/s, loss=0.254, v_num=]
Epoch 338:  43%|████▎     | 20/47 [00:00<00:01, 20.02it/s, loss=0.254, v_num=]
Epoch 338:  43%|████▎     | 20/47 [00:00<00:01, 20.00it/s, loss=0.257, v_num=]
Epoch 338:  85%|████████▌ | 40/47 [00:01<00:00, 21.46it/s, loss=0.257, v_num=]
Epoch 338:  85%|████████▌ | 40/47 [00:01<00:00, 21.46it/s, loss=0.26, v_num=] 
Epoch 338: 100%|██████████| 47/47 [00:02<00:00, 19.75it/s, loss=0.263, v_num=]
Epoch 338:   0%|          | 0/47 [00:00<?, ?it/s, loss=0.263, v_num=]         
Epoch 339:   0%|          | 0/47 [00:00<?, ?it/s, loss=0.263, v_num=]
Epoch 339:  43%|████▎     | 20/47 [00:01<00:01, 16.42it/s, loss=0.263, v_num=]
Epoch 339:  43%|████▎     | 20/47 [00:01<00:01, 16.41it/s, loss=0.26, v_num=] 
Epoch 339:  85%|████████▌ | 40/47 [00:01<00:00, 21.56it/s, loss=0.26, v_num=]
Epoch 339:  85%|████████▌ | 40/47 [00:01<00:00, 21.56it/s, loss=0.259, v_num=]
Epoch 339: 100%|██████████| 47/47 [00:02<00:00, 21.26it/s, loss=0.259, v_num=]
Epoch 339:   0%|          | 0/47 [00:00<?, ?it/s, loss=0.259, v_num=]         
Epoch 340:   0%|          | 0/47 [00:00<?, ?it/s, loss=0.259, v_num=]
Epoch 340:  43%|████▎     | 20/47 [00:00<00:01, 21.42it/s, loss=0.259, v_num=]
Epoch 340:  43%|████▎     | 20/47 [00:00<00:01, 21.41it/s, loss=0.265, v_num=]
Epoch 340:  85%|████████▌ | 40/47 [00:01<00:00, 25.31it/s, loss=0.265, v_num=]
Epoch 340:  85%|████████▌ | 40/47 [00:01<00:00, 25.30it/s, loss=0.258, v_num=]
Epoch 340: 100%|██████████| 47/47 [00:01<00:00, 24.17it/s, loss=0.262, v_num=]Evaluating...
NMI : 0.657149274042386, ARI: 0.3958472975117967, ACC: 0.37383, current K: 8
Epoch 340 | NMI: 0.6571, ARI: 0.3958, ACC: 0.3738, current K: 8
Confusion Matrix:
[[  0   0   5 290   5   0   0   0   0   0   0   0   0   0   0   0   0   0
    0   0]
 [  0   4   0   0   1   7   0 288   0   0   0   0   0   0   0   0   0   0
    0   0]
 [  2   0   0 290   5   2   0   1   0   0   0   0   0   0   0   0   0   0
    0   0]
 [  0   2   0   0   0   0   7 291   0   0   0   0   0   0   0   0   0   0
    0   0]
 [  0 266  25   0   1   0   2   6   0   0   0   0   0   0   0   0   0   0
    0   0]
 [  0   0   0   7 288   3   2   0   0   0   0   0   0   0   0   0   0   0
    0   0]
 [ 20 274   3   0   0   0   0   3   0   0   0   0   0   0   0   0   0   0
    0   0]
 [  1   2   0  10 276   5   6   0   0   0   0   0   0   0   0   0   0   0
    0   0]
 [  0   0   1 228  70   1   0   0   0   0   0   0   0   0   0   0   0   0
    0   0]
 [  0  65   0   2   0   1   0 232   0   0   0   0   0   0   0   0   0   0
    0   0]
 [  1   2   2 251  35   0   7   2   0   0   0   0   0   0   0   0   0   0
    0   0]
 [  0  84   1   1   0   1   2 211   0   0   0   0   0   0   0   0   0   0
    0   0]
 [265  15   0  10   2   0   0   8   0   0   0   0   0   0   0   0   0   0
    0   0]
 [  0   0   0  15   4   0 272   9   0   0   0   0   0   0   0   0   0   0
    0   0]
 [  0  19 268   8   0   0   0   5   0   0   0   0   0   0   0   0   0   0
    0   0]
 [  0   2   0   7  10 275   0   6   0   0   0   0   0   0   0   0   0   0
    0   0]
 [  0  25 269   0   6   0   0   0   0   0   0   0   0   0   0   0   0   0
    0   0]
 [  0   6   0   2  13 279   0   0   0   0   0   0   0   0   0   0   0   0
    0   0]
 [270  19   0   0   9   0   1   1   0   0   0   0   0   0   0   0   0   0
    0   0]
 [  0   4   0   7   7   0 282   0   0   0   0   0   0   0   0   0   0   0
    0   0]]

Epoch 340:   0%|          | 0/47 [00:00<?, ?it/s, loss=0.262, v_num=]         
Epoch 341:   0%|          | 0/47 [00:00<?, ?it/s, loss=0.262, v_num=]/usr/local/lib/python3.13/dist-packages/torch/utils/data/dataloader.py:432: UserWarning: This DataLoader will create 6 worker processes in total. Our suggested max number of worker in current system is 2, which is smaller than what this DataLoader is going to create. Please be aware that excessive worker creation might get DataLoader running slow or even freeze, lower the worker number to avoid potential slowness/freeze if necessary.
  self.check_worker_number_rationality()

Epoch 341:  43%|████▎     | 20/47 [00:00<00:01, 21.11it/s, loss=0.262, v_num=]
Epoch 341:  43%|████▎     | 20/47 [00:00<00:01, 21.09it/s, loss=0.26, v_num=] 
Epoch 341:  85%|████████▌ | 40/47 [00:01<00:00, 24.81it/s, loss=0.26, v_num=]
Epoch 341:  85%|████████▌ | 40/47 [00:01<00:00, 24.80it/s, loss=0.268, v_num=]
Epoch 341: 100%|██████████| 47/47 [00:01<00:00, 23.74it/s, loss=0.261, v_num=]
Epoch 341:   0%|          | 0/47 [00:00<?, ?it/s, loss=0.261, v_num=]         
Epoch 342:   0%|          | 0/47 [00:00<?, ?it/s, loss=0.261, v_num=]
Epoch 342:  43%|████▎     | 20/47 [00:00<00:01, 20.93it/s, loss=0.261, v_num=]
Epoch 342:  43%|████▎     | 20/47 [00:00<00:01, 20.91it/s, loss=0.263, v_num=]
Epoch 342:  85%|████████▌ | 40/47 [00:01<00:00, 24.79it/s, loss=0.263, v_num=]
Epoch 342:  85%|████████▌ | 40/47 [00:01<00:00, 24.78it/s, loss=0.258, v_num=]
Epoch 342: 100%|██████████| 47/47 [00:01<00:00, 23.84it/s, loss=0.268, v_num=]
Epoch 342:   0%|          | 0/47 [00:00<?, ?it/s, loss=0.268, v_num=]         
Epoch 343:   0%|          | 0/47 [00:00<?, ?it/s, loss=0.268, v_num=]
Epoch 343:  43%|████▎     | 20/47 [00:00<00:01, 21.03it/s, loss=0.268, v_num=]
Epoch 343:  43%|████▎     | 20/47 [00:00<00:01, 21.02it/s, loss=0.261, v_num=]
Epoch 343:  85%|████████▌ | 40/47 [00:01<00:00, 24.65it/s, loss=0.261, v_num=]
Epoch 343:  85%|████████▌ | 40/47 [00:01<00:00, 24.65it/s, loss=0.266, v_num=]
Epoch 343: 100%|██████████| 47/47 [00:02<00:00, 23.49it/s, loss=0.262, v_num=]
Epoch 343:   0%|          | 0/47 [00:00<?, ?it/s, loss=0.262, v_num=]         
Epoch 344:   0%|          | 0/47 [00:00<?, ?it/s, loss=0.262, v_num=]
Epoch 344:  43%|████▎     | 20/47 [00:01<00:01, 19.12it/s, loss=0.262, v_num=]
Epoch 344:  43%|████▎     | 20/47 [00:01<00:01, 19.11it/s, loss=0.264, v_num=]
Epoch 344:  85%|████████▌ | 40/47 [00:01<00:00, 21.55it/s, loss=0.264, v_num=]
Epoch 344:  85%|████████▌ | 40/47 [00:01<00:00, 21.55it/s, loss=0.26, v_num=] 
Epoch 344: 100%|██████████| 47/47 [00:02<00:00, 20.34it/s, loss=0.259, v_num=]
Epoch 344:   0%|          | 0/47 [00:00<?, ?it/s, loss=0.259, v_num=]         
Epoch 345:   0%|          | 0/47 [00:00<?, ?it/s, loss=0.259, v_num=]
Epoch 345:  43%|████▎     | 20/47 [00:01<00:01, 16.04it/s, loss=0.259, v_num=]
Epoch 345:  43%|████▎     | 20/47 [00:01<00:01, 16.03it/s, loss=0.258, v_num=]
Epoch 345:  85%|████████▌ | 40/47 [00:01<00:00, 21.07it/s, loss=0.258, v_num=]
Epoch 345:  85%|████████▌ | 40/47 [00:01<00:00, 21.07it/s, loss=0.264, v_num=]
Epoch 345: 100%|██████████| 47/47 [00:02<00:00, 20.85it/s, loss=0.262, v_num=]Evaluating...
NMI : 0.6600682457758438, ARI: 0.39838006205334403, ACC: 0.37517, current K: 8

Epoch 345:   0%|          | 0/47 [00:00<?, ?it/s, loss=0.262, v_num=]         
Epoch 346:   0%|          | 0/47 [00:00<?, ?it/s, loss=0.262, v_num=]/usr/local/lib/python3.13/dist-packages/torch/utils/data/dataloader.py:432: UserWarning: This DataLoader will create 6 worker processes in total. Our suggested max number of worker in current system is 2, which is smaller than what this DataLoader is going to create. Please be aware that excessive worker creation might get DataLoader running slow or even freeze, lower the worker number to avoid potential slowness/freeze if necessary.
  self.check_worker_number_rationality()

Epoch 346:  43%|████▎     | 20/47 [00:00<00:01, 21.01it/s, loss=0.262, v_num=]
Epoch 346:  43%|████▎     | 20/47 [00:00<00:01, 20.99it/s, loss=0.264, v_num=]
Epoch 346:  85%|████████▌ | 40/47 [00:01<00:00, 24.84it/s, loss=0.264, v_num=]
Epoch 346:  85%|████████▌ | 40/47 [00:01<00:00, 24.83it/s, loss=0.264, v_num=]
Epoch 346: 100%|██████████| 47/47 [00:01<00:00, 23.87it/s, loss=0.261, v_num=]
Epoch 346:   0%|          | 0/47 [00:00<?, ?it/s, loss=0.261, v_num=]         
Epoch 347:   0%|          | 0/47 [00:00<?, ?it/s, loss=0.261, v_num=]
Epoch 347:  43%|████▎     | 20/47 [00:00<00:01, 21.01it/s, loss=0.261, v_num=]
Epoch 347:  43%|████▎     | 20/47 [00:00<00:01, 20.99it/s, loss=0.257, v_num=]
Epoch 347:  85%|████████▌ | 40/47 [00:01<00:00, 24.59it/s, loss=0.257, v_num=]
Epoch 347:  85%|████████▌ | 40/47 [00:01<00:00, 24.59it/s, loss=0.267, v_num=]
Epoch 347: 100%|██████████| 47/47 [00:01<00:00, 23.93it/s, loss=0.26, v_num=] 
Epoch 347:   0%|          | 0/47 [00:00<?, ?it/s, loss=0.26, v_num=]         
Epoch 348:   0%|          | 0/47 [00:00<?, ?it/s, loss=0.26, v_num=]
Epoch 348:  43%|████▎     | 20/47 [00:00<00:01, 20.70it/s, loss=0.26, v_num=]
Epoch 348:  43%|████▎     | 20/47 [00:00<00:01, 20.69it/s, loss=0.263, v_num=]
Epoch 348:  85%|████████▌ | 40/47 [00:01<00:00, 23.41it/s, loss=0.263, v_num=]
Epoch 348:  85%|████████▌ | 40/47 [00:01<00:00, 23.41it/s, loss=0.262, v_num=]
Epoch 348: 100%|██████████| 47/47 [00:02<00:00, 21.93it/s, loss=0.256, v_num=]
Epoch 348:   0%|          | 0/47 [00:00<?, ?it/s, loss=0.256, v_num=]         
Epoch 349:   0%|          | 0/47 [00:00<?, ?it/s, loss=0.256, v_num=]
Epoch 349:  43%|████▎     | 20/47 [00:00<00:01, 20.78it/s, loss=0.256, v_num=]
Epoch 349:  43%|████▎     | 20/47 [00:00<00:01, 20.76it/s, loss=0.263, v_num=]
Epoch 349:  85%|████████▌ | 40/47 [00:01<00:00, 24.49it/s, loss=0.263, v_num=]
Epoch 349:  85%|████████▌ | 40/47 [00:01<00:00, 24.49it/s, loss=0.258, v_num=]
Epoch 349: 100%|██████████| 47/47 [00:01<00:00, 23.69it/s, loss=0.256, v_num=]
Epoch 349:   0%|          | 0/47 [00:00<?, ?it/s, loss=0.256, v_num=]         
Epoch 350:   0%|          | 0/47 [00:00<?, ?it/s, loss=0.256, v_num=]
Epoch 350:  43%|████▎     | 20/47 [00:01<00:01, 18.60it/s, loss=0.256, v_num=]
Epoch 350:  43%|████▎     | 20/47 [00:01<00:01, 18.59it/s, loss=0.259, v_num=]
Epoch 350:  85%|████████▌ | 40/47 [00:01<00:00, 21.23it/s, loss=0.259, v_num=]
Epoch 350:  85%|████████▌ | 40/47 [00:01<00:00, 21.22it/s, loss=0.26, v_num=] 
Epoch 350: 100%|██████████| 47/47 [00:02<00:00, 19.93it/s, loss=0.263, v_num=]Evaluating...
NMI : 0.6597788726800128, ARI: 0.3979113278703391, ACC: 0.37617, current K: 8
Epoch 350 | NMI: 0.6598, ARI: 0.3979, ACC: 0.3762, current K: 8
Confusion Matrix:
[[  0   0   7 289   4   0   0   0   0   0   0   0   0   0   0   0   0   0
    0   0]
 [  0   4   0   0   1   7   0 288   0   0   0   0   0   0   0   0   0   0
    0   0]
 [  2   0   0 290   5   2   0   1   0   0   0   0   0   0   0   0   0   0
    0   0]
 [  0   2   0   0   0   0   7 291   0   0   0   0   0   0   0   0   0   0
    0   0]
 [  0 264  26   0   1   0   2   7   0   0   0   0   0   0   0   0   0   0
    0   0]
 [  0   0   0   7 289   2   2   0   0   0   0   0   0   0   0   0   0   0
    0   0]
 [ 10 284   3   0   0   0   0   3   0   0   0   0   0   0   0   0   0   0
    0   0]
 [  1   2   0  10 276   5   6   0   0   0   0   0   0   0   0   0   0   0
    0   0]
 [  0   0   1 225  73   1   0   0   0   0   0   0   0   0   0   0   0   0
    0   0]
 [  0  63   0   2   0   1   0 234   0   0   0   0   0   0   0   0   0   0
    0   0]
 [  1   2   2 251  35   0   7   2   0   0   0   0   0   0   0   0   0   0
    0   0]
 [  0  83   1   1   0   1   2 212   0   0   0   0   0   0   0   0   0   0
    0   0]
 [264  15   0  11   2   0   0   8   0   0   0   0   0   0   0   0   0   0
    0   0]
 [  0   0   0  15   3   0 276   6   0   0   0   0   0   0   0   0   0   0
    0   0]
 [  0  19 268   8   0   0   0   5   0   0   0   0   0   0   0   0   0   0
    0   0]
 [  0   2   0   7  12 273   0   6   0   0   0   0   0   0   0   0   0   0
    0   0]
 [  0  25 269   0   6   0   0   0   0   0   0   0   0   0   0   0   0   0
    0   0]
 [  0   5   0   2  13 280   0   0   0   0   0   0   0   0   0   0   0   0
    0   0]
 [272  18   0   0   8   0   1   1   0   0   0   0   0   0   0   0   0   0
    0   0]
 [  0   4   0   7   7   0 282   0   0   0   0   0   0   0   0   0   0   0
    0   0]]

Epoch 350:   0%|          | 0/47 [00:00<?, ?it/s, loss=0.263, v_num=]         
Epoch 351:   0%|          | 0/47 [00:00<?, ?it/s, loss=0.263, v_num=]/usr/local/lib/python3.13/dist-packages/torch/utils/data/dataloader.py:432: UserWarning: This DataLoader will create 6 worker processes in total. Our suggested max number of worker in current system is 2, which is smaller than what this DataLoader is going to create. Please be aware that excessive worker creation might get DataLoader running slow or even freeze, lower the worker number to avoid potential slowness/freeze if necessary.
  self.check_worker_number_rationality()

Epoch 351:  43%|████▎     | 20/47 [00:01<00:01, 16.49it/s, loss=0.263, v_num=]
Epoch 351:  43%|████▎     | 20/47 [00:01<00:01, 16.48it/s, loss=0.263, v_num=]
Epoch 351:  85%|████████▌ | 40/47 [00:01<00:00, 21.32it/s, loss=0.263, v_num=]
Epoch 351:  85%|████████▌ | 40/47 [00:01<00:00, 21.32it/s, loss=0.259, v_num=]
Epoch 351: 100%|██████████| 47/47 [00:02<00:00, 21.10it/s, loss=0.26, v_num=] 
Epoch 351:   0%|          | 0/47 [00:00<?, ?it/s, loss=0.26, v_num=]         
Epoch 352:   0%|          | 0/47 [00:00<?, ?it/s, loss=0.26, v_num=]
Epoch 352:  43%|████▎     | 20/47 [00:00<00:01, 20.71it/s, loss=0.26, v_num=]
Epoch 352:  43%|████▎     | 20/47 [00:00<00:01, 20.69it/s, loss=0.258, v_num=]
Epoch 352:  85%|████████▌ | 40/47 [00:01<00:00, 24.53it/s, loss=0.258, v_num=]
Epoch 352:  85%|████████▌ | 40/47 [00:01<00:00, 24.52it/s, loss=0.264, v_num=]
Epoch 352: 100%|██████████| 47/47 [00:01<00:00, 23.76it/s, loss=0.258, v_num=]
Epoch 352:   0%|          | 0/47 [00:00<?, ?it/s, loss=0.258, v_num=]         
Epoch 353:   0%|          | 0/47 [00:00<?, ?it/s, loss=0.258, v_num=]
Epoch 353:  43%|████▎     | 20/47 [00:00<00:01, 21.37it/s, loss=0.258, v_num=]
Epoch 353:  43%|████▎     | 20/47 [00:00<00:01, 21.35it/s, loss=0.261, v_num=]
Epoch 353:  85%|████████▌ | 40/47 [00:01<00:00, 25.28it/s, loss=0.261, v_num=]
Epoch 353:  85%|████████▌ | 40/47 [00:01<00:00, 25.27it/s, loss=0.258, v_num=]
Epoch 353: 100%|██████████| 47/47 [00:01<00:00, 24.40it/s, loss=0.264, v_num=]
Epoch 353:   0%|          | 0/47 [00:00<?, ?it/s, loss=0.264, v_num=]         
Epoch 354:   0%|          | 0/47 [00:00<?, ?it/s, loss=0.264, v_num=]
Epoch 354:  43%|████▎     | 20/47 [00:00<00:01, 21.54it/s, loss=0.264, v_num=]
Epoch 354:  43%|████▎     | 20/47 [00:00<00:01, 21.52it/s, loss=0.258, v_num=]
Epoch 354:  85%|████████▌ | 40/47 [00:01<00:00, 24.96it/s, loss=0.258, v_num=]
Epoch 354:  85%|████████▌ | 40/47 [00:01<00:00, 24.95it/s, loss=0.265, v_num=]
Epoch 354: 100%|██████████| 47/47 [00:01<00:00, 24.11it/s, loss=0.261, v_num=]
Epoch 354:   0%|          | 0/47 [00:00<?, ?it/s, loss=0.261, v_num=]         
Epoch 355:   0%|          | 0/47 [00:00<?, ?it/s, loss=0.261, v_num=]
Epoch 355:  43%|████▎     | 20/47 [00:00<00:01, 20.94it/s, loss=0.261, v_num=]
Epoch 355:  43%|████▎     | 20/47 [00:00<00:01, 20.93it/s, loss=0.264, v_num=]
Epoch 355:  85%|████████▌ | 40/47 [00:01<00:00, 24.80it/s, loss=0.264, v_num=]
Epoch 355:  85%|████████▌ | 40/47 [00:01<00:00, 24.80it/s, loss=0.263, v_num=]
Epoch 355: 100%|██████████| 47/47 [00:01<00:00, 23.87it/s, loss=0.26, v_num=] /content/DeepDPM-New/src/clustering_models/clusternet_modules/clusternetasmodel.py:682: UserWarning: To copy construct from a tensor, it is recommended to use sourceTensor.detach().clone() or sourceTensor.detach().clone().requires_grad_(True), rather than torch.tensor(sourceTensor).
  mus_ind_to_split = torch.nonzero(torch.tensor(split_decisions), as_tuple=False)
Splitting clusters [3 4]
Evaluating...
NMI : 0.6607315326265405, ARI: 0.39816786597281717, ACC: 0.376, current K: 8
[Split] K updated → 10 clusters
  [Epoch 355] losses at split → cluster_loss=0.0306, subcluster_loss=0.4901

Epoch 355:   0%|          | 0/47 [00:00<?, ?it/s, loss=0.26, v_num=]         
Epoch 356:   0%|          | 0/47 [00:00<?, ?it/s, loss=0.26, v_num=]/usr/local/lib/python3.13/dist-packages/torch/utils/data/dataloader.py:432: UserWarning: This DataLoader will create 6 worker processes in total. Our suggested max number of worker in current system is 2, which is smaller than what this DataLoader is going to create. Please be aware that excessive worker creation might get DataLoader running slow or even freeze, lower the worker number to avoid potential slowness/freeze if necessary.
  self.check_worker_number_rationality()

Epoch 356:  43%|████▎     | 20/47 [00:01<00:01, 16.94it/s, loss=0.26, v_num=]
Epoch 356:  43%|████▎     | 20/47 [00:01<00:01, 16.92it/s, loss=0.383, v_num=]
Epoch 356:  85%|████████▌ | 40/47 [00:02<00:00, 18.84it/s, loss=0.383, v_num=]
Epoch 356:  85%|████████▌ | 40/47 [00:02<00:00, 18.83it/s, loss=0.351, v_num=]
Epoch 356: 100%|██████████| 47/47 [00:02<00:00, 17.42it/s, loss=0.344, v_num=]
Epoch 356:   0%|          | 0/47 [00:00<?, ?it/s, loss=0.344, v_num=]         
Epoch 357:   0%|          | 0/47 [00:00<?, ?it/s, loss=0.344, v_num=]
Epoch 357:  43%|████▎     | 20/47 [00:01<00:01, 15.44it/s, loss=0.344, v_num=]
Epoch 357:  43%|████▎     | 20/47 [00:01<00:01, 15.43it/s, loss=0.332, v_num=]
Epoch 357:  85%|████████▌ | 40/47 [00:02<00:00, 19.14it/s, loss=0.332, v_num=]
Epoch 357:  85%|████████▌ | 40/47 [00:02<00:00, 19.14it/s, loss=0.321, v_num=]
Epoch 357: 100%|██████████| 47/47 [00:02<00:00, 18.97it/s, loss=0.32, v_num=] 
Epoch 357:   0%|          | 0/47 [00:00<?, ?it/s, loss=0.32, v_num=]         
Epoch 358:   0%|          | 0/47 [00:00<?, ?it/s, loss=0.32, v_num=]
Epoch 358:  43%|████▎     | 20/47 [00:01<00:01, 19.37it/s, loss=0.32, v_num=]
Epoch 358:  43%|████▎     | 20/47 [00:01<00:01, 19.35it/s, loss=0.312, v_num=]
Epoch 358:  85%|████████▌ | 40/47 [00:01<00:00, 22.40it/s, loss=0.312, v_num=]
Epoch 358:  85%|████████▌ | 40/47 [00:01<00:00, 22.40it/s, loss=0.31, v_num=] 
Epoch 358: 100%|██████████| 47/47 [00:02<00:00, 21.57it/s, loss=0.311, v_num=]
Epoch 358:   0%|          | 0/47 [00:00<?, ?it/s, loss=0.311, v_num=]         
Epoch 359:   0%|          | 0/47 [00:00<?, ?it/s, loss=0.311, v_num=]
Epoch 359:  43%|████▎     | 20/47 [00:01<00:01, 19.12it/s, loss=0.311, v_num=]
Epoch 359:  43%|████▎     | 20/47 [00:01<00:01, 19.11it/s, loss=0.311, v_num=]
Epoch 359:  85%|████████▌ | 40/47 [00:01<00:00, 22.03it/s, loss=0.311, v_num=]
Epoch 359:  85%|████████▌ | 40/47 [00:01<00:00, 22.03it/s, loss=0.298, v_num=]
Epoch 359: 100%|██████████| 47/47 [00:02<00:00, 21.33it/s, loss=0.298, v_num=]
Epoch 359:   0%|          | 0/47 [00:00<?, ?it/s, loss=0.298, v_num=]         
Epoch 360:   0%|          | 0/47 [00:00<?, ?it/s, loss=0.298, v_num=]
Epoch 360:  43%|████▎     | 20/47 [00:01<00:01, 19.28it/s, loss=0.298, v_num=]
Epoch 360:  43%|████▎     | 20/47 [00:01<00:01, 19.26it/s, loss=0.305, v_num=]
Epoch 360:  85%|████████▌ | 40/47 [00:01<00:00, 22.36it/s, loss=0.305, v_num=]
Epoch 360:  85%|████████▌ | 40/47 [00:01<00:00, 22.36it/s, loss=0.29, v_num=] 
Epoch 360: 100%|██████████| 47/47 [00:02<00:00, 21.69it/s, loss=0.291, v_num=]Evaluating...
NMI : 0.6901253347174876, ARI: 0.45454418708415806, ACC: 0.468, current K: 10
Epoch 360 | NMI: 0.6901, ARI: 0.4545, ACC: 0.4680, current K: 10
Confusion Matrix:
[[  0   0   8   0   0   1   1 287   0   3   0   0   0   0   0   0   0   0
    0   0]
 [  0   4   0   7   0 288   0   0   0   1   0   0   0   0   0   0   0   0
    0   0]
 [  2   0   0   2   1   1 289   0   1   4   0   0   0   0   0   0   0   0
    0   0]
 [  0   2   0   0   6 292   0   0   0   0   0   0   0   0   0   0   0   0
    0   0]
 [  0 265  26   0   2   6   0   0   0   1   0   0   0   0   0   0   0   0
    0   0]
 [  0   0   0   2   2   0   0   6   3 287   0   0   0   0   0   0   0   0
    0   0]
 [  8 286   3   0   0   3   0   0   0   0   0   0   0   0   0   0   0   0
    0   0]
 [  1   2   0   6   6   0  12   0 254  19   0   0   0   0   0   0   0   0
    0   0]
 [  1   1   1   1   0   0  53 157   0  86   0   0   0   0   0   0   0   0
    0   0]
 [  0  62   0   1   0 235   2   0   0   0   0   0   0   0   0   0   0   0
    0   0]
 [  2   3   2   1   8   2 199  54   1  28   0   0   0   0   0   0   0   0
    0   0]
 [  0  86   1   1   2 209   0   1   0   0   0   0   0   0   0   0   0   0
    0   0]
 [266  17   0   0   0   8   7   0   0   2   0   0   0   0   0   0   0   0
    0   0]
 [  0   0   0   0 278   7   7   7   0   1   0   0   0   0   0   0   0   0
    0   0]
 [  0  21 267   0   0   4   1   7   0   0   0   0   0   0   0   0   0   0
    0   0]
 [  0   2   0 273   0   6   1   6   0  12   0   0   0   0   0   0   0   0
    0   0]
 [  0  24 272   0   0   0   0   0   0   4   0   0   0   0   0   0   0   0
    0   0]
 [  0   6   0 284   0   1   2   0   2   5   0   0   0   0   0   0   0   0
    0   0]
 [273  19   0   0   1   1   0   0   6   0   0   0   0   0   0   0   0   0
    0   0]
 [  0   4   0   0 284   0   1   6   0   5   0   0   0   0   0   0   0   0
    0   0]]

Epoch 360:   0%|          | 0/47 [00:00<?, ?it/s, loss=0.291, v_num=]         
Epoch 361:   0%|          | 0/47 [00:00<?, ?it/s, loss=0.291, v_num=]/usr/local/lib/python3.13/dist-packages/torch/utils/data/dataloader.py:432: UserWarning: This DataLoader will create 6 worker processes in total. Our suggested max number of worker in current system is 2, which is smaller than what this DataLoader is going to create. Please be aware that excessive worker creation might get DataLoader running slow or even freeze, lower the worker number to avoid potential slowness/freeze if necessary.
  self.check_worker_number_rationality()

Epoch 361:  43%|████▎     | 20/47 [00:01<00:01, 19.63it/s, loss=0.291, v_num=]
Epoch 361:  43%|████▎     | 20/47 [00:01<00:01, 19.62it/s, loss=0.295, v_num=]
Epoch 361:  85%|████████▌ | 40/47 [00:01<00:00, 21.66it/s, loss=0.295, v_num=]
Epoch 361:  85%|████████▌ | 40/47 [00:01<00:00, 21.65it/s, loss=0.287, v_num=]
Epoch 361: 100%|██████████| 47/47 [00:02<00:00, 19.43it/s, loss=0.29, v_num=] 
Epoch 361:   0%|          | 0/47 [00:00<?, ?it/s, loss=0.29, v_num=]         
Epoch 362:   0%|          | 0/47 [00:00<?, ?it/s, loss=0.29, v_num=]
Epoch 362:  43%|████▎     | 20/47 [00:01<00:02, 13.11it/s, loss=0.29, v_num=]
Epoch 362:  43%|████▎     | 20/47 [00:01<00:02, 13.10it/s, loss=0.259, v_num=]
Epoch 362:  85%|████████▌ | 40/47 [00:02<00:00, 15.95it/s, loss=0.259, v_num=]
Epoch 362:  85%|████████▌ | 40/47 [00:02<00:00, 15.94it/s, loss=0.245, v_num=]
Epoch 362: 100%|██████████| 47/47 [00:02<00:00, 16.21it/s, loss=0.248, v_num=]
Epoch 362:   0%|          | 0/47 [00:00<?, ?it/s, loss=0.248, v_num=]         
Epoch 363:   0%|          | 0/47 [00:00<?, ?it/s, loss=0.248, v_num=]
Epoch 363:  43%|████▎     | 20/47 [00:01<00:01, 19.35it/s, loss=0.248, v_num=]
Epoch 363:  43%|████▎     | 20/47 [00:01<00:01, 19.34it/s, loss=0.248, v_num=]
Epoch 363:  85%|████████▌ | 40/47 [00:01<00:00, 22.51it/s, loss=0.248, v_num=]
Epoch 363:  85%|████████▌ | 40/47 [00:01<00:00, 22.51it/s, loss=0.253, v_num=]
Epoch 363: 100%|██████████| 47/47 [00:02<00:00, 21.67it/s, loss=0.252, v_num=]
Epoch 363:   0%|          | 0/47 [00:00<?, ?it/s, loss=0.252, v_num=]         
Epoch 364:   0%|          | 0/47 [00:00<?, ?it/s, loss=0.252, v_num=]
Epoch 364:  43%|████▎     | 20/47 [00:01<00:01, 19.33it/s, loss=0.252, v_num=]
Epoch 364:  43%|████▎     | 20/47 [00:01<00:01, 19.31it/s, loss=0.255, v_num=]
Epoch 364:  85%|████████▌ | 40/47 [00:01<00:00, 22.31it/s, loss=0.255, v_num=]
Epoch 364:  85%|████████▌ | 40/47 [00:01<00:00, 22.30it/s, loss=0.247, v_num=]
Epoch 364: 100%|██████████| 47/47 [00:02<00:00, 21.54it/s, loss=0.245, v_num=]
Epoch 364:   0%|          | 0/47 [00:00<?, ?it/s, loss=0.245, v_num=]         
Epoch 365:   0%|          | 0/47 [00:00<?, ?it/s, loss=0.245, v_num=]
Epoch 365:  43%|████▎     | 20/47 [00:01<00:01, 19.20it/s, loss=0.245, v_num=]
Epoch 365:  43%|████▎     | 20/47 [00:01<00:01, 19.19it/s, loss=0.253, v_num=]
Epoch 365:  85%|████████▌ | 40/47 [00:01<00:00, 22.30it/s, loss=0.253, v_num=]
Epoch 365:  85%|████████▌ | 40/47 [00:01<00:00, 22.30it/s, loss=0.252, v_num=]
Epoch 365: 100%|██████████| 47/47 [00:02<00:00, 21.56it/s, loss=0.258, v_num=]Evaluating...
NMI : 0.6939897229622319, ARI: 0.4594863146788761, ACC: 0.46933, current K: 10

Epoch 365:   0%|          | 0/47 [00:00<?, ?it/s, loss=0.258, v_num=]         
Epoch 366:   0%|          | 0/47 [00:00<?, ?it/s, loss=0.258, v_num=]/usr/local/lib/python3.13/dist-packages/torch/utils/data/dataloader.py:432: UserWarning: This DataLoader will create 6 worker processes in total. Our suggested max number of worker in current system is 2, which is smaller than what this DataLoader is going to create. Please be aware that excessive worker creation might get DataLoader running slow or even freeze, lower the worker number to avoid potential slowness/freeze if necessary.
  self.check_worker_number_rationality()

Epoch 366:  43%|████▎     | 20/47 [00:01<00:01, 19.51it/s, loss=0.258, v_num=]
Epoch 366:  43%|████▎     | 20/47 [00:01<00:01, 19.50it/s, loss=0.246, v_num=]
Epoch 366:  85%|████████▌ | 40/47 [00:01<00:00, 22.65it/s, loss=0.246, v_num=]
Epoch 366:  85%|████████▌ | 40/47 [00:01<00:00, 22.65it/s, loss=0.253, v_num=]
Epoch 366: 100%|██████████| 47/47 [00:02<00:00, 21.89it/s, loss=0.257, v_num=]
Epoch 366:   0%|          | 0/47 [00:00<?, ?it/s, loss=0.257, v_num=]         
Epoch 367:   0%|          | 0/47 [00:00<?, ?it/s, loss=0.257, v_num=]
Epoch 367:  43%|████▎     | 20/47 [00:01<00:01, 15.84it/s, loss=0.257, v_num=]
Epoch 367:  43%|████▎     | 20/47 [00:01<00:01, 15.83it/s, loss=0.25, v_num=] 
Epoch 367:  85%|████████▌ | 40/47 [00:02<00:00, 17.72it/s, loss=0.25, v_num=]
Epoch 367:  85%|████████▌ | 40/47 [00:02<00:00, 17.72it/s, loss=0.254, v_num=]
Epoch 367: 100%|██████████| 47/47 [00:02<00:00, 16.86it/s, loss=0.248, v_num=]
Epoch 367:   0%|          | 0/47 [00:00<?, ?it/s, loss=0.248, v_num=]         
Epoch 368:   0%|          | 0/47 [00:00<?, ?it/s, loss=0.248, v_num=]
Epoch 368:  43%|████▎     | 20/47 [00:01<00:01, 17.04it/s, loss=0.248, v_num=]
Epoch 368:  43%|████▎     | 20/47 [00:01<00:01, 17.03it/s, loss=0.25, v_num=] 
Epoch 368:  85%|████████▌ | 40/47 [00:01<00:00, 20.74it/s, loss=0.25, v_num=]
Epoch 368:  85%|████████▌ | 40/47 [00:01<00:00, 20.74it/s, loss=0.255, v_num=]
Epoch 368: 100%|██████████| 47/47 [00:02<00:00, 20.37it/s, loss=0.25, v_num=] 
Epoch 368:   0%|          | 0/47 [00:00<?, ?it/s, loss=0.25, v_num=]         
Epoch 369:   0%|          | 0/47 [00:00<?, ?it/s, loss=0.25, v_num=]
Epoch 369:  43%|████▎     | 20/47 [00:01<00:01, 19.14it/s, loss=0.25, v_num=]
Epoch 369:  43%|████▎     | 20/47 [00:01<00:01, 19.13it/s, loss=0.254, v_num=]
Epoch 369:  85%|████████▌ | 40/47 [00:01<00:00, 21.92it/s, loss=0.254, v_num=]
Epoch 369:  85%|████████▌ | 40/47 [00:01<00:00, 21.91it/s, loss=0.249, v_num=]
Epoch 369: 100%|██████████| 47/47 [00:02<00:00, 21.24it/s, loss=0.251, v_num=]
Epoch 369:   0%|          | 0/47 [00:00<?, ?it/s, loss=0.251, v_num=]         
Epoch 370:   0%|          | 0/47 [00:00<?, ?it/s, loss=0.251, v_num=]
Epoch 370:  43%|████▎     | 20/47 [00:01<00:01, 19.02it/s, loss=0.251, v_num=]
Epoch 370:  43%|████▎     | 20/47 [00:01<00:01, 19.01it/s, loss=0.251, v_num=]
Epoch 370:  85%|████████▌ | 40/47 [00:01<00:00, 22.06it/s, loss=0.251, v_num=]
Epoch 370:  85%|████████▌ | 40/47 [00:01<00:00, 22.06it/s, loss=0.248, v_num=]
Epoch 370: 100%|██████████| 47/47 [00:02<00:00, 21.46it/s, loss=0.254, v_num=]Evaluating...
NMI : 0.6924640974532544, ARI: 0.4576744267647803, ACC: 0.46817, current K: 10
Epoch 370 | NMI: 0.6925, ARI: 0.4577, ACC: 0.4682, current K: 10
Confusion Matrix:
[[  0   0   6   0   0   0   2 287   0   5   0   0   0   0   0   0   0   0
    0   0]
 [  0   4   0   7   0 288   0   0   0   1   0   0   0   0   0   0   0   0
    0   0]
 [  2   0   0   2   0   1 290   0   3   2   0   0   0   0   0   0   0   0
    0   0]
 [  0   2   0   0   5 293   0   0   0   0   0   0   0   0   0   0   0   0
    0   0]
 [  0 265  27   0   1   6   0   0   0   1   0   0   0   0   0   0   0   0
    0   0]
 [  0   0   0   2   1   0   0   4   4 289   0   0   0   0   0   0   0   0
    0   0]
 [  6 288   3   0   0   3   0   0   0   0   0   0   0   0   0   0   0   0
    0   0]
 [  1   2   0   5   3   0  10   0 274   5   0   0   0   0   0   0   0   0
    0   0]
 [  0   0   1   0   0   0  28 168   0 103   0   0   0   0   0   0   0   0
    0   0]
 [  0  59   0   1   0 238   2   0   0   0   0   0   0   0   0   0   0   0
    0   0]
 [  1   0   1   0   5   3 202  50  12  26   0   0   0   0   0   0   0   0
    0   0]
 [  0  88   1   1   2 207   1   0   0   0   0   0   0   0   0   0   0   0
    0   0]
 [267  15   0   0   0   8   7   1   0   2   0   0   0   0   0   0   0   0
    0   0]
 [  0   0   0   0 275   6  11   5   1   2   0   0   0   0   0   0   0   0
    0   0]
 [  0  23 263   0   0   4   1   9   0   0   0   0   0   0   0   0   0   0
    0   0]
 [  0   2   0 268   0   6   2   3   0  19   0   0   0   0   0   0   0   0
    0   0]
 [  0  24 270   0   0   0   0   0   0   6   0   0   0   0   0   0   0   0
    0   0]
 [  0   5   0 271   0   1   2   0   7  14   0   0   0   0   0   0   0   0
    0   0]
 [270  19   0   0   0   1   0   0  10   0   0   0   0   0   0   0   0   0
    0   0]
 [  0   5   2   0 277   0   1   5   1   9   0   0   0   0   0   0   0   0
    0   0]]

Epoch 370:   0%|          | 0/47 [00:00<?, ?it/s, loss=0.254, v_num=]         
Epoch 371:   0%|          | 0/47 [00:00<?, ?it/s, loss=0.254, v_num=]/usr/local/lib/python3.13/dist-packages/torch/utils/data/dataloader.py:432: UserWarning: This DataLoader will create 6 worker processes in total. Our suggested max number of worker in current system is 2, which is smaller than what this DataLoader is going to create. Please be aware that excessive worker creation might get DataLoader running slow or even freeze, lower the worker number to avoid potential slowness/freeze if necessary.
  self.check_worker_number_rationality()

Epoch 371:  43%|████▎     | 20/47 [00:01<00:01, 19.39it/s, loss=0.254, v_num=]
Epoch 371:  43%|████▎     | 20/47 [00:01<00:01, 19.38it/s, loss=0.248, v_num=]
Epoch 371:  85%|████████▌ | 40/47 [00:01<00:00, 22.31it/s, loss=0.248, v_num=]
Epoch 371:  85%|████████▌ | 40/47 [00:01<00:00, 22.30it/s, loss=0.255, v_num=]
Epoch 371: 100%|██████████| 47/47 [00:02<00:00, 21.60it/s, loss=0.249, v_num=]
Epoch 371:   0%|          | 0/47 [00:00<?, ?it/s, loss=0.249, v_num=]         
Epoch 372:   0%|          | 0/47 [00:00<?, ?it/s, loss=0.249, v_num=]
Epoch 372:  43%|████▎     | 20/47 [00:01<00:01, 18.71it/s, loss=0.249, v_num=]
Epoch 372:  43%|████▎     | 20/47 [00:01<00:01, 18.69it/s, loss=0.248, v_num=]
Epoch 372:  85%|████████▌ | 40/47 [00:01<00:00, 20.57it/s, loss=0.248, v_num=]
Epoch 372:  85%|████████▌ | 40/47 [00:01<00:00, 20.56it/s, loss=0.253, v_num=]
Epoch 372: 100%|██████████| 47/47 [00:02<00:00, 18.73it/s, loss=0.255, v_num=]
Epoch 372:   0%|          | 0/47 [00:00<?, ?it/s, loss=0.255, v_num=]         
Epoch 373:   0%|          | 0/47 [00:00<?, ?it/s, loss=0.255, v_num=]
Epoch 373:  43%|████▎     | 20/47 [00:01<00:02, 13.13it/s, loss=0.255, v_num=]
Epoch 373:  43%|████▎     | 20/47 [00:01<00:02, 13.12it/s, loss=0.25, v_num=] 
Epoch 373:  85%|████████▌ | 40/47 [00:02<00:00, 17.44it/s, loss=0.25, v_num=]
Epoch 373:  85%|████████▌ | 40/47 [00:02<00:00, 17.44it/s, loss=0.253, v_num=]
Epoch 373: 100%|██████████| 47/47 [00:02<00:00, 17.43it/s, loss=0.252, v_num=]
Epoch 373:   0%|          | 0/47 [00:00<?, ?it/s, loss=0.252, v_num=]         
Epoch 374:   0%|          | 0/47 [00:00<?, ?it/s, loss=0.252, v_num=]
Epoch 374:  43%|████▎     | 20/47 [00:01<00:01, 19.02it/s, loss=0.252, v_num=]
Epoch 374:  43%|████▎     | 20/47 [00:01<00:01, 19.01it/s, loss=0.254, v_num=]
Epoch 374:  85%|████████▌ | 40/47 [00:01<00:00, 22.23it/s, loss=0.254, v_num=]
Epoch 374:  85%|████████▌ | 40/47 [00:01<00:00, 22.22it/s, loss=0.25, v_num=] 
Epoch 374: 100%|██████████| 47/47 [00:02<00:00, 21.39it/s, loss=0.251, v_num=]
Epoch 374:   0%|          | 0/47 [00:00<?, ?it/s, loss=0.251, v_num=]         
Epoch 375:   0%|          | 0/47 [00:00<?, ?it/s, loss=0.251, v_num=]
Epoch 375:  43%|████▎     | 20/47 [00:01<00:01, 17.16it/s, loss=0.251, v_num=]
Epoch 375:  43%|████▎     | 20/47 [00:01<00:01, 17.15it/s, loss=0.25, v_num=] 
Epoch 375:  85%|████████▌ | 40/47 [00:01<00:00, 20.57it/s, loss=0.25, v_num=]
Epoch 375:  85%|████████▌ | 40/47 [00:01<00:00, 20.57it/s, loss=0.252, v_num=]
Epoch 375: 100%|██████████| 47/47 [00:02<00:00, 20.24it/s, loss=0.251, v_num=]Evaluating...
NMI : 0.6942336634839499, ARI: 0.45926122649220913, ACC: 0.46733, current K: 10

Epoch 375:   0%|          | 0/47 [00:00<?, ?it/s, loss=0.251, v_num=]         
Epoch 376:   0%|          | 0/47 [00:00<?, ?it/s, loss=0.251, v_num=]/usr/local/lib/python3.13/dist-packages/torch/utils/data/dataloader.py:432: UserWarning: This DataLoader will create 6 worker processes in total. Our suggested max number of worker in current system is 2, which is smaller than what this DataLoader is going to create. Please be aware that excessive worker creation might get DataLoader running slow or even freeze, lower the worker number to avoid potential slowness/freeze if necessary.
  self.check_worker_number_rationality()

Epoch 376:  43%|████▎     | 20/47 [00:01<00:01, 19.44it/s, loss=0.251, v_num=]
Epoch 376:  43%|████▎     | 20/47 [00:01<00:01, 19.43it/s, loss=0.255, v_num=]
Epoch 376:  85%|████████▌ | 40/47 [00:01<00:00, 22.23it/s, loss=0.255, v_num=]
Epoch 376:  85%|████████▌ | 40/47 [00:01<00:00, 22.23it/s, loss=0.252, v_num=]
Epoch 376: 100%|██████████| 47/47 [00:02<00:00, 21.58it/s, loss=0.248, v_num=]
Epoch 376:   0%|          | 0/47 [00:00<?, ?it/s, loss=0.248, v_num=]         
Epoch 377:   0%|          | 0/47 [00:00<?, ?it/s, loss=0.248, v_num=]
Epoch 377:  43%|████▎     | 20/47 [00:01<00:01, 18.97it/s, loss=0.248, v_num=]
Epoch 377:  43%|████▎     | 20/47 [00:01<00:01, 18.96it/s, loss=0.246, v_num=]
Epoch 377:  85%|████████▌ | 40/47 [00:01<00:00, 21.80it/s, loss=0.246, v_num=]
Epoch 377:  85%|████████▌ | 40/47 [00:01<00:00, 21.79it/s, loss=0.247, v_num=]
Epoch 377: 100%|██████████| 47/47 [00:02<00:00, 19.90it/s, loss=0.25, v_num=] 
Epoch 377:   0%|          | 0/47 [00:00<?, ?it/s, loss=0.25, v_num=]         
Epoch 378:   0%|          | 0/47 [00:00<?, ?it/s, loss=0.25, v_num=]
Epoch 378:  43%|████▎     | 20/47 [00:01<00:01, 14.50it/s, loss=0.25, v_num=]
Epoch 378:  43%|████▎     | 20/47 [00:01<00:01, 14.50it/s, loss=0.251, v_num=]
Epoch 378:  85%|████████▌ | 40/47 [00:02<00:00, 16.70it/s, loss=0.251, v_num=]
Epoch 378:  85%|████████▌ | 40/47 [00:02<00:00, 16.69it/s, loss=0.246, v_num=]
Epoch 378: 100%|██████████| 47/47 [00:02<00:00, 16.85it/s, loss=0.252, v_num=]
Epoch 378:   0%|          | 0/47 [00:00<?, ?it/s, loss=0.252, v_num=]         
Epoch 379:   0%|          | 0/47 [00:00<?, ?it/s, loss=0.252, v_num=]
Epoch 379:  43%|████▎     | 20/47 [00:01<00:01, 18.51it/s, loss=0.252, v_num=]
Epoch 379:  43%|████▎     | 20/47 [00:01<00:01, 18.50it/s, loss=0.25, v_num=] 
Epoch 379:  85%|████████▌ | 40/47 [00:01<00:00, 21.65it/s, loss=0.25, v_num=]
Epoch 379:  85%|████████▌ | 40/47 [00:01<00:00, 21.64it/s, loss=0.25, v_num=]
Epoch 379: 100%|██████████| 47/47 [00:02<00:00, 21.15it/s, loss=0.25, v_num=]
Epoch 379:   0%|          | 0/47 [00:00<?, ?it/s, loss=0.25, v_num=]         
Epoch 380:   0%|          | 0/47 [00:00<?, ?it/s, loss=0.25, v_num=]
Epoch 380:  43%|████▎     | 20/47 [00:01<00:01, 19.55it/s, loss=0.25, v_num=]
Epoch 380:  43%|████▎     | 20/47 [00:01<00:01, 19.53it/s, loss=0.252, v_num=]
Epoch 380:  85%|████████▌ | 40/47 [00:01<00:00, 22.56it/s, loss=0.252, v_num=]
Epoch 380:  85%|████████▌ | 40/47 [00:01<00:00, 22.56it/s, loss=0.251, v_num=]
Epoch 380: 100%|██████████| 47/47 [00:02<00:00, 21.79it/s, loss=0.251, v_num=]Evaluating...
NMI : 0.6955292195435648, ARI: 0.460939831712564, ACC: 0.46767, current K: 10
Epoch 380 | NMI: 0.6955, ARI: 0.4609, ACC: 0.4677, current K: 10
Confusion Matrix:
[[  0   0   6   0   0   1   2 287   0   4   0   0   0   0   0   0   0   0
    0   0]
 [  0   5   0   7   0 287   0   0   0   1   0   0   0   0   0   0   0   0
    0   0]
 [  2   0   0   2   0   1 290   0   3   2   0   0   0   0   0   0   0   0
    0   0]
 [  0   2   0   0   5 293   0   0   0   0   0   0   0   0   0   0   0   0
    0   0]
 [  0 265  27   0   1   6   0   0   0   1   0   0   0   0   0   0   0   0
    0   0]
 [  0   0   0   2   1   0   1   3   4 289   0   0   0   0   0   0   0   0
    0   0]
 [  6 288   3   0   0   3   0   0   0   0   0   0   0   0   0   0   0   0
    0   0]
 [  1   2   0   5   3   0  11   0 273   5   0   0   0   0   0   0   0   0
    0   0]
 [  1   0   0   0   0   0  18 170   0 111   0   0   0   0   0   0   0   0
    0   0]
 [  0  58   0   1   0 239   2   0   0   0   0   0   0   0   0   0   0   0
    0   0]
 [  1   0   2   0   5   3 228  30  11  20   0   0   0   0   0   0   0   0
    0   0]
 [  0  90   1   1   0 206   1   1   0   0   0   0   0   0   0   0   0   0
    0   0]
 [267  14   0   0   0   8   7   2   0   2   0   0   0   0   0   0   0   0
    0   0]
 [  0   0   0   0 278   4  13   3   1   1   0   0   0   0   0   0   0   0
    0   0]
 [  0  23 263   0   0   4   2   8   0   0   0   0   0   0   0   0   0   0
    0   0]
 [  0   2   0 265   0   6   1   2   0  24   0   0   0   0   0   0   0   0
    0   0]
 [  0  24 272   0   0   0   0   0   0   4   0   0   0   0   0   0   0   0
    0   0]
 [  0   5   0 268   0   1   2   0   9  15   0   0   0   0   0   0   0   0
    0   0]
 [268  19   0   0   0   1   0   0  12   0   0   0   0   0   0   0   0   0
    0   0]
 [  0   5   2   0 276   0   3   5   1   8   0   0   0   0   0   0   0   0
    0   0]]

Epoch 380:   0%|          | 0/47 [00:00<?, ?it/s, loss=0.251, v_num=]         
Epoch 381:   0%|          | 0/47 [00:00<?, ?it/s, loss=0.251, v_num=]/usr/local/lib/python3.13/dist-packages/torch/utils/data/dataloader.py:432: UserWarning: This DataLoader will create 6 worker processes in total. Our suggested max number of worker in current system is 2, which is smaller than what this DataLoader is going to create. Please be aware that excessive worker creation might get DataLoader running slow or even freeze, lower the worker number to avoid potential slowness/freeze if necessary.
  self.check_worker_number_rationality()

Epoch 381:  43%|████▎     | 20/47 [00:01<00:01, 19.67it/s, loss=0.251, v_num=]
Epoch 381:  43%|████▎     | 20/47 [00:01<00:01, 19.66it/s, loss=0.25, v_num=] 
Epoch 381:  85%|████████▌ | 40/47 [00:01<00:00, 22.49it/s, loss=0.25, v_num=]
Epoch 381:  85%|████████▌ | 40/47 [00:01<00:00, 22.49it/s, loss=0.25, v_num=]
Epoch 381: 100%|██████████| 47/47 [00:02<00:00, 21.58it/s, loss=0.25, v_num=]
Epoch 381:   0%|          | 0/47 [00:00<?, ?it/s, loss=0.25, v_num=]         
Epoch 382:   0%|          | 0/47 [00:00<?, ?it/s, loss=0.25, v_num=]
Epoch 382:  43%|████▎     | 20/47 [00:01<00:01, 18.59it/s, loss=0.25, v_num=]
Epoch 382:  43%|████▎     | 20/47 [00:01<00:01, 18.58it/s, loss=0.25, v_num=]
Epoch 382:  85%|████████▌ | 40/47 [00:01<00:00, 21.95it/s, loss=0.25, v_num=]
Epoch 382:  85%|████████▌ | 40/47 [00:01<00:00, 21.94it/s, loss=0.25, v_num=]
Epoch 382: 100%|██████████| 47/47 [00:02<00:00, 21.21it/s, loss=0.246, v_num=]
Epoch 382:   0%|          | 0/47 [00:00<?, ?it/s, loss=0.246, v_num=]         
Epoch 383:   0%|          | 0/47 [00:00<?, ?it/s, loss=0.246, v_num=]
Epoch 383:  43%|████▎     | 20/47 [00:01<00:01, 15.85it/s, loss=0.246, v_num=]
Epoch 383:  43%|████▎     | 20/47 [00:01<00:01, 15.84it/s, loss=0.247, v_num=]
Epoch 383:  85%|████████▌ | 40/47 [00:02<00:00, 17.87it/s, loss=0.247, v_num=]
Epoch 383:  85%|████████▌ | 40/47 [00:02<00:00, 17.87it/s, loss=0.25, v_num=] 
Epoch 383: 100%|██████████| 47/47 [00:02<00:00, 16.57it/s, loss=0.246, v_num=]
Epoch 383:   0%|          | 0/47 [00:00<?, ?it/s, loss=0.246, v_num=]         
Epoch 384:   0%|          | 0/47 [00:00<?, ?it/s, loss=0.246, v_num=]
Epoch 384:  43%|████▎     | 20/47 [00:01<00:01, 17.13it/s, loss=0.246, v_num=]
Epoch 384:  43%|████▎     | 20/47 [00:01<00:01, 17.12it/s, loss=0.251, v_num=]
Epoch 384:  85%|████████▌ | 40/47 [00:01<00:00, 20.71it/s, loss=0.251, v_num=]
Epoch 384:  85%|████████▌ | 40/47 [00:01<00:00, 20.70it/s, loss=0.245, v_num=]
Epoch 384: 100%|██████████| 47/47 [00:02<00:00, 20.28it/s, loss=0.249, v_num=]
Epoch 384:   0%|          | 0/47 [00:00<?, ?it/s, loss=0.249, v_num=]         
Epoch 385:   0%|          | 0/47 [00:00<?, ?it/s, loss=0.249, v_num=]
Epoch 385:  43%|████▎     | 20/47 [00:01<00:01, 19.15it/s, loss=0.249, v_num=]
Epoch 385:  43%|████▎     | 20/47 [00:01<00:01, 19.13it/s, loss=0.245, v_num=]
Epoch 385:  85%|████████▌ | 40/47 [00:01<00:00, 22.29it/s, loss=0.245, v_num=]
Epoch 385:  85%|████████▌ | 40/47 [00:01<00:00, 22.28it/s, loss=0.255, v_num=]
Epoch 385: 100%|██████████| 47/47 [00:02<00:00, 21.64it/s, loss=0.249, v_num=]Evaluating...
NMI : 0.6966674348834357, ARI: 0.46210463680115577, ACC: 0.46783, current K: 10

Epoch 385:   0%|          | 0/47 [00:00<?, ?it/s, loss=0.249, v_num=]         
Epoch 386:   0%|          | 0/47 [00:00<?, ?it/s, loss=0.249, v_num=]/usr/local/lib/python3.13/dist-packages/torch/utils/data/dataloader.py:432: UserWarning: This DataLoader will create 6 worker processes in total. Our suggested max number of worker in current system is 2, which is smaller than what this DataLoader is going to create. Please be aware that excessive worker creation might get DataLoader running slow or even freeze, lower the worker number to avoid potential slowness/freeze if necessary.
  self.check_worker_number_rationality()

Epoch 386:  43%|████▎     | 20/47 [00:01<00:01, 19.34it/s, loss=0.249, v_num=]
Epoch 386:  43%|████▎     | 20/47 [00:01<00:01, 19.33it/s, loss=0.245, v_num=]
Epoch 386:  85%|████████▌ | 40/47 [00:01<00:00, 22.07it/s, loss=0.245, v_num=]
Epoch 386:  85%|████████▌ | 40/47 [00:01<00:00, 22.07it/s, loss=0.247, v_num=]
Epoch 386: 100%|██████████| 47/47 [00:02<00:00, 21.42it/s, loss=0.247, v_num=]
Epoch 386:   0%|          | 0/47 [00:00<?, ?it/s, loss=0.247, v_num=]         
Epoch 387:   0%|          | 0/47 [00:00<?, ?it/s, loss=0.247, v_num=]
Epoch 387:  43%|████▎     | 20/47 [00:01<00:01, 18.99it/s, loss=0.247, v_num=]
Epoch 387:  43%|████▎     | 20/47 [00:01<00:01, 18.98it/s, loss=0.249, v_num=]
Epoch 387:  85%|████████▌ | 40/47 [00:01<00:00, 21.76it/s, loss=0.249, v_num=]
Epoch 387:  85%|████████▌ | 40/47 [00:01<00:00, 21.75it/s, loss=0.251, v_num=]
Epoch 387: 100%|██████████| 47/47 [00:02<00:00, 20.76it/s, loss=0.248, v_num=]
Epoch 387:   0%|          | 0/47 [00:00<?, ?it/s, loss=0.248, v_num=]         
Epoch 388:   0%|          | 0/47 [00:00<?, ?it/s, loss=0.248, v_num=]
Epoch 388:  43%|████▎     | 20/47 [00:01<00:01, 19.06it/s, loss=0.248, v_num=]
Epoch 388:  43%|████▎     | 20/47 [00:01<00:01, 19.04it/s, loss=0.246, v_num=]
Epoch 388:  85%|████████▌ | 40/47 [00:01<00:00, 20.17it/s, loss=0.246, v_num=]
Epoch 388:  85%|████████▌ | 40/47 [00:01<00:00, 20.16it/s, loss=0.246, v_num=]
Epoch 388: 100%|██████████| 47/47 [00:02<00:00, 18.67it/s, loss=0.247, v_num=]
Epoch 388:   0%|          | 0/47 [00:00<?, ?it/s, loss=0.247, v_num=]         
Epoch 389:   0%|          | 0/47 [00:00<?, ?it/s, loss=0.247, v_num=]
Epoch 389:  43%|████▎     | 20/47 [00:01<00:01, 13.80it/s, loss=0.247, v_num=]
Epoch 389:  43%|████▎     | 20/47 [00:01<00:01, 13.79it/s, loss=0.254, v_num=]
Epoch 389:  85%|████████▌ | 40/47 [00:02<00:00, 18.20it/s, loss=0.254, v_num=]
Epoch 389:  85%|████████▌ | 40/47 [00:02<00:00, 18.20it/s, loss=0.245, v_num=]
Epoch 389: 100%|██████████| 47/47 [00:02<00:00, 18.28it/s, loss=0.245, v_num=]
Epoch 389:   0%|          | 0/47 [00:00<?, ?it/s, loss=0.245, v_num=]         
Epoch 390:   0%|          | 0/47 [00:00<?, ?it/s, loss=0.245, v_num=]
Epoch 390:  43%|████▎     | 20/47 [00:01<00:01, 19.17it/s, loss=0.245, v_num=]
Epoch 390:  43%|████▎     | 20/47 [00:01<00:01, 19.15it/s, loss=0.247, v_num=]
Epoch 390:  85%|████████▌ | 40/47 [00:01<00:00, 21.71it/s, loss=0.247, v_num=]
Epoch 390:  85%|████████▌ | 40/47 [00:01<00:00, 21.71it/s, loss=0.247, v_num=]
Epoch 390: 100%|██████████| 47/47 [00:02<00:00, 21.07it/s, loss=0.246, v_num=]Evaluating...
NMI : 0.6998467963925039, ARI: 0.4648400845374259, ACC: 0.46783, current K: 10
Epoch 390 | NMI: 0.6998, ARI: 0.4648, ACC: 0.4678, current K: 10
Confusion Matrix:
[[  0   0   6   0   0   1   2 287   0   4   0   0   0   0   0   0   0   0
    0   0]
 [  0   5   0   7   0 287   0   0   0   1   0   0   0   0   0   0   0   0
    0   0]
 [  2   0   0   2   0   1 291   0   3   1   0   0   0   0   0   0   0   0
    0   0]
 [  0   2   0   0   5 293   0   0   0   0   0   0   0   0   0   0   0   0
    0   0]
 [  0 266  26   0   1   6   0   0   0   1   0   0   0   0   0   0   0   0
    0   0]
 [  0   0   0   2   1   0   1   3   4 289   0   0   0   0   0   0   0   0
    0   0]
 [  5 290   3   0   0   2   0   0   0   0   0   0   0   0   0   0   0   0
    0   0]
 [  1   2   0   5   3   0  12   0 274   3   0   0   0   0   0   0   0   0
    0   0]
 [  1   0   0   0   0   0  16 171   0 112   0   0   0   0   0   0   0   0
    0   0]
 [  0  59   0   1   0 238   2   0   0   0   0   0   0   0   0   0   0   0
    0   0]
 [  1   0   2   0   5   3 253  12   9  15   0   0   0   0   0   0   0   0
    0   0]
 [  0  91   1   2   0 204   1   1   0   0   0   0   0   0   0   0   0   0
    0   0]
 [269  14   0   0   0   8   4   3   0   2   0   0   0   0   0   0   0   0
    0   0]
 [  0   0   0   0 277   5  13   3   1   1   0   0   0   0   0   0   0   0
    0   0]
 [  0  22 263   0   0   4   5   6   0   0   0   0   0   0   0   0   0   0
    0   0]
 [  0   2   0 261   0   7   0   2   1  27   0   0   0   0   0   0   0   0
    0   0]
 [  0  25 271   0   0   0   0   0   0   4   0   0   0   0   0   0   0   0
    0   0]
 [  0   5   0 265   0   1   2   0  11  16   0   0   0   0   0   0   0   0
    0   0]
 [270  18   0   0   0   1   0   0  11   0   0   0   0   0   0   0   0   0
    0   0]
 [  0   5   2   0 277   0   2   5   1   8   0   0   0   0   0   0   0   0
    0   0]]

Epoch 390:   0%|          | 0/47 [00:00<?, ?it/s, loss=0.246, v_num=]         
Epoch 391:   0%|          | 0/47 [00:00<?, ?it/s, loss=0.246, v_num=]/usr/local/lib/python3.13/dist-packages/torch/utils/data/dataloader.py:432: UserWarning: This DataLoader will create 6 worker processes in total. Our suggested max number of worker in current system is 2, which is smaller than what this DataLoader is going to create. Please be aware that excessive worker creation might get DataLoader running slow or even freeze, lower the worker number to avoid potential slowness/freeze if necessary.
  self.check_worker_number_rationality()

Epoch 391:  43%|████▎     | 20/47 [00:01<00:01, 18.70it/s, loss=0.246, v_num=]
Epoch 391:  43%|████▎     | 20/47 [00:01<00:01, 18.68it/s, loss=0.245, v_num=]
Epoch 391:  85%|████████▌ | 40/47 [00:01<00:00, 21.73it/s, loss=0.245, v_num=]
Epoch 391:  85%|████████▌ | 40/47 [00:01<00:00, 21.73it/s, loss=0.243, v_num=]
Epoch 391: 100%|██████████| 47/47 [00:02<00:00, 21.01it/s, loss=0.245, v_num=]
Epoch 391:   0%|          | 0/47 [00:00<?, ?it/s, loss=0.245, v_num=]         
Epoch 392:   0%|          | 0/47 [00:00<?, ?it/s, loss=0.245, v_num=]
Epoch 392:  43%|████▎     | 20/47 [00:01<00:01, 19.34it/s, loss=0.245, v_num=]
Epoch 392:  43%|████▎     | 20/47 [00:01<00:01, 19.33it/s, loss=0.245, v_num=]
Epoch 392:  85%|████████▌ | 40/47 [00:01<00:00, 22.50it/s, loss=0.245, v_num=]
Epoch 392:  85%|████████▌ | 40/47 [00:01<00:00, 22.49it/s, loss=0.243, v_num=]
Epoch 392: 100%|██████████| 47/47 [00:02<00:00, 21.67it/s, loss=0.249, v_num=]
Epoch 392:   0%|          | 0/47 [00:00<?, ?it/s, loss=0.249, v_num=]         
Epoch 393:   0%|          | 0/47 [00:00<?, ?it/s, loss=0.249, v_num=]
Epoch 393:  43%|████▎     | 20/47 [00:01<00:01, 19.21it/s, loss=0.249, v_num=]
Epoch 393:  43%|████▎     | 20/47 [00:01<00:01, 19.20it/s, loss=0.25, v_num=] 
Epoch 393:  85%|████████▌ | 40/47 [00:01<00:00, 21.93it/s, loss=0.25, v_num=]
Epoch 393:  85%|████████▌ | 40/47 [00:01<00:00, 21.93it/s, loss=0.244, v_num=]
Epoch 393: 100%|██████████| 47/47 [00:02<00:00, 20.09it/s, loss=0.247, v_num=]
Epoch 393:   0%|          | 0/47 [00:00<?, ?it/s, loss=0.247, v_num=]         
Epoch 394:   0%|          | 0/47 [00:00<?, ?it/s, loss=0.247, v_num=]
Epoch 394:  43%|████▎     | 20/47 [00:01<00:01, 14.51it/s, loss=0.247, v_num=]
Epoch 394:  43%|████▎     | 20/47 [00:01<00:01, 14.50it/s, loss=0.24, v_num=] 
Epoch 394:  85%|████████▌ | 40/47 [00:02<00:00, 16.98it/s, loss=0.24, v_num=]
Epoch 394:  85%|████████▌ | 40/47 [00:02<00:00, 16.98it/s, loss=0.248, v_num=]
Epoch 394: 100%|██████████| 47/47 [00:02<00:00, 17.10it/s, loss=0.246, v_num=]
Epoch 394:   0%|          | 0/47 [00:00<?, ?it/s, loss=0.246, v_num=]         
Epoch 395:   0%|          | 0/47 [00:00<?, ?it/s, loss=0.246, v_num=]
Epoch 395:  43%|████▎     | 20/47 [00:01<00:01, 19.81it/s, loss=0.246, v_num=]
Epoch 395:  43%|████▎     | 20/47 [00:01<00:01, 19.80it/s, loss=0.245, v_num=]
Epoch 395:  85%|████████▌ | 40/47 [00:01<00:00, 22.83it/s, loss=0.245, v_num=]
Epoch 395:  85%|████████▌ | 40/47 [00:01<00:00, 22.83it/s, loss=0.244, v_num=]
Epoch 395: 100%|██████████| 47/47 [00:02<00:00, 21.93it/s, loss=0.244, v_num=]Evaluating...
NMI : 0.7016930254705201, ARI: 0.4664649354676381, ACC: 0.46817, current K: 10

Epoch 395:   0%|          | 0/47 [00:00<?, ?it/s, loss=0.244, v_num=]         
Epoch 396:   0%|          | 0/47 [00:00<?, ?it/s, loss=0.244, v_num=]/usr/local/lib/python3.13/dist-packages/torch/utils/data/dataloader.py:432: UserWarning: This DataLoader will create 6 worker processes in total. Our suggested max number of worker in current system is 2, which is smaller than what this DataLoader is going to create. Please be aware that excessive worker creation might get DataLoader running slow or even freeze, lower the worker number to avoid potential slowness/freeze if necessary.
  self.check_worker_number_rationality()

Epoch 396:  43%|████▎     | 20/47 [00:01<00:01, 19.41it/s, loss=0.244, v_num=]
Epoch 396:  43%|████▎     | 20/47 [00:01<00:01, 19.40it/s, loss=0.246, v_num=]
Epoch 396:  85%|████████▌ | 40/47 [00:01<00:00, 22.22it/s, loss=0.246, v_num=]
Epoch 396:  85%|████████▌ | 40/47 [00:01<00:00, 22.22it/s, loss=0.251, v_num=]
Epoch 396: 100%|██████████| 47/47 [00:02<00:00, 21.50it/s, loss=0.246, v_num=]
Epoch 396:   0%|          | 0/47 [00:00<?, ?it/s, loss=0.246, v_num=]         
Epoch 397:   0%|          | 0/47 [00:00<?, ?it/s, loss=0.246, v_num=]
Epoch 397:  43%|████▎     | 20/47 [00:01<00:01, 19.57it/s, loss=0.246, v_num=]
Epoch 397:  43%|████▎     | 20/47 [00:01<00:01, 19.55it/s, loss=0.245, v_num=]
Epoch 397:  85%|████████▌ | 40/47 [00:01<00:00, 22.54it/s, loss=0.245, v_num=]
Epoch 397:  85%|████████▌ | 40/47 [00:01<00:00, 22.53it/s, loss=0.247, v_num=]
Epoch 397: 100%|██████████| 47/47 [00:02<00:00, 21.80it/s, loss=0.244, v_num=]
Epoch 397:   0%|          | 0/47 [00:00<?, ?it/s, loss=0.244, v_num=]         
Epoch 398:   0%|          | 0/47 [00:00<?, ?it/s, loss=0.244, v_num=]
Epoch 398:  43%|████▎     | 20/47 [00:01<00:01, 19.58it/s, loss=0.244, v_num=]
Epoch 398:  43%|████▎     | 20/47 [00:01<00:01, 19.56it/s, loss=0.244, v_num=]
Epoch 398:  85%|████████▌ | 40/47 [00:01<00:00, 22.50it/s, loss=0.244, v_num=]
Epoch 398:  85%|████████▌ | 40/47 [00:01<00:00, 22.50it/s, loss=0.241, v_num=]
Epoch 398: 100%|██████████| 47/47 [00:02<00:00, 21.69it/s, loss=0.244, v_num=]
Epoch 398:   0%|          | 0/47 [00:00<?, ?it/s, loss=0.244, v_num=]         
Epoch 399:   0%|          | 0/47 [00:00<?, ?it/s, loss=0.244, v_num=]
Epoch 399:  43%|████▎     | 20/47 [00:01<00:01, 16.77it/s, loss=0.244, v_num=]
Epoch 399:  43%|████▎     | 20/47 [00:01<00:01, 16.76it/s, loss=0.248, v_num=]
Epoch 399:  85%|████████▌ | 40/47 [00:02<00:00, 18.93it/s, loss=0.248, v_num=]
Epoch 399:  85%|████████▌ | 40/47 [00:02<00:00, 18.92it/s, loss=0.242, v_num=]
Epoch 399: 100%|██████████| 47/47 [00:02<00:00, 17.29it/s, loss=0.242, v_num=]
Epoch 399:   0%|          | 0/47 [00:00<?, ?it/s, loss=0.242, v_num=]         
Epoch 400:   0%|          | 0/47 [00:00<?, ?it/s, loss=0.242, v_num=]
Epoch 400:  43%|████▎     | 20/47 [00:01<00:01, 14.99it/s, loss=0.242, v_num=]
Epoch 400:  43%|████▎     | 20/47 [00:01<00:01, 14.98it/s, loss=0.242, v_num=]
Epoch 400:  85%|████████▌ | 40/47 [00:02<00:00, 18.78it/s, loss=0.242, v_num=]
Epoch 400:  85%|████████▌ | 40/47 [00:02<00:00, 18.78it/s, loss=0.25, v_num=] 
Epoch 400: 100%|██████████| 47/47 [00:02<00:00, 18.67it/s, loss=0.249, v_num=]Evaluating...
NMI : 0.702847316139501, ARI: 0.4672267671718489, ACC: 0.46883, current K: 10
Epoch 400 | NMI: 0.7028, ARI: 0.4672, ACC: 0.4688, current K: 10
Confusion Matrix:
[[  0   0   5   0   0   1   2 287   0   5   0   0   0   0   0   0   0   0
    0   0]
 [  0   4   0   7   0 288   0   0   0   1   0   0   0   0   0   0   0   0
    0   0]
 [  2   0   0   2   0   1 291   0   2   2   0   0   0   0   0   0   0   0
    0   0]
 [  0   1   0   0   6 293   0   0   0   0   0   0   0   0   0   0   0   0
    0   0]
 [  0 266  26   0   1   6   0   0   0   1   0   0   0   0   0   0   0   0
    0   0]
 [  0   0   0   2   1   0   1   3   4 289   0   0   0   0   0   0   0   0
    0   0]
 [  5 290   3   0   0   2   0   0   0   0   0   0   0   0   0   0   0   0
    0   0]
 [  1   2   0   5   3   0  12   0 272   5   0   0   0   0   0   0   0   0
    0   0]
 [  2   0   0   0   0   0  12 172   0 114   0   0   0   0   0   0   0   0
    0   0]
 [  0  59   0   1   0 238   2   0   0   0   0   0   0   0   0   0   0   0
    0   0]
 [  1   0   2   0   5   3 259   7   9  14   0   0   0   0   0   0   0   0
    0   0]
 [  0  90   1   3   0 204   1   1   0   0   0   0   0   0   0   0   0   0
    0   0]
 [268  15   0   0   0   7   5   3   0   2   0   0   0   0   0   0   0   0
    0   0]
 [  0   0   0   0 280   4  11   4   0   1   0   0   0   0   0   0   0   0
    0   0]
 [  0  22 263   0   0   4   5   6   0   0   0   0   0   0   0   0   0   0
    0   0]
 [  0   2   0 261   0   7   0   2   1  27   0   0   0   0   0   0   0   0
    0   0]
 [  0  25 272   0   0   0   0   0   0   3   0   0   0   0   0   0   0   0
    0   0]
 [  0   4   0 268   0   1   1   0   9  17   0   0   0   0   0   0   0   0
    0   0]
 [271  18   0   0   0   1   0   0  10   0   0   0   0   0   0   0   0   0
    0   0]
 [  0   5   3   0 277   0   2   4   0   9   0   0   0   0   0   0   0   0
    0   0]]

Epoch 400:   0%|          | 0/47 [00:00<?, ?it/s, loss=0.249, v_num=]         
Epoch 401:   0%|          | 0/47 [00:00<?, ?it/s, loss=0.249, v_num=]/usr/local/lib/python3.13/dist-packages/torch/utils/data/dataloader.py:432: UserWarning: This DataLoader will create 6 worker processes in total. Our suggested max number of worker in current system is 2, which is smaller than what this DataLoader is going to create. Please be aware that excessive worker creation might get DataLoader running slow or even freeze, lower the worker number to avoid potential slowness/freeze if necessary.
  self.check_worker_number_rationality()

Epoch 401:  43%|████▎     | 20/47 [00:01<00:01, 18.41it/s, loss=0.249, v_num=]
Epoch 401:  43%|████▎     | 20/47 [00:01<00:01, 18.40it/s, loss=0.241, v_num=]
Epoch 401:  85%|████████▌ | 40/47 [00:01<00:00, 21.53it/s, loss=0.241, v_num=]
Epoch 401:  85%|████████▌ | 40/47 [00:01<00:00, 21.53it/s, loss=0.249, v_num=]
Epoch 401: 100%|██████████| 47/47 [00:02<00:00, 20.92it/s, loss=0.244, v_num=]
Epoch 401:   0%|          | 0/47 [00:00<?, ?it/s, loss=0.244, v_num=]         
Epoch 402:   0%|          | 0/47 [00:00<?, ?it/s, loss=0.244, v_num=]
Epoch 402:  43%|████▎     | 20/47 [00:01<00:01, 19.05it/s, loss=0.244, v_num=]
Epoch 402:  43%|████▎     | 20/47 [00:01<00:01, 19.04it/s, loss=0.246, v_num=]
Epoch 402:  85%|████████▌ | 40/47 [00:01<00:00, 21.98it/s, loss=0.246, v_num=]
Epoch 402:  85%|████████▌ | 40/47 [00:01<00:00, 21.98it/s, loss=0.247, v_num=]
Epoch 402: 100%|██████████| 47/47 [00:02<00:00, 21.07it/s, loss=0.239, v_num=]
Epoch 402:   0%|          | 0/47 [00:00<?, ?it/s, loss=0.239, v_num=]         
Epoch 403:   0%|          | 0/47 [00:00<?, ?it/s, loss=0.239, v_num=]
Epoch 403:  43%|████▎     | 20/47 [00:01<00:01, 18.56it/s, loss=0.239, v_num=]
Epoch 403:  43%|████▎     | 20/47 [00:01<00:01, 18.55it/s, loss=0.245, v_num=]
Epoch 403:  85%|████████▌ | 40/47 [00:01<00:00, 21.25it/s, loss=0.245, v_num=]
Epoch 403:  85%|████████▌ | 40/47 [00:01<00:00, 21.24it/s, loss=0.239, v_num=]
Epoch 403: 100%|██████████| 47/47 [00:02<00:00, 20.39it/s, loss=0.244, v_num=]
Epoch 403:   0%|          | 0/47 [00:00<?, ?it/s, loss=0.244, v_num=]         
Epoch 404:   0%|          | 0/47 [00:00<?, ?it/s, loss=0.244, v_num=]
Epoch 404:  43%|████▎     | 20/47 [00:01<00:01, 18.88it/s, loss=0.244, v_num=]
Epoch 404:  43%|████▎     | 20/47 [00:01<00:01, 18.87it/s, loss=0.241, v_num=]
Epoch 404:  85%|████████▌ | 40/47 [00:02<00:00, 19.67it/s, loss=0.241, v_num=]
Epoch 404:  85%|████████▌ | 40/47 [00:02<00:00, 19.66it/s, loss=0.245, v_num=]
Epoch 404: 100%|██████████| 47/47 [00:02<00:00, 18.07it/s, loss=0.246, v_num=]
Epoch 404:   0%|          | 0/47 [00:00<?, ?it/s, loss=0.246, v_num=]         
Epoch 405:   0%|          | 0/47 [00:00<?, ?it/s, loss=0.246, v_num=]
Epoch 405:  43%|████▎     | 20/47 [00:01<00:01, 14.25it/s, loss=0.246, v_num=]
Epoch 405:  43%|████▎     | 20/47 [00:01<00:01, 14.24it/s, loss=0.245, v_num=]
Epoch 405:  85%|████████▌ | 40/47 [00:02<00:00, 18.26it/s, loss=0.245, v_num=]
Epoch 405:  85%|████████▌ | 40/47 [00:02<00:00, 18.26it/s, loss=0.243, v_num=]
Epoch 405: 100%|██████████| 47/47 [00:02<00:00, 18.27it/s, loss=0.243, v_num=]Evaluating...
NMI : 0.702556808183783, ARI: 0.4672422777718374, ACC: 0.46867, current K: 10

Epoch 405:   0%|          | 0/47 [00:00<?, ?it/s, loss=0.243, v_num=]         
Epoch 406:   0%|          | 0/47 [00:00<?, ?it/s, loss=0.243, v_num=]/usr/local/lib/python3.13/dist-packages/torch/utils/data/dataloader.py:432: UserWarning: This DataLoader will create 6 worker processes in total. Our suggested max number of worker in current system is 2, which is smaller than what this DataLoader is going to create. Please be aware that excessive worker creation might get DataLoader running slow or even freeze, lower the worker number to avoid potential slowness/freeze if necessary.
  self.check_worker_number_rationality()

Epoch 406:  43%|████▎     | 20/47 [00:01<00:01, 18.80it/s, loss=0.243, v_num=]
Epoch 406:  43%|████▎     | 20/47 [00:01<00:01, 18.79it/s, loss=0.244, v_num=]
Epoch 406:  85%|████████▌ | 40/47 [00:01<00:00, 21.57it/s, loss=0.244, v_num=]
Epoch 406:  85%|████████▌ | 40/47 [00:01<00:00, 21.56it/s, loss=0.246, v_num=]
Epoch 406: 100%|██████████| 47/47 [00:02<00:00, 21.01it/s, loss=0.24, v_num=] 
Epoch 406:   0%|          | 0/47 [00:00<?, ?it/s, loss=0.24, v_num=]         
Epoch 407:   0%|          | 0/47 [00:00<?, ?it/s, loss=0.24, v_num=]
Epoch 407:  43%|████▎     | 20/47 [00:01<00:01, 19.02it/s, loss=0.24, v_num=]
Epoch 407:  43%|████▎     | 20/47 [00:01<00:01, 19.00it/s, loss=0.243, v_num=]
Epoch 407:  85%|████████▌ | 40/47 [00:01<00:00, 22.19it/s, loss=0.243, v_num=]
Epoch 407:  85%|████████▌ | 40/47 [00:01<00:00, 22.18it/s, loss=0.246, v_num=]
Epoch 407: 100%|██████████| 47/47 [00:02<00:00, 21.52it/s, loss=0.245, v_num=]
Epoch 407:   0%|          | 0/47 [00:00<?, ?it/s, loss=0.245, v_num=]         
Epoch 408:   0%|          | 0/47 [00:00<?, ?it/s, loss=0.245, v_num=]
Epoch 408:  43%|████▎     | 20/47 [00:01<00:01, 18.57it/s, loss=0.245, v_num=]
Epoch 408:  43%|████▎     | 20/47 [00:01<00:01, 18.56it/s, loss=0.24, v_num=] 
Epoch 408:  85%|████████▌ | 40/47 [00:01<00:00, 21.72it/s, loss=0.24, v_num=]
Epoch 408:  85%|████████▌ | 40/47 [00:01<00:00, 21.72it/s, loss=0.245, v_num=]
Epoch 408: 100%|██████████| 47/47 [00:02<00:00, 21.05it/s, loss=0.242, v_num=]
Epoch 408:   0%|          | 0/47 [00:00<?, ?it/s, loss=0.242, v_num=]         
Epoch 409:   0%|          | 0/47 [00:00<?, ?it/s, loss=0.242, v_num=]
Epoch 409:  43%|████▎     | 20/47 [00:01<00:01, 18.65it/s, loss=0.242, v_num=]
Epoch 409:  43%|████▎     | 20/47 [00:01<00:01, 18.64it/s, loss=0.25, v_num=] 
Epoch 409:  85%|████████▌ | 40/47 [00:01<00:00, 21.06it/s, loss=0.25, v_num=]
Epoch 409:  85%|████████▌ | 40/47 [00:01<00:00, 21.06it/s, loss=0.245, v_num=]
Epoch 409: 100%|██████████| 47/47 [00:02<00:00, 19.17it/s, loss=0.24, v_num=] 
Epoch 409:   0%|          | 0/47 [00:00<?, ?it/s, loss=0.24, v_num=]         
Epoch 410:   0%|          | 0/47 [00:00<?, ?it/s, loss=0.24, v_num=]
Epoch 410:  43%|████▎     | 20/47 [00:01<00:01, 14.17it/s, loss=0.24, v_num=]
Epoch 410:  43%|████▎     | 20/47 [00:01<00:01, 14.16it/s, loss=0.246, v_num=]
Epoch 410:  85%|████████▌ | 40/47 [00:02<00:00, 16.77it/s, loss=0.246, v_num=]
Epoch 410:  85%|████████▌ | 40/47 [00:02<00:00, 16.77it/s, loss=0.241, v_num=]
Epoch 410: 100%|██████████| 47/47 [00:02<00:00, 17.01it/s, loss=0.24, v_num=] Evaluating...
NMI : 0.7028356266989374, ARI: 0.46741245454402347, ACC: 0.46833, current K: 10
Epoch 410 | NMI: 0.7028, ARI: 0.4674, ACC: 0.4683, current K: 10
Confusion Matrix:
[[  0   0   5   0   0   1   2 287   0   5   0   0   0   0   0   0   0   0
    0   0]
 [  0   4   0   7   0 288   0   0   0   1   0   0   0   0   0   0   0   0
    0   0]
 [  2   0   0   2   0   1 291   0   2   2   0   0   0   0   0   0   0   0
    0   0]
 [  0   2   0   0   6 292   0   0   0   0   0   0   0   0   0   0   0   0
    0   0]
 [  0 266  26   0   1   6   0   0   0   1   0   0   0   0   0   0   0   0
    0   0]
 [  0   0   0   2   1   0   1   3   4 289   0   0   0   0   0   0   0   0
    0   0]
 [  5 290   3   0   0   2   0   0   0   0   0   0   0   0   0   0   0   0
    0   0]
 [  1   2   0   5   5   0  12   0 271   4   0   0   0   0   0   0   0   0
    0   0]
 [  3   0   0   0   0   0   8 176   0 113   0   0   0   0   0   0   0   0
    0   0]
 [  0  59   0   1   0 238   2   0   0   0   0   0   0   0   0   0   0   0
    0   0]
 [  1   0   2   0   6   3 259   7   6  16   0   0   0   0   0   0   0   0
    0   0]
 [  0  89   1   3   0 205   1   1   0   0   0   0   0   0   0   0   0   0
    0   0]
 [269  14   0   0   0   7   5   3   0   2   0   0   0   0   0   0   0   0
    0   0]
 [  0   0   0   0 281   4  10   4   0   1   0   0   0   0   0   0   0   0
    0   0]
 [  0  22 263   0   0   4   5   6   0   0   0   0   0   0   0   0   0   0
    0   0]
 [  0   2   0 261   0   7   0   2   1  27   0   0   0   0   0   0   0   0
    0   0]
 [  0  25 272   0   0   0   0   0   0   3   0   0   0   0   0   0   0   0
    0   0]
 [  0   4   0 265   0   1   1   0  11  18   0   0   0   0   0   0   0   0
    0   0]
 [272  17   0   0   0   1   0   0  10   0   0   0   0   0   0   0   0   0
    0   0]
 [  0   5   3   0 277   0   2   4   0   9   0   0   0   0   0   0   0   0
    0   0]]

Epoch 410:   0%|          | 0/47 [00:00<?, ?it/s, loss=0.24, v_num=]         
Epoch 411:   0%|          | 0/47 [00:00<?, ?it/s, loss=0.24, v_num=]/usr/local/lib/python3.13/dist-packages/torch/utils/data/dataloader.py:432: UserWarning: This DataLoader will create 6 worker processes in total. Our suggested max number of worker in current system is 2, which is smaller than what this DataLoader is going to create. Please be aware that excessive worker creation might get DataLoader running slow or even freeze, lower the worker number to avoid potential slowness/freeze if necessary.
  self.check_worker_number_rationality()

Epoch 411:  43%|████▎     | 20/47 [00:01<00:01, 18.54it/s, loss=0.24, v_num=]
Epoch 411:  43%|████▎     | 20/47 [00:01<00:01, 18.53it/s, loss=0.242, v_num=]
Epoch 411:  85%|████████▌ | 40/47 [00:01<00:00, 21.93it/s, loss=0.242, v_num=]
Epoch 411:  85%|████████▌ | 40/47 [00:01<00:00, 21.93it/s, loss=0.241, v_num=]
Epoch 411: 100%|██████████| 47/47 [00:02<00:00, 21.13it/s, loss=0.24, v_num=] 
Epoch 411:   0%|          | 0/47 [00:00<?, ?it/s, loss=0.24, v_num=]         
Epoch 412:   0%|          | 0/47 [00:00<?, ?it/s, loss=0.24, v_num=]
Epoch 412:  43%|████▎     | 20/47 [00:01<00:01, 19.30it/s, loss=0.24, v_num=]
Epoch 412:  43%|████▎     | 20/47 [00:01<00:01, 19.29it/s, loss=0.238, v_num=]
Epoch 412:  85%|████████▌ | 40/47 [00:01<00:00, 22.34it/s, loss=0.238, v_num=]
Epoch 412:  85%|████████▌ | 40/47 [00:01<00:00, 22.33it/s, loss=0.242, v_num=]
Epoch 412: 100%|██████████| 47/47 [00:02<00:00, 21.54it/s, loss=0.244, v_num=]
Epoch 412:   0%|          | 0/47 [00:00<?, ?it/s, loss=0.244, v_num=]         
Epoch 413:   0%|          | 0/47 [00:00<?, ?it/s, loss=0.244, v_num=]
Epoch 413:  43%|████▎     | 20/47 [00:01<00:01, 17.31it/s, loss=0.244, v_num=]
Epoch 413:  43%|████▎     | 20/47 [00:01<00:01, 17.30it/s, loss=0.245, v_num=]
Epoch 413:  85%|████████▌ | 40/47 [00:01<00:00, 20.95it/s, loss=0.245, v_num=]
Epoch 413:  85%|████████▌ | 40/47 [00:01<00:00, 20.95it/s, loss=0.241, v_num=]
Epoch 413: 100%|██████████| 47/47 [00:02<00:00, 20.44it/s, loss=0.247, v_num=]
Epoch 413:   0%|          | 0/47 [00:00<?, ?it/s, loss=0.247, v_num=]         
Epoch 414:   0%|          | 0/47 [00:00<?, ?it/s, loss=0.247, v_num=]
Epoch 414:  43%|████▎     | 20/47 [00:01<00:01, 19.28it/s, loss=0.247, v_num=]
Epoch 414:  43%|████▎     | 20/47 [00:01<00:01, 19.26it/s, loss=0.238, v_num=]
Epoch 414:  85%|████████▌ | 40/47 [00:01<00:00, 22.31it/s, loss=0.238, v_num=]
Epoch 414:  85%|████████▌ | 40/47 [00:01<00:00, 22.31it/s, loss=0.246, v_num=]
Epoch 414: 100%|██████████| 47/47 [00:02<00:00, 21.59it/s, loss=0.241, v_num=]
Epoch 414:   0%|          | 0/47 [00:00<?, ?it/s, loss=0.241, v_num=]         
Epoch 415:   0%|          | 0/47 [00:00<?, ?it/s, loss=0.241, v_num=]
Epoch 415:  43%|████▎     | 20/47 [00:01<00:01, 15.25it/s, loss=0.241, v_num=]
Epoch 415:  43%|████▎     | 20/47 [00:01<00:01, 15.24it/s, loss=0.24, v_num=] 
Epoch 415:  85%|████████▌ | 40/47 [00:02<00:00, 17.00it/s, loss=0.24, v_num=]
Epoch 415:  85%|████████▌ | 40/47 [00:02<00:00, 17.00it/s, loss=0.238, v_num=]
Epoch 415: 100%|██████████| 47/47 [00:02<00:00, 16.05it/s, loss=0.245, v_num=]Evaluating...
NMI : 0.7032494632378227, ARI: 0.4673009065038022, ACC: 0.46833, current K: 10

Epoch 415:   0%|          | 0/47 [00:00<?, ?it/s, loss=0.245, v_num=]         
Epoch 416:   0%|          | 0/47 [00:00<?, ?it/s, loss=0.245, v_num=]/usr/local/lib/python3.13/dist-packages/torch/utils/data/dataloader.py:432: UserWarning: This DataLoader will create 6 worker processes in total. Our suggested max number of worker in current system is 2, which is smaller than what this DataLoader is going to create. Please be aware that excessive worker creation might get DataLoader running slow or even freeze, lower the worker number to avoid potential slowness/freeze if necessary.
  self.check_worker_number_rationality()

Epoch 416:  43%|████▎     | 20/47 [00:01<00:01, 19.03it/s, loss=0.245, v_num=]
Epoch 416:  43%|████▎     | 20/47 [00:01<00:01, 19.02it/s, loss=0.246, v_num=]
Epoch 416:  85%|████████▌ | 40/47 [00:01<00:00, 22.10it/s, loss=0.246, v_num=]
Epoch 416:  85%|████████▌ | 40/47 [00:01<00:00, 22.10it/s, loss=0.245, v_num=]
Epoch 416: 100%|██████████| 47/47 [00:02<00:00, 21.56it/s, loss=0.243, v_num=]
Epoch 416:   0%|          | 0/47 [00:00<?, ?it/s, loss=0.243, v_num=]         
Epoch 417:   0%|          | 0/47 [00:00<?, ?it/s, loss=0.243, v_num=]
Epoch 417:  43%|████▎     | 20/47 [00:01<00:01, 19.07it/s, loss=0.243, v_num=]
Epoch 417:  43%|████▎     | 20/47 [00:01<00:01, 19.05it/s, loss=0.238, v_num=]
Epoch 417:  85%|████████▌ | 40/47 [00:01<00:00, 21.87it/s, loss=0.238, v_num=]
Epoch 417:  85%|████████▌ | 40/47 [00:01<00:00, 21.87it/s, loss=0.245, v_num=]
Epoch 417: 100%|██████████| 47/47 [00:02<00:00, 21.20it/s, loss=0.24, v_num=] 
Epoch 417:   0%|          | 0/47 [00:00<?, ?it/s, loss=0.24, v_num=]         
Epoch 418:   0%|          | 0/47 [00:00<?, ?it/s, loss=0.24, v_num=]
Epoch 418:  43%|████▎     | 20/47 [00:01<00:01, 19.15it/s, loss=0.24, v_num=]
Epoch 418:  43%|████▎     | 20/47 [00:01<00:01, 19.13it/s, loss=0.243, v_num=]
Epoch 418:  85%|████████▌ | 40/47 [00:01<00:00, 22.17it/s, loss=0.243, v_num=]
Epoch 418:  85%|████████▌ | 40/47 [00:01<00:00, 22.17it/s, loss=0.243, v_num=]
Epoch 418: 100%|██████████| 47/47 [00:02<00:00, 21.37it/s, loss=0.244, v_num=]
Epoch 418:   0%|          | 0/47 [00:00<?, ?it/s, loss=0.244, v_num=]         
Epoch 419:   0%|          | 0/47 [00:00<?, ?it/s, loss=0.244, v_num=]
Epoch 419:  43%|████▎     | 20/47 [00:01<00:01, 19.77it/s, loss=0.244, v_num=]
Epoch 419:  43%|████▎     | 20/47 [00:01<00:01, 19.75it/s, loss=0.234, v_num=]
Epoch 419:  85%|████████▌ | 40/47 [00:01<00:00, 22.89it/s, loss=0.234, v_num=]
Epoch 419:  85%|████████▌ | 40/47 [00:01<00:00, 22.89it/s, loss=0.251, v_num=]
Epoch 419: 100%|██████████| 47/47 [00:02<00:00, 22.16it/s, loss=0.241, v_num=]
Epoch 419:   0%|          | 0/47 [00:00<?, ?it/s, loss=0.241, v_num=]         
Epoch 420:   0%|          | 0/47 [00:00<?, ?it/s, loss=0.241, v_num=]
Epoch 420:  43%|████▎     | 20/47 [00:01<00:01, 19.33it/s, loss=0.241, v_num=]
Epoch 420:  43%|████▎     | 20/47 [00:01<00:01, 19.32it/s, loss=0.241, v_num=]
Epoch 420:  85%|████████▌ | 40/47 [00:02<00:00, 19.82it/s, loss=0.241, v_num=]
Epoch 420:  85%|████████▌ | 40/47 [00:02<00:00, 19.82it/s, loss=0.246, v_num=]
Epoch 420: 100%|██████████| 47/47 [00:02<00:00, 17.95it/s, loss=0.245, v_num=]Evaluating...
NMI : 0.703693550228174, ARI: 0.4671181389107415, ACC: 0.4685, current K: 10
Epoch 420 | NMI: 0.7037, ARI: 0.4671, ACC: 0.4685, current K: 10
Confusion Matrix:
[[  0   0   4   0   0   1   2 288   0   5   0   0   0   0   0   0   0   0
    0   0]
 [  0   4   0   7   0 288   0   0   0   1   0   0   0   0   0   0   0   0
    0   0]
 [  2   0   0   2   0   1 291   0   1   3   0   0   0   0   0   0   0   0
    0   0]
 [  0   2   0   0   6 292   0   0   0   0   0   0   0   0   0   0   0   0
    0   0]
 [  0 266  25   0   1   7   0   0   0   1   0   0   0   0   0   0   0   0
    0   0]
 [  0   0   0   2   1   0   1   3   3 290   0   0   0   0   0   0   0   0
    0   0]
 [  5 290   3   0   0   2   0   0   0   0   0   0   0   0   0   0   0   0
    0   0]
 [  1   2   0   5   5   0  12   0 270   5   0   0   0   0   0   0   0   0
    0   0]
 [  3   0   0   0   0   0   9 174   0 114   0   0   0   0   0   0   0   0
    0   0]
 [  0  58   0   0   0 240   2   0   0   0   0   0   0   0   0   0   0   0
    0   0]
 [  1   0   2   0   8   3 262   5   2  17   0   0   0   0   0   0   0   0
    0   0]
 [  0  89   1   3   0 205   1   1   0   0   0   0   0   0   0   0   0   0
    0   0]
 [268  14   0   0   0   8   5   3   0   2   0   0   0   0   0   0   0   0
    0   0]
 [  0   0   0   0 281   4  10   4   0   1   0   0   0   0   0   0   0   0
    0   0]
 [  0  22 263   0   0   4   5   6   0   0   0   0   0   0   0   0   0   0
    0   0]
 [  0   2   0 261   0   7   0   2   1  27   0   0   0   0   0   0   0   0
    0   0]
 [  0  25 272   0   0   0   0   0   0   3   0   0   0   0   0   0   0   0
    0   0]
 [  0   3   0 267   0   2   1   0   9  18   0   0   0   0   0   0   0   0
    0   0]
 [270  20   0   0   0   1   0   0   9   0   0   0   0   0   0   0   0   0
    0   0]
 [  0   5   3   0 277   0   2   4   0   9   0   0   0   0   0   0   0   0
    0   0]]

Epoch 420:   0%|          | 0/47 [00:00<?, ?it/s, loss=0.245, v_num=]         
Epoch 421:   0%|          | 0/47 [00:00<?, ?it/s, loss=0.245, v_num=]/usr/local/lib/python3.13/dist-packages/torch/utils/data/dataloader.py:432: UserWarning: This DataLoader will create 6 worker processes in total. Our suggested max number of worker in current system is 2, which is smaller than what this DataLoader is going to create. Please be aware that excessive worker creation might get DataLoader running slow or even freeze, lower the worker number to avoid potential slowness/freeze if necessary.
  self.check_worker_number_rationality()

Epoch 421:  43%|████▎     | 20/47 [00:01<00:01, 14.90it/s, loss=0.245, v_num=]
Epoch 421:  43%|████▎     | 20/47 [00:01<00:01, 14.89it/s, loss=0.243, v_num=]
Epoch 421:  85%|████████▌ | 40/47 [00:02<00:00, 19.02it/s, loss=0.243, v_num=]
Epoch 421:  85%|████████▌ | 40/47 [00:02<00:00, 19.01it/s, loss=0.242, v_num=]
Epoch 421: 100%|██████████| 47/47 [00:02<00:00, 18.89it/s, loss=0.246, v_num=]
Epoch 421:   0%|          | 0/47 [00:00<?, ?it/s, loss=0.246, v_num=]         
Epoch 422:   0%|          | 0/47 [00:00<?, ?it/s, loss=0.246, v_num=]
Epoch 422:  43%|████▎     | 20/47 [00:01<00:01, 18.78it/s, loss=0.246, v_num=]
Epoch 422:  43%|████▎     | 20/47 [00:01<00:01, 18.77it/s, loss=0.243, v_num=]
Epoch 422:  85%|████████▌ | 40/47 [00:01<00:00, 21.92it/s, loss=0.243, v_num=]
Epoch 422:  85%|████████▌ | 40/47 [00:01<00:00, 21.92it/s, loss=0.241, v_num=]
Epoch 422: 100%|██████████| 47/47 [00:02<00:00, 21.19it/s, loss=0.24, v_num=] 
Epoch 422:   0%|          | 0/47 [00:00<?, ?it/s, loss=0.24, v_num=]         
Epoch 423:   0%|          | 0/47 [00:00<?, ?it/s, loss=0.24, v_num=]
Epoch 423:  43%|████▎     | 20/47 [00:01<00:01, 18.89it/s, loss=0.24, v_num=]
Epoch 423:  43%|████▎     | 20/47 [00:01<00:01, 18.88it/s, loss=0.244, v_num=]
Epoch 423:  85%|████████▌ | 40/47 [00:01<00:00, 22.04it/s, loss=0.244, v_num=]
Epoch 423:  85%|████████▌ | 40/47 [00:01<00:00, 22.03it/s, loss=0.242, v_num=]
Epoch 423: 100%|██████████| 47/47 [00:02<00:00, 21.37it/s, loss=0.241, v_num=]
Epoch 423:   0%|          | 0/47 [00:00<?, ?it/s, loss=0.241, v_num=]         
Epoch 424:   0%|          | 0/47 [00:00<?, ?it/s, loss=0.241, v_num=]
Epoch 424:  43%|████▎     | 20/47 [00:01<00:01, 19.48it/s, loss=0.241, v_num=]
Epoch 424:  43%|████▎     | 20/47 [00:01<00:01, 19.47it/s, loss=0.246, v_num=]
Epoch 424:  85%|████████▌ | 40/47 [00:01<00:00, 22.19it/s, loss=0.246, v_num=]
Epoch 424:  85%|████████▌ | 40/47 [00:01<00:00, 22.18it/s, loss=0.238, v_num=]
Epoch 424: 100%|██████████| 47/47 [00:02<00:00, 21.51it/s, loss=0.241, v_num=]
Epoch 424:   0%|          | 0/47 [00:00<?, ?it/s, loss=0.241, v_num=]         
Epoch 425:   0%|          | 0/47 [00:00<?, ?it/s, loss=0.241, v_num=]
Epoch 425:  43%|████▎     | 20/47 [00:01<00:01, 18.44it/s, loss=0.241, v_num=]
Epoch 425:  43%|████▎     | 20/47 [00:01<00:01, 18.42it/s, loss=0.245, v_num=]
Epoch 425:  85%|████████▌ | 40/47 [00:01<00:00, 20.20it/s, loss=0.245, v_num=]
Epoch 425:  85%|████████▌ | 40/47 [00:01<00:00, 20.20it/s, loss=0.245, v_num=]
Epoch 425: 100%|██████████| 47/47 [00:02<00:00, 18.00it/s, loss=0.239, v_num=]Evaluating...
NMI : 0.7033381893244949, ARI: 0.4663271725871133, ACC: 0.468, current K: 10

Epoch 425:   0%|          | 0/47 [00:00<?, ?it/s, loss=0.239, v_num=]         
Epoch 426:   0%|          | 0/47 [00:00<?, ?it/s, loss=0.239, v_num=]/usr/local/lib/python3.13/dist-packages/torch/utils/data/dataloader.py:432: UserWarning: This DataLoader will create 6 worker processes in total. Our suggested max number of worker in current system is 2, which is smaller than what this DataLoader is going to create. Please be aware that excessive worker creation might get DataLoader running slow or even freeze, lower the worker number to avoid potential slowness/freeze if necessary.
  self.check_worker_number_rationality()

Epoch 426:  43%|████▎     | 20/47 [00:01<00:01, 14.11it/s, loss=0.239, v_num=]
Epoch 426:  43%|████▎     | 20/47 [00:01<00:01, 14.10it/s, loss=0.242, v_num=]
Epoch 426:  85%|████████▌ | 40/47 [00:02<00:00, 17.54it/s, loss=0.242, v_num=]
Epoch 426:  85%|████████▌ | 40/47 [00:02<00:00, 17.53it/s, loss=0.241, v_num=]
Epoch 426: 100%|██████████| 47/47 [00:02<00:00, 17.60it/s, loss=0.24, v_num=] 
Epoch 426:   0%|          | 0/47 [00:00<?, ?it/s, loss=0.24, v_num=]         
Epoch 427:   0%|          | 0/47 [00:00<?, ?it/s, loss=0.24, v_num=]
Epoch 427:  43%|████▎     | 20/47 [00:01<00:01, 18.69it/s, loss=0.24, v_num=]
Epoch 427:  43%|████▎     | 20/47 [00:01<00:01, 18.68it/s, loss=0.236, v_num=]
Epoch 427:  85%|████████▌ | 40/47 [00:01<00:00, 21.55it/s, loss=0.236, v_num=]
Epoch 427:  85%|████████▌ | 40/47 [00:01<00:00, 21.54it/s, loss=0.246, v_num=]
Epoch 427: 100%|██████████| 47/47 [00:02<00:00, 20.96it/s, loss=0.243, v_num=]
Epoch 427:   0%|          | 0/47 [00:00<?, ?it/s, loss=0.243, v_num=]         
Epoch 428:   0%|          | 0/47 [00:00<?, ?it/s, loss=0.243, v_num=]
Epoch 428:  43%|████▎     | 20/47 [00:01<00:01, 19.42it/s, loss=0.243, v_num=]
Epoch 428:  43%|████▎     | 20/47 [00:01<00:01, 19.41it/s, loss=0.243, v_num=]
Epoch 428:  85%|████████▌ | 40/47 [00:01<00:00, 22.41it/s, loss=0.243, v_num=]
Epoch 428:  85%|████████▌ | 40/47 [00:01<00:00, 22.40it/s, loss=0.242, v_num=]
Epoch 428: 100%|██████████| 47/47 [00:02<00:00, 21.60it/s, loss=0.236, v_num=]
Epoch 428:   0%|          | 0/47 [00:00<?, ?it/s, loss=0.236, v_num=]         
Epoch 429:   0%|          | 0/47 [00:00<?, ?it/s, loss=0.236, v_num=]
Epoch 429:  43%|████▎     | 20/47 [00:01<00:01, 18.65it/s, loss=0.236, v_num=]
Epoch 429:  43%|████▎     | 20/47 [00:01<00:01, 18.64it/s, loss=0.234, v_num=]
Epoch 429:  85%|████████▌ | 40/47 [00:01<00:00, 21.97it/s, loss=0.234, v_num=]
Epoch 429:  85%|████████▌ | 40/47 [00:01<00:00, 21.97it/s, loss=0.246, v_num=]
Epoch 429: 100%|██████████| 47/47 [00:02<00:00, 21.19it/s, loss=0.236, v_num=]
Epoch 429:   0%|          | 0/47 [00:00<?, ?it/s, loss=0.236, v_num=]         
Epoch 430:   0%|          | 0/47 [00:00<?, ?it/s, loss=0.236, v_num=]
Epoch 430:  43%|████▎     | 20/47 [00:01<00:01, 18.85it/s, loss=0.236, v_num=]
Epoch 430:  43%|████▎     | 20/47 [00:01<00:01, 18.84it/s, loss=0.246, v_num=]
Epoch 430:  85%|████████▌ | 40/47 [00:01<00:00, 22.00it/s, loss=0.246, v_num=]
Epoch 430:  85%|████████▌ | 40/47 [00:01<00:00, 22.00it/s, loss=0.242, v_num=]
Epoch 430: 100%|██████████| 47/47 [00:02<00:00, 21.30it/s, loss=0.244, v_num=]Evaluating...
NMI : 0.7057384387562992, ARI: 0.46778513484713785, ACC: 0.46883, current K: 10
Epoch 430 | NMI: 0.7057, ARI: 0.4678, ACC: 0.4688, current K: 10
Confusion Matrix:
[[  0   0   3   0   0   1   1 290   0   5   0   0   0   0   0   0   0   0
    0   0]
 [  0   4   0   6   0 289   0   0   0   1   0   0   0   0   0   0   0   0
    0   0]
 [  2   0   0   1   0   1 291   0   1   4   0   0   0   0   0   0   0   0
    0   0]
 [  0   2   0   0   6 292   0   0   0   0   0   0   0   0   0   0   0   0
    0   0]
 [  0 267  24   0   1   7   0   0   0   1   0   0   0   0   0   0   0   0
    0   0]
 [  0   0   0   2   1   0   1   3   2 291   0   0   0   0   0   0   0   0
    0   0]
 [  5 291   2   0   0   2   0   0   0   0   0   0   0   0   0   0   0   0
    0   0]
 [  1   2   0   5   5   0  12   0 271   4   0   0   0   0   0   0   0   0
    0   0]
 [  3   0   0   0   0   0   7 176   0 114   0   0   0   0   0   0   0   0
    0   0]
 [  0  58   0   0   0 240   2   0   0   0   0   0   0   0   0   0   0   0
    0   0]
 [  1   0   2   0   8   3 262   5   2  17   0   0   0   0   0   0   0   0
    0   0]
 [  0  90   0   3   0 205   1   1   0   0   0   0   0   0   0   0   0   0
    0   0]
 [268  14   0   0   0   8   5   3   0   2   0   0   0   0   0   0   0   0
    0   0]
 [  0   0   0   0 280   6   9   4   0   1   0   0   0   0   0   0   0   0
    0   0]
 [  0  22 263   0   0   4   5   6   0   0   0   0   0   0   0   0   0   0
    0   0]
 [  0   2   0 261   0   7   0   2   0  28   0   0   0   0   0   0   0   0
    0   0]
 [  0  25 272   0   0   0   0   0   0   3   0   0   0   0   0   0   0   0
    0   0]
 [  0   3   0 266   0   2   2   0   9  18   0   0   0   0   0   0   0   0
    0   0]
 [269  22   0   0   0   1   0   0   8   0   0   0   0   0   0   0   0   0
    0   0]
 [  0   5   3   0 277   0   2   4   0   9   0   0   0   0   0   0   0   0
    0   0]]

Epoch 430:   0%|          | 0/47 [00:00<?, ?it/s, loss=0.244, v_num=]         
Epoch 431:   0%|          | 0/47 [00:00<?, ?it/s, loss=0.244, v_num=]/usr/local/lib/python3.13/dist-packages/torch/utils/data/dataloader.py:432: UserWarning: This DataLoader will create 6 worker processes in total. Our suggested max number of worker in current system is 2, which is smaller than what this DataLoader is going to create. Please be aware that excessive worker creation might get DataLoader running slow or even freeze, lower the worker number to avoid potential slowness/freeze if necessary.
  self.check_worker_number_rationality()

Epoch 431:  43%|████▎     | 20/47 [00:01<00:01, 14.40it/s, loss=0.244, v_num=]
Epoch 431:  43%|████▎     | 20/47 [00:01<00:01, 14.40it/s, loss=0.237, v_num=]
Epoch 431:  85%|████████▌ | 40/47 [00:02<00:00, 16.52it/s, loss=0.237, v_num=]
Epoch 431:  85%|████████▌ | 40/47 [00:02<00:00, 16.52it/s, loss=0.239, v_num=]
Epoch 431: 100%|██████████| 47/47 [00:02<00:00, 16.42it/s, loss=0.24, v_num=] 
Epoch 431:   0%|          | 0/47 [00:00<?, ?it/s, loss=0.24, v_num=]         
Epoch 432:   0%|          | 0/47 [00:00<?, ?it/s, loss=0.24, v_num=]
Epoch 432:  43%|████▎     | 20/47 [00:01<00:01, 18.96it/s, loss=0.24, v_num=]
Epoch 432:  43%|████▎     | 20/47 [00:01<00:01, 18.95it/s, loss=0.239, v_num=]
Epoch 432:  85%|████████▌ | 40/47 [00:01<00:00, 22.06it/s, loss=0.239, v_num=]
Epoch 432:  85%|████████▌ | 40/47 [00:01<00:00, 22.06it/s, loss=0.24, v_num=] 
Epoch 432: 100%|██████████| 47/47 [00:02<00:00, 21.17it/s, loss=0.242, v_num=]
Epoch 432:   0%|          | 0/47 [00:00<?, ?it/s, loss=0.242, v_num=]         
Epoch 433:   0%|          | 0/47 [00:00<?, ?it/s, loss=0.242, v_num=]
Epoch 433:  43%|████▎     | 20/47 [00:01<00:01, 19.28it/s, loss=0.242, v_num=]
Epoch 433:  43%|████▎     | 20/47 [00:01<00:01, 19.27it/s, loss=0.242, v_num=]
Epoch 433:  85%|████████▌ | 40/47 [00:01<00:00, 22.25it/s, loss=0.242, v_num=]
Epoch 433:  85%|████████▌ | 40/47 [00:01<00:00, 22.25it/s, loss=0.241, v_num=]
Epoch 433: 100%|██████████| 47/47 [00:02<00:00, 21.50it/s, loss=0.239, v_num=]
Epoch 433:   0%|          | 0/47 [00:00<?, ?it/s, loss=0.239, v_num=]         
Epoch 434:   0%|          | 0/47 [00:00<?, ?it/s, loss=0.239, v_num=]
Epoch 434:  43%|████▎     | 20/47 [00:01<00:01, 19.34it/s, loss=0.239, v_num=]
Epoch 434:  43%|████▎     | 20/47 [00:01<00:01, 19.33it/s, loss=0.239, v_num=]
Epoch 434:  85%|████████▌ | 40/47 [00:01<00:00, 22.27it/s, loss=0.239, v_num=]
Epoch 434:  85%|████████▌ | 40/47 [00:01<00:00, 22.26it/s, loss=0.239, v_num=]
Epoch 434: 100%|██████████| 47/47 [00:02<00:00, 21.40it/s, loss=0.242, v_num=]
Epoch 434:   0%|          | 0/47 [00:00<?, ?it/s, loss=0.242, v_num=]         
Epoch 435:   0%|          | 0/47 [00:00<?, ?it/s, loss=0.242, v_num=]
Epoch 435:  43%|████▎     | 20/47 [00:01<00:01, 18.61it/s, loss=0.242, v_num=]
Epoch 435:  43%|████▎     | 20/47 [00:01<00:01, 18.59it/s, loss=0.237, v_num=]
Epoch 435:  85%|████████▌ | 40/47 [00:01<00:00, 21.74it/s, loss=0.237, v_num=]
Epoch 435:  85%|████████▌ | 40/47 [00:01<00:00, 21.74it/s, loss=0.238, v_num=]
Epoch 435: 100%|██████████| 47/47 [00:02<00:00, 21.14it/s, loss=0.238, v_num=]Evaluating...
NMI : 0.705314327189843, ARI: 0.46745461294921853, ACC: 0.46833, current K: 10

Epoch 435:   0%|          | 0/47 [00:00<?, ?it/s, loss=0.238, v_num=]         
Epoch 436:   0%|          | 0/47 [00:00<?, ?it/s, loss=0.238, v_num=]/usr/local/lib/python3.13/dist-packages/torch/utils/data/dataloader.py:432: UserWarning: This DataLoader will create 6 worker processes in total. Our suggested max number of worker in current system is 2, which is smaller than what this DataLoader is going to create. Please be aware that excessive worker creation might get DataLoader running slow or even freeze, lower the worker number to avoid potential slowness/freeze if necessary.
  self.check_worker_number_rationality()

Epoch 436:  43%|████▎     | 20/47 [00:01<00:01, 16.54it/s, loss=0.238, v_num=]
Epoch 436:  43%|████▎     | 20/47 [00:01<00:01, 16.53it/s, loss=0.241, v_num=]
Epoch 436:  85%|████████▌ | 40/47 [00:02<00:00, 19.00it/s, loss=0.241, v_num=]
Epoch 436:  85%|████████▌ | 40/47 [00:02<00:00, 19.00it/s, loss=0.237, v_num=]
Epoch 436: 100%|██████████| 47/47 [00:02<00:00, 17.65it/s, loss=0.238, v_num=]
Epoch 436:   0%|          | 0/47 [00:00<?, ?it/s, loss=0.238, v_num=]         
Epoch 437:   0%|          | 0/47 [00:00<?, ?it/s, loss=0.238, v_num=]
Epoch 437:  43%|████▎     | 20/47 [00:01<00:01, 15.59it/s, loss=0.238, v_num=]
Epoch 437:  43%|████▎     | 20/47 [00:01<00:01, 15.59it/s, loss=0.244, v_num=]
Epoch 437:  85%|████████▌ | 40/47 [00:02<00:00, 19.51it/s, loss=0.244, v_num=]
Epoch 437:  85%|████████▌ | 40/47 [00:02<00:00, 19.50it/s, loss=0.24, v_num=] 
Epoch 437: 100%|██████████| 47/47 [00:02<00:00, 19.36it/s, loss=0.238, v_num=]
Epoch 437:   0%|          | 0/47 [00:00<?, ?it/s, loss=0.238, v_num=]         
Epoch 438:   0%|          | 0/47 [00:00<?, ?it/s, loss=0.238, v_num=]
Epoch 438:  43%|████▎     | 20/47 [00:01<00:01, 18.94it/s, loss=0.238, v_num=]
Epoch 438:  43%|████▎     | 20/47 [00:01<00:01, 18.92it/s, loss=0.238, v_num=]
Epoch 438:  85%|████████▌ | 40/47 [00:01<00:00, 21.10it/s, loss=0.238, v_num=]
Epoch 438:  85%|████████▌ | 40/47 [00:01<00:00, 21.09it/s, loss=0.24, v_num=] 
Epoch 438: 100%|██████████| 47/47 [00:02<00:00, 20.59it/s, loss=0.243, v_num=]
Epoch 438:   0%|          | 0/47 [00:00<?, ?it/s, loss=0.243, v_num=]         
Epoch 439:   0%|          | 0/47 [00:00<?, ?it/s, loss=0.243, v_num=]
Epoch 439:  43%|████▎     | 20/47 [00:01<00:01, 19.63it/s, loss=0.243, v_num=]
Epoch 439:  43%|████▎     | 20/47 [00:01<00:01, 19.62it/s, loss=0.245, v_num=]
Epoch 439:  85%|████████▌ | 40/47 [00:01<00:00, 22.45it/s, loss=0.245, v_num=]
Epoch 439:  85%|████████▌ | 40/47 [00:01<00:00, 22.44it/s, loss=0.239, v_num=]
Epoch 439: 100%|██████████| 47/47 [00:02<00:00, 21.49it/s, loss=0.24, v_num=] 
Epoch 439:   0%|          | 0/47 [00:00<?, ?it/s, loss=0.24, v_num=]         
Epoch 440:   0%|          | 0/47 [00:00<?, ?it/s, loss=0.24, v_num=]
Epoch 440:  43%|████▎     | 20/47 [00:01<00:01, 19.00it/s, loss=0.24, v_num=]
Epoch 440:  43%|████▎     | 20/47 [00:01<00:01, 18.99it/s, loss=0.24, v_num=]
Epoch 440:  85%|████████▌ | 40/47 [00:01<00:00, 22.35it/s, loss=0.24, v_num=]
Epoch 440:  85%|████████▌ | 40/47 [00:01<00:00, 22.35it/s, loss=0.245, v_num=]
Epoch 440: 100%|██████████| 47/47 [00:02<00:00, 21.53it/s, loss=0.239, v_num=]Evaluating...
NMI : 0.7051092222109133, ARI: 0.4668212680680443, ACC: 0.46833, current K: 10
Epoch 440 | NMI: 0.7051, ARI: 0.4668, ACC: 0.4683, current K: 10
Confusion Matrix:
[[  0   0   3   0   0   1   1 290   0   5   0   0   0   0   0   0   0   0
    0   0]
 [  0   4   0   6   0 289   0   0   0   1   0   0   0   0   0   0   0   0
    0   0]
 [  2   0   0   1   0   1 291   0   1   4   0   0   0   0   0   0   0   0
    0   0]
 [  0   2   0   0   6 292   0   0   0   0   0   0   0   0   0   0   0   0
    0   0]
 [  0 267  24   0   1   7   0   0   0   1   0   0   0   0   0   0   0   0
    0   0]
 [  0   0   0   2   1   0   1   3   1 292   0   0   0   0   0   0   0   0
    0   0]
 [  5 291   2   0   0   2   0   0   0   0   0   0   0   0   0   0   0   0
    0   0]
 [  1   3   0   5   5   0  13   0 266   7   0   0   0   0   0   0   0   0
    0   0]
 [  3   0   0   0   0   0   7 175   0 115   0   0   0   0   0   0   0   0
    0   0]
 [  0  58   0   0   0 240   2   0   0   0   0   0   0   0   0   0   0   0
    0   0]
 [  1   0   2   0   8   4 261   5   0  19   0   0   0   0   0   0   0   0
    0   0]
 [  0  89   0   3   0 206   1   1   0   0   0   0   0   0   0   0   0   0
    0   0]
 [270  12   0   0   0   8   4   3   0   3   0   0   0   0   0   0   0   0
    0   0]
 [  0   0   0   0 279   7   9   3   0   2   0   0   0   0   0   0   0   0
    0   0]
 [  0  22 263   0   0   4   5   6   0   0   0   0   0   0   0   0   0   0
    0   0]
 [  0   2   0 261   0   7   0   2   0  28   0   0   0   0   0   0   0   0
    0   0]
 [  0  26 271   0   0   0   0   0   0   3   0   0   0   0   0   0   0   0
    0   0]
 [  0   4   0 267   0   2   2   0   7  18   0   0   0   0   0   0   0   0
    0   0]
 [271  20   0   0   0   1   0   0   8   0   0   0   0   0   0   0   0   0
    0   0]
 [  0   5   3   0 277   0   2   4   0   9   0   0   0   0   0   0   0   0
    0   0]]

Epoch 440:   0%|          | 0/47 [00:00<?, ?it/s, loss=0.239, v_num=]         
Epoch 441:   0%|          | 0/47 [00:00<?, ?it/s, loss=0.239, v_num=]/usr/local/lib/python3.13/dist-packages/torch/utils/data/dataloader.py:432: UserWarning: This DataLoader will create 6 worker processes in total. Our suggested max number of worker in current system is 2, which is smaller than what this DataLoader is going to create. Please be aware that excessive worker creation might get DataLoader running slow or even freeze, lower the worker number to avoid potential slowness/freeze if necessary.
  self.check_worker_number_rationality()

Epoch 441:  43%|████▎     | 20/47 [00:01<00:01, 19.55it/s, loss=0.239, v_num=]
Epoch 441:  43%|████▎     | 20/47 [00:01<00:01, 19.54it/s, loss=0.243, v_num=]
Epoch 441:  85%|████████▌ | 40/47 [00:01<00:00, 21.27it/s, loss=0.243, v_num=]
Epoch 441:  85%|████████▌ | 40/47 [00:01<00:00, 21.26it/s, loss=0.239, v_num=]
Epoch 441: 100%|██████████| 47/47 [00:02<00:00, 19.57it/s, loss=0.244, v_num=]
Epoch 441:   0%|          | 0/47 [00:00<?, ?it/s, loss=0.244, v_num=]         
Epoch 442:   0%|          | 0/47 [00:00<?, ?it/s, loss=0.244, v_num=]
Epoch 442:  43%|████▎     | 20/47 [00:01<00:01, 13.87it/s, loss=0.244, v_num=]
Epoch 442:  43%|████▎     | 20/47 [00:01<00:01, 13.86it/s, loss=0.241, v_num=]
Epoch 442:  85%|████████▌ | 40/47 [00:02<00:00, 17.40it/s, loss=0.241, v_num=]
Epoch 442:  85%|████████▌ | 40/47 [00:02<00:00, 17.40it/s, loss=0.243, v_num=]
Epoch 442: 100%|██████████| 47/47 [00:02<00:00, 17.46it/s, loss=0.238, v_num=]
Epoch 442:   0%|          | 0/47 [00:00<?, ?it/s, loss=0.238, v_num=]         
Epoch 443:   0%|          | 0/47 [00:00<?, ?it/s, loss=0.238, v_num=]
Epoch 443:  43%|████▎     | 20/47 [00:01<00:01, 19.29it/s, loss=0.238, v_num=]
Epoch 443:  43%|████▎     | 20/47 [00:01<00:01, 19.28it/s, loss=0.24, v_num=] 
Epoch 443:  85%|████████▌ | 40/47 [00:01<00:00, 22.23it/s, loss=0.24, v_num=]
Epoch 443:  85%|████████▌ | 40/47 [00:01<00:00, 22.22it/s, loss=0.242, v_num=]
Epoch 443: 100%|██████████| 47/47 [00:02<00:00, 21.64it/s, loss=0.239, v_num=]
Epoch 443:   0%|          | 0/47 [00:00<?, ?it/s, loss=0.239, v_num=]         
Epoch 444:   0%|          | 0/47 [00:00<?, ?it/s, loss=0.239, v_num=]
Epoch 444:  43%|████▎     | 20/47 [00:01<00:01, 19.46it/s, loss=0.239, v_num=]
Epoch 444:  43%|████▎     | 20/47 [00:01<00:01, 19.45it/s, loss=0.238, v_num=]
Epoch 444:  85%|████████▌ | 40/47 [00:01<00:00, 22.11it/s, loss=0.238, v_num=]
Epoch 444:  85%|████████▌ | 40/47 [00:01<00:00, 22.10it/s, loss=0.241, v_num=]
Epoch 444: 100%|██████████| 47/47 [00:02<00:00, 21.41it/s, loss=0.243, v_num=]
Epoch 444:   0%|          | 0/47 [00:00<?, ?it/s, loss=0.243, v_num=]         
Epoch 445:   0%|          | 0/47 [00:00<?, ?it/s, loss=0.243, v_num=]
Epoch 445:  43%|████▎     | 20/47 [00:01<00:01, 18.78it/s, loss=0.243, v_num=]
Epoch 445:  43%|████▎     | 20/47 [00:01<00:01, 18.77it/s, loss=0.24, v_num=] 
Epoch 445:  85%|████████▌ | 40/47 [00:01<00:00, 21.88it/s, loss=0.24, v_num=]
Epoch 445:  85%|████████▌ | 40/47 [00:01<00:00, 21.87it/s, loss=0.24, v_num=]
Epoch 445: 100%|██████████| 47/47 [00:02<00:00, 21.25it/s, loss=0.24, v_num=]Evaluating...
NMI : 0.7050410224056228, ARI: 0.46655901896435686, ACC: 0.4685, current K: 10

Epoch 445:   0%|          | 0/47 [00:00<?, ?it/s, loss=0.24, v_num=]         
Epoch 446:   0%|          | 0/47 [00:00<?, ?it/s, loss=0.24, v_num=]/usr/local/lib/python3.13/dist-packages/torch/utils/data/dataloader.py:432: UserWarning: This DataLoader will create 6 worker processes in total. Our suggested max number of worker in current system is 2, which is smaller than what this DataLoader is going to create. Please be aware that excessive worker creation might get DataLoader running slow or even freeze, lower the worker number to avoid potential slowness/freeze if necessary.
  self.check_worker_number_rationality()

Epoch 446:  43%|████▎     | 20/47 [00:01<00:01, 19.60it/s, loss=0.24, v_num=]
Epoch 446:  43%|████▎     | 20/47 [00:01<00:01, 19.59it/s, loss=0.234, v_num=]
Epoch 446:  85%|████████▌ | 40/47 [00:01<00:00, 22.25it/s, loss=0.234, v_num=]
Epoch 446:  85%|████████▌ | 40/47 [00:01<00:00, 22.25it/s, loss=0.241, v_num=]
Epoch 446: 100%|██████████| 47/47 [00:02<00:00, 21.46it/s, loss=0.24, v_num=] 
Epoch 446:   0%|          | 0/47 [00:00<?, ?it/s, loss=0.24, v_num=]         
Epoch 447:   0%|          | 0/47 [00:00<?, ?it/s, loss=0.24, v_num=]
Epoch 447:  43%|████▎     | 20/47 [00:01<00:01, 14.40it/s, loss=0.24, v_num=]
Epoch 447:  43%|████▎     | 20/47 [00:01<00:01, 14.40it/s, loss=0.24, v_num=]
Epoch 447:  85%|████████▌ | 40/47 [00:02<00:00, 16.84it/s, loss=0.24, v_num=]
Epoch 447:  85%|████████▌ | 40/47 [00:02<00:00, 16.83it/s, loss=0.239, v_num=]
Epoch 447: 100%|██████████| 47/47 [00:02<00:00, 16.16it/s, loss=0.24, v_num=] 
Epoch 447:   0%|          | 0/47 [00:00<?, ?it/s, loss=0.24, v_num=]         
Epoch 448:   0%|          | 0/47 [00:00<?, ?it/s, loss=0.24, v_num=]
Epoch 448:  43%|████▎     | 20/47 [00:01<00:01, 19.17it/s, loss=0.24, v_num=]
Epoch 448:  43%|████▎     | 20/47 [00:01<00:01, 19.16it/s, loss=0.239, v_num=]
Epoch 448:  85%|████████▌ | 40/47 [00:01<00:00, 22.35it/s, loss=0.239, v_num=]
Epoch 448:  85%|████████▌ | 40/47 [00:01<00:00, 22.35it/s, loss=0.237, v_num=]
Epoch 448: 100%|██████████| 47/47 [00:02<00:00, 21.64it/s, loss=0.237, v_num=]
Epoch 448:   0%|          | 0/47 [00:00<?, ?it/s, loss=0.237, v_num=]         
Epoch 449:   0%|          | 0/47 [00:00<?, ?it/s, loss=0.237, v_num=]
Epoch 449:  43%|████▎     | 20/47 [00:01<00:01, 19.13it/s, loss=0.237, v_num=]
Epoch 449:  43%|████▎     | 20/47 [00:01<00:01, 19.12it/s, loss=0.237, v_num=]
Epoch 449:  85%|████████▌ | 40/47 [00:01<00:00, 21.75it/s, loss=0.237, v_num=]
Epoch 449:  85%|████████▌ | 40/47 [00:01<00:00, 21.75it/s, loss=0.239, v_num=]
Epoch 449: 100%|██████████| 47/47 [00:02<00:00, 20.74it/s, loss=0.239, v_num=]
Epoch 449:   0%|          | 0/47 [00:00<?, ?it/s, loss=0.239, v_num=]         
Epoch 450:   0%|          | 0/47 [00:00<?, ?it/s, loss=0.239, v_num=]
Epoch 450:  43%|████▎     | 20/47 [00:01<00:01, 18.97it/s, loss=0.239, v_num=]
Epoch 450:  43%|████▎     | 20/47 [00:01<00:01, 18.96it/s, loss=0.237, v_num=]
Epoch 450:  85%|████████▌ | 40/47 [00:01<00:00, 22.02it/s, loss=0.237, v_num=]
Epoch 450:  85%|████████▌ | 40/47 [00:01<00:00, 22.02it/s, loss=0.241, v_num=]
Epoch 450: 100%|██████████| 47/47 [00:02<00:00, 21.27it/s, loss=0.239, v_num=]Evaluating...
NMI : 0.7067366740295513, ARI: 0.46804477342429696, ACC: 0.46933, current K: 10
Epoch 450 | NMI: 0.7067, ARI: 0.4680, ACC: 0.4693, current K: 10
Confusion Matrix:
[[  0   0   4   0   0   1   1 290   0   4   0   0   0   0   0   0   0   0
    0   0]
 [  0   4   0   6   0 289   0   0   0   1   0   0   0   0   0   0   0   0
    0   0]
 [  2   0   0   1   0   1 291   0   1   4   0   0   0   0   0   0   0   0
    0   0]
 [  0   2   0   0   6 292   0   0   0   0   0   0   0   0   0   0   0   0
    0   0]
 [  0 267  24   0   1   7   0   0   0   1   0   0   0   0   0   0   0   0
    0   0]
 [  0   0   0   2   1   0   1   3   1 292   0   0   0   0   0   0   0   0
    0   0]
 [  5 290   3   0   0   2   0   0   0   0   0   0   0   0   0   0   0   0
    0   0]
 [  1   2   0   5   5   0  13   0 267   7   0   0   0   0   0   0   0   0
    0   0]
 [  3   0   0   0   0   0   7 175   0 115   0   0   0   0   0   0   0   0
    0   0]
 [  0  59   0   0   0 239   2   0   0   0   0   0   0   0   0   0   0   0
    0   0]
 [  1   0   2   0   8   3 260   6   0  20   0   0   0   0   0   0   0   0
    0   0]
 [  0  89   0   3   0 206   1   1   0   0   0   0   0   0   0   0   0   0
    0   0]
 [270  12   0   0   0   8   4   3   0   3   0   0   0   0   0   0   0   0
    0   0]
 [  0   0   0   0 280   6   9   3   0   2   0   0   0   0   0   0   0   0
    0   0]
 [  0  22 263   0   0   4   5   6   0   0   0   0   0   0   0   0   0   0
    0   0]
 [  0   2   0 262   0   6   0   2   0  28   0   0   0   0   0   0   0   0
    0   0]
 [  0  26 271   0   0   0   0   0   0   3   0   0   0   0   0   0   0   0
    0   0]
 [  0   4   0 272   0   2   2   0   2  18   0   0   0   0   0   0   0   0
    0   0]
 [271  21   0   0   0   1   0   0   7   0   0   0   0   0   0   0   0   0
    0   0]
 [  0   5   2   0 277   0   2   5   0   9   0   0   0   0   0   0   0   0
    0   0]]

Epoch 450:   0%|          | 0/47 [00:00<?, ?it/s, loss=0.239, v_num=]         
Epoch 451:   0%|          | 0/47 [00:00<?, ?it/s, loss=0.239, v_num=]/usr/local/lib/python3.13/dist-packages/torch/utils/data/dataloader.py:432: UserWarning: This DataLoader will create 6 worker processes in total. Our suggested max number of worker in current system is 2, which is smaller than what this DataLoader is going to create. Please be aware that excessive worker creation might get DataLoader running slow or even freeze, lower the worker number to avoid potential slowness/freeze if necessary.
  self.check_worker_number_rationality()

Epoch 451:  43%|████▎     | 20/47 [00:01<00:01, 17.21it/s, loss=0.239, v_num=]
Epoch 451:  43%|████▎     | 20/47 [00:01<00:01, 17.20it/s, loss=0.238, v_num=]
Epoch 451:  85%|████████▌ | 40/47 [00:01<00:00, 20.74it/s, loss=0.238, v_num=]
Epoch 451:  85%|████████▌ | 40/47 [00:01<00:00, 20.73it/s, loss=0.241, v_num=]
Epoch 451: 100%|██████████| 47/47 [00:02<00:00, 20.16it/s, loss=0.248, v_num=]
Epoch 451:   0%|          | 0/47 [00:00<?, ?it/s, loss=0.248, v_num=]         
Epoch 452:   0%|          | 0/47 [00:00<?, ?it/s, loss=0.248, v_num=]
Epoch 452:  43%|████▎     | 20/47 [00:01<00:01, 17.10it/s, loss=0.248, v_num=]
Epoch 452:  43%|████▎     | 20/47 [00:01<00:01, 17.08it/s, loss=0.24, v_num=] 
Epoch 452:  85%|████████▌ | 40/47 [00:02<00:00, 18.88it/s, loss=0.24, v_num=]
Epoch 452:  85%|████████▌ | 40/47 [00:02<00:00, 18.88it/s, loss=0.238, v_num=]
Epoch 452: 100%|██████████| 47/47 [00:02<00:00, 17.67it/s, loss=0.238, v_num=]
Epoch 452:   0%|          | 0/47 [00:00<?, ?it/s, loss=0.238, v_num=]         
Epoch 453:   0%|          | 0/47 [00:00<?, ?it/s, loss=0.238, v_num=]
Epoch 453:  43%|████▎     | 20/47 [00:01<00:01, 15.05it/s, loss=0.238, v_num=]
Epoch 453:  43%|████▎     | 20/47 [00:01<00:01, 15.04it/s, loss=0.242, v_num=]
Epoch 453:  85%|████████▌ | 40/47 [00:02<00:00, 19.06it/s, loss=0.242, v_num=]
Epoch 453:  85%|████████▌ | 40/47 [00:02<00:00, 19.06it/s, loss=0.24, v_num=] 
Epoch 453: 100%|██████████| 47/47 [00:02<00:00, 18.95it/s, loss=0.241, v_num=]
Epoch 453:   0%|          | 0/47 [00:00<?, ?it/s, loss=0.241, v_num=]         
Epoch 454:   0%|          | 0/47 [00:00<?, ?it/s, loss=0.241, v_num=]
Epoch 454:  43%|████▎     | 20/47 [00:01<00:01, 17.90it/s, loss=0.241, v_num=]
Epoch 454:  43%|████▎     | 20/47 [00:01<00:01, 17.89it/s, loss=0.232, v_num=]
Epoch 454:  85%|████████▌ | 40/47 [00:01<00:00, 21.02it/s, loss=0.232, v_num=]
Epoch 454:  85%|████████▌ | 40/47 [00:01<00:00, 21.02it/s, loss=0.242, v_num=]
Epoch 454: 100%|██████████| 47/47 [00:02<00:00, 20.50it/s, loss=0.24, v_num=] 
Epoch 454:   0%|          | 0/47 [00:00<?, ?it/s, loss=0.24, v_num=]         
Epoch 455:   0%|          | 0/47 [00:00<?, ?it/s, loss=0.24, v_num=]
Epoch 455:  43%|████▎     | 20/47 [00:01<00:01, 18.88it/s, loss=0.24, v_num=]
Epoch 455:  43%|████▎     | 20/47 [00:01<00:01, 18.86it/s, loss=0.239, v_num=]
Epoch 455:  85%|████████▌ | 40/47 [00:01<00:00, 22.02it/s, loss=0.239, v_num=]
Epoch 455:  85%|████████▌ | 40/47 [00:01<00:00, 22.01it/s, loss=0.243, v_num=]
Epoch 455: 100%|██████████| 47/47 [00:02<00:00, 21.39it/s, loss=0.24, v_num=] Evaluating...
NMI : 0.7062107916943423, ARI: 0.4673250097845587, ACC: 0.469, current K: 10

Epoch 455:   0%|          | 0/47 [00:00<?, ?it/s, loss=0.24, v_num=]         
Epoch 456:   0%|          | 0/47 [00:00<?, ?it/s, loss=0.24, v_num=]/usr/local/lib/python3.13/dist-packages/torch/utils/data/dataloader.py:432: UserWarning: This DataLoader will create 6 worker processes in total. Our suggested max number of worker in current system is 2, which is smaller than what this DataLoader is going to create. Please be aware that excessive worker creation might get DataLoader running slow or even freeze, lower the worker number to avoid potential slowness/freeze if necessary.
  self.check_worker_number_rationality()

Epoch 456:  43%|████▎     | 20/47 [00:01<00:01, 19.27it/s, loss=0.24, v_num=]
Epoch 456:  43%|████▎     | 20/47 [00:01<00:01, 19.25it/s, loss=0.239, v_num=]
Epoch 456:  85%|████████▌ | 40/47 [00:01<00:00, 21.99it/s, loss=0.239, v_num=]
Epoch 456:  85%|████████▌ | 40/47 [00:01<00:00, 21.99it/s, loss=0.237, v_num=]
Epoch 456: 100%|██████████| 47/47 [00:02<00:00, 21.17it/s, loss=0.244, v_num=]
Epoch 456:   0%|          | 0/47 [00:00<?, ?it/s, loss=0.244, v_num=]         
Epoch 457:   0%|          | 0/47 [00:00<?, ?it/s, loss=0.244, v_num=]
Epoch 457:  43%|████▎     | 20/47 [00:01<00:01, 19.30it/s, loss=0.244, v_num=]
Epoch 457:  43%|████▎     | 20/47 [00:01<00:01, 19.29it/s, loss=0.236, v_num=]
Epoch 457:  85%|████████▌ | 40/47 [00:01<00:00, 21.29it/s, loss=0.236, v_num=]
Epoch 457:  85%|████████▌ | 40/47 [00:01<00:00, 21.29it/s, loss=0.241, v_num=]
Epoch 457: 100%|██████████| 47/47 [00:02<00:00, 19.69it/s, loss=0.241, v_num=]
Epoch 457:   0%|          | 0/47 [00:00<?, ?it/s, loss=0.241, v_num=]         
Epoch 458:   0%|          | 0/47 [00:00<?, ?it/s, loss=0.241, v_num=]
Epoch 458:  43%|████▎     | 20/47 [00:01<00:01, 13.85it/s, loss=0.241, v_num=]
Epoch 458:  43%|████▎     | 20/47 [00:01<00:01, 13.84it/s, loss=0.237, v_num=]
Epoch 458:  85%|████████▌ | 40/47 [00:02<00:00, 17.32it/s, loss=0.237, v_num=]
Epoch 458:  85%|████████▌ | 40/47 [00:02<00:00, 17.31it/s, loss=0.24, v_num=] 
Epoch 458: 100%|██████████| 47/47 [00:02<00:00, 17.28it/s, loss=0.236, v_num=]
Epoch 458:   0%|          | 0/47 [00:00<?, ?it/s, loss=0.236, v_num=]         
Epoch 459:   0%|          | 0/47 [00:00<?, ?it/s, loss=0.236, v_num=]
Epoch 459:  43%|████▎     | 20/47 [00:01<00:01, 18.74it/s, loss=0.236, v_num=]
Epoch 459:  43%|████▎     | 20/47 [00:01<00:01, 18.72it/s, loss=0.239, v_num=]
Epoch 459:  85%|████████▌ | 40/47 [00:01<00:00, 21.80it/s, loss=0.239, v_num=]
Epoch 459:  85%|████████▌ | 40/47 [00:01<00:00, 21.80it/s, loss=0.243, v_num=]
Epoch 459: 100%|██████████| 47/47 [00:02<00:00, 21.21it/s, loss=0.239, v_num=]
Epoch 459:   0%|          | 0/47 [00:00<?, ?it/s, loss=0.239, v_num=]         
Epoch 460:   0%|          | 0/47 [00:00<?, ?it/s, loss=0.239, v_num=]
Epoch 460:  43%|████▎     | 20/47 [00:01<00:01, 19.84it/s, loss=0.239, v_num=]
Epoch 460:  43%|████▎     | 20/47 [00:01<00:01, 19.83it/s, loss=0.239, v_num=]
Epoch 460:  85%|████████▌ | 40/47 [00:01<00:00, 22.52it/s, loss=0.239, v_num=]
Epoch 460:  85%|████████▌ | 40/47 [00:01<00:00, 22.51it/s, loss=0.24, v_num=] 
Epoch 460: 100%|██████████| 47/47 [00:02<00:00, 21.54it/s, loss=0.237, v_num=]Evaluating...
NMI : 0.7060879257106188, ARI: 0.4671911942106355, ACC: 0.469, current K: 10
Epoch 460 | NMI: 0.7061, ARI: 0.4672, ACC: 0.4690, current K: 10
Confusion Matrix:
[[  0   0   4   0   0   1   1 290   0   4   0   0   0   0   0   0   0   0
    0   0]
 [  0   4   0   6   0 289   0   0   0   1   0   0   0   0   0   0   0   0
    0   0]
 [  2   0   0   1   0   1 291   0   1   4   0   0   0   0   0   0   0   0
    0   0]
 [  0   2   0   0   6 292   0   0   0   0   0   0   0   0   0   0   0   0
    0   0]
 [  0 267  24   0   1   7   0   0   0   1   0   0   0   0   0   0   0   0
    0   0]
 [  0   0   0   2   1   0   1   3   1 292   0   0   0   0   0   0   0   0
    0   0]
 [  5 290   2   0   0   3   0   0   0   0   0   0   0   0   0   0   0   0
    0   0]
 [  1   2   0   5   5   0  13   0 266   8   0   0   0   0   0   0   0   0
    0   0]
 [  3   0   0   0   0   0   7 175   0 115   0   0   0   0   0   0   0   0
    0   0]
 [  0  58   0   0   0 240   2   0   0   0   0   0   0   0   0   0   0   0
    0   0]
 [  1   0   2   0   8   4 262   5   0  18   0   0   0   0   0   0   0   0
    0   0]
 [  0  88   0   3   0 207   1   1   0   0   0   0   0   0   0   0   0   0
    0   0]
 [268  13   0   0   0   8   5   3   0   3   0   0   0   0   0   0   0   0
    0   0]
 [  0   0   0   0 279   7   9   3   0   2   0   0   0   0   0   0   0   0
    0   0]
 [  0  22 263   0   0   4   5   6   0   0   0   0   0   0   0   0   0   0
    0   0]
 [  0   2   0 262   0   6   0   2   0  28   0   0   0   0   0   0   0   0
    0   0]
 [  0  26 271   0   0   0   0   0   0   3   0   0   0   0   0   0   0   0
    0   0]
 [  0   4   0 272   0   2   2   0   2  18   0   0   0   0   0   0   0   0
    0   0]
 [271  22   0   0   0   1   0   0   6   0   0   0   0   0   0   0   0   0
    0   0]
 [  0   5   3   0 277   0   2   4   0   9   0   0   0   0   0   0   0   0
    0   0]]

Epoch 460:   0%|          | 0/47 [00:00<?, ?it/s, loss=0.237, v_num=]         
Epoch 461:   0%|          | 0/47 [00:00<?, ?it/s, loss=0.237, v_num=]/usr/local/lib/python3.13/dist-packages/torch/utils/data/dataloader.py:432: UserWarning: This DataLoader will create 6 worker processes in total. Our suggested max number of worker in current system is 2, which is smaller than what this DataLoader is going to create. Please be aware that excessive worker creation might get DataLoader running slow or even freeze, lower the worker number to avoid potential slowness/freeze if necessary.
  self.check_worker_number_rationality()

Epoch 461:  43%|████▎     | 20/47 [00:01<00:01, 18.67it/s, loss=0.237, v_num=]
Epoch 461:  43%|████▎     | 20/47 [00:01<00:01, 18.65it/s, loss=0.234, v_num=]
Epoch 461:  85%|████████▌ | 40/47 [00:01<00:00, 21.90it/s, loss=0.234, v_num=]
Epoch 461:  85%|████████▌ | 40/47 [00:01<00:00, 21.90it/s, loss=0.238, v_num=]
Epoch 461: 100%|██████████| 47/47 [00:02<00:00, 21.13it/s, loss=0.24, v_num=] 
Epoch 461:   0%|          | 0/47 [00:00<?, ?it/s, loss=0.24, v_num=]         
Epoch 462:   0%|          | 0/47 [00:00<?, ?it/s, loss=0.24, v_num=]
Epoch 462:  43%|████▎     | 20/47 [00:01<00:01, 19.37it/s, loss=0.24, v_num=]
Epoch 462:  43%|████▎     | 20/47 [00:01<00:01, 19.36it/s, loss=0.24, v_num=]
Epoch 462:  85%|████████▌ | 40/47 [00:01<00:00, 22.44it/s, loss=0.24, v_num=]
Epoch 462:  85%|████████▌ | 40/47 [00:01<00:00, 22.44it/s, loss=0.242, v_num=]
Epoch 462: 100%|██████████| 47/47 [00:02<00:00, 21.73it/s, loss=0.241, v_num=]
Epoch 462:   0%|          | 0/47 [00:00<?, ?it/s, loss=0.241, v_num=]         
Epoch 463:   0%|          | 0/47 [00:00<?, ?it/s, loss=0.241, v_num=]
Epoch 463:  43%|████▎     | 20/47 [00:01<00:01, 15.22it/s, loss=0.241, v_num=]
Epoch 463:  43%|████▎     | 20/47 [00:01<00:01, 15.21it/s, loss=0.239, v_num=]
Epoch 463:  85%|████████▌ | 40/47 [00:02<00:00, 17.08it/s, loss=0.239, v_num=]
Epoch 463:  85%|████████▌ | 40/47 [00:02<00:00, 17.08it/s, loss=0.236, v_num=]
Epoch 463: 100%|██████████| 47/47 [00:02<00:00, 15.78it/s, loss=0.239, v_num=]
Epoch 463:   0%|          | 0/47 [00:00<?, ?it/s, loss=0.239, v_num=]         
Epoch 464:   0%|          | 0/47 [00:00<?, ?it/s, loss=0.239, v_num=]
Epoch 464:  43%|████▎     | 20/47 [00:01<00:01, 18.96it/s, loss=0.239, v_num=]
Epoch 464:  43%|████▎     | 20/47 [00:01<00:01, 18.94it/s, loss=0.239, v_num=]
Epoch 464:  85%|████████▌ | 40/47 [00:01<00:00, 21.96it/s, loss=0.239, v_num=]
Epoch 464:  85%|████████▌ | 40/47 [00:01<00:00, 21.95it/s, loss=0.243, v_num=]
Epoch 464: 100%|██████████| 47/47 [00:02<00:00, 21.19it/s, loss=0.241, v_num=]
Epoch 464:   0%|          | 0/47 [00:00<?, ?it/s, loss=0.241, v_num=]         
Epoch 465:   0%|          | 0/47 [00:00<?, ?it/s, loss=0.241, v_num=]
Epoch 465:  43%|████▎     | 20/47 [00:01<00:01, 18.33it/s, loss=0.241, v_num=]
Epoch 465:  43%|████▎     | 20/47 [00:01<00:01, 18.32it/s, loss=0.235, v_num=]
Epoch 465:  85%|████████▌ | 40/47 [00:01<00:00, 21.63it/s, loss=0.235, v_num=]
Epoch 465:  85%|████████▌ | 40/47 [00:01<00:00, 21.63it/s, loss=0.242, v_num=]
Epoch 465: 100%|██████████| 47/47 [00:02<00:00, 20.98it/s, loss=0.233, v_num=]Evaluating...
NMI : 0.7057786934427006, ARI: 0.4667951648800615, ACC: 0.469, current K: 10

Epoch 465:   0%|          | 0/47 [00:00<?, ?it/s, loss=0.233, v_num=]         
Epoch 466:   0%|          | 0/47 [00:00<?, ?it/s, loss=0.233, v_num=]/usr/local/lib/python3.13/dist-packages/torch/utils/data/dataloader.py:432: UserWarning: This DataLoader will create 6 worker processes in total. Our suggested max number of worker in current system is 2, which is smaller than what this DataLoader is going to create. Please be aware that excessive worker creation might get DataLoader running slow or even freeze, lower the worker number to avoid potential slowness/freeze if necessary.
  self.check_worker_number_rationality()

Epoch 466:  43%|████▎     | 20/47 [00:01<00:01, 18.90it/s, loss=0.233, v_num=]
Epoch 466:  43%|████▎     | 20/47 [00:01<00:01, 18.89it/s, loss=0.24, v_num=] 
Epoch 466:  85%|████████▌ | 40/47 [00:01<00:00, 21.98it/s, loss=0.24, v_num=]
Epoch 466:  85%|████████▌ | 40/47 [00:01<00:00, 21.97it/s, loss=0.234, v_num=]
Epoch 466: 100%|██████████| 47/47 [00:02<00:00, 21.26it/s, loss=0.239, v_num=]
Epoch 466:   0%|          | 0/47 [00:00<?, ?it/s, loss=0.239, v_num=]         
Epoch 467:   0%|          | 0/47 [00:00<?, ?it/s, loss=0.239, v_num=]
Epoch 467:  43%|████▎     | 20/47 [00:01<00:01, 19.46it/s, loss=0.239, v_num=]
Epoch 467:  43%|████▎     | 20/47 [00:01<00:01, 19.44it/s, loss=0.237, v_num=]
Epoch 467:  85%|████████▌ | 40/47 [00:01<00:00, 22.30it/s, loss=0.237, v_num=]
Epoch 467:  85%|████████▌ | 40/47 [00:01<00:00, 22.30it/s, loss=0.238, v_num=]
Epoch 467: 100%|██████████| 47/47 [00:02<00:00, 21.43it/s, loss=0.243, v_num=]
Epoch 467:   0%|          | 0/47 [00:00<?, ?it/s, loss=0.243, v_num=]         
Epoch 468:   0%|          | 0/47 [00:00<?, ?it/s, loss=0.243, v_num=]
Epoch 468:  43%|████▎     | 20/47 [00:01<00:01, 18.44it/s, loss=0.243, v_num=]
Epoch 468:  43%|████▎     | 20/47 [00:01<00:01, 18.41it/s, loss=0.242, v_num=]
Epoch 468:  85%|████████▌ | 40/47 [00:02<00:00, 19.77it/s, loss=0.242, v_num=]
Epoch 468:  85%|████████▌ | 40/47 [00:02<00:00, 19.76it/s, loss=0.239, v_num=]
Epoch 468: 100%|██████████| 47/47 [00:02<00:00, 18.50it/s, loss=0.238, v_num=]
Epoch 468:   0%|          | 0/47 [00:00<?, ?it/s, loss=0.238, v_num=]         
Epoch 469:   0%|          | 0/47 [00:00<?, ?it/s, loss=0.238, v_num=]
Epoch 469:  43%|████▎     | 20/47 [00:01<00:01, 13.99it/s, loss=0.238, v_num=]
Epoch 469:  43%|████▎     | 20/47 [00:01<00:01, 13.98it/s, loss=0.235, v_num=]
Epoch 469:  85%|████████▌ | 40/47 [00:02<00:00, 17.99it/s, loss=0.235, v_num=]
Epoch 469:  85%|████████▌ | 40/47 [00:02<00:00, 17.99it/s, loss=0.238, v_num=]
Epoch 469: 100%|██████████| 47/47 [00:02<00:00, 18.05it/s, loss=0.239, v_num=]
Epoch 469:   0%|          | 0/47 [00:00<?, ?it/s, loss=0.239, v_num=]         
Epoch 470:   0%|          | 0/47 [00:00<?, ?it/s, loss=0.239, v_num=]
Epoch 470:  43%|████▎     | 20/47 [00:01<00:01, 19.39it/s, loss=0.239, v_num=]
Epoch 470:  43%|████▎     | 20/47 [00:01<00:01, 19.38it/s, loss=0.244, v_num=]
Epoch 470:  85%|████████▌ | 40/47 [00:01<00:00, 22.39it/s, loss=0.244, v_num=]
Epoch 470:  85%|████████▌ | 40/47 [00:01<00:00, 22.39it/s, loss=0.236, v_num=]
Epoch 470: 100%|██████████| 47/47 [00:02<00:00, 21.57it/s, loss=0.238, v_num=]Evaluating...
NMI : 0.7075878539115975, ARI: 0.468108164501623, ACC: 0.46983, current K: 10
Epoch 470 | NMI: 0.7076, ARI: 0.4681, ACC: 0.4698, current K: 10
Confusion Matrix:
[[  0   0   4   0   0   1   1 290   0   4   0   0   0   0   0   0   0   0
    0   0]
 [  0   4   0   6   0 289   0   0   0   1   0   0   0   0   0   0   0   0
    0   0]
 [  2   0   0   1   0   1 291   0   1   4   0   0   0   0   0   0   0   0
    0   0]
 [  0   1   0   0   6 293   0   0   0   0   0   0   0   0   0   0   0   0
    0   0]
 [  0 267  24   0   1   7   0   0   0   1   0   0   0   0   0   0   0   0
    0   0]
 [  0   0   0   2   1   0   1   3   1 292   0   0   0   0   0   0   0   0
    0   0]
 [  5 291   2   0   0   2   0   0   0   0   0   0   0   0   0   0   0   0
    0   0]
 [  1   2   0   5   6   0  13   0 267   6   0   0   0   0   0   0   0   0
    0   0]
 [  2   0   0   0   0   0   8 170   0 120   0   0   0   0   0   0   0   0
    0   0]
 [  0  58   0   0   0 240   2   0   0   0   0   0   0   0   0   0   0   0
    0   0]
 [  1   0   2   0   8   4 261   5   0  19   0   0   0   0   0   0   0   0
    0   0]
 [  0  89   0   3   0 206   1   1   0   0   0   0   0   0   0   0   0   0
    0   0]
 [270  12   0   0   0   8   4   3   0   3   0   0   0   0   0   0   0   0
    0   0]
 [  0   0   0   0 278   8   9   3   0   2   0   0   0   0   0   0   0   0
    0   0]
 [  0  22 263   0   0   4   5   6   0   0   0   0   0   0   0   0   0   0
    0   0]
 [  0   2   0 262   0   6   0   2   0  28   0   0   0   0   0   0   0   0
    0   0]
 [  0  26 271   0   0   0   0   0   0   3   0   0   0   0   0   0   0   0
    0   0]
 [  0   4   0 272   0   2   2   0   2  18   0   0   0   0   0   0   0   0
    0   0]
 [274  21   0   0   0   1   0   0   4   0   0   0   0   0   0   0   0   0
    0   0]
 [  0   5   2   0 277   0   2   5   0   9   0   0   0   0   0   0   0   0
    0   0]]

Epoch 470:   0%|          | 0/47 [00:00<?, ?it/s, loss=0.238, v_num=]         
Epoch 471:   0%|          | 0/47 [00:00<?, ?it/s, loss=0.238, v_num=]/usr/local/lib/python3.13/dist-packages/torch/utils/data/dataloader.py:432: UserWarning: This DataLoader will create 6 worker processes in total. Our suggested max number of worker in current system is 2, which is smaller than what this DataLoader is going to create. Please be aware that excessive worker creation might get DataLoader running slow or even freeze, lower the worker number to avoid potential slowness/freeze if necessary.
  self.check_worker_number_rationality()

Epoch 471:  43%|████▎     | 20/47 [00:01<00:01, 19.22it/s, loss=0.238, v_num=]
Epoch 471:  43%|████▎     | 20/47 [00:01<00:01, 19.20it/s, loss=0.236, v_num=]
Epoch 471:  85%|████████▌ | 40/47 [00:01<00:00, 22.09it/s, loss=0.236, v_num=]
Epoch 471:  85%|████████▌ | 40/47 [00:01<00:00, 22.09it/s, loss=0.237, v_num=]
Epoch 471: 100%|██████████| 47/47 [00:02<00:00, 21.23it/s, loss=0.245, v_num=]
Epoch 471:   0%|          | 0/47 [00:00<?, ?it/s, loss=0.245, v_num=]         
Epoch 472:   0%|          | 0/47 [00:00<?, ?it/s, loss=0.245, v_num=]
Epoch 472:  43%|████▎     | 20/47 [00:01<00:01, 19.31it/s, loss=0.245, v_num=]
Epoch 472:  43%|████▎     | 20/47 [00:01<00:01, 19.29it/s, loss=0.242, v_num=]
Epoch 472:  85%|████████▌ | 40/47 [00:01<00:00, 22.35it/s, loss=0.242, v_num=]
Epoch 472:  85%|████████▌ | 40/47 [00:01<00:00, 22.34it/s, loss=0.23, v_num=] 
Epoch 472: 100%|██████████| 47/47 [00:02<00:00, 21.65it/s, loss=0.232, v_num=]
Epoch 472:   0%|          | 0/47 [00:00<?, ?it/s, loss=0.232, v_num=]         
Epoch 473:   0%|          | 0/47 [00:00<?, ?it/s, loss=0.232, v_num=]
Epoch 473:  43%|████▎     | 20/47 [00:01<00:01, 19.19it/s, loss=0.232, v_num=]
Epoch 473:  43%|████▎     | 20/47 [00:01<00:01, 19.18it/s, loss=0.24, v_num=] 
Epoch 473:  85%|████████▌ | 40/47 [00:01<00:00, 21.77it/s, loss=0.24, v_num=]
Epoch 473:  85%|████████▌ | 40/47 [00:01<00:00, 21.76it/s, loss=0.24, v_num=]
Epoch 473: 100%|██████████| 47/47 [00:02<00:00, 19.76it/s, loss=0.237, v_num=]
Epoch 473:   0%|          | 0/47 [00:00<?, ?it/s, loss=0.237, v_num=]         
Epoch 474:   0%|          | 0/47 [00:00<?, ?it/s, loss=0.237, v_num=]
Epoch 474:  43%|████▎     | 20/47 [00:01<00:01, 13.89it/s, loss=0.237, v_num=]
Epoch 474:  43%|████▎     | 20/47 [00:01<00:01, 13.88it/s, loss=0.232, v_num=]
Epoch 474:  85%|████████▌ | 40/47 [00:02<00:00, 16.15it/s, loss=0.232, v_num=]
Epoch 474:  85%|████████▌ | 40/47 [00:02<00:00, 16.15it/s, loss=0.238, v_num=]
Epoch 474: 100%|██████████| 47/47 [00:02<00:00, 16.44it/s, loss=0.242, v_num=]
Epoch 474:   0%|          | 0/47 [00:00<?, ?it/s, loss=0.242, v_num=]         
Epoch 475:   0%|          | 0/47 [00:00<?, ?it/s, loss=0.242, v_num=]
Epoch 475:  43%|████▎     | 20/47 [00:01<00:01, 18.87it/s, loss=0.242, v_num=]
Epoch 475:  43%|████▎     | 20/47 [00:01<00:01, 18.86it/s, loss=0.238, v_num=]
Epoch 475:  85%|████████▌ | 40/47 [00:01<00:00, 21.73it/s, loss=0.238, v_num=]
Epoch 475:  85%|████████▌ | 40/47 [00:01<00:00, 21.72it/s, loss=0.242, v_num=]
Epoch 475: 100%|██████████| 47/47 [00:02<00:00, 21.06it/s, loss=0.239, v_num=]Evaluating...
NMI : 0.7072655187775444, ARI: 0.4669981318817131, ACC: 0.46883, current K: 10

Epoch 475:   0%|          | 0/47 [00:00<?, ?it/s, loss=0.239, v_num=]         
Epoch 476:   0%|          | 0/47 [00:00<?, ?it/s, loss=0.239, v_num=]/usr/local/lib/python3.13/dist-packages/torch/utils/data/dataloader.py:432: UserWarning: This DataLoader will create 6 worker processes in total. Our suggested max number of worker in current system is 2, which is smaller than what this DataLoader is going to create. Please be aware that excessive worker creation might get DataLoader running slow or even freeze, lower the worker number to avoid potential slowness/freeze if necessary.
  self.check_worker_number_rationality()

Epoch 476:  43%|████▎     | 20/47 [00:01<00:01, 19.02it/s, loss=0.239, v_num=]
Epoch 476:  43%|████▎     | 20/47 [00:01<00:01, 19.00it/s, loss=0.243, v_num=]
Epoch 476:  85%|████████▌ | 40/47 [00:01<00:00, 20.90it/s, loss=0.243, v_num=]
Epoch 476:  85%|████████▌ | 40/47 [00:01<00:00, 20.90it/s, loss=0.24, v_num=] 
Epoch 476: 100%|██████████| 47/47 [00:02<00:00, 20.39it/s, loss=0.236, v_num=]
Epoch 476:   0%|          | 0/47 [00:00<?, ?it/s, loss=0.236, v_num=]         
Epoch 477:   0%|          | 0/47 [00:00<?, ?it/s, loss=0.236, v_num=]
Epoch 477:  43%|████▎     | 20/47 [00:01<00:01, 18.65it/s, loss=0.236, v_num=]
Epoch 477:  43%|████▎     | 20/47 [00:01<00:01, 18.64it/s, loss=0.233, v_num=]
Epoch 477:  85%|████████▌ | 40/47 [00:01<00:00, 21.67it/s, loss=0.233, v_num=]
Epoch 477:  85%|████████▌ | 40/47 [00:01<00:00, 21.67it/s, loss=0.243, v_num=]
Epoch 477: 100%|██████████| 47/47 [00:02<00:00, 20.92it/s, loss=0.235, v_num=]
Epoch 477:   0%|          | 0/47 [00:00<?, ?it/s, loss=0.235, v_num=]         
Epoch 478:   0%|          | 0/47 [00:00<?, ?it/s, loss=0.235, v_num=]
Epoch 478:  43%|████▎     | 20/47 [00:01<00:01, 18.13it/s, loss=0.235, v_num=]
Epoch 478:  43%|████▎     | 20/47 [00:01<00:01, 18.12it/s, loss=0.236, v_num=]
Epoch 478:  85%|████████▌ | 40/47 [00:01<00:00, 20.88it/s, loss=0.236, v_num=]
Epoch 478:  85%|████████▌ | 40/47 [00:01<00:00, 20.88it/s, loss=0.244, v_num=]
Epoch 478: 100%|██████████| 47/47 [00:02<00:00, 19.80it/s, loss=0.237, v_num=]
Epoch 478:   0%|          | 0/47 [00:00<?, ?it/s, loss=0.237, v_num=]         
Epoch 479:   0%|          | 0/47 [00:00<?, ?it/s, loss=0.237, v_num=]
Epoch 479:  43%|████▎     | 20/47 [00:01<00:02, 13.49it/s, loss=0.237, v_num=]
Epoch 479:  43%|████▎     | 20/47 [00:01<00:02, 13.49it/s, loss=0.242, v_num=]
Epoch 479:  85%|████████▌ | 40/47 [00:02<00:00, 15.64it/s, loss=0.242, v_num=]
Epoch 479:  85%|████████▌ | 40/47 [00:02<00:00, 15.63it/s, loss=0.238, v_num=]
Epoch 479: 100%|██████████| 47/47 [00:03<00:00, 15.08it/s, loss=0.238, v_num=]
Epoch 479:   0%|          | 0/47 [00:00<?, ?it/s, loss=0.238, v_num=]         
Epoch 480:   0%|          | 0/47 [00:00<?, ?it/s, loss=0.238, v_num=]
Epoch 480:  43%|████▎     | 20/47 [00:01<00:01, 18.41it/s, loss=0.238, v_num=]
Epoch 480:  43%|████▎     | 20/47 [00:01<00:01, 18.39it/s, loss=0.235, v_num=]
Epoch 480:  85%|████████▌ | 40/47 [00:01<00:00, 21.40it/s, loss=0.235, v_num=]
Epoch 480:  85%|████████▌ | 40/47 [00:01<00:00, 21.40it/s, loss=0.237, v_num=]
Epoch 480: 100%|██████████| 47/47 [00:02<00:00, 20.83it/s, loss=0.244, v_num=]Evaluating...
NMI : 0.7082811414500034, ARI: 0.46810102659420105, ACC: 0.46983, current K: 10
Epoch 480 | NMI: 0.7083, ARI: 0.4681, ACC: 0.4698, current K: 10
Confusion Matrix:
[[  0   0   4   0   0   0   1 290   0   5   0   0   0   0   0   0   0   0
    0   0]
 [  0   4   0   6   0 289   0   0   0   1   0   0   0   0   0   0   0   0
    0   0]
 [  2   0   0   1   0   1 291   0   1   4   0   0   0   0   0   0   0   0
    0   0]
 [  0   1   0   0   6 293   0   0   0   0   0   0   0   0   0   0   0   0
    0   0]
 [  0 267  24   0   1   7   0   0   0   1   0   0   0   0   0   0   0   0
    0   0]
 [  0   0   0   2   1   0   1   3   1 292   0   0   0   0   0   0   0   0
    0   0]
 [  5 290   2   0   0   3   0   0   0   0   0   0   0   0   0   0   0   0
    0   0]
 [  1   2   0   5   6   0  13   0 267   6   0   0   0   0   0   0   0   0
    0   0]
 [  2   0   0   0   0   0   7 171   0 120   0   0   0   0   0   0   0   0
    0   0]
 [  0  59   0   0   0 239   2   0   0   0   0   0   0   0   0   0   0   0
    0   0]
 [  1   0   2   0   8   4 258   7   0  20   0   0   0   0   0   0   0   0
    0   0]
 [  0  89   0   3   0 207   1   0   0   0   0   0   0   0   0   0   0   0
    0   0]
 [269  13   0   0   0   8   4   3   0   3   0   0   0   0   0   0   0   0
    0   0]
 [  0   0   0   0 280   8   8   3   0   1   0   0   0   0   0   0   0   0
    0   0]
 [  0  22 265   0   0   4   4   5   0   0   0   0   0   0   0   0   0   0
    0   0]
 [  0   2   0 262   0   6   0   2   0  28   0   0   0   0   0   0   0   0
    0   0]
 [  0  26 271   0   0   0   0   0   0   3   0   0   0   0   0   0   0   0
    0   0]
 [  0   4   0 272   0   2   2   0   2  18   0   0   0   0   0   0   0   0
    0   0]
 [273  22   0   0   0   1   0   0   4   0   0   0   0   0   0   0   0   0
    0   0]
 [  0   4   2   0 278   0   2   5   0   9   0   0   0   0   0   0   0   0
    0   0]]

Epoch 480:   0%|          | 0/47 [00:00<?, ?it/s, loss=0.244, v_num=]         
Epoch 481:   0%|          | 0/47 [00:00<?, ?it/s, loss=0.244, v_num=]/usr/local/lib/python3.13/dist-packages/torch/utils/data/dataloader.py:432: UserWarning: This DataLoader will create 6 worker processes in total. Our suggested max number of worker in current system is 2, which is smaller than what this DataLoader is going to create. Please be aware that excessive worker creation might get DataLoader running slow or even freeze, lower the worker number to avoid potential slowness/freeze if necessary.
  self.check_worker_number_rationality()

Epoch 481:  43%|████▎     | 20/47 [00:01<00:01, 18.51it/s, loss=0.244, v_num=]
Epoch 481:  43%|████▎     | 20/47 [00:01<00:01, 18.50it/s, loss=0.232, v_num=]
Epoch 481:  85%|████████▌ | 40/47 [00:01<00:00, 21.47it/s, loss=0.232, v_num=]
Epoch 481:  85%|████████▌ | 40/47 [00:01<00:00, 21.46it/s, loss=0.24, v_num=] 
Epoch 481: 100%|██████████| 47/47 [00:02<00:00, 20.88it/s, loss=0.235, v_num=]
Epoch 481:   0%|          | 0/47 [00:00<?, ?it/s, loss=0.235, v_num=]         
Epoch 482:   0%|          | 0/47 [00:00<?, ?it/s, loss=0.235, v_num=]
Epoch 482:  43%|████▎     | 20/47 [00:01<00:01, 18.57it/s, loss=0.235, v_num=]
Epoch 482:  43%|████▎     | 20/47 [00:01<00:01, 18.55it/s, loss=0.235, v_num=]
Epoch 482:  85%|████████▌ | 40/47 [00:01<00:00, 21.62it/s, loss=0.235, v_num=]
Epoch 482:  85%|████████▌ | 40/47 [00:01<00:00, 21.62it/s, loss=0.239, v_num=]
Epoch 482: 100%|██████████| 47/47 [00:02<00:00, 20.70it/s, loss=0.238, v_num=]
Epoch 482:   0%|          | 0/47 [00:00<?, ?it/s, loss=0.238, v_num=]         
Epoch 483:   0%|          | 0/47 [00:00<?, ?it/s, loss=0.238, v_num=]
Epoch 483:  43%|████▎     | 20/47 [00:01<00:01, 18.83it/s, loss=0.238, v_num=]
Epoch 483:  43%|████▎     | 20/47 [00:01<00:01, 18.82it/s, loss=0.237, v_num=]
Epoch 483:  85%|████████▌ | 40/47 [00:01<00:00, 22.08it/s, loss=0.237, v_num=]
Epoch 483:  85%|████████▌ | 40/47 [00:01<00:00, 22.07it/s, loss=0.239, v_num=]
Epoch 483: 100%|██████████| 47/47 [00:02<00:00, 21.17it/s, loss=0.239, v_num=]
Epoch 483:   0%|          | 0/47 [00:00<?, ?it/s, loss=0.239, v_num=]         
Epoch 484:   0%|          | 0/47 [00:00<?, ?it/s, loss=0.239, v_num=]
Epoch 484:  43%|████▎     | 20/47 [00:01<00:01, 16.42it/s, loss=0.239, v_num=]
Epoch 484:  43%|████▎     | 20/47 [00:01<00:01, 16.41it/s, loss=0.24, v_num=] 
Epoch 484:  85%|████████▌ | 40/47 [00:02<00:00, 18.13it/s, loss=0.24, v_num=]
Epoch 484:  85%|████████▌ | 40/47 [00:02<00:00, 18.12it/s, loss=0.24, v_num=]
Epoch 484: 100%|██████████| 47/47 [00:02<00:00, 16.75it/s, loss=0.238, v_num=]
Epoch 484:   0%|          | 0/47 [00:00<?, ?it/s, loss=0.238, v_num=]         
Epoch 485:   0%|          | 0/47 [00:00<?, ?it/s, loss=0.238, v_num=]
Epoch 485:  43%|████▎     | 20/47 [00:01<00:01, 14.65it/s, loss=0.238, v_num=]
Epoch 485:  43%|████▎     | 20/47 [00:01<00:01, 14.64it/s, loss=0.236, v_num=]
Epoch 485:  85%|████████▌ | 40/47 [00:02<00:00, 18.77it/s, loss=0.236, v_num=]
Epoch 485:  85%|████████▌ | 40/47 [00:02<00:00, 18.77it/s, loss=0.24, v_num=] 
Epoch 485: 100%|██████████| 47/47 [00:02<00:00, 18.57it/s, loss=0.241, v_num=]Evaluating...
NMI : 0.7093408735461846, ARI: 0.46902572672820225, ACC: 0.47, current K: 10

Epoch 485:   0%|          | 0/47 [00:00<?, ?it/s, loss=0.241, v_num=]         
Epoch 486:   0%|          | 0/47 [00:00<?, ?it/s, loss=0.241, v_num=]/usr/local/lib/python3.13/dist-packages/torch/utils/data/dataloader.py:432: UserWarning: This DataLoader will create 6 worker processes in total. Our suggested max number of worker in current system is 2, which is smaller than what this DataLoader is going to create. Please be aware that excessive worker creation might get DataLoader running slow or even freeze, lower the worker number to avoid potential slowness/freeze if necessary.
  self.check_worker_number_rationality()

Epoch 486:  43%|████▎     | 20/47 [00:01<00:01, 19.06it/s, loss=0.241, v_num=]
Epoch 486:  43%|████▎     | 20/47 [00:01<00:01, 19.05it/s, loss=0.232, v_num=]
Epoch 486:  85%|████████▌ | 40/47 [00:01<00:00, 21.96it/s, loss=0.232, v_num=]
Epoch 486:  85%|████████▌ | 40/47 [00:01<00:00, 21.95it/s, loss=0.238, v_num=]
Epoch 486: 100%|██████████| 47/47 [00:02<00:00, 21.25it/s, loss=0.236, v_num=]
Epoch 486:   0%|          | 0/47 [00:00<?, ?it/s, loss=0.236, v_num=]         
Epoch 487:   0%|          | 0/47 [00:00<?, ?it/s, loss=0.236, v_num=]
Epoch 487:  43%|████▎     | 20/47 [00:01<00:01, 19.03it/s, loss=0.236, v_num=]
Epoch 487:  43%|████▎     | 20/47 [00:01<00:01, 19.02it/s, loss=0.233, v_num=]
Epoch 487:  85%|████████▌ | 40/47 [00:01<00:00, 21.93it/s, loss=0.233, v_num=]
Epoch 487:  85%|████████▌ | 40/47 [00:01<00:00, 21.93it/s, loss=0.24, v_num=] 
Epoch 487: 100%|██████████| 47/47 [00:02<00:00, 21.30it/s, loss=0.244, v_num=]
Epoch 487:   0%|          | 0/47 [00:00<?, ?it/s, loss=0.244, v_num=]         
Epoch 488:   0%|          | 0/47 [00:00<?, ?it/s, loss=0.244, v_num=]
Epoch 488:  43%|████▎     | 20/47 [00:01<00:01, 19.04it/s, loss=0.244, v_num=]
Epoch 488:  43%|████▎     | 20/47 [00:01<00:01, 19.03it/s, loss=0.237, v_num=]
Epoch 488:  85%|████████▌ | 40/47 [00:01<00:00, 21.95it/s, loss=0.237, v_num=]
Epoch 488:  85%|████████▌ | 40/47 [00:01<00:00, 21.95it/s, loss=0.239, v_num=]
Epoch 488: 100%|██████████| 47/47 [00:02<00:00, 21.11it/s, loss=0.239, v_num=]
Epoch 488:   0%|          | 0/47 [00:00<?, ?it/s, loss=0.239, v_num=]         
Epoch 489:   0%|          | 0/47 [00:00<?, ?it/s, loss=0.239, v_num=]
Epoch 489:  43%|████▎     | 20/47 [00:01<00:01, 19.37it/s, loss=0.239, v_num=]
Epoch 489:  43%|████▎     | 20/47 [00:01<00:01, 19.36it/s, loss=0.239, v_num=]
Epoch 489:  85%|████████▌ | 40/47 [00:01<00:00, 21.12it/s, loss=0.239, v_num=]
Epoch 489:  85%|████████▌ | 40/47 [00:01<00:00, 21.11it/s, loss=0.236, v_num=]
Epoch 489: 100%|██████████| 47/47 [00:02<00:00, 19.35it/s, loss=0.237, v_num=]
Epoch 489:   0%|          | 0/47 [00:00<?, ?it/s, loss=0.237, v_num=]         
Epoch 490:   0%|          | 0/47 [00:00<?, ?it/s, loss=0.237, v_num=]
Epoch 490:  43%|████▎     | 20/47 [00:01<00:02, 13.38it/s, loss=0.237, v_num=]
Epoch 490:  43%|████▎     | 20/47 [00:01<00:02, 13.38it/s, loss=0.236, v_num=]
Epoch 490:  85%|████████▌ | 40/47 [00:02<00:00, 16.89it/s, loss=0.236, v_num=]
Epoch 490:  85%|████████▌ | 40/47 [00:02<00:00, 16.89it/s, loss=0.242, v_num=]
Epoch 490: 100%|██████████| 47/47 [00:02<00:00, 17.09it/s, loss=0.232, v_num=]Evaluating...
NMI : 0.7086942517048702, ARI: 0.4681365877772343, ACC: 0.46933, current K: 10
Epoch 490 | NMI: 0.7087, ARI: 0.4681, ACC: 0.4693, current K: 10
Confusion Matrix:
[[  0   0   4   0   0   0   1 290   0   5   0   0   0   0   0   0   0   0
    0   0]
 [  0   4   0   6   0 289   0   0   0   1   0   0   0   0   0   0   0   0
    0   0]
 [  1   0   0   1   0   1 292   0   1   4   0   0   0   0   0   0   0   0
    0   0]
 [  0   1   0   0   6 293   0   0   0   0   0   0   0   0   0   0   0   0
    0   0]
 [  0 267  24   0   1   7   0   0   0   1   0   0   0   0   0   0   0   0
    0   0]
 [  0   0   0   2   1   0   1   3   1 292   0   0   0   0   0   0   0   0
    0   0]
 [  5 290   2   0   0   3   0   0   0   0   0   0   0   0   0   0   0   0
    0   0]
 [  1   2   0   5   6   0  13   0 267   6   0   0   0   0   0   0   0   0
    0   0]
 [  2   0   0   0   0   0   7 172   0 119   0   0   0   0   0   0   0   0
    0   0]
 [  0  59   0   0   0 239   2   0   0   0   0   0   0   0   0   0   0   0
    0   0]
 [  1   0   1   0   8   4 260   6   0  20   0   0   0   0   0   0   0   0
    0   0]
 [  0  90   0   3   0 206   1   0   0   0   0   0   0   0   0   0   0   0
    0   0]
 [270  12   0   0   0   8   4   3   0   3   0   0   0   0   0   0   0   0
    0   0]
 [  0   0   0   0 280   8   8   3   0   1   0   0   0   0   0   0   0   0
    0   0]
 [  0  22 265   0   0   4   4   5   0   0   0   0   0   0   0   0   0   0
    0   0]
 [  0   2   0 262   0   6   0   2   0  28   0   0   0   0   0   0   0   0
    0   0]
 [  0  26 271   0   0   0   0   0   0   3   0   0   0   0   0   0   0   0
    0   0]
 [  0   4   0 269   0   2   2   0   2  21   0   0   0   0   0   0   0   0
    0   0]
 [272  23   0   0   0   1   0   0   4   0   0   0   0   0   0   0   0   0
    0   0]
 [  0   4   2   0 278   0   2   5   0   9   0   0   0   0   0   0   0   0
    0   0]]

Epoch 490:   0%|          | 0/47 [00:00<?, ?it/s, loss=0.232, v_num=]         
Epoch 491:   0%|          | 0/47 [00:00<?, ?it/s, loss=0.232, v_num=]/usr/local/lib/python3.13/dist-packages/torch/utils/data/dataloader.py:432: UserWarning: This DataLoader will create 6 worker processes in total. Our suggested max number of worker in current system is 2, which is smaller than what this DataLoader is going to create. Please be aware that excessive worker creation might get DataLoader running slow or even freeze, lower the worker number to avoid potential slowness/freeze if necessary.
  self.check_worker_number_rationality()

Epoch 491:  43%|████▎     | 20/47 [00:01<00:01, 19.38it/s, loss=0.232, v_num=]
Epoch 491:  43%|████▎     | 20/47 [00:01<00:01, 19.36it/s, loss=0.237, v_num=]
Epoch 491:  85%|████████▌ | 40/47 [00:01<00:00, 22.02it/s, loss=0.237, v_num=]
Epoch 491:  85%|████████▌ | 40/47 [00:01<00:00, 22.02it/s, loss=0.233, v_num=]
Epoch 491: 100%|██████████| 47/47 [00:02<00:00, 21.38it/s, loss=0.236, v_num=]
Epoch 491:   0%|          | 0/47 [00:00<?, ?it/s, loss=0.236, v_num=]         
Epoch 492:   0%|          | 0/47 [00:00<?, ?it/s, loss=0.236, v_num=]
Epoch 492:  43%|████▎     | 20/47 [00:01<00:01, 19.25it/s, loss=0.236, v_num=]
Epoch 492:  43%|████▎     | 20/47 [00:01<00:01, 19.24it/s, loss=0.235, v_num=]
Epoch 492:  85%|████████▌ | 40/47 [00:01<00:00, 22.31it/s, loss=0.235, v_num=]
Epoch 492:  85%|████████▌ | 40/47 [00:01<00:00, 22.31it/s, loss=0.236, v_num=]
Epoch 492: 100%|██████████| 47/47 [00:02<00:00, 21.41it/s, loss=0.24, v_num=] 
Epoch 492:   0%|          | 0/47 [00:00<?, ?it/s, loss=0.24, v_num=]         
Epoch 493:   0%|          | 0/47 [00:00<?, ?it/s, loss=0.24, v_num=]
Epoch 493:  43%|████▎     | 20/47 [00:01<00:01, 19.36it/s, loss=0.24, v_num=]
Epoch 493:  43%|████▎     | 20/47 [00:01<00:01, 19.35it/s, loss=0.239, v_num=]
Epoch 493:  85%|████████▌ | 40/47 [00:01<00:00, 22.14it/s, loss=0.239, v_num=]
Epoch 493:  85%|████████▌ | 40/47 [00:01<00:00, 22.13it/s, loss=0.236, v_num=]
Epoch 493: 100%|██████████| 47/47 [00:02<00:00, 21.40it/s, loss=0.235, v_num=]
Epoch 493:   0%|          | 0/47 [00:00<?, ?it/s, loss=0.235, v_num=]         
Epoch 494:   0%|          | 0/47 [00:00<?, ?it/s, loss=0.235, v_num=]
Epoch 494:  43%|████▎     | 20/47 [00:01<00:01, 19.25it/s, loss=0.235, v_num=]
Epoch 494:  43%|████▎     | 20/47 [00:01<00:01, 19.24it/s, loss=0.238, v_num=]
Epoch 494:  85%|████████▌ | 40/47 [00:01<00:00, 21.93it/s, loss=0.238, v_num=]
Epoch 494:  85%|████████▌ | 40/47 [00:01<00:00, 21.92it/s, loss=0.236, v_num=]
Epoch 494: 100%|██████████| 47/47 [00:02<00:00, 21.30it/s, loss=0.233, v_num=]
Epoch 494:   0%|          | 0/47 [00:00<?, ?it/s, loss=0.233, v_num=]         
Epoch 495:   0%|          | 0/47 [00:00<?, ?it/s, loss=0.233, v_num=]
Epoch 495:  43%|████▎     | 20/47 [00:01<00:01, 14.93it/s, loss=0.233, v_num=]
Epoch 495:  43%|████▎     | 20/47 [00:01<00:01, 14.92it/s, loss=0.238, v_num=]
Epoch 495:  85%|████████▌ | 40/47 [00:02<00:00, 17.27it/s, loss=0.238, v_num=]
Epoch 495:  85%|████████▌ | 40/47 [00:02<00:00, 17.27it/s, loss=0.234, v_num=]
Epoch 495: 100%|██████████| 47/47 [00:02<00:00, 16.67it/s, loss=0.234, v_num=]Evaluating...
NMI : 0.7093543716458847, ARI: 0.4688290888914458, ACC: 0.46983, current K: 10

Epoch 495:   0%|          | 0/47 [00:00<?, ?it/s, loss=0.234, v_num=]         
Epoch 496:   0%|          | 0/47 [00:00<?, ?it/s, loss=0.234, v_num=]/usr/local/lib/python3.13/dist-packages/torch/utils/data/dataloader.py:432: UserWarning: This DataLoader will create 6 worker processes in total. Our suggested max number of worker in current system is 2, which is smaller than what this DataLoader is going to create. Please be aware that excessive worker creation might get DataLoader running slow or even freeze, lower the worker number to avoid potential slowness/freeze if necessary.
  self.check_worker_number_rationality()

Epoch 496:  43%|████▎     | 20/47 [00:01<00:01, 19.15it/s, loss=0.234, v_num=]
Epoch 496:  43%|████▎     | 20/47 [00:01<00:01, 19.14it/s, loss=0.237, v_num=]
Epoch 496:  85%|████████▌ | 40/47 [00:01<00:00, 21.99it/s, loss=0.237, v_num=]
Epoch 496:  85%|████████▌ | 40/47 [00:01<00:00, 21.99it/s, loss=0.238, v_num=]
Epoch 496: 100%|██████████| 47/47 [00:02<00:00, 21.22it/s, loss=0.241, v_num=]
Epoch 496:   0%|          | 0/47 [00:00<?, ?it/s, loss=0.241, v_num=]         
Epoch 497:   0%|          | 0/47 [00:00<?, ?it/s, loss=0.241, v_num=]
Epoch 497:  43%|████▎     | 20/47 [00:01<00:01, 18.72it/s, loss=0.241, v_num=]
Epoch 497:  43%|████▎     | 20/47 [00:01<00:01, 18.71it/s, loss=0.241, v_num=]
Epoch 497:  85%|████████▌ | 40/47 [00:01<00:00, 21.53it/s, loss=0.241, v_num=]
Epoch 497:  85%|████████▌ | 40/47 [00:01<00:00, 21.52it/s, loss=0.238, v_num=]
Epoch 497: 100%|██████████| 47/47 [00:02<00:00, 20.90it/s, loss=0.238, v_num=]
Epoch 497:   0%|          | 0/47 [00:00<?, ?it/s, loss=0.238, v_num=]         
Epoch 498:   0%|          | 0/47 [00:00<?, ?it/s, loss=0.238, v_num=]
Epoch 498:  43%|████▎     | 20/47 [00:01<00:01, 18.89it/s, loss=0.238, v_num=]
Epoch 498:  43%|████▎     | 20/47 [00:01<00:01, 18.87it/s, loss=0.233, v_num=]
Epoch 498:  85%|████████▌ | 40/47 [00:01<00:00, 21.93it/s, loss=0.233, v_num=]
Epoch 498:  85%|████████▌ | 40/47 [00:01<00:00, 21.93it/s, loss=0.238, v_num=]
Epoch 498: 100%|██████████| 47/47 [00:02<00:00, 21.23it/s, loss=0.24, v_num=] 
Epoch 498:   0%|          | 0/47 [00:00<?, ?it/s, loss=0.24, v_num=]         
Epoch 499:   0%|          | 0/47 [00:00<?, ?it/s, loss=0.24, v_num=]
Epoch 499:  43%|████▎     | 20/47 [00:01<00:01, 18.56it/s, loss=0.24, v_num=]
Epoch 499:  43%|████▎     | 20/47 [00:01<00:01, 18.55it/s, loss=0.235, v_num=]
Epoch 499:  85%|████████▌ | 40/47 [00:01<00:00, 21.46it/s, loss=0.235, v_num=]
Epoch 499:  85%|████████▌ | 40/47 [00:01<00:00, 21.46it/s, loss=0.238, v_num=]
Epoch 499: 100%|██████████| 47/47 [00:02<00:00, 20.90it/s, loss=0.239, v_num=]
Epoch 499:   0%|          | 0/47 [00:00<?, ?it/s, loss=0.239, v_num=]         
Epoch 500:   0%|          | 0/47 [00:00<?, ?it/s, loss=0.239, v_num=]
Epoch 500:  43%|████▎     | 20/47 [00:01<00:01, 16.77it/s, loss=0.239, v_num=]
Epoch 500:  43%|████▎     | 20/47 [00:01<00:01, 16.76it/s, loss=0.237, v_num=]
Epoch 500:  85%|████████▌ | 40/47 [00:02<00:00, 18.56it/s, loss=0.237, v_num=]
Epoch 500:  85%|████████▌ | 40/47 [00:02<00:00, 18.56it/s, loss=0.236, v_num=]
Epoch 500: 100%|██████████| 47/47 [00:02<00:00, 17.46it/s, loss=0.239, v_num=]Evaluating...
NMI : 0.7108687140665501, ARI: 0.47025929498755537, ACC: 0.47067, current K: 10
Epoch 500 | NMI: 0.7109, ARI: 0.4703, ACC: 0.4707, current K: 10
Confusion Matrix:
[[  0   0   4   0   0   0   1 290   0   5   0   0   0   0   0   0   0   0
    0   0]
 [  0   4   0   5   0 290   0   0   0   1   0   0   0   0   0   0   0   0
    0   0]
 [  1   0   0   1   0   1 292   0   1   4   0   0   0   0   0   0   0   0
    0   0]
 [  0   1   0   0   6 293   0   0   0   0   0   0   0   0   0   0   0   0
    0   0]
 [  0 269  22   0   1   7   0   0   0   1   0   0   0   0   0   0   0   0
    0   0]
 [  0   0   0   1   1   0   1   3   1 293   0   0   0   0   0   0   0   0
    0   0]
 [  5 290   2   0   0   3   0   0   0   0   0   0   0   0   0   0   0   0
    0   0]
 [  1   2   0   5   6   0  13   0 268   5   0   0   0   0   0   0   0   0
    0   0]
 [  2   0   0   0   0   0   7 171   0 120   0   0   0   0   0   0   0   0
    0   0]
 [  0  58   0   0   0 240   2   0   0   0   0   0   0   0   0   0   0   0
    0   0]
 [  1   0   1   0   8   4 259   7   0  20   0   0   0   0   0   0   0   0
    0   0]
 [  0  89   0   3   0 207   1   0   0   0   0   0   0   0   0   0   0   0
    0   0]
 [270  12   0   0   0   8   4   3   0   3   0   0   0   0   0   0   0   0
    0   0]
 [  0   0   0   0 282   6   8   3   0   1   0   0   0   0   0   0   0   0
    0   0]
 [  0  22 265   0   0   4   4   5   0   0   0   0   0   0   0   0   0   0
    0   0]
 [  0   2   0 262   0   6   0   2   0  28   0   0   0   0   0   0   0   0
    0   0]
 [  0  26 271   0   0   0   0   0   0   3   0   0   0   0   0   0   0   0
    0   0]
 [  0   4   0 272   0   2   2   0   2  18   0   0   0   0   0   0   0   0
    0   0]
 [273  22   0   0   0   1   0   0   4   0   0   0   0   0   0   0   0   0
    0   0]
 [  0   4   2   0 278   0   2   5   0   9   0   0   0   0   0   0   0   0
    0   0]]

Epoch 500:   0%|          | 0/47 [00:00<?, ?it/s, loss=0.239, v_num=]         
Epoch 501:   0%|          | 0/47 [00:00<?, ?it/s, loss=0.239, v_num=]/usr/local/lib/python3.13/dist-packages/torch/utils/data/dataloader.py:432: UserWarning: This DataLoader will create 6 worker processes in total. Our suggested max number of worker in current system is 2, which is smaller than what this DataLoader is going to create. Please be aware that excessive worker creation might get DataLoader running slow or even freeze, lower the worker number to avoid potential slowness/freeze if necessary.
  self.check_worker_number_rationality()

Epoch 501:  43%|████▎     | 20/47 [00:01<00:01, 14.12it/s, loss=0.239, v_num=]
Epoch 501:  43%|████▎     | 20/47 [00:01<00:01, 14.11it/s, loss=0.239, v_num=]
Epoch 501:  85%|████████▌ | 40/47 [00:02<00:00, 18.27it/s, loss=0.239, v_num=]
Epoch 501:  85%|████████▌ | 40/47 [00:02<00:00, 18.26it/s, loss=0.242, v_num=]
Epoch 501: 100%|██████████| 47/47 [00:02<00:00, 18.15it/s, loss=0.242, v_num=]
Epoch 501:   0%|          | 0/47 [00:00<?, ?it/s, loss=0.242, v_num=]         
Epoch 502:   0%|          | 0/47 [00:00<?, ?it/s, loss=0.242, v_num=]
Epoch 502:  43%|████▎     | 20/47 [00:01<00:01, 18.94it/s, loss=0.242, v_num=]
Epoch 502:  43%|████▎     | 20/47 [00:01<00:01, 18.92it/s, loss=0.241, v_num=]
Epoch 502:  85%|████████▌ | 40/47 [00:01<00:00, 22.15it/s, loss=0.241, v_num=]
Epoch 502:  85%|████████▌ | 40/47 [00:01<00:00, 22.14it/s, loss=0.234, v_num=]
Epoch 502: 100%|██████████| 47/47 [00:02<00:00, 21.16it/s, loss=0.233, v_num=]
Epoch 502:   0%|          | 0/47 [00:00<?, ?it/s, loss=0.233, v_num=]         
Epoch 503:   0%|          | 0/47 [00:00<?, ?it/s, loss=0.233, v_num=]
Epoch 503:  43%|████▎     | 20/47 [00:01<00:01, 18.79it/s, loss=0.233, v_num=]
Epoch 503:  43%|████▎     | 20/47 [00:01<00:01, 18.78it/s, loss=0.235, v_num=]
Epoch 503:  85%|████████▌ | 40/47 [00:01<00:00, 21.83it/s, loss=0.235, v_num=]
Epoch 503:  85%|████████▌ | 40/47 [00:01<00:00, 21.83it/s, loss=0.234, v_num=]
Epoch 503: 100%|██████████| 47/47 [00:02<00:00, 21.20it/s, loss=0.241, v_num=]
Epoch 503:   0%|          | 0/47 [00:00<?, ?it/s, loss=0.241, v_num=]         
Epoch 504:   0%|          | 0/47 [00:00<?, ?it/s, loss=0.241, v_num=]
Epoch 504:  43%|████▎     | 20/47 [00:01<00:01, 18.01it/s, loss=0.241, v_num=]
Epoch 504:  43%|████▎     | 20/47 [00:01<00:01, 18.00it/s, loss=0.233, v_num=]
Epoch 504:  85%|████████▌ | 40/47 [00:01<00:00, 21.08it/s, loss=0.233, v_num=]
Epoch 504:  85%|████████▌ | 40/47 [00:01<00:00, 21.07it/s, loss=0.237, v_num=]
Epoch 504: 100%|██████████| 47/47 [00:02<00:00, 20.49it/s, loss=0.237, v_num=]
Epoch 504:   0%|          | 0/47 [00:00<?, ?it/s, loss=0.237, v_num=]         
Epoch 505:   0%|          | 0/47 [00:00<?, ?it/s, loss=0.237, v_num=]
Epoch 505:  43%|████▎     | 20/47 [00:01<00:01, 18.37it/s, loss=0.237, v_num=]
Epoch 505:  43%|████▎     | 20/47 [00:01<00:01, 18.36it/s, loss=0.232, v_num=]
Epoch 505:  85%|████████▌ | 40/47 [00:02<00:00, 19.65it/s, loss=0.232, v_num=]
Epoch 505:  85%|████████▌ | 40/47 [00:02<00:00, 19.65it/s, loss=0.241, v_num=]
Epoch 505: 100%|██████████| 47/47 [00:02<00:00, 18.33it/s, loss=0.238, v_num=]Evaluating...
NMI : 0.710806694367738, ARI: 0.47004175551332184, ACC: 0.47017, current K: 10

Epoch 505:   0%|          | 0/47 [00:00<?, ?it/s, loss=0.238, v_num=]         
Epoch 506:   0%|          | 0/47 [00:00<?, ?it/s, loss=0.238, v_num=]/usr/local/lib/python3.13/dist-packages/torch/utils/data/dataloader.py:432: UserWarning: This DataLoader will create 6 worker processes in total. Our suggested max number of worker in current system is 2, which is smaller than what this DataLoader is going to create. Please be aware that excessive worker creation might get DataLoader running slow or even freeze, lower the worker number to avoid potential slowness/freeze if necessary.
  self.check_worker_number_rationality()

Epoch 506:  43%|████▎     | 20/47 [00:01<00:02, 13.40it/s, loss=0.238, v_num=]
Epoch 506:  43%|████▎     | 20/47 [00:01<00:02, 13.40it/s, loss=0.237, v_num=]
Epoch 506:  85%|████████▌ | 40/47 [00:02<00:00, 17.58it/s, loss=0.237, v_num=]
Epoch 506:  85%|████████▌ | 40/47 [00:02<00:00, 17.58it/s, loss=0.236, v_num=]
Epoch 506: 100%|██████████| 47/47 [00:02<00:00, 17.51it/s, loss=0.239, v_num=]
Epoch 506:   0%|          | 0/47 [00:00<?, ?it/s, loss=0.239, v_num=]         
Epoch 507:   0%|          | 0/47 [00:00<?, ?it/s, loss=0.239, v_num=]
Epoch 507:  43%|████▎     | 20/47 [00:01<00:01, 18.03it/s, loss=0.239, v_num=]
Epoch 507:  43%|████▎     | 20/47 [00:01<00:01, 18.02it/s, loss=0.236, v_num=]
Epoch 507:  85%|████████▌ | 40/47 [00:01<00:00, 21.07it/s, loss=0.236, v_num=]
Epoch 507:  85%|████████▌ | 40/47 [00:01<00:00, 21.07it/s, loss=0.234, v_num=]
Epoch 507: 100%|██████████| 47/47 [00:02<00:00, 20.54it/s, loss=0.231, v_num=]
Epoch 507:   0%|          | 0/47 [00:00<?, ?it/s, loss=0.231, v_num=]         
Epoch 508:   0%|          | 0/47 [00:00<?, ?it/s, loss=0.231, v_num=]
Epoch 508:  43%|████▎     | 20/47 [00:01<00:01, 18.36it/s, loss=0.231, v_num=]
Epoch 508:  43%|████▎     | 20/47 [00:01<00:01, 18.35it/s, loss=0.242, v_num=]
Epoch 508:  85%|████████▌ | 40/47 [00:01<00:00, 21.36it/s, loss=0.242, v_num=]
Epoch 508:  85%|████████▌ | 40/47 [00:01<00:00, 21.35it/s, loss=0.231, v_num=]
Epoch 508: 100%|██████████| 47/47 [00:02<00:00, 20.59it/s, loss=0.232, v_num=]
Epoch 508:   0%|          | 0/47 [00:00<?, ?it/s, loss=0.232, v_num=]         
Epoch 509:   0%|          | 0/47 [00:00<?, ?it/s, loss=0.232, v_num=]
Epoch 509:  43%|████▎     | 20/47 [00:01<00:01, 18.24it/s, loss=0.232, v_num=]
Epoch 509:  43%|████▎     | 20/47 [00:01<00:01, 18.23it/s, loss=0.232, v_num=]
Epoch 509:  85%|████████▌ | 40/47 [00:01<00:00, 21.07it/s, loss=0.232, v_num=]
Epoch 509:  85%|████████▌ | 40/47 [00:01<00:00, 21.06it/s, loss=0.232, v_num=]
Epoch 509: 100%|██████████| 47/47 [00:02<00:00, 20.42it/s, loss=0.238, v_num=]
Epoch 509:   0%|          | 0/47 [00:00<?, ?it/s, loss=0.238, v_num=]         
Epoch 510:   0%|          | 0/47 [00:00<?, ?it/s, loss=0.238, v_num=]
Epoch 510:  43%|████▎     | 20/47 [00:01<00:01, 18.29it/s, loss=0.238, v_num=]
Epoch 510:  43%|████▎     | 20/47 [00:01<00:01, 18.28it/s, loss=0.238, v_num=]
Epoch 510:  85%|████████▌ | 40/47 [00:01<00:00, 20.26it/s, loss=0.238, v_num=]
Epoch 510:  85%|████████▌ | 40/47 [00:01<00:00, 20.26it/s, loss=0.237, v_num=]
Epoch 510: 100%|██████████| 47/47 [00:02<00:00, 18.44it/s, loss=0.237, v_num=]Evaluating...
NMI : 0.7110257785072402, ARI: 0.4703025275120957, ACC: 0.47067, current K: 10
Epoch 510 | NMI: 0.7110, ARI: 0.4703, ACC: 0.4707, current K: 10
Confusion Matrix:
[[  0   0   4   0   0   0   1 290   0   5   0   0   0   0   0   0   0   0
    0   0]
 [  0   4   0   6   0 289   0   0   0   1   0   0   0   0   0   0   0   0
    0   0]
 [  1   0   0   1   0   1 292   0   1   4   0   0   0   0   0   0   0   0
    0   0]
 [  0   1   0   0   6 293   0   0   0   0   0   0   0   0   0   0   0   0
    0   0]
 [  0 271  20   0   1   7   0   0   0   1   0   0   0   0   0   0   0   0
    0   0]
 [  0   0   0   1   1   0   1   3   1 293   0   0   0   0   0   0   0   0
    0   0]
 [  5 291   1   0   0   3   0   0   0   0   0   0   0   0   0   0   0   0
    0   0]
 [  1   2   0   4   6   0  13   0 268   6   0   0   0   0   0   0   0   0
    0   0]
 [  2   0   0   0   0   0   8 170   0 120   0   0   0   0   0   0   0   0
    0   0]
 [  0  58   0   0   0 240   2   0   0   0   0   0   0   0   0   0   0   0
    0   0]
 [  1   0   1   0   8   4 260   6   0  20   0   0   0   0   0   0   0   0
    0   0]
 [  0  90   0   3   0 206   1   0   0   0   0   0   0   0   0   0   0   0
    0   0]
 [270  12   0   0   0   8   4   3   0   3   0   0   0   0   0   0   0   0
    0   0]
 [  0   0   0   0 283   5   8   3   0   1   0   0   0   0   0   0   0   0
    0   0]
 [  0  23 264   0   0   4   4   5   0   0   0   0   0   0   0   0   0   0
    0   0]
 [  0   2   0 262   0   6   0   2   0  28   0   0   0   0   0   0   0   0
    0   0]
 [  0  26 271   0   0   0   0   0   0   3   0   0   0   0   0   0   0   0
    0   0]
 [  0   4   0 270   0   2   2   0   2  20   0   0   0   0   0   0   0   0
    0   0]
 [273  22   0   0   0   1   0   0   4   0   0   0   0   0   0   0   0   0
    0   0]
 [  0   4   2   0 278   0   2   5   0   9   0   0   0   0   0   0   0   0
    0   0]]

Epoch 510:   0%|          | 0/47 [00:00<?, ?it/s, loss=0.237, v_num=]         
Epoch 511:   0%|          | 0/47 [00:00<?, ?it/s, loss=0.237, v_num=]/usr/local/lib/python3.13/dist-packages/torch/utils/data/dataloader.py:432: UserWarning: This DataLoader will create 6 worker processes in total. Our suggested max number of worker in current system is 2, which is smaller than what this DataLoader is going to create. Please be aware that excessive worker creation might get DataLoader running slow or even freeze, lower the worker number to avoid potential slowness/freeze if necessary.
  self.check_worker_number_rationality()

Epoch 511:  43%|████▎     | 20/47 [00:01<00:02, 12.82it/s, loss=0.237, v_num=]
Epoch 511:  43%|████▎     | 20/47 [00:01<00:02, 12.81it/s, loss=0.235, v_num=]
Epoch 511:  85%|████████▌ | 40/47 [00:02<00:00, 16.33it/s, loss=0.235, v_num=]
Epoch 511:  85%|████████▌ | 40/47 [00:02<00:00, 16.33it/s, loss=0.234, v_num=]
Epoch 511: 100%|██████████| 47/47 [00:02<00:00, 16.63it/s, loss=0.24, v_num=] 
Epoch 511:   0%|          | 0/47 [00:00<?, ?it/s, loss=0.24, v_num=]         
Epoch 512:   0%|          | 0/47 [00:00<?, ?it/s, loss=0.24, v_num=]
Epoch 512:  43%|████▎     | 20/47 [00:01<00:01, 19.03it/s, loss=0.24, v_num=]
Epoch 512:  43%|████▎     | 20/47 [00:01<00:01, 19.02it/s, loss=0.236, v_num=]
Epoch 512:  85%|████████▌ | 40/47 [00:01<00:00, 21.86it/s, loss=0.236, v_num=]
Epoch 512:  85%|████████▌ | 40/47 [00:01<00:00, 21.85it/s, loss=0.238, v_num=]
Epoch 512: 100%|██████████| 47/47 [00:02<00:00, 21.23it/s, loss=0.233, v_num=]
Epoch 512:   0%|          | 0/47 [00:00<?, ?it/s, loss=0.233, v_num=]         
Epoch 513:   0%|          | 0/47 [00:00<?, ?it/s, loss=0.233, v_num=]
Epoch 513:  43%|████▎     | 20/47 [00:01<00:01, 18.63it/s, loss=0.233, v_num=]
Epoch 513:  43%|████▎     | 20/47 [00:01<00:01, 18.62it/s, loss=0.238, v_num=]
Epoch 513:  85%|████████▌ | 40/47 [00:01<00:00, 21.23it/s, loss=0.238, v_num=]
Epoch 513:  85%|████████▌ | 40/47 [00:01<00:00, 21.22it/s, loss=0.235, v_num=]
Epoch 513: 100%|██████████| 47/47 [00:02<00:00, 20.18it/s, loss=0.236, v_num=]
Epoch 513:   0%|          | 0/47 [00:00<?, ?it/s, loss=0.236, v_num=]         
Epoch 514:   0%|          | 0/47 [00:00<?, ?it/s, loss=0.236, v_num=]
Epoch 514:  43%|████▎     | 20/47 [00:01<00:01, 19.23it/s, loss=0.236, v_num=]
Epoch 514:  43%|████▎     | 20/47 [00:01<00:01, 19.22it/s, loss=0.233, v_num=]
Epoch 514:  85%|████████▌ | 40/47 [00:01<00:00, 22.46it/s, loss=0.233, v_num=]
Epoch 514:  85%|████████▌ | 40/47 [00:01<00:00, 22.46it/s, loss=0.238, v_num=]
Epoch 514: 100%|██████████| 47/47 [00:02<00:00, 21.67it/s, loss=0.238, v_num=]
Epoch 514:   0%|          | 0/47 [00:00<?, ?it/s, loss=0.238, v_num=]         
Epoch 515:   0%|          | 0/47 [00:00<?, ?it/s, loss=0.238, v_num=]
Epoch 515:  43%|████▎     | 20/47 [00:01<00:01, 18.94it/s, loss=0.238, v_num=]
Epoch 515:  43%|████▎     | 20/47 [00:01<00:01, 18.93it/s, loss=0.238, v_num=]
Epoch 515:  85%|████████▌ | 40/47 [00:01<00:00, 21.90it/s, loss=0.238, v_num=]
Epoch 515:  85%|████████▌ | 40/47 [00:01<00:00, 21.90it/s, loss=0.237, v_num=]
Epoch 515: 100%|██████████| 47/47 [00:02<00:00, 20.61it/s, loss=0.237, v_num=]Evaluating...
NMI : 0.7108473233823287, ARI: 0.46989782663635504, ACC: 0.4705, current K: 10

Epoch 515:   0%|          | 0/47 [00:00<?, ?it/s, loss=0.237, v_num=]         
Epoch 516:   0%|          | 0/47 [00:00<?, ?it/s, loss=0.237, v_num=]/usr/local/lib/python3.13/dist-packages/torch/utils/data/dataloader.py:432: UserWarning: This DataLoader will create 6 worker processes in total. Our suggested max number of worker in current system is 2, which is smaller than what this DataLoader is going to create. Please be aware that excessive worker creation might get DataLoader running slow or even freeze, lower the worker number to avoid potential slowness/freeze if necessary.
  self.check_worker_number_rationality()

Epoch 516:  43%|████▎     | 20/47 [00:01<00:01, 13.97it/s, loss=0.237, v_num=]
Epoch 516:  43%|████▎     | 20/47 [00:01<00:01, 13.96it/s, loss=0.236, v_num=]
Epoch 516:  85%|████████▌ | 40/47 [00:02<00:00, 16.44it/s, loss=0.236, v_num=]
Epoch 516:  85%|████████▌ | 40/47 [00:02<00:00, 16.44it/s, loss=0.238, v_num=]
Epoch 516: 100%|██████████| 47/47 [00:02<00:00, 16.51it/s, loss=0.236, v_num=]
Epoch 516:   0%|          | 0/47 [00:00<?, ?it/s, loss=0.236, v_num=]         
Epoch 517:   0%|          | 0/47 [00:00<?, ?it/s, loss=0.236, v_num=]
Epoch 517:  43%|████▎     | 20/47 [00:01<00:01, 19.05it/s, loss=0.236, v_num=]
Epoch 517:  43%|████▎     | 20/47 [00:01<00:01, 19.03it/s, loss=0.239, v_num=]
Epoch 517:  85%|████████▌ | 40/47 [00:01<00:00, 21.74it/s, loss=0.239, v_num=]
Epoch 517:  85%|████████▌ | 40/47 [00:01<00:00, 21.74it/s, loss=0.239, v_num=]
Epoch 517: 100%|██████████| 47/47 [00:02<00:00, 21.08it/s, loss=0.238, v_num=]
Epoch 517:   0%|          | 0/47 [00:00<?, ?it/s, loss=0.238, v_num=]         
Epoch 518:   0%|          | 0/47 [00:00<?, ?it/s, loss=0.238, v_num=]
Epoch 518:  43%|████▎     | 20/47 [00:01<00:01, 18.89it/s, loss=0.238, v_num=]
Epoch 518:  43%|████▎     | 20/47 [00:01<00:01, 18.88it/s, loss=0.232, v_num=]
Epoch 518:  85%|████████▌ | 40/47 [00:01<00:00, 21.97it/s, loss=0.232, v_num=]
Epoch 518:  85%|████████▌ | 40/47 [00:01<00:00, 21.97it/s, loss=0.24, v_num=] 
Epoch 518: 100%|██████████| 47/47 [00:02<00:00, 21.25it/s, loss=0.237, v_num=]
Epoch 518:   0%|          | 0/47 [00:00<?, ?it/s, loss=0.237, v_num=]         
Epoch 519:   0%|          | 0/47 [00:00<?, ?it/s, loss=0.237, v_num=]
Epoch 519:  43%|████▎     | 20/47 [00:01<00:01, 18.77it/s, loss=0.237, v_num=]
Epoch 519:  43%|████▎     | 20/47 [00:01<00:01, 18.75it/s, loss=0.236, v_num=]
Epoch 519:  85%|████████▌ | 40/47 [00:01<00:00, 21.76it/s, loss=0.236, v_num=]
Epoch 519:  85%|████████▌ | 40/47 [00:01<00:00, 21.75it/s, loss=0.232, v_num=]
Epoch 519: 100%|██████████| 47/47 [00:02<00:00, 21.10it/s, loss=0.233, v_num=]
Epoch 519:   0%|          | 0/47 [00:00<?, ?it/s, loss=0.233, v_num=]         
Epoch 520:   0%|          | 0/47 [00:00<?, ?it/s, loss=0.233, v_num=]
Epoch 520:  43%|████▎     | 20/47 [00:01<00:01, 19.03it/s, loss=0.233, v_num=]
Epoch 520:  43%|████▎     | 20/47 [00:01<00:01, 19.02it/s, loss=0.235, v_num=]
Epoch 520:  85%|████████▌ | 40/47 [00:01<00:00, 22.11it/s, loss=0.235, v_num=]
Epoch 520:  85%|████████▌ | 40/47 [00:01<00:00, 22.10it/s, loss=0.24, v_num=] 
Epoch 520: 100%|██████████| 47/47 [00:02<00:00, 21.41it/s, loss=0.241, v_num=]Evaluating...
NMI : 0.7118460949948209, ARI: 0.470796043511637, ACC: 0.471, current K: 10
Epoch 520 | NMI: 0.7118, ARI: 0.4708, ACC: 0.4710, current K: 10
Confusion Matrix:
[[  0   0   4   0   0   0   1 290   0   5   0   0   0   0   0   0   0   0
    0   0]
 [  0   4   0   5   0 290   0   0   0   1   0   0   0   0   0   0   0   0
    0   0]
 [  1   0   0   1   0   1 292   0   1   4   0   0   0   0   0   0   0   0
    0   0]
 [  0   1   0   0   5 294   0   0   0   0   0   0   0   0   0   0   0   0
    0   0]
 [  0 272  19   0   1   7   0   0   0   1   0   0   0   0   0   0   0   0
    0   0]
 [  0   0   0   1   1   0   1   3   1 293   0   0   0   0   0   0   0   0
    0   0]
 [  5 291   1   0   0   3   0   0   0   0   0   0   0   0   0   0   0   0
    0   0]
 [  1   2   0   4   6   0  13   0 268   6   0   0   0   0   0   0   0   0
    0   0]
 [  2   0   0   0   0   0   7 171   0 120   0   0   0   0   0   0   0   0
    0   0]
 [  0  57   0   0   0 241   2   0   0   0   0   0   0   0   0   0   0   0
    0   0]
 [  1   0   1   0   8   4 261   5   0  20   0   0   0   0   0   0   0   0
    0   0]
 [  0  88   0   3   0 208   1   0   0   0   0   0   0   0   0   0   0   0
    0   0]
 [270  12   0   0   0   8   4   3   0   3   0   0   0   0   0   0   0   0
    0   0]
 [  0   0   0   0 280   8   8   3   0   1   0   0   0   0   0   0   0   0
    0   0]
 [  0  24 263   0   0   4   4   5   0   0   0   0   0   0   0   0   0   0
    0   0]
 [  0   2   0 262   0   6   0   2   0  28   0   0   0   0   0   0   0   0
    0   0]
 [  0  25 271   0   0   1   0   0   0   3   0   0   0   0   0   0   0   0
    0   0]
 [  0   5   0 271   0   1   2   0   2  19   0   0   0   0   0   0   0   0
    0   0]
 [276  20   0   0   0   1   0   0   3   0   0   0   0   0   0   0   0   0
    0   0]
 [  0   4   2   0 278   0   2   5   0   9   0   0   0   0   0   0   0   0
    0   0]]

Epoch 520:   0%|          | 0/47 [00:00<?, ?it/s, loss=0.241, v_num=]         
Epoch 521:   0%|          | 0/47 [00:00<?, ?it/s, loss=0.241, v_num=]/usr/local/lib/python3.13/dist-packages/torch/utils/data/dataloader.py:432: UserWarning: This DataLoader will create 6 worker processes in total. Our suggested max number of worker in current system is 2, which is smaller than what this DataLoader is going to create. Please be aware that excessive worker creation might get DataLoader running slow or even freeze, lower the worker number to avoid potential slowness/freeze if necessary.
  self.check_worker_number_rationality()

Epoch 521:  43%|████▎     | 20/47 [00:01<00:01, 15.13it/s, loss=0.241, v_num=]
Epoch 521:  43%|████▎     | 20/47 [00:01<00:01, 15.13it/s, loss=0.24, v_num=] 
Epoch 521:  85%|████████▌ | 40/47 [00:02<00:00, 17.11it/s, loss=0.24, v_num=]
Epoch 521:  85%|████████▌ | 40/47 [00:02<00:00, 17.11it/s, loss=0.234, v_num=]
Epoch 521: 100%|██████████| 47/47 [00:02<00:00, 16.49it/s, loss=0.233, v_num=]
Epoch 521:   0%|          | 0/47 [00:00<?, ?it/s, loss=0.233, v_num=]         
Epoch 522:   0%|          | 0/47 [00:00<?, ?it/s, loss=0.233, v_num=]
Epoch 522:  43%|████▎     | 20/47 [00:01<00:01, 17.78it/s, loss=0.233, v_num=]
Epoch 522:  43%|████▎     | 20/47 [00:01<00:01, 17.77it/s, loss=0.234, v_num=]
Epoch 522:  85%|████████▌ | 40/47 [00:01<00:00, 20.99it/s, loss=0.234, v_num=]
Epoch 522:  85%|████████▌ | 40/47 [00:01<00:00, 20.99it/s, loss=0.237, v_num=]
Epoch 522: 100%|██████████| 47/47 [00:02<00:00, 20.49it/s, loss=0.237, v_num=]
Epoch 522:   0%|          | 0/47 [00:00<?, ?it/s, loss=0.237, v_num=]         
Epoch 523:   0%|          | 0/47 [00:00<?, ?it/s, loss=0.237, v_num=]
Epoch 523:  43%|████▎     | 20/47 [00:01<00:01, 18.80it/s, loss=0.237, v_num=]
Epoch 523:  43%|████▎     | 20/47 [00:01<00:01, 18.79it/s, loss=0.233, v_num=]
Epoch 523:  85%|████████▌ | 40/47 [00:01<00:00, 21.53it/s, loss=0.233, v_num=]
Epoch 523:  85%|████████▌ | 40/47 [00:01<00:00, 21.53it/s, loss=0.238, v_num=]
Epoch 523: 100%|██████████| 47/47 [00:02<00:00, 20.78it/s, loss=0.236, v_num=]
Epoch 523:   0%|          | 0/47 [00:00<?, ?it/s, loss=0.236, v_num=]         
Epoch 524:   0%|          | 0/47 [00:00<?, ?it/s, loss=0.236, v_num=]
Epoch 524:  43%|████▎     | 20/47 [00:01<00:01, 18.40it/s, loss=0.236, v_num=]
Epoch 524:  43%|████▎     | 20/47 [00:01<00:01, 18.38it/s, loss=0.235, v_num=]
Epoch 524:  85%|████████▌ | 40/47 [00:01<00:00, 21.53it/s, loss=0.235, v_num=]
Epoch 524:  85%|████████▌ | 40/47 [00:01<00:00, 21.53it/s, loss=0.237, v_num=]
Epoch 524: 100%|██████████| 47/47 [00:02<00:00, 20.92it/s, loss=0.235, v_num=]
Epoch 524:   0%|          | 0/47 [00:00<?, ?it/s, loss=0.235, v_num=]         
Epoch 525:   0%|          | 0/47 [00:00<?, ?it/s, loss=0.235, v_num=]
Epoch 525:  43%|████▎     | 20/47 [00:01<00:01, 19.09it/s, loss=0.235, v_num=]
Epoch 525:  43%|████▎     | 20/47 [00:01<00:01, 19.08it/s, loss=0.236, v_num=]
Epoch 525:  85%|████████▌ | 40/47 [00:01<00:00, 21.94it/s, loss=0.236, v_num=]
Epoch 525:  85%|████████▌ | 40/47 [00:01<00:00, 21.94it/s, loss=0.232, v_num=]
Epoch 525: 100%|██████████| 47/47 [00:02<00:00, 21.32it/s, loss=0.237, v_num=]Evaluating...
NMI : 0.7117038201968088, ARI: 0.47063833120278287, ACC: 0.47117, current K: 10

Epoch 525:   0%|          | 0/47 [00:00<?, ?it/s, loss=0.237, v_num=]         
Epoch 526:   0%|          | 0/47 [00:00<?, ?it/s, loss=0.237, v_num=]/usr/local/lib/python3.13/dist-packages/torch/utils/data/dataloader.py:432: UserWarning: This DataLoader will create 6 worker processes in total. Our suggested max number of worker in current system is 2, which is smaller than what this DataLoader is going to create. Please be aware that excessive worker creation might get DataLoader running slow or even freeze, lower the worker number to avoid potential slowness/freeze if necessary.
  self.check_worker_number_rationality()

Epoch 526:  43%|████▎     | 20/47 [00:01<00:01, 18.70it/s, loss=0.237, v_num=]
Epoch 526:  43%|████▎     | 20/47 [00:01<00:01, 18.69it/s, loss=0.234, v_num=]
Epoch 526:  85%|████████▌ | 40/47 [00:02<00:00, 18.16it/s, loss=0.234, v_num=]
Epoch 526:  85%|████████▌ | 40/47 [00:02<00:00, 18.16it/s, loss=0.235, v_num=]
Epoch 526: 100%|██████████| 47/47 [00:02<00:00, 17.33it/s, loss=0.24, v_num=] 
Epoch 526:   0%|          | 0/47 [00:00<?, ?it/s, loss=0.24, v_num=]         
Epoch 527:   0%|          | 0/47 [00:00<?, ?it/s, loss=0.24, v_num=]
Epoch 527:  43%|████▎     | 20/47 [00:01<00:01, 13.98it/s, loss=0.24, v_num=]
Epoch 527:  43%|████▎     | 20/47 [00:01<00:01, 13.97it/s, loss=0.238, v_num=]
Epoch 527:  85%|████████▌ | 40/47 [00:02<00:00, 18.10it/s, loss=0.238, v_num=]
Epoch 527:  85%|████████▌ | 40/47 [00:02<00:00, 18.10it/s, loss=0.237, v_num=]
Epoch 527: 100%|██████████| 47/47 [00:02<00:00, 18.13it/s, loss=0.235, v_num=]
Epoch 527:   0%|          | 0/47 [00:00<?, ?it/s, loss=0.235, v_num=]         
Epoch 528:   0%|          | 0/47 [00:00<?, ?it/s, loss=0.235, v_num=]
Epoch 528:  43%|████▎     | 20/47 [00:01<00:01, 19.19it/s, loss=0.235, v_num=]
Epoch 528:  43%|████▎     | 20/47 [00:01<00:01, 19.17it/s, loss=0.241, v_num=]
Epoch 528:  85%|████████▌ | 40/47 [00:01<00:00, 22.29it/s, loss=0.241, v_num=]
Epoch 528:  85%|████████▌ | 40/47 [00:01<00:00, 22.29it/s, loss=0.228, v_num=]
Epoch 528: 100%|██████████| 47/47 [00:02<00:00, 21.36it/s, loss=0.233, v_num=]
Epoch 528:   0%|          | 0/47 [00:00<?, ?it/s, loss=0.233, v_num=]         
Epoch 529:   0%|          | 0/47 [00:00<?, ?it/s, loss=0.233, v_num=]
Epoch 529:  43%|████▎     | 20/47 [00:01<00:01, 19.07it/s, loss=0.233, v_num=]
Epoch 529:  43%|████▎     | 20/47 [00:01<00:01, 19.06it/s, loss=0.234, v_num=]
Epoch 529:  85%|████████▌ | 40/47 [00:01<00:00, 22.30it/s, loss=0.234, v_num=]
Epoch 529:  85%|████████▌ | 40/47 [00:01<00:00, 22.29it/s, loss=0.235, v_num=]
Epoch 529: 100%|██████████| 47/47 [00:02<00:00, 21.56it/s, loss=0.242, v_num=]
Epoch 529:   0%|          | 0/47 [00:00<?, ?it/s, loss=0.242, v_num=]         
Epoch 530:   0%|          | 0/47 [00:00<?, ?it/s, loss=0.242, v_num=]
Epoch 530:  43%|████▎     | 20/47 [00:01<00:01, 19.65it/s, loss=0.242, v_num=]
Epoch 530:  43%|████▎     | 20/47 [00:01<00:01, 19.64it/s, loss=0.237, v_num=]
Epoch 530:  85%|████████▌ | 40/47 [00:01<00:00, 22.36it/s, loss=0.237, v_num=]
Epoch 530:  85%|████████▌ | 40/47 [00:01<00:00, 22.36it/s, loss=0.239, v_num=]
Epoch 530: 100%|██████████| 47/47 [00:02<00:00, 21.50it/s, loss=0.237, v_num=]Evaluating...
NMI : 0.7107106779839039, ARI: 0.4696247120526238, ACC: 0.4705, current K: 10
Epoch 530 | NMI: 0.7107, ARI: 0.4696, ACC: 0.4705, current K: 10
Confusion Matrix:
[[  0   0   4   0   0   0   1 290   0   5   0   0   0   0   0   0   0   0
    0   0]
 [  0   4   0   5   0 290   0   0   0   1   0   0   0   0   0   0   0   0
    0   0]
 [  1   0   0   1   0   1 292   0   1   4   0   0   0   0   0   0   0   0
    0   0]
 [  0   1   0   0   5 294   0   0   0   0   0   0   0   0   0   0   0   0
    0   0]
 [  0 271  20   0   1   7   0   0   0   1   0   0   0   0   0   0   0   0
    0   0]
 [  0   0   0   1   1   0   0   3   1 294   0   0   0   0   0   0   0   0
    0   0]
 [  4 292   1   0   0   3   0   0   0   0   0   0   0   0   0   0   0   0
    0   0]
 [  1   2   0   4   7   0  13   0 267   6   0   0   0   0   0   0   0   0
    0   0]
 [  2   0   0   0   0   0   8 170   0 120   0   0   0   0   0   0   0   0
    0   0]
 [  0  57   0   0   0 241   2   0   0   0   0   0   0   0   0   0   0   0
    0   0]
 [  1   0   1   0   8   4 260   6   0  20   0   0   0   0   0   0   0   0
    0   0]
 [  0  88   0   3   0 208   1   0   0   0   0   0   0   0   0   0   0   0
    0   0]
 [270  12   0   0   0   8   4   3   0   3   0   0   0   0   0   0   0   0
    0   0]
 [  0   0   0   0 280   8   8   3   0   1   0   0   0   0   0   0   0   0
    0   0]
 [  0  24 263   0   0   4   4   5   0   0   0   0   0   0   0   0   0   0
    0   0]
 [  0   2   0 262   0   6   0   2   0  28   0   0   0   0   0   0   0   0
    0   0]
 [  0  25 271   0   0   1   0   0   0   3   0   0   0   0   0   0   0   0
    0   0]
 [  0   5   0 269   0   2   2   0   2  20   0   0   0   0   0   0   0   0
    0   0]
 [274  21   0   0   0   1   0   0   4   0   0   0   0   0   0   0   0   0
    0   0]
 [  0   4   2   0 278   0   2   5   0   9   0   0   0   0   0   0   0   0
    0   0]]

Epoch 530:   0%|          | 0/47 [00:00<?, ?it/s, loss=0.237, v_num=]         
Epoch 531:   0%|          | 0/47 [00:00<?, ?it/s, loss=0.237, v_num=]/usr/local/lib/python3.13/dist-packages/torch/utils/data/dataloader.py:432: UserWarning: This DataLoader will create 6 worker processes in total. Our suggested max number of worker in current system is 2, which is smaller than what this DataLoader is going to create. Please be aware that excessive worker creation might get DataLoader running slow or even freeze, lower the worker number to avoid potential slowness/freeze if necessary.
  self.check_worker_number_rationality()

Epoch 531:  43%|████▎     | 20/47 [00:01<00:01, 19.37it/s, loss=0.237, v_num=]
Epoch 531:  43%|████▎     | 20/47 [00:01<00:01, 19.36it/s, loss=0.242, v_num=]
Epoch 531:  85%|████████▌ | 40/47 [00:01<00:00, 22.31it/s, loss=0.242, v_num=]
Epoch 531:  85%|████████▌ | 40/47 [00:01<00:00, 22.30it/s, loss=0.236, v_num=]
Epoch 531: 100%|██████████| 47/47 [00:02<00:00, 20.38it/s, loss=0.235, v_num=]
Epoch 531:   0%|          | 0/47 [00:00<?, ?it/s, loss=0.235, v_num=]         
Epoch 532:   0%|          | 0/47 [00:00<?, ?it/s, loss=0.235, v_num=]
Epoch 532:  43%|████▎     | 20/47 [00:01<00:01, 14.38it/s, loss=0.235, v_num=]
Epoch 532:  43%|████▎     | 20/47 [00:01<00:01, 14.37it/s, loss=0.23, v_num=] 
Epoch 532:  85%|████████▌ | 40/47 [00:02<00:00, 17.09it/s, loss=0.23, v_num=]
Epoch 532:  85%|████████▌ | 40/47 [00:02<00:00, 17.08it/s, loss=0.243, v_num=]
Epoch 532: 100%|██████████| 47/47 [00:02<00:00, 17.24it/s, loss=0.24, v_num=] 
Epoch 532:   0%|          | 0/47 [00:00<?, ?it/s, loss=0.24, v_num=]         
Epoch 533:   0%|          | 0/47 [00:00<?, ?it/s, loss=0.24, v_num=]
Epoch 533:  43%|████▎     | 20/47 [00:01<00:01, 19.27it/s, loss=0.24, v_num=]
Epoch 533:  43%|████▎     | 20/47 [00:01<00:01, 19.26it/s, loss=0.239, v_num=]
Epoch 533:  85%|████████▌ | 40/47 [00:01<00:00, 22.31it/s, loss=0.239, v_num=]
Epoch 533:  85%|████████▌ | 40/47 [00:01<00:00, 22.30it/s, loss=0.236, v_num=]
Epoch 533: 100%|██████████| 47/47 [00:02<00:00, 21.42it/s, loss=0.239, v_num=]
Epoch 533:   0%|          | 0/47 [00:00<?, ?it/s, loss=0.239, v_num=]         
Epoch 534:   0%|          | 0/47 [00:00<?, ?it/s, loss=0.239, v_num=]
Epoch 534:  43%|████▎     | 20/47 [00:01<00:01, 19.22it/s, loss=0.239, v_num=]
Epoch 534:  43%|████▎     | 20/47 [00:01<00:01, 19.21it/s, loss=0.23, v_num=] 
Epoch 534:  85%|████████▌ | 40/47 [00:01<00:00, 22.42it/s, loss=0.23, v_num=]
Epoch 534:  85%|████████▌ | 40/47 [00:01<00:00, 22.42it/s, loss=0.236, v_num=]
Epoch 534: 100%|██████████| 47/47 [00:02<00:00, 21.64it/s, loss=0.237, v_num=]
Epoch 534:   0%|          | 0/47 [00:00<?, ?it/s, loss=0.237, v_num=]         
Epoch 535:   0%|          | 0/47 [00:00<?, ?it/s, loss=0.237, v_num=]
Epoch 535:  43%|████▎     | 20/47 [00:01<00:01, 19.07it/s, loss=0.237, v_num=]
Epoch 535:  43%|████▎     | 20/47 [00:01<00:01, 19.06it/s, loss=0.239, v_num=]
Epoch 535:  85%|████████▌ | 40/47 [00:01<00:00, 22.12it/s, loss=0.239, v_num=]
Epoch 535:  85%|████████▌ | 40/47 [00:01<00:00, 22.11it/s, loss=0.233, v_num=]
Epoch 535: 100%|██████████| 47/47 [00:02<00:00, 21.27it/s, loss=0.234, v_num=]Evaluating...
NMI : 0.7126303594477882, ARI: 0.4706773869024025, ACC: 0.471, current K: 10

Epoch 535:   0%|          | 0/47 [00:00<?, ?it/s, loss=0.234, v_num=]         
Epoch 536:   0%|          | 0/47 [00:00<?, ?it/s, loss=0.234, v_num=]/usr/local/lib/python3.13/dist-packages/torch/utils/data/dataloader.py:432: UserWarning: This DataLoader will create 6 worker processes in total. Our suggested max number of worker in current system is 2, which is smaller than what this DataLoader is going to create. Please be aware that excessive worker creation might get DataLoader running slow or even freeze, lower the worker number to avoid potential slowness/freeze if necessary.
  self.check_worker_number_rationality()

Epoch 536:  43%|████▎     | 20/47 [00:01<00:01, 19.51it/s, loss=0.234, v_num=]
Epoch 536:  43%|████▎     | 20/47 [00:01<00:01, 19.50it/s, loss=0.24, v_num=] 
Epoch 536:  85%|████████▌ | 40/47 [00:01<00:00, 22.52it/s, loss=0.24, v_num=]
Epoch 536:  85%|████████▌ | 40/47 [00:01<00:00, 22.51it/s, loss=0.237, v_num=]
Epoch 536: 100%|██████████| 47/47 [00:02<00:00, 21.77it/s, loss=0.234, v_num=]
Epoch 536:   0%|          | 0/47 [00:00<?, ?it/s, loss=0.234, v_num=]         
Epoch 537:   0%|          | 0/47 [00:00<?, ?it/s, loss=0.234, v_num=]
Epoch 537:  43%|████▎     | 20/47 [00:01<00:01, 15.42it/s, loss=0.234, v_num=]
Epoch 537:  43%|████▎     | 20/47 [00:01<00:01, 15.42it/s, loss=0.232, v_num=]
Epoch 537:  85%|████████▌ | 40/47 [00:02<00:00, 17.67it/s, loss=0.232, v_num=]
Epoch 537:  85%|████████▌ | 40/47 [00:02<00:00, 17.67it/s, loss=0.235, v_num=]
Epoch 537: 100%|██████████| 47/47 [00:02<00:00, 16.81it/s, loss=0.238, v_num=]
Epoch 537:   0%|          | 0/47 [00:00<?, ?it/s, loss=0.238, v_num=]         
Epoch 538:   0%|          | 0/47 [00:00<?, ?it/s, loss=0.238, v_num=]
Epoch 538:  43%|████▎     | 20/47 [00:01<00:01, 18.94it/s, loss=0.238, v_num=]
Epoch 538:  43%|████▎     | 20/47 [00:01<00:01, 18.93it/s, loss=0.235, v_num=]
Epoch 538:  85%|████████▌ | 40/47 [00:01<00:00, 21.78it/s, loss=0.235, v_num=]
Epoch 538:  85%|████████▌ | 40/47 [00:01<00:00, 21.78it/s, loss=0.231, v_num=]
Epoch 538: 100%|██████████| 47/47 [00:02<00:00, 21.15it/s, loss=0.235, v_num=]
Epoch 538:   0%|          | 0/47 [00:00<?, ?it/s, loss=0.235, v_num=]         
Epoch 539:   0%|          | 0/47 [00:00<?, ?it/s, loss=0.235, v_num=]
Epoch 539:  43%|████▎     | 20/47 [00:01<00:01, 17.41it/s, loss=0.235, v_num=]
Epoch 539:  43%|████▎     | 20/47 [00:01<00:01, 17.40it/s, loss=0.236, v_num=]
Epoch 539:  85%|████████▌ | 40/47 [00:01<00:00, 20.94it/s, loss=0.236, v_num=]
Epoch 539:  85%|████████▌ | 40/47 [00:01<00:00, 20.94it/s, loss=0.238, v_num=]
Epoch 539: 100%|██████████| 47/47 [00:02<00:00, 20.58it/s, loss=0.234, v_num=]
Epoch 539:   0%|          | 0/47 [00:00<?, ?it/s, loss=0.234, v_num=]         
Epoch 540:   0%|          | 0/47 [00:00<?, ?it/s, loss=0.234, v_num=]
Epoch 540:  43%|████▎     | 20/47 [00:01<00:01, 19.07it/s, loss=0.234, v_num=]
Epoch 540:  43%|████▎     | 20/47 [00:01<00:01, 19.06it/s, loss=0.232, v_num=]
Epoch 540:  85%|████████▌ | 40/47 [00:01<00:00, 21.90it/s, loss=0.232, v_num=]
Epoch 540:  85%|████████▌ | 40/47 [00:01<00:00, 21.89it/s, loss=0.244, v_num=]
Epoch 540: 100%|██████████| 47/47 [00:02<00:00, 21.24it/s, loss=0.235, v_num=]Evaluating...
NMI : 0.7126441936978343, ARI: 0.47108102086575204, ACC: 0.47117, current K: 10
Epoch 540 | NMI: 0.7126, ARI: 0.4711, ACC: 0.4712, current K: 10
Confusion Matrix:
[[  0   0   4   0   0   0   1 290   0   5   0   0   0   0   0   0   0   0
    0   0]
 [  0   4   0   5   0 290   0   0   0   1   0   0   0   0   0   0   0   0
    0   0]
 [  1   0   0   1   0   1 292   0   1   4   0   0   0   0   0   0   0   0
    0   0]
 [  0   1   0   0   5 294   0   0   0   0   0   0   0   0   0   0   0   0
    0   0]
 [  0 272  19   0   1   7   0   0   0   1   0   0   0   0   0   0   0   0
    0   0]
 [  0   0   0   1   1   0   0   3   1 294   0   0   0   0   0   0   0   0
    0   0]
 [  3 293   1   0   0   3   0   0   0   0   0   0   0   0   0   0   0   0
    0   0]
 [  1   2   0   4   7   0  13   0 267   6   0   0   0   0   0   0   0   0
    0   0]
 [  2   0   0   0   0   0   8 170   0 120   0   0   0   0   0   0   0   0
    0   0]
 [  0  57   0   0   0 241   2   0   0   0   0   0   0   0   0   0   0   0
    0   0]
 [  1   0   1   0   8   4 262   4   0  20   0   0   0   0   0   0   0   0
    0   0]
 [  0  88   0   3   1 208   0   0   0   0   0   0   0   0   0   0   0   0
    0   0]
 [270  12   0   0   0   8   4   3   0   3   0   0   0   0   0   0   0   0
    0   0]
 [  0   0   0   0 280   8   8   3   0   1   0   0   0   0   0   0   0   0
    0   0]
 [  0  24 263   0   0   4   4   5   0   0   0   0   0   0   0   0   0   0
    0   0]
 [  0   2   0 262   0   6   0   2   0  28   0   0   0   0   0   0   0   0
    0   0]
 [  0  25 271   0   0   1   0   0   0   3   0   0   0   0   0   0   0   0
    0   0]
 [  0   5   0 271   0   1   2   0   2  19   0   0   0   0   0   0   0   0
    0   0]
 [275  21   0   0   0   1   0   0   3   0   0   0   0   0   0   0   0   0
    0   0]
 [  0   4   2   0 279   0   2   4   0   9   0   0   0   0   0   0   0   0
    0   0]]

Epoch 540:   0%|          | 0/47 [00:00<?, ?it/s, loss=0.235, v_num=]         
Epoch 541:   0%|          | 0/47 [00:00<?, ?it/s, loss=0.235, v_num=]/usr/local/lib/python3.13/dist-packages/torch/utils/data/dataloader.py:432: UserWarning: This DataLoader will create 6 worker processes in total. Our suggested max number of worker in current system is 2, which is smaller than what this DataLoader is going to create. Please be aware that excessive worker creation might get DataLoader running slow or even freeze, lower the worker number to avoid potential slowness/freeze if necessary.
  self.check_worker_number_rationality()

Epoch 541:  43%|████▎     | 20/47 [00:01<00:01, 19.21it/s, loss=0.235, v_num=]
Epoch 541:  43%|████▎     | 20/47 [00:01<00:01, 19.20it/s, loss=0.234, v_num=]
Epoch 541:  85%|████████▌ | 40/47 [00:01<00:00, 22.23it/s, loss=0.234, v_num=]
Epoch 541:  85%|████████▌ | 40/47 [00:01<00:00, 22.22it/s, loss=0.236, v_num=]
Epoch 541: 100%|██████████| 47/47 [00:02<00:00, 21.35it/s, loss=0.232, v_num=]
Epoch 541:   0%|          | 0/47 [00:00<?, ?it/s, loss=0.232, v_num=]         
Epoch 542:   0%|          | 0/47 [00:00<?, ?it/s, loss=0.232, v_num=]
Epoch 542:  43%|████▎     | 20/47 [00:01<00:01, 17.09it/s, loss=0.232, v_num=]
Epoch 542:  43%|████▎     | 20/47 [00:01<00:01, 17.08it/s, loss=0.238, v_num=]
Epoch 542:  85%|████████▌ | 40/47 [00:02<00:00, 18.51it/s, loss=0.238, v_num=]
Epoch 542:  85%|████████▌ | 40/47 [00:02<00:00, 18.51it/s, loss=0.237, v_num=]
Epoch 542: 100%|██████████| 47/47 [00:02<00:00, 17.45it/s, loss=0.236, v_num=]
Epoch 542:   0%|          | 0/47 [00:00<?, ?it/s, loss=0.236, v_num=]         
Epoch 543:   0%|          | 0/47 [00:00<?, ?it/s, loss=0.236, v_num=]
Epoch 543:  43%|████▎     | 20/47 [00:01<00:01, 16.05it/s, loss=0.236, v_num=]
Epoch 543:  43%|████▎     | 20/47 [00:01<00:01, 16.04it/s, loss=0.233, v_num=]
Epoch 543:  85%|████████▌ | 40/47 [00:02<00:00, 19.87it/s, loss=0.233, v_num=]
Epoch 543:  85%|████████▌ | 40/47 [00:02<00:00, 19.87it/s, loss=0.231, v_num=]
Epoch 543: 100%|██████████| 47/47 [00:02<00:00, 19.65it/s, loss=0.239, v_num=]
Epoch 543:   0%|          | 0/47 [00:00<?, ?it/s, loss=0.239, v_num=]         
Epoch 544:   0%|          | 0/47 [00:00<?, ?it/s, loss=0.239, v_num=]
Epoch 544:  43%|████▎     | 20/47 [00:01<00:01, 19.24it/s, loss=0.239, v_num=]
Epoch 544:  43%|████▎     | 20/47 [00:01<00:01, 19.22it/s, loss=0.236, v_num=]
Epoch 544:  85%|████████▌ | 40/47 [00:01<00:00, 21.99it/s, loss=0.236, v_num=]
Epoch 544:  85%|████████▌ | 40/47 [00:01<00:00, 21.98it/s, loss=0.233, v_num=]
Epoch 544: 100%|██████████| 47/47 [00:02<00:00, 21.32it/s, loss=0.236, v_num=]
Epoch 544:   0%|          | 0/47 [00:00<?, ?it/s, loss=0.236, v_num=]         
Epoch 545:   0%|          | 0/47 [00:00<?, ?it/s, loss=0.236, v_num=]
Epoch 545:  43%|████▎     | 20/47 [00:01<00:01, 18.90it/s, loss=0.236, v_num=]
Epoch 545:  43%|████▎     | 20/47 [00:01<00:01, 18.88it/s, loss=0.236, v_num=]
Epoch 545:  85%|████████▌ | 40/47 [00:01<00:00, 22.05it/s, loss=0.236, v_num=]
Epoch 545:  85%|████████▌ | 40/47 [00:01<00:00, 22.04it/s, loss=0.239, v_num=]
Epoch 545: 100%|██████████| 47/47 [00:02<00:00, 21.17it/s, loss=0.236, v_num=]Evaluating...
NMI : 0.7137713412142627, ARI: 0.4716573479141125, ACC: 0.471, current K: 10

Epoch 545:   0%|          | 0/47 [00:00<?, ?it/s, loss=0.236, v_num=]         
Epoch 546:   0%|          | 0/47 [00:00<?, ?it/s, loss=0.236, v_num=]/usr/local/lib/python3.13/dist-packages/torch/utils/data/dataloader.py:432: UserWarning: This DataLoader will create 6 worker processes in total. Our suggested max number of worker in current system is 2, which is smaller than what this DataLoader is going to create. Please be aware that excessive worker creation might get DataLoader running slow or even freeze, lower the worker number to avoid potential slowness/freeze if necessary.
  self.check_worker_number_rationality()

Epoch 546:  43%|████▎     | 20/47 [00:01<00:01, 18.94it/s, loss=0.236, v_num=]
Epoch 546:  43%|████▎     | 20/47 [00:01<00:01, 18.93it/s, loss=0.236, v_num=]
Epoch 546:  85%|████████▌ | 40/47 [00:01<00:00, 21.73it/s, loss=0.236, v_num=]
Epoch 546:  85%|████████▌ | 40/47 [00:01<00:00, 21.72it/s, loss=0.235, v_num=]
Epoch 546: 100%|██████████| 47/47 [00:02<00:00, 20.97it/s, loss=0.233, v_num=]
Epoch 546:   0%|          | 0/47 [00:00<?, ?it/s, loss=0.233, v_num=]         
Epoch 547:   0%|          | 0/47 [00:00<?, ?it/s, loss=0.233, v_num=]
Epoch 547:  43%|████▎     | 20/47 [00:01<00:01, 19.21it/s, loss=0.233, v_num=]
Epoch 547:  43%|████▎     | 20/47 [00:01<00:01, 19.20it/s, loss=0.242, v_num=]
Epoch 547:  85%|████████▌ | 40/47 [00:01<00:00, 20.30it/s, loss=0.242, v_num=]
Epoch 547:  85%|████████▌ | 40/47 [00:01<00:00, 20.30it/s, loss=0.231, v_num=]
Epoch 547: 100%|██████████| 47/47 [00:02<00:00, 18.97it/s, loss=0.235, v_num=]
Epoch 547:   0%|          | 0/47 [00:00<?, ?it/s, loss=0.235, v_num=]         
Epoch 548:   0%|          | 0/47 [00:00<?, ?it/s, loss=0.235, v_num=]
Epoch 548:  43%|████▎     | 20/47 [00:01<00:01, 13.86it/s, loss=0.235, v_num=]
Epoch 548:  43%|████▎     | 20/47 [00:01<00:01, 13.85it/s, loss=0.232, v_num=]
Epoch 548:  85%|████████▌ | 40/47 [00:02<00:00, 18.04it/s, loss=0.232, v_num=]
Epoch 548:  85%|████████▌ | 40/47 [00:02<00:00, 18.03it/s, loss=0.234, v_num=]
Epoch 548: 100%|██████████| 47/47 [00:02<00:00, 18.09it/s, loss=0.24, v_num=] 
Epoch 548:   0%|          | 0/47 [00:00<?, ?it/s, loss=0.24, v_num=]         
Epoch 549:   0%|          | 0/47 [00:00<?, ?it/s, loss=0.24, v_num=]
Epoch 549:  43%|████▎     | 20/47 [00:01<00:01, 19.14it/s, loss=0.24, v_num=]
Epoch 549:  43%|████▎     | 20/47 [00:01<00:01, 19.13it/s, loss=0.236, v_num=]
Epoch 549:  85%|████████▌ | 40/47 [00:01<00:00, 22.21it/s, loss=0.236, v_num=]
Epoch 549:  85%|████████▌ | 40/47 [00:01<00:00, 22.20it/s, loss=0.232, v_num=]
Epoch 549: 100%|██████████| 47/47 [00:02<00:00, 21.43it/s, loss=0.232, v_num=]
Epoch 549:   0%|          | 0/47 [00:00<?, ?it/s, loss=0.232, v_num=]         
Epoch 550:   0%|          | 0/47 [00:00<?, ?it/s, loss=0.232, v_num=]
Epoch 550:  43%|████▎     | 20/47 [00:01<00:01, 19.21it/s, loss=0.232, v_num=]
Epoch 550:  43%|████▎     | 20/47 [00:01<00:01, 19.20it/s, loss=0.237, v_num=]
Epoch 550:  85%|████████▌ | 40/47 [00:01<00:00, 22.04it/s, loss=0.237, v_num=]
Epoch 550:  85%|████████▌ | 40/47 [00:01<00:00, 22.04it/s, loss=0.234, v_num=]
Epoch 550: 100%|██████████| 47/47 [00:02<00:00, 21.35it/s, loss=0.234, v_num=]Evaluating...
NMI : 0.7134422839539298, ARI: 0.4716617513324394, ACC: 0.471, current K: 10
Epoch 550 | NMI: 0.7134, ARI: 0.4717, ACC: 0.4710, current K: 10
Confusion Matrix:
[[  0   0   4   0   0   0   1 290   0   5   0   0   0   0   0   0   0   0
    0   0]
 [  0   4   0   5   0 290   0   0   0   1   0   0   0   0   0   0   0   0
    0   0]
 [  2   0   0   1   0   1 292   0   0   4   0   0   0   0   0   0   0   0
    0   0]
 [  0   1   0   0   5 294   0   0   0   0   0   0   0   0   0   0   0   0
    0   0]
 [  0 272  19   0   1   7   0   0   0   1   0   0   0   0   0   0   0   0
    0   0]
 [  0   0   0   1   1   0   0   3   0 295   0   0   0   0   0   0   0   0
    0   0]
 [  3 293   1   0   0   3   0   0   0   0   0   0   0   0   0   0   0   0
    0   0]
 [  1   2   0   4   7   0  13   0 267   6   0   0   0   0   0   0   0   0
    0   0]
 [  2   0   0   0   0   0   8 169   0 121   0   0   0   0   0   0   0   0
    0   0]
 [  0  57   0   0   0 241   2   0   0   0   0   0   0   0   0   0   0   0
    0   0]
 [  1   0   2   0   8   4 262   3   0  20   0   0   0   0   0   0   0   0
    0   0]
 [  0  89   0   3   1 207   0   0   0   0   0   0   0   0   0   0   0   0
    0   0]
 [270  12   0   0   0   8   4   3   0   3   0   0   0   0   0   0   0   0
    0   0]
 [  0   0   0   0 280   8   8   3   0   1   0   0   0   0   0   0   0   0
    0   0]
 [  0  21 266   0   0   4   4   5   0   0   0   0   0   0   0   0   0   0
    0   0]
 [  0   2   0 262   0   6   0   2   0  28   0   0   0   0   0   0   0   0
    0   0]
 [  0  24 272   0   0   1   0   0   0   3   0   0   0   0   0   0   0   0
    0   0]
 [  0   5   0 268   0   1   2   0   2  22   0   0   0   0   0   0   0   0
    0   0]
 [275  21   0   0   0   1   0   0   3   0   0   0   0   0   0   0   0   0
    0   0]
 [  0   4   2   0 280   0   2   3   0   9   0   0   0   0   0   0   0   0
    0   0]]

Epoch 550:   0%|          | 0/47 [00:00<?, ?it/s, loss=0.234, v_num=]         
Epoch 551:   0%|          | 0/47 [00:00<?, ?it/s, loss=0.234, v_num=]/usr/local/lib/python3.13/dist-packages/torch/utils/data/dataloader.py:432: UserWarning: This DataLoader will create 6 worker processes in total. Our suggested max number of worker in current system is 2, which is smaller than what this DataLoader is going to create. Please be aware that excessive worker creation might get DataLoader running slow or even freeze, lower the worker number to avoid potential slowness/freeze if necessary.
  self.check_worker_number_rationality()

Epoch 551:  43%|████▎     | 20/47 [00:01<00:01, 18.73it/s, loss=0.234, v_num=]
Epoch 551:  43%|████▎     | 20/47 [00:01<00:01, 18.71it/s, loss=0.238, v_num=]
Epoch 551:  85%|████████▌ | 40/47 [00:01<00:00, 21.83it/s, loss=0.238, v_num=]
Epoch 551:  85%|████████▌ | 40/47 [00:01<00:00, 21.83it/s, loss=0.236, v_num=]
Epoch 551: 100%|██████████| 47/47 [00:02<00:00, 21.09it/s, loss=0.228, v_num=]
Epoch 551:   0%|          | 0/47 [00:00<?, ?it/s, loss=0.228, v_num=]         
Epoch 552:   0%|          | 0/47 [00:00<?, ?it/s, loss=0.228, v_num=]
Epoch 552:  43%|████▎     | 20/47 [00:01<00:01, 17.02it/s, loss=0.228, v_num=]
Epoch 552:  43%|████▎     | 20/47 [00:01<00:01, 17.01it/s, loss=0.233, v_num=]
Epoch 552:  85%|████████▌ | 40/47 [00:01<00:00, 20.52it/s, loss=0.233, v_num=]
Epoch 552:  85%|████████▌ | 40/47 [00:01<00:00, 20.51it/s, loss=0.24, v_num=] 
Epoch 552: 100%|██████████| 47/47 [00:02<00:00, 18.57it/s, loss=0.236, v_num=]
Epoch 552:   0%|          | 0/47 [00:00<?, ?it/s, loss=0.236, v_num=]         
Epoch 553:   0%|          | 0/47 [00:00<?, ?it/s, loss=0.236, v_num=]
Epoch 553:  43%|████▎     | 20/47 [00:01<00:01, 13.55it/s, loss=0.236, v_num=]
Epoch 553:  43%|████▎     | 20/47 [00:01<00:01, 13.54it/s, loss=0.237, v_num=]
Epoch 553:  85%|████████▌ | 40/47 [00:02<00:00, 16.33it/s, loss=0.237, v_num=]
Epoch 553:  85%|████████▌ | 40/47 [00:02<00:00, 16.33it/s, loss=0.233, v_num=]
Epoch 553: 100%|██████████| 47/47 [00:02<00:00, 16.32it/s, loss=0.234, v_num=]
Epoch 553:   0%|          | 0/47 [00:00<?, ?it/s, loss=0.234, v_num=]         
Epoch 554:   0%|          | 0/47 [00:00<?, ?it/s, loss=0.234, v_num=]
Epoch 554:  43%|████▎     | 20/47 [00:01<00:01, 18.24it/s, loss=0.234, v_num=]
Epoch 554:  43%|████▎     | 20/47 [00:01<00:01, 18.23it/s, loss=0.237, v_num=]
Epoch 554:  85%|████████▌ | 40/47 [00:01<00:00, 20.94it/s, loss=0.237, v_num=]
Epoch 554:  85%|████████▌ | 40/47 [00:01<00:00, 20.93it/s, loss=0.234, v_num=]
Epoch 554: 100%|██████████| 47/47 [00:02<00:00, 20.30it/s, loss=0.233, v_num=]
Epoch 554:   0%|          | 0/47 [00:00<?, ?it/s, loss=0.233, v_num=]         
Epoch 555:   0%|          | 0/47 [00:00<?, ?it/s, loss=0.233, v_num=]
Epoch 555:  43%|████▎     | 20/47 [00:01<00:01, 18.67it/s, loss=0.233, v_num=]
Epoch 555:  43%|████▎     | 20/47 [00:01<00:01, 18.66it/s, loss=0.236, v_num=]
Epoch 555:  85%|████████▌ | 40/47 [00:01<00:00, 21.41it/s, loss=0.236, v_num=]
Epoch 555:  85%|████████▌ | 40/47 [00:01<00:00, 21.40it/s, loss=0.234, v_num=]
Epoch 555: 100%|██████████| 47/47 [00:02<00:00, 20.60it/s, loss=0.232, v_num=]Evaluating...
NMI : 0.713945677624328, ARI: 0.47176285086928693, ACC: 0.47133, current K: 10

Epoch 555:   0%|          | 0/47 [00:00<?, ?it/s, loss=0.232, v_num=]         
Epoch 556:   0%|          | 0/47 [00:00<?, ?it/s, loss=0.232, v_num=]/usr/local/lib/python3.13/dist-packages/torch/utils/data/dataloader.py:432: UserWarning: This DataLoader will create 6 worker processes in total. Our suggested max number of worker in current system is 2, which is smaller than what this DataLoader is going to create. Please be aware that excessive worker creation might get DataLoader running slow or even freeze, lower the worker number to avoid potential slowness/freeze if necessary.
  self.check_worker_number_rationality()

Epoch 556:  43%|████▎     | 20/47 [00:01<00:01, 18.52it/s, loss=0.232, v_num=]
Epoch 556:  43%|████▎     | 20/47 [00:01<00:01, 18.51it/s, loss=0.229, v_num=]
Epoch 556:  85%|████████▌ | 40/47 [00:01<00:00, 21.11it/s, loss=0.229, v_num=]
Epoch 556:  85%|████████▌ | 40/47 [00:01<00:00, 21.11it/s, loss=0.232, v_num=]
Epoch 556: 100%|██████████| 47/47 [00:02<00:00, 20.45it/s, loss=0.238, v_num=]
Epoch 556:   0%|          | 0/47 [00:00<?, ?it/s, loss=0.238, v_num=]         
Epoch 557:   0%|          | 0/47 [00:00<?, ?it/s, loss=0.238, v_num=]
Epoch 557:  43%|████▎     | 20/47 [00:01<00:01, 18.52it/s, loss=0.238, v_num=]
Epoch 557:  43%|████▎     | 20/47 [00:01<00:01, 18.50it/s, loss=0.235, v_num=]
Epoch 557:  85%|████████▌ | 40/47 [00:01<00:00, 21.24it/s, loss=0.235, v_num=]
Epoch 557:  85%|████████▌ | 40/47 [00:01<00:00, 21.23it/s, loss=0.234, v_num=]
Epoch 557: 100%|██████████| 47/47 [00:02<00:00, 19.24it/s, loss=0.235, v_num=]
Epoch 557:   0%|          | 0/47 [00:00<?, ?it/s, loss=0.235, v_num=]         
Epoch 558:   0%|          | 0/47 [00:00<?, ?it/s, loss=0.235, v_num=]
Epoch 558:  43%|████▎     | 20/47 [00:01<00:01, 14.02it/s, loss=0.235, v_num=]
Epoch 558:  43%|████▎     | 20/47 [00:01<00:01, 14.01it/s, loss=0.232, v_num=]
Epoch 558:  85%|████████▌ | 40/47 [00:02<00:00, 16.60it/s, loss=0.232, v_num=]
Epoch 558:  85%|████████▌ | 40/47 [00:02<00:00, 16.60it/s, loss=0.239, v_num=]
Epoch 558: 100%|██████████| 47/47 [00:02<00:00, 16.67it/s, loss=0.235, v_num=]
Epoch 558:   0%|          | 0/47 [00:00<?, ?it/s, loss=0.235, v_num=]         
Epoch 559:   0%|          | 0/47 [00:00<?, ?it/s, loss=0.235, v_num=]
Epoch 559:  43%|████▎     | 20/47 [00:01<00:01, 18.83it/s, loss=0.235, v_num=]
Epoch 559:  43%|████▎     | 20/47 [00:01<00:01, 18.82it/s, loss=0.236, v_num=]
Epoch 559:  85%|████████▌ | 40/47 [00:01<00:00, 21.48it/s, loss=0.236, v_num=]
Epoch 559:  85%|████████▌ | 40/47 [00:01<00:00, 21.47it/s, loss=0.235, v_num=]
Epoch 559: 100%|██████████| 47/47 [00:02<00:00, 20.66it/s, loss=0.236, v_num=]
Epoch 559:   0%|          | 0/47 [00:00<?, ?it/s, loss=0.236, v_num=]         
Epoch 560:   0%|          | 0/47 [00:00<?, ?it/s, loss=0.236, v_num=]
Epoch 560:  43%|████▎     | 20/47 [00:01<00:01, 19.34it/s, loss=0.236, v_num=]
Epoch 560:  43%|████▎     | 20/47 [00:01<00:01, 19.33it/s, loss=0.234, v_num=]
Epoch 560:  85%|████████▌ | 40/47 [00:01<00:00, 22.26it/s, loss=0.234, v_num=]
Epoch 560:  85%|████████▌ | 40/47 [00:01<00:00, 22.26it/s, loss=0.235, v_num=]
Epoch 560: 100%|██████████| 47/47 [00:02<00:00, 21.57it/s, loss=0.235, v_num=]Evaluating...
NMI : 0.7127632438232009, ARI: 0.4709661416363501, ACC: 0.47117, current K: 10
Epoch 560 | NMI: 0.7128, ARI: 0.4710, ACC: 0.4712, current K: 10
Confusion Matrix:
[[  0   0   4   0   0   0   1 290   0   5   0   0   0   0   0   0   0   0
    0   0]
 [  0   4   0   5   0 290   0   0   0   1   0   0   0   0   0   0   0   0
    0   0]
 [  2   0   0   1   0   1 292   0   0   4   0   0   0   0   0   0   0   0
    0   0]
 [  0   1   0   0   5 294   0   0   0   0   0   0   0   0   0   0   0   0
    0   0]
 [  0 272  19   0   1   7   0   0   0   1   0   0   0   0   0   0   0   0
    0   0]
 [  0   0   0   1   1   0   0   3   0 295   0   0   0   0   0   0   0   0
    0   0]
 [  3 293   1   0   0   3   0   0   0   0   0   0   0   0   0   0   0   0
    0   0]
 [  1   2   0   4   7   0  13   0 267   6   0   0   0   0   0   0   0   0
    0   0]
 [  2   0   0   0   0   0   8 169   0 121   0   0   0   0   0   0   0   0
    0   0]
 [  0  57   0   0   0 241   2   0   0   0   0   0   0   0   0   0   0   0
    0   0]
 [  1   0   1   0   8   4 261   5   0  20   0   0   0   0   0   0   0   0
    0   0]
 [  0  89   0   3   1 207   0   0   0   0   0   0   0   0   0   0   0   0
    0   0]
 [270  12   0   0   0   8   4   3   0   3   0   0   0   0   0   0   0   0
    0   0]
 [  0   0   0   0 280   8   8   3   0   1   0   0   0   0   0   0   0   0
    0   0]
 [  0  24 263   0   0   4   4   5   0   0   0   0   0   0   0   0   0   0
    0   0]
 [  0   2   0 262   0   6   0   2   0  28   0   0   0   0   0   0   0   0
    0   0]
 [  0  25 271   0   0   1   0   0   0   3   0   0   0   0   0   0   0   0
    0   0]
 [  0   5   0 269   0   1   2   0   2  21   0   0   0   0   0   0   0   0
    0   0]
 [276  20   0   0   0   1   0   0   2   1   0   0   0   0   0   0   0   0
    0   0]
 [  0   4   2   0 280   0   2   3   0   9   0   0   0   0   0   0   0   0
    0   0]]

Epoch 560:   0%|          | 0/47 [00:00<?, ?it/s, loss=0.235, v_num=]         
Epoch 561:   0%|          | 0/47 [00:00<?, ?it/s, loss=0.235, v_num=]/usr/local/lib/python3.13/dist-packages/torch/utils/data/dataloader.py:432: UserWarning: This DataLoader will create 6 worker processes in total. Our suggested max number of worker in current system is 2, which is smaller than what this DataLoader is going to create. Please be aware that excessive worker creation might get DataLoader running slow or even freeze, lower the worker number to avoid potential slowness/freeze if necessary.
  self.check_worker_number_rationality()

Epoch 561:  43%|████▎     | 20/47 [00:01<00:01, 18.92it/s, loss=0.235, v_num=]
Epoch 561:  43%|████▎     | 20/47 [00:01<00:01, 18.90it/s, loss=0.234, v_num=]
Epoch 561:  85%|████████▌ | 40/47 [00:01<00:00, 21.91it/s, loss=0.234, v_num=]
Epoch 561:  85%|████████▌ | 40/47 [00:01<00:00, 21.90it/s, loss=0.241, v_num=]
Epoch 561: 100%|██████████| 47/47 [00:02<00:00, 21.33it/s, loss=0.241, v_num=]
Epoch 561:   0%|          | 0/47 [00:00<?, ?it/s, loss=0.241, v_num=]         
Epoch 562:   0%|          | 0/47 [00:00<?, ?it/s, loss=0.241, v_num=]
Epoch 562:  43%|████▎     | 20/47 [00:01<00:01, 18.91it/s, loss=0.241, v_num=]
Epoch 562:  43%|████▎     | 20/47 [00:01<00:01, 18.89it/s, loss=0.237, v_num=]
Epoch 562:  85%|████████▌ | 40/47 [00:01<00:00, 21.57it/s, loss=0.237, v_num=]
Epoch 562:  85%|████████▌ | 40/47 [00:01<00:00, 21.56it/s, loss=0.234, v_num=]
Epoch 562: 100%|██████████| 47/47 [00:02<00:00, 20.96it/s, loss=0.232, v_num=]
Epoch 562:   0%|          | 0/47 [00:00<?, ?it/s, loss=0.232, v_num=]         
Epoch 563:   0%|          | 0/47 [00:00<?, ?it/s, loss=0.232, v_num=]
Epoch 563:  43%|████▎     | 20/47 [00:01<00:01, 14.28it/s, loss=0.232, v_num=]
Epoch 563:  43%|████▎     | 20/47 [00:01<00:01, 14.27it/s, loss=0.236, v_num=]
Epoch 563:  85%|████████▌ | 40/47 [00:02<00:00, 16.85it/s, loss=0.236, v_num=]
Epoch 563:  85%|████████▌ | 40/47 [00:02<00:00, 16.85it/s, loss=0.234, v_num=]
Epoch 563: 100%|██████████| 47/47 [00:02<00:00, 16.24it/s, loss=0.235, v_num=]
Epoch 563:   0%|          | 0/47 [00:00<?, ?it/s, loss=0.235, v_num=]         
Epoch 564:   0%|          | 0/47 [00:00<?, ?it/s, loss=0.235, v_num=]
Epoch 564:  43%|████▎     | 20/47 [00:01<00:01, 16.82it/s, loss=0.235, v_num=]
Epoch 564:  43%|████▎     | 20/47 [00:01<00:01, 16.81it/s, loss=0.239, v_num=]
Epoch 564:  85%|████████▌ | 40/47 [00:01<00:00, 20.35it/s, loss=0.239, v_num=]
Epoch 564:  85%|████████▌ | 40/47 [00:01<00:00, 20.35it/s, loss=0.233, v_num=]
Epoch 564: 100%|██████████| 47/47 [00:02<00:00, 19.98it/s, loss=0.233, v_num=]
Epoch 564:   0%|          | 0/47 [00:00<?, ?it/s, loss=0.233, v_num=]         
Epoch 565:   0%|          | 0/47 [00:00<?, ?it/s, loss=0.233, v_num=]
Epoch 565:  43%|████▎     | 20/47 [00:01<00:01, 18.97it/s, loss=0.233, v_num=]
Epoch 565:  43%|████▎     | 20/47 [00:01<00:01, 18.95it/s, loss=0.234, v_num=]
Epoch 565:  85%|████████▌ | 40/47 [00:01<00:00, 21.95it/s, loss=0.234, v_num=]
Epoch 565:  85%|████████▌ | 40/47 [00:01<00:00, 21.94it/s, loss=0.232, v_num=]
Epoch 565: 100%|██████████| 47/47 [00:02<00:00, 21.35it/s, loss=0.234, v_num=]Evaluating...
NMI : 0.7139249304261562, ARI: 0.4717071425676405, ACC: 0.47117, current K: 10

Epoch 565:   0%|          | 0/47 [00:00<?, ?it/s, loss=0.234, v_num=]         
Epoch 566:   0%|          | 0/47 [00:00<?, ?it/s, loss=0.234, v_num=]/usr/local/lib/python3.13/dist-packages/torch/utils/data/dataloader.py:432: UserWarning: This DataLoader will create 6 worker processes in total. Our suggested max number of worker in current system is 2, which is smaller than what this DataLoader is going to create. Please be aware that excessive worker creation might get DataLoader running slow or even freeze, lower the worker number to avoid potential slowness/freeze if necessary.
  self.check_worker_number_rationality()

Epoch 566:  43%|████▎     | 20/47 [00:01<00:01, 19.17it/s, loss=0.234, v_num=]
Epoch 566:  43%|████▎     | 20/47 [00:01<00:01, 19.15it/s, loss=0.234, v_num=]
Epoch 566:  85%|████████▌ | 40/47 [00:01<00:00, 21.86it/s, loss=0.234, v_num=]
Epoch 566:  85%|████████▌ | 40/47 [00:01<00:00, 21.85it/s, loss=0.235, v_num=]
Epoch 566: 100%|██████████| 47/47 [00:02<00:00, 21.11it/s, loss=0.232, v_num=]
Epoch 566:   0%|          | 0/47 [00:00<?, ?it/s, loss=0.232, v_num=]         
Epoch 567:   0%|          | 0/47 [00:00<?, ?it/s, loss=0.232, v_num=]
Epoch 567:  43%|████▎     | 20/47 [00:01<00:01, 18.51it/s, loss=0.232, v_num=]
Epoch 567:  43%|████▎     | 20/47 [00:01<00:01, 18.50it/s, loss=0.236, v_num=]
Epoch 567:  85%|████████▌ | 40/47 [00:01<00:00, 21.31it/s, loss=0.236, v_num=]
Epoch 567:  85%|████████▌ | 40/47 [00:01<00:00, 21.30it/s, loss=0.236, v_num=]
Epoch 567: 100%|██████████| 47/47 [00:02<00:00, 20.54it/s, loss=0.234, v_num=]
Epoch 567:   0%|          | 0/47 [00:00<?, ?it/s, loss=0.234, v_num=]         
Epoch 568:   0%|          | 0/47 [00:00<?, ?it/s, loss=0.234, v_num=]
Epoch 568:  43%|████▎     | 20/47 [00:01<00:01, 16.03it/s, loss=0.234, v_num=]
Epoch 568:  43%|████▎     | 20/47 [00:01<00:01, 16.02it/s, loss=0.236, v_num=]
Epoch 568:  85%|████████▌ | 40/47 [00:02<00:00, 18.24it/s, loss=0.236, v_num=]
Epoch 568:  85%|████████▌ | 40/47 [00:02<00:00, 18.23it/s, loss=0.236, v_num=]
Epoch 568: 100%|██████████| 47/47 [00:02<00:00, 17.20it/s, loss=0.236, v_num=]
Epoch 568:   0%|          | 0/47 [00:00<?, ?it/s, loss=0.236, v_num=]         
Epoch 569:   0%|          | 0/47 [00:00<?, ?it/s, loss=0.236, v_num=]
Epoch 569:  43%|████▎     | 20/47 [00:01<00:01, 17.03it/s, loss=0.236, v_num=]
Epoch 569:  43%|████▎     | 20/47 [00:01<00:01, 17.02it/s, loss=0.235, v_num=]
Epoch 569:  85%|████████▌ | 40/47 [00:01<00:00, 20.37it/s, loss=0.235, v_num=]
Epoch 569:  85%|████████▌ | 40/47 [00:01<00:00, 20.36it/s, loss=0.235, v_num=]
Epoch 569: 100%|██████████| 47/47 [00:02<00:00, 19.91it/s, loss=0.234, v_num=]
Epoch 569:   0%|          | 0/47 [00:00<?, ?it/s, loss=0.234, v_num=]         
Epoch 570:   0%|          | 0/47 [00:00<?, ?it/s, loss=0.234, v_num=]
Epoch 570:  43%|████▎     | 20/47 [00:01<00:01, 18.82it/s, loss=0.234, v_num=]
Epoch 570:  43%|████▎     | 20/47 [00:01<00:01, 18.81it/s, loss=0.235, v_num=]
Epoch 570:  85%|████████▌ | 40/47 [00:01<00:00, 21.62it/s, loss=0.235, v_num=]
Epoch 570:  85%|████████▌ | 40/47 [00:01<00:00, 21.62it/s, loss=0.235, v_num=]
Epoch 570: 100%|██████████| 47/47 [00:02<00:00, 20.95it/s, loss=0.234, v_num=]Evaluating...
NMI : 0.7139673498823751, ARI: 0.4718810688037007, ACC: 0.47133, current K: 10
Epoch 570 | NMI: 0.7140, ARI: 0.4719, ACC: 0.4713, current K: 10
Confusion Matrix:
[[  0   0   4   0   0   0   1 290   0   5   0   0   0   0   0   0   0   0
    0   0]
 [  0   4   0   5   0 290   0   0   0   1   0   0   0   0   0   0   0   0
    0   0]
 [  2   0   0   1   0   1 292   0   0   4   0   0   0   0   0   0   0   0
    0   0]
 [  0   1   0   0   5 294   0   0   0   0   0   0   0   0   0   0   0   0
    0   0]
 [  0 272  19   0   1   7   0   0   0   1   0   0   0   0   0   0   0   0
    0   0]
 [  0   0   0   1   0   0   0   3   0 296   0   0   0   0   0   0   0   0
    0   0]
 [  3 293   1   0   0   3   0   0   0   0   0   0   0   0   0   0   0   0
    0   0]
 [  1   2   0   4   7   0  13   0 268   5   0   0   0   0   0   0   0   0
    0   0]
 [  2   0   0   0   0   0   8 169   0 121   0   0   0   0   0   0   0   0
    0   0]
 [  0  57   0   0   0 241   2   0   0   0   0   0   0   0   0   0   0   0
    0   0]
 [  1   0   1   0   8   4 263   4   0  19   0   0   0   0   0   0   0   0
    0   0]
 [  0  89   0   3   1 207   0   0   0   0   0   0   0   0   0   0   0   0
    0   0]
 [270  12   0   0   0   8   4   3   0   3   0   0   0   0   0   0   0   0
    0   0]
 [  0   0   0   0 280   8   8   3   0   1   0   0   0   0   0   0   0   0
    0   0]
 [  0  23 264   0   0   4   4   5   0   0   0   0   0   0   0   0   0   0
    0   0]
 [  0   2   0 262   0   6   0   2   0  28   0   0   0   0   0   0   0   0
    0   0]
 [  0  25 271   0   0   1   0   0   0   3   0   0   0   0   0   0   0   0
    0   0]
 [  0   5   0 268   0   1   2   0   2  22   0   0   0   0   0   0   0   0
    0   0]
 [276  20   0   0   0   1   0   0   2   1   0   0   0   0   0   0   0   0
    0   0]
 [  0   3   2   0 280   0   2   3   0  10   0   0   0   0   0   0   0   0
    0   0]]

Epoch 570:   0%|          | 0/47 [00:00<?, ?it/s, loss=0.234, v_num=]         
Epoch 571:   0%|          | 0/47 [00:00<?, ?it/s, loss=0.234, v_num=]/usr/local/lib/python3.13/dist-packages/torch/utils/data/dataloader.py:432: UserWarning: This DataLoader will create 6 worker processes in total. Our suggested max number of worker in current system is 2, which is smaller than what this DataLoader is going to create. Please be aware that excessive worker creation might get DataLoader running slow or even freeze, lower the worker number to avoid potential slowness/freeze if necessary.
  self.check_worker_number_rationality()

Epoch 571:  43%|████▎     | 20/47 [00:01<00:01, 18.97it/s, loss=0.234, v_num=]
Epoch 571:  43%|████▎     | 20/47 [00:01<00:01, 18.95it/s, loss=0.231, v_num=]
Epoch 571:  85%|████████▌ | 40/47 [00:01<00:00, 21.78it/s, loss=0.231, v_num=]
Epoch 571:  85%|████████▌ | 40/47 [00:01<00:00, 21.78it/s, loss=0.236, v_num=]
Epoch 571: 100%|██████████| 47/47 [00:02<00:00, 21.20it/s, loss=0.235, v_num=]
Epoch 571:   0%|          | 0/47 [00:00<?, ?it/s, loss=0.235, v_num=]         
Epoch 572:   0%|          | 0/47 [00:00<?, ?it/s, loss=0.235, v_num=]
Epoch 572:  43%|████▎     | 20/47 [00:01<00:01, 18.06it/s, loss=0.235, v_num=]
Epoch 572:  43%|████▎     | 20/47 [00:01<00:01, 18.05it/s, loss=0.232, v_num=]
Epoch 572:  85%|████████▌ | 40/47 [00:01<00:00, 21.41it/s, loss=0.232, v_num=]
Epoch 572:  85%|████████▌ | 40/47 [00:01<00:00, 21.41it/s, loss=0.232, v_num=]
Epoch 572: 100%|██████████| 47/47 [00:02<00:00, 20.80it/s, loss=0.23, v_num=] 
Epoch 572:   0%|          | 0/47 [00:00<?, ?it/s, loss=0.23, v_num=]         
Epoch 573:   0%|          | 0/47 [00:00<?, ?it/s, loss=0.23, v_num=]
Epoch 573:  43%|████▎     | 20/47 [00:01<00:01, 18.97it/s, loss=0.23, v_num=]
Epoch 573:  43%|████▎     | 20/47 [00:01<00:01, 18.96it/s, loss=0.231, v_num=]
Epoch 573:  85%|████████▌ | 40/47 [00:02<00:00, 19.38it/s, loss=0.231, v_num=]
Epoch 573:  85%|████████▌ | 40/47 [00:02<00:00, 19.38it/s, loss=0.236, v_num=]
Epoch 573: 100%|██████████| 47/47 [00:02<00:00, 17.91it/s, loss=0.235, v_num=]
Epoch 573:   0%|          | 0/47 [00:00<?, ?it/s, loss=0.235, v_num=]         
Epoch 574:   0%|          | 0/47 [00:00<?, ?it/s, loss=0.235, v_num=]
Epoch 574:  43%|████▎     | 20/47 [00:01<00:01, 14.44it/s, loss=0.235, v_num=]
Epoch 574:  43%|████▎     | 20/47 [00:01<00:01, 14.43it/s, loss=0.229, v_num=]
Epoch 574:  85%|████████▌ | 40/47 [00:02<00:00, 18.60it/s, loss=0.229, v_num=]
Epoch 574:  85%|████████▌ | 40/47 [00:02<00:00, 18.60it/s, loss=0.234, v_num=]
Epoch 574: 100%|██████████| 47/47 [00:02<00:00, 18.47it/s, loss=0.237, v_num=]
Epoch 574:   0%|          | 0/47 [00:00<?, ?it/s, loss=0.237, v_num=]         
Epoch 575:   0%|          | 0/47 [00:00<?, ?it/s, loss=0.237, v_num=]
Epoch 575:  43%|████▎     | 20/47 [00:01<00:01, 19.37it/s, loss=0.237, v_num=]
Epoch 575:  43%|████▎     | 20/47 [00:01<00:01, 19.36it/s, loss=0.237, v_num=]
Epoch 575:  85%|████████▌ | 40/47 [00:01<00:00, 22.48it/s, loss=0.237, v_num=]
Epoch 575:  85%|████████▌ | 40/47 [00:01<00:00, 22.48it/s, loss=0.235, v_num=]
Epoch 575: 100%|██████████| 47/47 [00:02<00:00, 21.62it/s, loss=0.234, v_num=]Evaluating...
NMI : 0.7143698810065993, ARI: 0.47228788195445454, ACC: 0.47167, current K: 10

Epoch 575:   0%|          | 0/47 [00:00<?, ?it/s, loss=0.234, v_num=]         
Epoch 576:   0%|          | 0/47 [00:00<?, ?it/s, loss=0.234, v_num=]/usr/local/lib/python3.13/dist-packages/torch/utils/data/dataloader.py:432: UserWarning: This DataLoader will create 6 worker processes in total. Our suggested max number of worker in current system is 2, which is smaller than what this DataLoader is going to create. Please be aware that excessive worker creation might get DataLoader running slow or even freeze, lower the worker number to avoid potential slowness/freeze if necessary.
  self.check_worker_number_rationality()

Epoch 576:  43%|████▎     | 20/47 [00:01<00:01, 19.28it/s, loss=0.234, v_num=]
Epoch 576:  43%|████▎     | 20/47 [00:01<00:01, 19.26it/s, loss=0.238, v_num=]
Epoch 576:  85%|████████▌ | 40/47 [00:01<00:00, 22.20it/s, loss=0.238, v_num=]
Epoch 576:  85%|████████▌ | 40/47 [00:01<00:00, 22.20it/s, loss=0.228, v_num=]
Epoch 576: 100%|██████████| 47/47 [00:02<00:00, 21.43it/s, loss=0.235, v_num=]
Epoch 576:   0%|          | 0/47 [00:00<?, ?it/s, loss=0.235, v_num=]         
Epoch 577:   0%|          | 0/47 [00:00<?, ?it/s, loss=0.235, v_num=]
Epoch 577:  43%|████▎     | 20/47 [00:01<00:01, 16.71it/s, loss=0.235, v_num=]
Epoch 577:  43%|████▎     | 20/47 [00:01<00:01, 16.70it/s, loss=0.234, v_num=]
Epoch 577:  85%|████████▌ | 40/47 [00:01<00:00, 20.45it/s, loss=0.234, v_num=]
Epoch 577:  85%|████████▌ | 40/47 [00:01<00:00, 20.45it/s, loss=0.231, v_num=]
Epoch 577: 100%|██████████| 47/47 [00:02<00:00, 20.07it/s, loss=0.232, v_num=]
Epoch 577:   0%|          | 0/47 [00:00<?, ?it/s, loss=0.232, v_num=]         
Epoch 578:   0%|          | 0/47 [00:00<?, ?it/s, loss=0.232, v_num=]
Epoch 578:  43%|████▎     | 20/47 [00:01<00:01, 19.21it/s, loss=0.232, v_num=]
Epoch 578:  43%|████▎     | 20/47 [00:01<00:01, 19.20it/s, loss=0.239, v_num=]
Epoch 578:  85%|████████▌ | 40/47 [00:01<00:00, 21.13it/s, loss=0.239, v_num=]
Epoch 578:  85%|████████▌ | 40/47 [00:01<00:00, 21.13it/s, loss=0.232, v_num=]
Epoch 578: 100%|██████████| 47/47 [00:02<00:00, 18.99it/s, loss=0.23, v_num=] 
Epoch 578:   0%|          | 0/47 [00:00<?, ?it/s, loss=0.23, v_num=]         
Epoch 579:   0%|          | 0/47 [00:00<?, ?it/s, loss=0.23, v_num=]
Epoch 579:  43%|████▎     | 20/47 [00:01<00:01, 13.56it/s, loss=0.23, v_num=]
Epoch 579:  43%|████▎     | 20/47 [00:01<00:01, 13.56it/s, loss=0.236, v_num=]
Epoch 579:  85%|████████▌ | 40/47 [00:02<00:00, 17.59it/s, loss=0.236, v_num=]
Epoch 579:  85%|████████▌ | 40/47 [00:02<00:00, 17.59it/s, loss=0.232, v_num=]
Epoch 579: 100%|██████████| 47/47 [00:02<00:00, 17.68it/s, loss=0.233, v_num=]
Epoch 579:   0%|          | 0/47 [00:00<?, ?it/s, loss=0.233, v_num=]         
Epoch 580:   0%|          | 0/47 [00:00<?, ?it/s, loss=0.233, v_num=]
Epoch 580:  43%|████▎     | 20/47 [00:01<00:01, 19.44it/s, loss=0.233, v_num=]
Epoch 580:  43%|████▎     | 20/47 [00:01<00:01, 19.43it/s, loss=0.232, v_num=]
Epoch 580:  85%|████████▌ | 40/47 [00:01<00:00, 22.27it/s, loss=0.232, v_num=]
Epoch 580:  85%|████████▌ | 40/47 [00:01<00:00, 22.26it/s, loss=0.231, v_num=]
Epoch 580: 100%|██████████| 47/47 [00:02<00:00, 21.65it/s, loss=0.233, v_num=]Evaluating...
NMI : 0.7136908056822453, ARI: 0.471746984800301, ACC: 0.47133, current K: 10
Epoch 580 | NMI: 0.7137, ARI: 0.4717, ACC: 0.4713, current K: 10
Confusion Matrix:
[[  0   0   4   0   0   0   1 290   0   5   0   0   0   0   0   0   0   0
    0   0]
 [  0   4   0   5   0 290   0   0   0   1   0   0   0   0   0   0   0   0
    0   0]
 [  2   0   0   1   0   1 292   0   0   4   0   0   0   0   0   0   0   0
    0   0]
 [  0   1   0   0   5 294   0   0   0   0   0   0   0   0   0   0   0   0
    0   0]
 [  0 272  19   0   1   7   0   0   0   1   0   0   0   0   0   0   0   0
    0   0]
 [  0   0   0   1   0   0   0   3   0 296   0   0   0   0   0   0   0   0
    0   0]
 [  3 293   1   0   0   3   0   0   0   0   0   0   0   0   0   0   0   0
    0   0]
 [  1   1   0   4   7   0  13   0 269   5   0   0   0   0   0   0   0   0
    0   0]
 [  2   0   0   0   0   0   8 169   0 121   0   0   0   0   0   0   0   0
    0   0]
 [  0  57   0   0   0 241   2   0   0   0   0   0   0   0   0   0   0   0
    0   0]
 [  1   0   2   0   8   4 262   3   0  20   0   0   0   0   0   0   0   0
    0   0]
 [  0  89   0   3   1 207   0   0   0   0   0   0   0   0   0   0   0   0
    0   0]
 [270  12   0   0   0   8   4   3   0   3   0   0   0   0   0   0   0   0
    0   0]
 [  0   0   0   0 280   8   8   3   0   1   0   0   0   0   0   0   0   0
    0   0]
 [  0  22 265   0   0   4   4   5   0   0   0   0   0   0   0   0   0   0
    0   0]
 [  0   2   0 262   0   6   0   2   0  28   0   0   0   0   0   0   0   0
    0   0]
 [  0  25 271   0   0   1   0   0   0   3   0   0   0   0   0   0   0   0
    0   0]
 [  0   5   0 267   0   1   2   0   2  23   0   0   0   0   0   0   0   0
    0   0]
 [276  20   0   0   0   1   0   0   2   1   0   0   0   0   0   0   0   0
    0   0]
 [  0   3   2   0 279   1   2   3   0  10   0   0   0   0   0   0   0   0
    0   0]]

Epoch 580:   0%|          | 0/47 [00:00<?, ?it/s, loss=0.233, v_num=]         
Epoch 581:   0%|          | 0/47 [00:00<?, ?it/s, loss=0.233, v_num=]/usr/local/lib/python3.13/dist-packages/torch/utils/data/dataloader.py:432: UserWarning: This DataLoader will create 6 worker processes in total. Our suggested max number of worker in current system is 2, which is smaller than what this DataLoader is going to create. Please be aware that excessive worker creation might get DataLoader running slow or even freeze, lower the worker number to avoid potential slowness/freeze if necessary.
  self.check_worker_number_rationality()

Epoch 581:  43%|████▎     | 20/47 [00:01<00:01, 19.24it/s, loss=0.233, v_num=]
Epoch 581:  43%|████▎     | 20/47 [00:01<00:01, 19.23it/s, loss=0.232, v_num=]
Epoch 581:  85%|████████▌ | 40/47 [00:01<00:00, 21.87it/s, loss=0.232, v_num=]
Epoch 581:  85%|████████▌ | 40/47 [00:01<00:00, 21.87it/s, loss=0.232, v_num=]
Epoch 581: 100%|██████████| 47/47 [00:02<00:00, 21.14it/s, loss=0.231, v_num=]
Epoch 581:   0%|          | 0/47 [00:00<?, ?it/s, loss=0.231, v_num=]         
Epoch 582:   0%|          | 0/47 [00:00<?, ?it/s, loss=0.231, v_num=]
Epoch 582:  43%|████▎     | 20/47 [00:01<00:01, 19.03it/s, loss=0.231, v_num=]
Epoch 582:  43%|████▎     | 20/47 [00:01<00:01, 19.01it/s, loss=0.232, v_num=]
Epoch 582:  85%|████████▌ | 40/47 [00:01<00:00, 21.96it/s, loss=0.232, v_num=]
Epoch 582:  85%|████████▌ | 40/47 [00:01<00:00, 21.95it/s, loss=0.235, v_num=]
Epoch 582: 100%|██████████| 47/47 [00:02<00:00, 21.14it/s, loss=0.236, v_num=]
Epoch 582:   0%|          | 0/47 [00:00<?, ?it/s, loss=0.236, v_num=]         
Epoch 583:   0%|          | 0/47 [00:00<?, ?it/s, loss=0.236, v_num=]
Epoch 583:  43%|████▎     | 20/47 [00:01<00:01, 19.09it/s, loss=0.236, v_num=]
Epoch 583:  43%|████▎     | 20/47 [00:01<00:01, 19.07it/s, loss=0.235, v_num=]
Epoch 583:  85%|████████▌ | 40/47 [00:01<00:00, 22.16it/s, loss=0.235, v_num=]
Epoch 583:  85%|████████▌ | 40/47 [00:01<00:00, 22.16it/s, loss=0.23, v_num=] 
Epoch 583: 100%|██████████| 47/47 [00:02<00:00, 20.94it/s, loss=0.236, v_num=]
Epoch 583:   0%|          | 0/47 [00:00<?, ?it/s, loss=0.236, v_num=]         
Epoch 584:   0%|          | 0/47 [00:00<?, ?it/s, loss=0.236, v_num=]
Epoch 584:  43%|████▎     | 20/47 [00:01<00:01, 14.75it/s, loss=0.236, v_num=]
Epoch 584:  43%|████▎     | 20/47 [00:01<00:01, 14.75it/s, loss=0.231, v_num=]
Epoch 584:  85%|████████▌ | 40/47 [00:02<00:00, 16.79it/s, loss=0.231, v_num=]
Epoch 584:  85%|████████▌ | 40/47 [00:02<00:00, 16.79it/s, loss=0.235, v_num=]
Epoch 584: 100%|██████████| 47/47 [00:02<00:00, 16.90it/s, loss=0.234, v_num=]
Epoch 584:   0%|          | 0/47 [00:00<?, ?it/s, loss=0.234, v_num=]         
Epoch 585:   0%|          | 0/47 [00:00<?, ?it/s, loss=0.234, v_num=]
Epoch 585:  43%|████▎     | 20/47 [00:01<00:01, 19.52it/s, loss=0.234, v_num=]
Epoch 585:  43%|████▎     | 20/47 [00:01<00:01, 19.51it/s, loss=0.235, v_num=]
Epoch 585:  85%|████████▌ | 40/47 [00:01<00:00, 22.38it/s, loss=0.235, v_num=]
Epoch 585:  85%|████████▌ | 40/47 [00:01<00:00, 22.37it/s, loss=0.234, v_num=]
Epoch 585: 100%|██████████| 47/47 [00:02<00:00, 21.44it/s, loss=0.236, v_num=]Evaluating...
NMI : 0.7129578021010351, ARI: 0.4710949651879982, ACC: 0.47117, current K: 10

Epoch 585:   0%|          | 0/47 [00:00<?, ?it/s, loss=0.236, v_num=]         
Epoch 586:   0%|          | 0/47 [00:00<?, ?it/s, loss=0.236, v_num=]/usr/local/lib/python3.13/dist-packages/torch/utils/data/dataloader.py:432: UserWarning: This DataLoader will create 6 worker processes in total. Our suggested max number of worker in current system is 2, which is smaller than what this DataLoader is going to create. Please be aware that excessive worker creation might get DataLoader running slow or even freeze, lower the worker number to avoid potential slowness/freeze if necessary.
  self.check_worker_number_rationality()

Epoch 586:  43%|████▎     | 20/47 [00:01<00:01, 18.96it/s, loss=0.236, v_num=]
Epoch 586:  43%|████▎     | 20/47 [00:01<00:01, 18.95it/s, loss=0.234, v_num=]
Epoch 586:  85%|████████▌ | 40/47 [00:01<00:00, 21.79it/s, loss=0.234, v_num=]
Epoch 586:  85%|████████▌ | 40/47 [00:01<00:00, 21.78it/s, loss=0.234, v_num=]
Epoch 586: 100%|██████████| 47/47 [00:02<00:00, 21.11it/s, loss=0.228, v_num=]
Epoch 586:   0%|          | 0/47 [00:00<?, ?it/s, loss=0.228, v_num=]         
Epoch 587:   0%|          | 0/47 [00:00<?, ?it/s, loss=0.228, v_num=]
Epoch 587:  43%|████▎     | 20/47 [00:01<00:01, 18.88it/s, loss=0.228, v_num=]
Epoch 587:  43%|████▎     | 20/47 [00:01<00:01, 18.86it/s, loss=0.234, v_num=]
Epoch 587:  85%|████████▌ | 40/47 [00:01<00:00, 21.95it/s, loss=0.234, v_num=]
Epoch 587:  85%|████████▌ | 40/47 [00:01<00:00, 21.95it/s, loss=0.232, v_num=]
Epoch 587: 100%|██████████| 47/47 [00:02<00:00, 21.39it/s, loss=0.235, v_num=]
Epoch 587:   0%|          | 0/47 [00:00<?, ?it/s, loss=0.235, v_num=]         
Epoch 588:   0%|          | 0/47 [00:00<?, ?it/s, loss=0.235, v_num=]
Epoch 588:  43%|████▎     | 20/47 [00:01<00:01, 18.92it/s, loss=0.235, v_num=]
Epoch 588:  43%|████▎     | 20/47 [00:01<00:01, 18.91it/s, loss=0.238, v_num=]
Epoch 588:  85%|████████▌ | 40/47 [00:01<00:00, 21.85it/s, loss=0.238, v_num=]
Epoch 588:  85%|████████▌ | 40/47 [00:01<00:00, 21.85it/s, loss=0.233, v_num=]
Epoch 588: 100%|██████████| 47/47 [00:02<00:00, 21.31it/s, loss=0.232, v_num=]
Epoch 588:   0%|          | 0/47 [00:00<?, ?it/s, loss=0.232, v_num=]         
Epoch 589:   0%|          | 0/47 [00:00<?, ?it/s, loss=0.232, v_num=]
Epoch 589:  43%|████▎     | 20/47 [00:01<00:01, 15.97it/s, loss=0.232, v_num=]
Epoch 589:  43%|████▎     | 20/47 [00:01<00:01, 15.96it/s, loss=0.235, v_num=]
Epoch 589:  85%|████████▌ | 40/47 [00:02<00:00, 17.54it/s, loss=0.235, v_num=]
Epoch 589:  85%|████████▌ | 40/47 [00:02<00:00, 17.52it/s, loss=0.239, v_num=]
Epoch 589: 100%|██████████| 47/47 [00:02<00:00, 16.22it/s, loss=0.229, v_num=]
Epoch 589:   0%|          | 0/47 [00:00<?, ?it/s, loss=0.229, v_num=]         
Epoch 590:   0%|          | 0/47 [00:00<?, ?it/s, loss=0.229, v_num=]
Epoch 590:  43%|████▎     | 20/47 [00:01<00:01, 19.39it/s, loss=0.229, v_num=]
Epoch 590:  43%|████▎     | 20/47 [00:01<00:01, 19.38it/s, loss=0.236, v_num=]
Epoch 590:  85%|████████▌ | 40/47 [00:01<00:00, 22.42it/s, loss=0.236, v_num=]
Epoch 590:  85%|████████▌ | 40/47 [00:01<00:00, 22.42it/s, loss=0.231, v_num=]
Epoch 590: 100%|██████████| 47/47 [00:02<00:00, 21.58it/s, loss=0.234, v_num=]Evaluating...
NMI : 0.7147685086005212, ARI: 0.4728186201356735, ACC: 0.472, current K: 10
Epoch 590 | NMI: 0.7148, ARI: 0.4728, ACC: 0.4720, current K: 10
Confusion Matrix:
[[  0   0   4   0   0   0   1 290   0   5   0   0   0   0   0   0   0   0
    0   0]
 [  0   4   0   5   0 290   0   0   0   1   0   0   0   0   0   0   0   0
    0   0]
 [  2   0   0   1   0   1 292   0   0   4   0   0   0   0   0   0   0   0
    0   0]
 [  0   1   0   0   5 294   0   0   0   0   0   0   0   0   0   0   0   0
    0   0]
 [  0 272  19   0   1   7   0   0   0   1   0   0   0   0   0   0   0   0
    0   0]
 [  0   0   0   1   0   0   0   3   0 296   0   0   0   0   0   0   0   0
    0   0]
 [  3 293   1   0   0   3   0   0   0   0   0   0   0   0   0   0   0   0
    0   0]
 [  1   1   0   4   7   0  13   0 269   5   0   0   0   0   0   0   0   0
    0   0]
 [  2   0   0   0   0   0   8 169   0 121   0   0   0   0   0   0   0   0
    0   0]
 [  0  57   0   0   0 241   2   0   0   0   0   0   0   0   0   0   0   0
    0   0]
 [  1   0   1   0   8   4 264   3   0  19   0   0   0   0   0   0   0   0
    0   0]
 [  0  89   0   3   1 207   0   0   0   0   0   0   0   0   0   0   0   0
    0   0]
 [270  12   0   0   0   8   4   3   0   3   0   0   0   0   0   0   0   0
    0   0]
 [  0   0   0   0 281   7   8   3   0   1   0   0   0   0   0   0   0   0
    0   0]
 [  0  23 264   0   0   4   4   5   0   0   0   0   0   0   0   0   0   0
    0   0]
 [  0   2   0 262   0   6   0   2   0  28   0   0   0   0   0   0   0   0
    0   0]
 [  0  24 272   0   0   1   0   0   0   3   0   0   0   0   0   0   0   0
    0   0]
 [  0   5   0 268   0   1   2   0   2  22   0   0   0   0   0   0   0   0
    0   0]
 [277  19   0   0   0   1   0   0   2   1   0   0   0   0   0   0   0   0
    0   0]
 [  0   3   2   0 279   1   2   3   0  10   0   0   0   0   0   0   0   0
    0   0]]

Epoch 590:   0%|          | 0/47 [00:00<?, ?it/s, loss=0.234, v_num=]         
Epoch 591:   0%|          | 0/47 [00:00<?, ?it/s, loss=0.234, v_num=]/usr/local/lib/python3.13/dist-packages/torch/utils/data/dataloader.py:432: UserWarning: This DataLoader will create 6 worker processes in total. Our suggested max number of worker in current system is 2, which is smaller than what this DataLoader is going to create. Please be aware that excessive worker creation might get DataLoader running slow or even freeze, lower the worker number to avoid potential slowness/freeze if necessary.
  self.check_worker_number_rationality()

Epoch 591:  43%|████▎     | 20/47 [00:01<00:01, 19.14it/s, loss=0.234, v_num=]
Epoch 591:  43%|████▎     | 20/47 [00:01<00:01, 19.13it/s, loss=0.23, v_num=] 
Epoch 591:  85%|████████▌ | 40/47 [00:01<00:00, 21.10it/s, loss=0.23, v_num=]
Epoch 591:  85%|████████▌ | 40/47 [00:01<00:00, 21.09it/s, loss=0.232, v_num=]
Epoch 591: 100%|██████████| 47/47 [00:02<00:00, 20.70it/s, loss=0.235, v_num=]
Epoch 591:   0%|          | 0/47 [00:00<?, ?it/s, loss=0.235, v_num=]         
Epoch 592:   0%|          | 0/47 [00:00<?, ?it/s, loss=0.235, v_num=]
Epoch 592:  43%|████▎     | 20/47 [00:01<00:01, 19.16it/s, loss=0.235, v_num=]
Epoch 592:  43%|████▎     | 20/47 [00:01<00:01, 19.15it/s, loss=0.232, v_num=]
Epoch 592:  85%|████████▌ | 40/47 [00:01<00:00, 22.39it/s, loss=0.232, v_num=]
Epoch 592:  85%|████████▌ | 40/47 [00:01<00:00, 22.39it/s, loss=0.235, v_num=]
Epoch 592: 100%|██████████| 47/47 [00:02<00:00, 21.65it/s, loss=0.234, v_num=]
Epoch 592:   0%|          | 0/47 [00:00<?, ?it/s, loss=0.234, v_num=]         
Epoch 593:   0%|          | 0/47 [00:00<?, ?it/s, loss=0.234, v_num=]
Epoch 593:  43%|████▎     | 20/47 [00:01<00:01, 19.13it/s, loss=0.234, v_num=]
Epoch 593:  43%|████▎     | 20/47 [00:01<00:01, 19.11it/s, loss=0.236, v_num=]
Epoch 593:  85%|████████▌ | 40/47 [00:01<00:00, 22.00it/s, loss=0.236, v_num=]
Epoch 593:  85%|████████▌ | 40/47 [00:01<00:00, 22.00it/s, loss=0.232, v_num=]
Epoch 593: 100%|██████████| 47/47 [00:02<00:00, 21.26it/s, loss=0.233, v_num=]
Epoch 593:   0%|          | 0/47 [00:00<?, ?it/s, loss=0.233, v_num=]         
Epoch 594:   0%|          | 0/47 [00:00<?, ?it/s, loss=0.233, v_num=]
Epoch 594:  43%|████▎     | 20/47 [00:01<00:01, 19.37it/s, loss=0.233, v_num=]
Epoch 594:  43%|████▎     | 20/47 [00:01<00:01, 19.35it/s, loss=0.235, v_num=]
Epoch 594:  85%|████████▌ | 40/47 [00:02<00:00, 19.57it/s, loss=0.235, v_num=]
Epoch 594:  85%|████████▌ | 40/47 [00:02<00:00, 19.56it/s, loss=0.234, v_num=]
Epoch 594: 100%|██████████| 47/47 [00:02<00:00, 18.41it/s, loss=0.236, v_num=]
Epoch 594:   0%|          | 0/47 [00:00<?, ?it/s, loss=0.236, v_num=]         
Epoch 595:   0%|          | 0/47 [00:00<?, ?it/s, loss=0.236, v_num=]
Epoch 595:  43%|████▎     | 20/47 [00:01<00:01, 14.85it/s, loss=0.236, v_num=]
Epoch 595:  43%|████▎     | 20/47 [00:01<00:01, 14.84it/s, loss=0.23, v_num=] 
Epoch 595:  85%|████████▌ | 40/47 [00:02<00:00, 18.97it/s, loss=0.23, v_num=]
Epoch 595:  85%|████████▌ | 40/47 [00:02<00:00, 18.96it/s, loss=0.235, v_num=]
Epoch 595: 100%|██████████| 47/47 [00:02<00:00, 18.62it/s, loss=0.234, v_num=]Evaluating...
NMI : 0.713946355107577, ARI: 0.4722645718397419, ACC: 0.472, current K: 10

Epoch 595:   0%|          | 0/47 [00:00<?, ?it/s, loss=0.234, v_num=]         
Epoch 596:   0%|          | 0/47 [00:00<?, ?it/s, loss=0.234, v_num=]/usr/local/lib/python3.13/dist-packages/torch/utils/data/dataloader.py:432: UserWarning: This DataLoader will create 6 worker processes in total. Our suggested max number of worker in current system is 2, which is smaller than what this DataLoader is going to create. Please be aware that excessive worker creation might get DataLoader running slow or even freeze, lower the worker number to avoid potential slowness/freeze if necessary.
  self.check_worker_number_rationality()

Epoch 596:  43%|████▎     | 20/47 [00:01<00:01, 19.09it/s, loss=0.234, v_num=]
Epoch 596:  43%|████▎     | 20/47 [00:01<00:01, 19.07it/s, loss=0.232, v_num=]
Epoch 596:  85%|████████▌ | 40/47 [00:01<00:00, 21.84it/s, loss=0.232, v_num=]
Epoch 596:  85%|████████▌ | 40/47 [00:01<00:00, 21.83it/s, loss=0.235, v_num=]
Epoch 596: 100%|██████████| 47/47 [00:02<00:00, 20.97it/s, loss=0.24, v_num=] 
Epoch 596:   0%|          | 0/47 [00:00<?, ?it/s, loss=0.24, v_num=]         
Epoch 597:   0%|          | 0/47 [00:00<?, ?it/s, loss=0.24, v_num=]
Epoch 597:  43%|████▎     | 20/47 [00:01<00:01, 19.20it/s, loss=0.24, v_num=]
Epoch 597:  43%|████▎     | 20/47 [00:01<00:01, 19.18it/s, loss=0.232, v_num=]
Epoch 597:  85%|████████▌ | 40/47 [00:01<00:00, 22.37it/s, loss=0.232, v_num=]
Epoch 597:  85%|████████▌ | 40/47 [00:01<00:00, 22.37it/s, loss=0.23, v_num=] 
Epoch 597: 100%|██████████| 47/47 [00:02<00:00, 21.67it/s, loss=0.238, v_num=]
Epoch 597:   0%|          | 0/47 [00:00<?, ?it/s, loss=0.238, v_num=]         
Epoch 598:   0%|          | 0/47 [00:00<?, ?it/s, loss=0.238, v_num=]
Epoch 598:  43%|████▎     | 20/47 [00:01<00:01, 19.25it/s, loss=0.238, v_num=]
Epoch 598:  43%|████▎     | 20/47 [00:01<00:01, 19.23it/s, loss=0.236, v_num=]
Epoch 598:  85%|████████▌ | 40/47 [00:01<00:00, 22.12it/s, loss=0.236, v_num=]
Epoch 598:  85%|████████▌ | 40/47 [00:01<00:00, 22.11it/s, loss=0.234, v_num=]
Epoch 598: 100%|██████████| 47/47 [00:02<00:00, 21.46it/s, loss=0.23, v_num=] 
Epoch 598:   0%|          | 0/47 [00:00<?, ?it/s, loss=0.23, v_num=]         
Epoch 599:   0%|          | 0/47 [00:00<?, ?it/s, loss=0.23, v_num=]
Epoch 599:  43%|████▎     | 20/47 [00:01<00:01, 19.07it/s, loss=0.23, v_num=]
Epoch 599:  43%|████▎     | 20/47 [00:01<00:01, 19.06it/s, loss=0.234, v_num=]
Epoch 599:  85%|████████▌ | 40/47 [00:01<00:00, 21.37it/s, loss=0.234, v_num=]
Epoch 599:  85%|████████▌ | 40/47 [00:01<00:00, 21.36it/s, loss=0.236, v_num=]
Epoch 599: 100%|██████████| 47/47 [00:02<00:00, 18.81it/s, loss=0.233, v_num=]
Epoch 599: 100%|██████████| 47/47 [00:02<00:00, 18.29it/s, loss=0.233, v_num=]
Finished training!
Training history plot saved to: logs/mnist34567_full_info_2000_split_merge_50_s47_baseline/training_history.png
Metrics history plot saved to: logs/mnist34567_full_info_2000_split_merge_50_s47_baseline/metrics_history.png
Confusion matrix plot saved to: logs/mnist34567_full_info_2000_split_merge_50_s47_baseline/confusion_matrix.png
NMI: 0.71383, ARI: 0.47179, acc: 0.47117, final K: 10
