/usr/local/lib/python3.13/dist-packages/torch/utils/data/dataloader.py:424: UserWarning: This DataLoader will create 6 worker processes in total. Our suggested max number of worker in current system is 2, which is smaller than what this DataLoader is going to create. Please be aware that excessive worker creation might get DataLoader running slow or even freeze, lower the worker number to avoid potential slowness/freeze if necessary.
  self.check_worker_number_rationality()
Global seed set to 45
Global seed set to 45
GPU available: True, used: True
TPU available: False, using: 0 TPU cores
/usr/local/lib/python3.13/dist-packages/pytorch_lightning/utilities/distributed.py:68: UserWarning: you defined a validation_step but have no val_dataloader. Skipping validation loop
  warnings.warn(*args, **kwargs)
LOCAL_RANK: 0 - CUDA_VISIBLE_DEVICES: [0]

  | Name              | Type              | Params
--------------------------------------------------------
0 | cluster_net       | MLP_Classifier    | 601   
1 | subclustering_net | Subclustering_net | 652   
--------------------------------------------------------
1.3 K     Trainable params
0         Non-trainable params
1.3 K     Total params
0.005     Total estimated model params size (MB)
Test data not found! running only with train data
Sequential()

Training: 0it [00:00, ?it/s]
Training:   0%|          | 0/47 [00:00<?, ?it/s]
Epoch 0:   0%|          | 0/47 [00:00<?, ?it/s] /usr/local/lib/python3.13/dist-packages/torch/utils/data/dataloader.py:432: UserWarning: This DataLoader will create 6 worker processes in total. Our suggested max number of worker in current system is 2, which is smaller than what this DataLoader is going to create. Please be aware that excessive worker creation might get DataLoader running slow or even freeze, lower the worker number to avoid potential slowness/freeze if necessary.
  self.check_worker_number_rationality()
/usr/local/lib/python3.13/dist-packages/pytorch_lightning/utilities/distributed.py:68: UserWarning: training_step returned None if it was on purpose, ignore this warning...
  warnings.warn(*args, **kwargs)

Epoch 0:  43%|████▎     | 20/47 [00:00<00:00, 63.60it/s]
Epoch 0:  43%|████▎     | 20/47 [00:00<00:00, 63.42it/s, loss=nan, v_num=]
Epoch 0:  85%|████████▌ | 40/47 [00:00<00:00, 91.79it/s, loss=nan, v_num=]
Epoch 0:  85%|████████▌ | 40/47 [00:00<00:00, 91.73it/s, loss=nan, v_num=]
Epoch 0: 100%|██████████| 47/47 [00:00<00:00, 87.09it/s, loss=nan, v_num=]Initializing clusters params using Kmeans...

Epoch 0:   0%|          | 0/47 [00:00<?, ?it/s, loss=nan, v_num=]         
Epoch 1:   0%|          | 0/47 [00:00<?, ?it/s, loss=nan, v_num=]/usr/local/lib/python3.13/dist-packages/torch/utils/data/dataloader.py:432: UserWarning: This DataLoader will create 6 worker processes in total. Our suggested max number of worker in current system is 2, which is smaller than what this DataLoader is going to create. Please be aware that excessive worker creation might get DataLoader running slow or even freeze, lower the worker number to avoid potential slowness/freeze if necessary.
  self.check_worker_number_rationality()

Epoch 1:  43%|████▎     | 20/47 [00:00<00:01, 20.82it/s, loss=nan, v_num=]
Epoch 1:  43%|████▎     | 20/47 [00:00<00:01, 20.80it/s, loss=1, v_num=]  
Epoch 1:  85%|████████▌ | 40/47 [00:01<00:00, 31.36it/s, loss=1, v_num=]
Epoch 1:  85%|████████▌ | 40/47 [00:01<00:00, 31.35it/s, loss=1, v_num=]
Epoch 1: 100%|██████████| 47/47 [00:01<00:00, 29.54it/s, loss=1, v_num=]
Epoch 1:   0%|          | 0/47 [00:00<?, ?it/s, loss=1, v_num=]         
Epoch 2:   0%|          | 0/47 [00:00<?, ?it/s, loss=1, v_num=]
Epoch 2:  43%|████▎     | 20/47 [00:00<00:01, 24.96it/s, loss=1, v_num=]
Epoch 2:  43%|████▎     | 20/47 [00:00<00:01, 24.93it/s, loss=1, v_num=]
Epoch 2:  85%|████████▌ | 40/47 [00:01<00:00, 33.73it/s, loss=1, v_num=]
Epoch 2:  85%|████████▌ | 40/47 [00:01<00:00, 33.71it/s, loss=1, v_num=]
Epoch 2: 100%|██████████| 47/47 [00:01<00:00, 30.98it/s, loss=1, v_num=]
Epoch 2:   0%|          | 0/47 [00:00<?, ?it/s, loss=1, v_num=]         
Epoch 3:   0%|          | 0/47 [00:00<?, ?it/s, loss=1, v_num=]
Epoch 3:  43%|████▎     | 20/47 [00:00<00:01, 22.47it/s, loss=1, v_num=]
Epoch 3:  43%|████▎     | 20/47 [00:00<00:01, 22.44it/s, loss=1, v_num=]
Epoch 3:  85%|████████▌ | 40/47 [00:01<00:00, 31.50it/s, loss=1, v_num=]
Epoch 3:  85%|████████▌ | 40/47 [00:01<00:00, 31.49it/s, loss=1, v_num=]
Epoch 3: 100%|██████████| 47/47 [00:01<00:00, 31.06it/s, loss=1, v_num=]
Epoch 3:   0%|          | 0/47 [00:00<?, ?it/s, loss=1, v_num=]         
Epoch 4:   0%|          | 0/47 [00:00<?, ?it/s, loss=1, v_num=]
Epoch 4:  43%|████▎     | 20/47 [00:00<00:00, 35.05it/s, loss=1, v_num=]
Epoch 4:  43%|████▎     | 20/47 [00:00<00:00, 35.00it/s, loss=1, v_num=]
Epoch 4:  85%|████████▌ | 40/47 [00:00<00:00, 44.99it/s, loss=1, v_num=]
Epoch 4:  85%|████████▌ | 40/47 [00:00<00:00, 44.97it/s, loss=1, v_num=]
Epoch 4: 100%|██████████| 47/47 [00:01<00:00, 42.21it/s, loss=1, v_num=]
Epoch 4:   0%|          | 0/47 [00:00<?, ?it/s, loss=1, v_num=]         
Epoch 5:   0%|          | 0/47 [00:00<?, ?it/s, loss=1, v_num=]
Epoch 5:  43%|████▎     | 20/47 [00:00<00:00, 35.71it/s, loss=1, v_num=]
Epoch 5:  43%|████▎     | 20/47 [00:00<00:00, 35.67it/s, loss=1, v_num=]
Epoch 5:  85%|████████▌ | 40/47 [00:00<00:00, 45.48it/s, loss=1, v_num=]
Epoch 5:  85%|████████▌ | 40/47 [00:00<00:00, 45.46it/s, loss=1, v_num=]
Epoch 5: 100%|██████████| 47/47 [00:01<00:00, 42.87it/s, loss=1, v_num=]Evaluating...
NMI : 0.0, ARI: 0.0, ACC: 0.05, current K: 1

Epoch 5:   0%|          | 0/47 [00:00<?, ?it/s, loss=1, v_num=]         
Epoch 6:   0%|          | 0/47 [00:00<?, ?it/s, loss=1, v_num=]/usr/local/lib/python3.13/dist-packages/torch/utils/data/dataloader.py:432: UserWarning: This DataLoader will create 6 worker processes in total. Our suggested max number of worker in current system is 2, which is smaller than what this DataLoader is going to create. Please be aware that excessive worker creation might get DataLoader running slow or even freeze, lower the worker number to avoid potential slowness/freeze if necessary.
  self.check_worker_number_rationality()

Epoch 6:  43%|████▎     | 20/47 [00:00<00:00, 34.60it/s, loss=1, v_num=]
Epoch 6:  43%|████▎     | 20/47 [00:00<00:00, 34.56it/s, loss=1, v_num=]
Epoch 6:  85%|████████▌ | 40/47 [00:00<00:00, 44.61it/s, loss=1, v_num=]
Epoch 6:  85%|████████▌ | 40/47 [00:00<00:00, 44.59it/s, loss=1, v_num=]
Epoch 6: 100%|██████████| 47/47 [00:01<00:00, 42.01it/s, loss=1, v_num=]
Epoch 6:   0%|          | 0/47 [00:00<?, ?it/s, loss=1, v_num=]         
Epoch 7:   0%|          | 0/47 [00:00<?, ?it/s, loss=1, v_num=]
Epoch 7:  43%|████▎     | 20/47 [00:00<00:00, 33.30it/s, loss=1, v_num=]
Epoch 7:  43%|████▎     | 20/47 [00:00<00:00, 33.26it/s, loss=1, v_num=]
Epoch 7:  85%|████████▌ | 40/47 [00:00<00:00, 42.46it/s, loss=1, v_num=]
Epoch 7:  85%|████████▌ | 40/47 [00:00<00:00, 42.44it/s, loss=1, v_num=]
Epoch 7: 100%|██████████| 47/47 [00:01<00:00, 39.71it/s, loss=1, v_num=]
Epoch 7:   0%|          | 0/47 [00:00<?, ?it/s, loss=1, v_num=]         
Epoch 8:   0%|          | 0/47 [00:00<?, ?it/s, loss=1, v_num=]
Epoch 8:  43%|████▎     | 20/47 [00:00<00:00, 33.44it/s, loss=1, v_num=]
Epoch 8:  43%|████▎     | 20/47 [00:00<00:00, 33.40it/s, loss=1, v_num=]
Epoch 8:  85%|████████▌ | 40/47 [00:00<00:00, 44.22it/s, loss=1, v_num=]
Epoch 8:  85%|████████▌ | 40/47 [00:00<00:00, 44.20it/s, loss=1, v_num=]
Epoch 8: 100%|██████████| 47/47 [00:01<00:00, 41.59it/s, loss=1, v_num=]
Epoch 8:   0%|          | 0/47 [00:00<?, ?it/s, loss=1, v_num=]         
Epoch 9:   0%|          | 0/47 [00:00<?, ?it/s, loss=1, v_num=]
Epoch 9:  43%|████▎     | 20/47 [00:00<00:00, 34.29it/s, loss=1, v_num=]
Epoch 9:  43%|████▎     | 20/47 [00:00<00:00, 34.24it/s, loss=1, v_num=]
Epoch 9:  85%|████████▌ | 40/47 [00:00<00:00, 44.30it/s, loss=1, v_num=]
Epoch 9:  85%|████████▌ | 40/47 [00:00<00:00, 44.28it/s, loss=1, v_num=]
Epoch 9: 100%|██████████| 47/47 [00:01<00:00, 42.01it/s, loss=1, v_num=]
Epoch 9:   0%|          | 0/47 [00:00<?, ?it/s, loss=1, v_num=]         
Epoch 10:   0%|          | 0/47 [00:00<?, ?it/s, loss=1, v_num=]
Epoch 10:  43%|████▎     | 20/47 [00:00<00:00, 34.30it/s, loss=1, v_num=]
Epoch 10:  43%|████▎     | 20/47 [00:00<00:00, 34.26it/s, loss=1, v_num=]
Epoch 10:  85%|████████▌ | 40/47 [00:00<00:00, 44.51it/s, loss=1, v_num=]
Epoch 10:  85%|████████▌ | 40/47 [00:00<00:00, 44.49it/s, loss=1, v_num=]
Epoch 10: 100%|██████████| 47/47 [00:01<00:00, 41.91it/s, loss=1, v_num=]Evaluating...
NMI : 0.0, ARI: 0.0, ACC: 0.05, current K: 1

Epoch 10:   0%|          | 0/47 [00:00<?, ?it/s, loss=1, v_num=]         
Epoch 11:   0%|          | 0/47 [00:00<?, ?it/s, loss=1, v_num=]/usr/local/lib/python3.13/dist-packages/torch/utils/data/dataloader.py:432: UserWarning: This DataLoader will create 6 worker processes in total. Our suggested max number of worker in current system is 2, which is smaller than what this DataLoader is going to create. Please be aware that excessive worker creation might get DataLoader running slow or even freeze, lower the worker number to avoid potential slowness/freeze if necessary.
  self.check_worker_number_rationality()

Epoch 11:  43%|████▎     | 20/47 [00:00<00:00, 34.00it/s, loss=1, v_num=]
Epoch 11:  43%|████▎     | 20/47 [00:00<00:00, 33.96it/s, loss=1, v_num=]
Epoch 11:  85%|████████▌ | 40/47 [00:00<00:00, 43.38it/s, loss=1, v_num=]
Epoch 11:  85%|████████▌ | 40/47 [00:00<00:00, 43.37it/s, loss=1, v_num=]
Epoch 11: 100%|██████████| 47/47 [00:01<00:00, 40.45it/s, loss=1, v_num=]
Epoch 11:   0%|          | 0/47 [00:00<?, ?it/s, loss=1, v_num=]         
Epoch 12:   0%|          | 0/47 [00:00<?, ?it/s, loss=1, v_num=]
Epoch 12:  43%|████▎     | 20/47 [00:00<00:01, 26.07it/s, loss=1, v_num=]
Epoch 12:  43%|████▎     | 20/47 [00:00<00:01, 26.05it/s, loss=1, v_num=]
Epoch 12:  85%|████████▌ | 40/47 [00:01<00:00, 33.68it/s, loss=1, v_num=]
Epoch 12:  85%|████████▌ | 40/47 [00:01<00:00, 33.65it/s, loss=1, v_num=]
Epoch 12: 100%|██████████| 47/47 [00:01<00:00, 30.37it/s, loss=1, v_num=]
Epoch 12:   0%|          | 0/47 [00:00<?, ?it/s, loss=1, v_num=]         
Epoch 13:   0%|          | 0/47 [00:00<?, ?it/s, loss=1, v_num=]
Epoch 13:  43%|████▎     | 20/47 [00:00<00:01, 22.77it/s, loss=1, v_num=]
Epoch 13:  43%|████▎     | 20/47 [00:00<00:01, 22.74it/s, loss=1, v_num=]
Epoch 13:  85%|████████▌ | 40/47 [00:01<00:00, 29.56it/s, loss=1, v_num=]
Epoch 13:  85%|████████▌ | 40/47 [00:01<00:00, 29.55it/s, loss=1, v_num=]
Epoch 13: 100%|██████████| 47/47 [00:01<00:00, 26.14it/s, loss=1, v_num=]
Epoch 13:   0%|          | 0/47 [00:00<?, ?it/s, loss=1, v_num=]         
Epoch 14:   0%|          | 0/47 [00:00<?, ?it/s, loss=1, v_num=]
Epoch 14:  43%|████▎     | 20/47 [00:01<00:01, 18.48it/s, loss=1, v_num=]
Epoch 14:  43%|████▎     | 20/47 [00:01<00:01, 18.47it/s, loss=1, v_num=]
Epoch 14:  85%|████████▌ | 40/47 [00:01<00:00, 26.43it/s, loss=1, v_num=]
Epoch 14:  85%|████████▌ | 40/47 [00:01<00:00, 26.43it/s, loss=1, v_num=]
Epoch 14: 100%|██████████| 47/47 [00:02<00:00, 22.80it/s, loss=1, v_num=]
Epoch 14:   0%|          | 0/47 [00:00<?, ?it/s, loss=1, v_num=]         
Epoch 15:   0%|          | 0/47 [00:00<?, ?it/s, loss=1, v_num=]
Epoch 15:  43%|████▎     | 20/47 [00:01<00:01, 15.87it/s, loss=1, v_num=]
Epoch 15:  43%|████▎     | 20/47 [00:01<00:01, 15.85it/s, loss=1, v_num=]
Epoch 15:  85%|████████▌ | 40/47 [00:01<00:00, 21.46it/s, loss=1, v_num=]
Epoch 15:  85%|████████▌ | 40/47 [00:01<00:00, 21.43it/s, loss=1, v_num=]
Epoch 15: 100%|██████████| 47/47 [00:02<00:00, 19.74it/s, loss=1, v_num=]Evaluating...
NMI : 0.0, ARI: 0.0, ACC: 0.05, current K: 1

Epoch 15:   0%|          | 0/47 [00:00<?, ?it/s, loss=1, v_num=]         
Epoch 16:   0%|          | 0/47 [00:00<?, ?it/s, loss=1, v_num=]/usr/local/lib/python3.13/dist-packages/torch/utils/data/dataloader.py:432: UserWarning: This DataLoader will create 6 worker processes in total. Our suggested max number of worker in current system is 2, which is smaller than what this DataLoader is going to create. Please be aware that excessive worker creation might get DataLoader running slow or even freeze, lower the worker number to avoid potential slowness/freeze if necessary.
  self.check_worker_number_rationality()

Epoch 16:  43%|████▎     | 20/47 [00:01<00:01, 18.15it/s, loss=1, v_num=]
Epoch 16:  43%|████▎     | 20/47 [00:01<00:01, 18.14it/s, loss=1, v_num=]
Epoch 16:  85%|████████▌ | 40/47 [00:01<00:00, 23.35it/s, loss=1, v_num=]
Epoch 16:  85%|████████▌ | 40/47 [00:01<00:00, 23.34it/s, loss=1, v_num=]
Epoch 16: 100%|██████████| 47/47 [00:02<00:00, 20.07it/s, loss=1, v_num=]
Epoch 16:   0%|          | 0/47 [00:00<?, ?it/s, loss=1, v_num=]         
Epoch 17:   0%|          | 0/47 [00:00<?, ?it/s, loss=1, v_num=]
Epoch 17:  43%|████▎     | 20/47 [00:01<00:02, 12.46it/s, loss=1, v_num=]
Epoch 17:  43%|████▎     | 20/47 [00:01<00:02, 12.44it/s, loss=1, v_num=]
Epoch 17:  85%|████████▌ | 40/47 [00:02<00:00, 18.09it/s, loss=1, v_num=]
Epoch 17:  85%|████████▌ | 40/47 [00:02<00:00, 18.08it/s, loss=1, v_num=]
Epoch 17: 100%|██████████| 47/47 [00:02<00:00, 18.28it/s, loss=1, v_num=]
Epoch 17:   0%|          | 0/47 [00:00<?, ?it/s, loss=1, v_num=]         
Epoch 18:   0%|          | 0/47 [00:00<?, ?it/s, loss=1, v_num=]
Epoch 18:  43%|████▎     | 20/47 [00:01<00:01, 13.76it/s, loss=1, v_num=]
Epoch 18:  43%|████▎     | 20/47 [00:01<00:01, 13.73it/s, loss=1, v_num=]
Epoch 18:  85%|████████▌ | 40/47 [00:02<00:00, 16.65it/s, loss=1, v_num=]
Epoch 18:  85%|████████▌ | 40/47 [00:02<00:00, 16.65it/s, loss=1, v_num=]
Epoch 18: 100%|██████████| 47/47 [00:03<00:00, 15.47it/s, loss=1, v_num=]
Epoch 18:   0%|          | 0/47 [00:00<?, ?it/s, loss=1, v_num=]         
Epoch 19:   0%|          | 0/47 [00:00<?, ?it/s, loss=1, v_num=]
Epoch 19:  43%|████▎     | 20/47 [00:01<00:01, 15.41it/s, loss=1, v_num=]
Epoch 19:  43%|████▎     | 20/47 [00:01<00:01, 15.37it/s, loss=1, v_num=]
Epoch 19:  85%|████████▌ | 40/47 [00:01<00:00, 20.62it/s, loss=1, v_num=]
Epoch 19:  85%|████████▌ | 40/47 [00:01<00:00, 20.61it/s, loss=1, v_num=]
Epoch 19: 100%|██████████| 47/47 [00:02<00:00, 21.15it/s, loss=1, v_num=]
Epoch 19:   0%|          | 0/47 [00:00<?, ?it/s, loss=1, v_num=]         
Epoch 20:   0%|          | 0/47 [00:00<?, ?it/s, loss=1, v_num=]
Epoch 20:  43%|████▎     | 20/47 [00:00<00:00, 32.28it/s, loss=1, v_num=]
Epoch 20:  43%|████▎     | 20/47 [00:00<00:00, 32.24it/s, loss=1, v_num=]
Epoch 20:  85%|████████▌ | 40/47 [00:00<00:00, 42.28it/s, loss=1, v_num=]
Epoch 20:  85%|████████▌ | 40/47 [00:00<00:00, 42.26it/s, loss=1, v_num=]
Epoch 20: 100%|██████████| 47/47 [00:01<00:00, 39.70it/s, loss=1, v_num=]Evaluating...
NMI : 0.0, ARI: 0.0, ACC: 0.05, current K: 1

Epoch 20:   0%|          | 0/47 [00:00<?, ?it/s, loss=1, v_num=]         
Epoch 21:   0%|          | 0/47 [00:00<?, ?it/s, loss=1, v_num=]/usr/local/lib/python3.13/dist-packages/torch/utils/data/dataloader.py:432: UserWarning: This DataLoader will create 6 worker processes in total. Our suggested max number of worker in current system is 2, which is smaller than what this DataLoader is going to create. Please be aware that excessive worker creation might get DataLoader running slow or even freeze, lower the worker number to avoid potential slowness/freeze if necessary.
  self.check_worker_number_rationality()

Epoch 21:  43%|████▎     | 20/47 [00:00<00:00, 33.46it/s, loss=1, v_num=]
Epoch 21:  43%|████▎     | 20/47 [00:00<00:00, 33.42it/s, loss=1, v_num=]
Epoch 21:  85%|████████▌ | 40/47 [00:00<00:00, 43.51it/s, loss=1, v_num=]
Epoch 21:  85%|████████▌ | 40/47 [00:00<00:00, 43.50it/s, loss=1, v_num=]
Epoch 21: 100%|██████████| 47/47 [00:01<00:00, 40.83it/s, loss=1, v_num=]
Epoch 21:   0%|          | 0/47 [00:00<?, ?it/s, loss=1, v_num=]         
Epoch 22:   0%|          | 0/47 [00:00<?, ?it/s, loss=1, v_num=]
Epoch 22:  43%|████▎     | 20/47 [00:00<00:00, 32.29it/s, loss=1, v_num=]
Epoch 22:  43%|████▎     | 20/47 [00:00<00:00, 32.24it/s, loss=1, v_num=]
Epoch 22:  85%|████████▌ | 40/47 [00:00<00:00, 42.27it/s, loss=1, v_num=]
Epoch 22:  85%|████████▌ | 40/47 [00:00<00:00, 42.25it/s, loss=1, v_num=]
Epoch 22: 100%|██████████| 47/47 [00:01<00:00, 39.69it/s, loss=1, v_num=]
Epoch 22:   0%|          | 0/47 [00:00<?, ?it/s, loss=1, v_num=]         
Epoch 23:   0%|          | 0/47 [00:00<?, ?it/s, loss=1, v_num=]
Epoch 23:  43%|████▎     | 20/47 [00:00<00:00, 31.94it/s, loss=1, v_num=]
Epoch 23:  43%|████▎     | 20/47 [00:00<00:00, 31.90it/s, loss=1, v_num=]
Epoch 23:  85%|████████▌ | 40/47 [00:00<00:00, 41.82it/s, loss=1, v_num=]
Epoch 23:  85%|████████▌ | 40/47 [00:00<00:00, 41.80it/s, loss=1, v_num=]
Epoch 23: 100%|██████████| 47/47 [00:01<00:00, 39.08it/s, loss=1, v_num=]
Epoch 23:   0%|          | 0/47 [00:00<?, ?it/s, loss=1, v_num=]         
Epoch 24:   0%|          | 0/47 [00:00<?, ?it/s, loss=1, v_num=]
Epoch 24:  43%|████▎     | 20/47 [00:00<00:00, 33.31it/s, loss=1, v_num=]
Epoch 24:  43%|████▎     | 20/47 [00:00<00:00, 33.27it/s, loss=1, v_num=]
Epoch 24:  85%|████████▌ | 40/47 [00:00<00:00, 43.17it/s, loss=1, v_num=]
Epoch 24:  85%|████████▌ | 40/47 [00:00<00:00, 43.16it/s, loss=1, v_num=]
Epoch 24: 100%|██████████| 47/47 [00:01<00:00, 40.28it/s, loss=1, v_num=]
Epoch 24:   0%|          | 0/47 [00:00<?, ?it/s, loss=1, v_num=]         
Epoch 25:   0%|          | 0/47 [00:00<?, ?it/s, loss=1, v_num=]
Epoch 25:  43%|████▎     | 20/47 [00:00<00:00, 33.41it/s, loss=1, v_num=]
Epoch 25:  43%|████▎     | 20/47 [00:00<00:00, 33.37it/s, loss=1, v_num=]
Epoch 25:  85%|████████▌ | 40/47 [00:00<00:00, 41.72it/s, loss=1, v_num=]
Epoch 25:  85%|████████▌ | 40/47 [00:00<00:00, 41.70it/s, loss=1, v_num=]
Epoch 25: 100%|██████████| 47/47 [00:01<00:00, 39.51it/s, loss=1, v_num=]Evaluating...
NMI : 0.0, ARI: 0.0, ACC: 0.05, current K: 1

Epoch 25:   0%|          | 0/47 [00:00<?, ?it/s, loss=1, v_num=]         
Epoch 26:   0%|          | 0/47 [00:00<?, ?it/s, loss=1, v_num=]/usr/local/lib/python3.13/dist-packages/torch/utils/data/dataloader.py:432: UserWarning: This DataLoader will create 6 worker processes in total. Our suggested max number of worker in current system is 2, which is smaller than what this DataLoader is going to create. Please be aware that excessive worker creation might get DataLoader running slow or even freeze, lower the worker number to avoid potential slowness/freeze if necessary.
  self.check_worker_number_rationality()

Epoch 26:  43%|████▎     | 20/47 [00:00<00:00, 31.86it/s, loss=1, v_num=]
Epoch 26:  43%|████▎     | 20/47 [00:00<00:00, 31.82it/s, loss=1, v_num=]
Epoch 26:  85%|████████▌ | 40/47 [00:00<00:00, 41.68it/s, loss=1, v_num=]
Epoch 26:  85%|████████▌ | 40/47 [00:00<00:00, 41.66it/s, loss=1, v_num=]
Epoch 26: 100%|██████████| 47/47 [00:01<00:00, 39.49it/s, loss=1, v_num=]
Epoch 26:   0%|          | 0/47 [00:00<?, ?it/s, loss=1, v_num=]         
Epoch 27:   0%|          | 0/47 [00:00<?, ?it/s, loss=1, v_num=]
Epoch 27:  43%|████▎     | 20/47 [00:00<00:01, 25.90it/s, loss=1, v_num=]
Epoch 27:  43%|████▎     | 20/47 [00:00<00:01, 25.87it/s, loss=1, v_num=]
Epoch 27:  85%|████████▌ | 40/47 [00:01<00:00, 33.19it/s, loss=1, v_num=]
Epoch 27:  85%|████████▌ | 40/47 [00:01<00:00, 33.17it/s, loss=1, v_num=]
Epoch 27: 100%|██████████| 47/47 [00:01<00:00, 30.20it/s, loss=1, v_num=]
Epoch 27:   0%|          | 0/47 [00:00<?, ?it/s, loss=1, v_num=]         
Epoch 28:   0%|          | 0/47 [00:00<?, ?it/s, loss=1, v_num=]
Epoch 28:  43%|████▎     | 20/47 [00:00<00:01, 22.73it/s, loss=1, v_num=]
Epoch 28:  43%|████▎     | 20/47 [00:00<00:01, 22.71it/s, loss=1, v_num=]
Epoch 28:  85%|████████▌ | 40/47 [00:01<00:00, 28.86it/s, loss=1, v_num=]
Epoch 28:  85%|████████▌ | 40/47 [00:01<00:00, 28.85it/s, loss=1, v_num=]
Epoch 28: 100%|██████████| 47/47 [00:01<00:00, 27.25it/s, loss=1, v_num=]
Epoch 28:   0%|          | 0/47 [00:00<?, ?it/s, loss=1, v_num=]         
Epoch 29:   0%|          | 0/47 [00:00<?, ?it/s, loss=1, v_num=]
Epoch 29:  43%|████▎     | 20/47 [00:00<00:00, 32.61it/s, loss=1, v_num=]
Epoch 29:  43%|████▎     | 20/47 [00:00<00:00, 32.57it/s, loss=1, v_num=]
Epoch 29:  85%|████████▌ | 40/47 [00:00<00:00, 42.30it/s, loss=1, v_num=]
Epoch 29:  85%|████████▌ | 40/47 [00:00<00:00, 42.28it/s, loss=1, v_num=]
Epoch 29: 100%|██████████| 47/47 [00:01<00:00, 39.92it/s, loss=1, v_num=]
Epoch 29:   0%|          | 0/47 [00:00<?, ?it/s, loss=1, v_num=]         
Epoch 30:   0%|          | 0/47 [00:00<?, ?it/s, loss=1, v_num=]
Epoch 30:  43%|████▎     | 20/47 [00:00<00:00, 32.22it/s, loss=1, v_num=]
Epoch 30:  43%|████▎     | 20/47 [00:00<00:00, 32.18it/s, loss=1, v_num=]
Epoch 30:  85%|████████▌ | 40/47 [00:00<00:00, 41.05it/s, loss=1, v_num=]
Epoch 30:  85%|████████▌ | 40/47 [00:00<00:00, 41.04it/s, loss=1, v_num=]
Epoch 30: 100%|██████████| 47/47 [00:01<00:00, 38.10it/s, loss=1, v_num=]Evaluating...
NMI : 0.0, ARI: 0.0, ACC: 0.05, current K: 1

Epoch 30:   0%|          | 0/47 [00:00<?, ?it/s, loss=1, v_num=]         
Epoch 31:   0%|          | 0/47 [00:00<?, ?it/s, loss=1, v_num=]/usr/local/lib/python3.13/dist-packages/torch/utils/data/dataloader.py:432: UserWarning: This DataLoader will create 6 worker processes in total. Our suggested max number of worker in current system is 2, which is smaller than what this DataLoader is going to create. Please be aware that excessive worker creation might get DataLoader running slow or even freeze, lower the worker number to avoid potential slowness/freeze if necessary.
  self.check_worker_number_rationality()

Epoch 31:  43%|████▎     | 20/47 [00:00<00:01, 26.09it/s, loss=1, v_num=]
Epoch 31:  43%|████▎     | 20/47 [00:00<00:01, 26.06it/s, loss=1, v_num=]
Epoch 31:  85%|████████▌ | 40/47 [00:01<00:00, 33.74it/s, loss=1, v_num=]
Epoch 31:  85%|████████▌ | 40/47 [00:01<00:00, 33.72it/s, loss=1, v_num=]
Epoch 31: 100%|██████████| 47/47 [00:01<00:00, 30.58it/s, loss=1, v_num=]
Epoch 31:   0%|          | 0/47 [00:00<?, ?it/s, loss=1, v_num=]         
Epoch 32:   0%|          | 0/47 [00:00<?, ?it/s, loss=1, v_num=]
Epoch 32:  43%|████▎     | 20/47 [00:00<00:00, 28.88it/s, loss=1, v_num=]
Epoch 32:  43%|████▎     | 20/47 [00:00<00:00, 28.73it/s, loss=1, v_num=]
Epoch 32:  85%|████████▌ | 40/47 [00:01<00:00, 27.25it/s, loss=1, v_num=]
Epoch 32:  85%|████████▌ | 40/47 [00:01<00:00, 27.24it/s, loss=1, v_num=]
Epoch 32: 100%|██████████| 47/47 [00:01<00:00, 26.14it/s, loss=1, v_num=]
Epoch 32:   0%|          | 0/47 [00:00<?, ?it/s, loss=1, v_num=]         
Epoch 33:   0%|          | 0/47 [00:00<?, ?it/s, loss=1, v_num=]
Epoch 33:  43%|████▎     | 20/47 [00:00<00:01, 20.69it/s, loss=1, v_num=]
Epoch 33:  43%|████▎     | 20/47 [00:00<00:01, 20.66it/s, loss=1, v_num=]
Epoch 33:  85%|████████▌ | 40/47 [00:01<00:00, 26.71it/s, loss=1, v_num=]
Epoch 33:  85%|████████▌ | 40/47 [00:01<00:00, 26.71it/s, loss=1, v_num=]
Epoch 33: 100%|██████████| 47/47 [00:01<00:00, 25.05it/s, loss=1, v_num=]
Epoch 33:   0%|          | 0/47 [00:00<?, ?it/s, loss=1, v_num=]         
Epoch 34:   0%|          | 0/47 [00:00<?, ?it/s, loss=1, v_num=]
Epoch 34:  43%|████▎     | 20/47 [00:00<00:01, 21.13it/s, loss=1, v_num=]
Epoch 34:  43%|████▎     | 20/47 [00:00<00:01, 21.10it/s, loss=1, v_num=]
Epoch 34:  85%|████████▌ | 40/47 [00:01<00:00, 27.38it/s, loss=1, v_num=]
Epoch 34:  85%|████████▌ | 40/47 [00:01<00:00, 27.37it/s, loss=1, v_num=]
Epoch 34: 100%|██████████| 47/47 [00:01<00:00, 26.30it/s, loss=1, v_num=]
Epoch 34:   0%|          | 0/47 [00:00<?, ?it/s, loss=1, v_num=]         
Epoch 35:   0%|          | 0/47 [00:00<?, ?it/s, loss=1, v_num=]
Epoch 35:  43%|████▎     | 20/47 [00:01<00:01, 14.03it/s, loss=1, v_num=]
Epoch 35:  43%|████▎     | 20/47 [00:01<00:01, 13.98it/s, loss=1, v_num=]
Epoch 35:  85%|████████▌ | 40/47 [00:02<00:00, 16.30it/s, loss=1, v_num=]
Epoch 35:  85%|████████▌ | 40/47 [00:02<00:00, 16.28it/s, loss=1, v_num=]
Epoch 35: 100%|██████████| 47/47 [00:03<00:00, 14.98it/s, loss=1, v_num=]Evaluating...
NMI : 0.0, ARI: 0.0, ACC: 0.05, current K: 1

Epoch 35:   0%|          | 0/47 [00:00<?, ?it/s, loss=1, v_num=]         
Epoch 36:   0%|          | 0/47 [00:00<?, ?it/s, loss=1, v_num=]/usr/local/lib/python3.13/dist-packages/torch/utils/data/dataloader.py:432: UserWarning: This DataLoader will create 6 worker processes in total. Our suggested max number of worker in current system is 2, which is smaller than what this DataLoader is going to create. Please be aware that excessive worker creation might get DataLoader running slow or even freeze, lower the worker number to avoid potential slowness/freeze if necessary.
  self.check_worker_number_rationality()

Epoch 36:  43%|████▎     | 20/47 [00:01<00:01, 15.91it/s, loss=1, v_num=]
Epoch 36:  43%|████▎     | 20/47 [00:01<00:01, 15.89it/s, loss=1, v_num=]
Epoch 36:  85%|████████▌ | 40/47 [00:01<00:00, 22.79it/s, loss=1, v_num=]
Epoch 36:  85%|████████▌ | 40/47 [00:01<00:00, 22.78it/s, loss=1, v_num=]
Epoch 36: 100%|██████████| 47/47 [00:02<00:00, 22.34it/s, loss=1, v_num=]
Epoch 36:   0%|          | 0/47 [00:00<?, ?it/s, loss=1, v_num=]         
Epoch 37:   0%|          | 0/47 [00:00<?, ?it/s, loss=1, v_num=]
Epoch 37:  43%|████▎     | 20/47 [00:01<00:01, 19.69it/s, loss=1, v_num=]
Epoch 37:  43%|████▎     | 20/47 [00:01<00:01, 19.67it/s, loss=1, v_num=]
Epoch 37:  85%|████████▌ | 40/47 [00:01<00:00, 25.43it/s, loss=1, v_num=]
Epoch 37:  85%|████████▌ | 40/47 [00:01<00:00, 25.42it/s, loss=1, v_num=]
Epoch 37: 100%|██████████| 47/47 [00:01<00:00, 24.47it/s, loss=1, v_num=]
Epoch 37:   0%|          | 0/47 [00:00<?, ?it/s, loss=1, v_num=]         
Epoch 38:   0%|          | 0/47 [00:00<?, ?it/s, loss=1, v_num=]
Epoch 38:  43%|████▎     | 20/47 [00:00<00:01, 21.56it/s, loss=1, v_num=]
Epoch 38:  43%|████▎     | 20/47 [00:00<00:01, 21.53it/s, loss=1, v_num=]
Epoch 38:  85%|████████▌ | 40/47 [00:01<00:00, 27.14it/s, loss=1, v_num=]
Epoch 38:  85%|████████▌ | 40/47 [00:01<00:00, 27.13it/s, loss=1, v_num=]
Epoch 38: 100%|██████████| 47/47 [00:01<00:00, 26.12it/s, loss=1, v_num=]
Epoch 38:   0%|          | 0/47 [00:00<?, ?it/s, loss=1, v_num=]         
Epoch 39:   0%|          | 0/47 [00:00<?, ?it/s, loss=1, v_num=]
Epoch 39:  43%|████▎     | 20/47 [00:01<00:01, 13.67it/s, loss=1, v_num=]
Epoch 39:  43%|████▎     | 20/47 [00:01<00:01, 13.66it/s, loss=1, v_num=]
Epoch 39:  85%|████████▌ | 40/47 [00:02<00:00, 19.41it/s, loss=1, v_num=]
Epoch 39:  85%|████████▌ | 40/47 [00:02<00:00, 19.40it/s, loss=1, v_num=]
Epoch 39: 100%|██████████| 47/47 [00:02<00:00, 19.45it/s, loss=1, v_num=]
Epoch 39:   0%|          | 0/47 [00:00<?, ?it/s, loss=1, v_num=]         
Epoch 40:   0%|          | 0/47 [00:00<?, ?it/s, loss=1, v_num=]
Epoch 40:  43%|████▎     | 20/47 [00:00<00:00, 33.74it/s, loss=1, v_num=]
Epoch 40:  43%|████▎     | 20/47 [00:00<00:00, 33.70it/s, loss=1, v_num=]
Epoch 40:  85%|████████▌ | 40/47 [00:00<00:00, 43.08it/s, loss=1, v_num=]
Epoch 40:  85%|████████▌ | 40/47 [00:00<00:00, 43.07it/s, loss=1, v_num=]
Epoch 40: 100%|██████████| 47/47 [00:01<00:00, 39.54it/s, loss=1, v_num=]Evaluating...
NMI : 0.0, ARI: 0.0, ACC: 0.05, current K: 1

Epoch 40:   0%|          | 0/47 [00:00<?, ?it/s, loss=1, v_num=]         
Epoch 41:   0%|          | 0/47 [00:00<?, ?it/s, loss=1, v_num=]/usr/local/lib/python3.13/dist-packages/torch/utils/data/dataloader.py:432: UserWarning: This DataLoader will create 6 worker processes in total. Our suggested max number of worker in current system is 2, which is smaller than what this DataLoader is going to create. Please be aware that excessive worker creation might get DataLoader running slow or even freeze, lower the worker number to avoid potential slowness/freeze if necessary.
  self.check_worker_number_rationality()

Epoch 41:  43%|████▎     | 20/47 [00:00<00:00, 33.20it/s, loss=1, v_num=]
Epoch 41:  43%|████▎     | 20/47 [00:00<00:00, 33.16it/s, loss=1, v_num=]
Epoch 41:  85%|████████▌ | 40/47 [00:00<00:00, 42.07it/s, loss=1, v_num=]
Epoch 41:  85%|████████▌ | 40/47 [00:00<00:00, 42.06it/s, loss=1, v_num=]
Epoch 41: 100%|██████████| 47/47 [00:01<00:00, 37.35it/s, loss=1, v_num=]
Epoch 41:   0%|          | 0/47 [00:00<?, ?it/s, loss=1, v_num=]         
Epoch 42:   0%|          | 0/47 [00:00<?, ?it/s, loss=1, v_num=]
Epoch 42:  43%|████▎     | 20/47 [00:00<00:01, 23.80it/s, loss=1, v_num=]
Epoch 42:  43%|████▎     | 20/47 [00:00<00:01, 23.77it/s, loss=1, v_num=]
Epoch 42:  85%|████████▌ | 40/47 [00:01<00:00, 31.39it/s, loss=1, v_num=]
Epoch 42:  85%|████████▌ | 40/47 [00:01<00:00, 31.38it/s, loss=1, v_num=]
Epoch 42: 100%|██████████| 47/47 [00:01<00:00, 28.67it/s, loss=1, v_num=]
Epoch 42:   0%|          | 0/47 [00:00<?, ?it/s, loss=1, v_num=]         
Epoch 43:   0%|          | 0/47 [00:00<?, ?it/s, loss=1, v_num=]
Epoch 43:  43%|████▎     | 20/47 [00:00<00:01, 21.48it/s, loss=1, v_num=]
Epoch 43:  43%|████▎     | 20/47 [00:00<00:01, 21.46it/s, loss=1, v_num=]
Epoch 43:  85%|████████▌ | 40/47 [00:01<00:00, 28.91it/s, loss=1, v_num=]
Epoch 43:  85%|████████▌ | 40/47 [00:01<00:00, 28.90it/s, loss=1, v_num=]
Epoch 43: 100%|██████████| 47/47 [00:01<00:00, 29.00it/s, loss=1, v_num=]
Epoch 43:   0%|          | 0/47 [00:00<?, ?it/s, loss=1, v_num=]         
Epoch 44:   0%|          | 0/47 [00:00<?, ?it/s, loss=1, v_num=]
Epoch 44:  43%|████▎     | 20/47 [00:00<00:00, 32.02it/s, loss=1, v_num=]
Epoch 44:  43%|████▎     | 20/47 [00:00<00:00, 31.98it/s, loss=1, v_num=]
Epoch 44:  85%|████████▌ | 40/47 [00:00<00:00, 41.76it/s, loss=1, v_num=]
Epoch 44:  85%|████████▌ | 40/47 [00:00<00:00, 41.74it/s, loss=1, v_num=]
Epoch 44: 100%|██████████| 47/47 [00:01<00:00, 39.66it/s, loss=1, v_num=]
Epoch 44:   0%|          | 0/47 [00:00<?, ?it/s, loss=1, v_num=]         
Epoch 45:   0%|          | 0/47 [00:00<?, ?it/s, loss=1, v_num=]/usr/local/lib/python3.13/dist-packages/torch/utils/data/dataloader.py:432: UserWarning: This DataLoader will create 6 worker processes in total. Our suggested max number of worker in current system is 2, which is smaller than what this DataLoader is going to create. Please be aware that excessive worker creation might get DataLoader running slow or even freeze, lower the worker number to avoid potential slowness/freeze if necessary.
  self.check_worker_number_rationality()

Epoch 45:  43%|████▎     | 20/47 [00:00<00:00, 28.29it/s, loss=1, v_num=]
Epoch 45:  43%|████▎     | 20/47 [00:00<00:00, 28.26it/s, loss=1.03, v_num=]
Epoch 45:  85%|████████▌ | 40/47 [00:01<00:00, 36.68it/s, loss=1.03, v_num=]
Epoch 45:  85%|████████▌ | 40/47 [00:01<00:00, 36.67it/s, loss=0.951, v_num=]
Epoch 45: 100%|██████████| 47/47 [00:01<00:00, 34.59it/s, loss=0.939, v_num=]Evaluating...
NMI : 0.0, ARI: 0.0, ACC: 0.05, current K: 1

Epoch 45:   0%|          | 0/47 [00:00<?, ?it/s, loss=0.939, v_num=]         
Epoch 46:   0%|          | 0/47 [00:00<?, ?it/s, loss=0.939, v_num=]/usr/local/lib/python3.13/dist-packages/torch/utils/data/dataloader.py:432: UserWarning: This DataLoader will create 6 worker processes in total. Our suggested max number of worker in current system is 2, which is smaller than what this DataLoader is going to create. Please be aware that excessive worker creation might get DataLoader running slow or even freeze, lower the worker number to avoid potential slowness/freeze if necessary.
  self.check_worker_number_rationality()

Epoch 46:  43%|████▎     | 20/47 [00:00<00:00, 29.93it/s, loss=0.939, v_num=]
Epoch 46:  43%|████▎     | 20/47 [00:00<00:00, 29.90it/s, loss=0.945, v_num=]
Epoch 46:  85%|████████▌ | 40/47 [00:01<00:00, 36.96it/s, loss=0.945, v_num=]
Epoch 46:  85%|████████▌ | 40/47 [00:01<00:00, 36.95it/s, loss=0.943, v_num=]
Epoch 46: 100%|██████████| 47/47 [00:01<00:00, 34.82it/s, loss=0.944, v_num=]
Epoch 46:   0%|          | 0/47 [00:00<?, ?it/s, loss=0.944, v_num=]         
Epoch 47:   0%|          | 0/47 [00:00<?, ?it/s, loss=0.944, v_num=]
Epoch 47:  43%|████▎     | 20/47 [00:00<00:00, 29.22it/s, loss=0.944, v_num=]
Epoch 47:  43%|████▎     | 20/47 [00:00<00:00, 29.19it/s, loss=0.928, v_num=]
Epoch 47:  85%|████████▌ | 40/47 [00:01<00:00, 37.29it/s, loss=0.928, v_num=]
Epoch 47:  85%|████████▌ | 40/47 [00:01<00:00, 37.27it/s, loss=0.923, v_num=]
Epoch 47: 100%|██████████| 47/47 [00:01<00:00, 34.56it/s, loss=0.928, v_num=]
Epoch 47:   0%|          | 0/47 [00:00<?, ?it/s, loss=0.928, v_num=]         
Epoch 48:   0%|          | 0/47 [00:00<?, ?it/s, loss=0.928, v_num=]
Epoch 48:  43%|████▎     | 20/47 [00:00<00:00, 29.56it/s, loss=0.928, v_num=]
Epoch 48:  43%|████▎     | 20/47 [00:00<00:00, 29.53it/s, loss=0.927, v_num=]
Epoch 48:  85%|████████▌ | 40/47 [00:01<00:00, 37.30it/s, loss=0.927, v_num=]
Epoch 48:  85%|████████▌ | 40/47 [00:01<00:00, 37.29it/s, loss=0.927, v_num=]
Epoch 48: 100%|██████████| 47/47 [00:01<00:00, 34.44it/s, loss=0.923, v_num=]
Epoch 48:   0%|          | 0/47 [00:00<?, ?it/s, loss=0.923, v_num=]         
Epoch 49:   0%|          | 0/47 [00:00<?, ?it/s, loss=0.923, v_num=]
Epoch 49:  43%|████▎     | 20/47 [00:00<00:00, 29.85it/s, loss=0.923, v_num=]
Epoch 49:  43%|████▎     | 20/47 [00:00<00:00, 29.82it/s, loss=0.925, v_num=]
Epoch 49:  85%|████████▌ | 40/47 [00:01<00:00, 36.72it/s, loss=0.925, v_num=]
Epoch 49:  85%|████████▌ | 40/47 [00:01<00:00, 36.71it/s, loss=0.923, v_num=]
Epoch 49: 100%|██████████| 47/47 [00:01<00:00, 34.74it/s, loss=0.923, v_num=]
Epoch 49:   0%|          | 0/47 [00:00<?, ?it/s, loss=0.923, v_num=]         
Epoch 50:   0%|          | 0/47 [00:00<?, ?it/s, loss=0.923, v_num=]
Epoch 50:  43%|████▎     | 20/47 [00:00<00:00, 29.06it/s, loss=0.923, v_num=]
Epoch 50:  43%|████▎     | 20/47 [00:00<00:00, 29.03it/s, loss=0.926, v_num=]
Epoch 50:  85%|████████▌ | 40/47 [00:01<00:00, 36.93it/s, loss=0.926, v_num=]
Epoch 50:  85%|████████▌ | 40/47 [00:01<00:00, 36.91it/s, loss=0.925, v_num=]
Epoch 50: 100%|██████████| 47/47 [00:01<00:00, 35.15it/s, loss=0.923, v_num=]Evaluating...
NMI : 0.0, ARI: 0.0, ACC: 0.05, current K: 1
Epoch 50 | NMI: 0.0000, ARI: 0.0000, ACC: 0.0500, current K: 1
Confusion Matrix:
[[300   0   0   0   0   0   0   0   0   0   0   0   0   0   0   0   0   0
    0   0]
 [300   0   0   0   0   0   0   0   0   0   0   0   0   0   0   0   0   0
    0   0]
 [300   0   0   0   0   0   0   0   0   0   0   0   0   0   0   0   0   0
    0   0]
 [300   0   0   0   0   0   0   0   0   0   0   0   0   0   0   0   0   0
    0   0]
 [300   0   0   0   0   0   0   0   0   0   0   0   0   0   0   0   0   0
    0   0]
 [300   0   0   0   0   0   0   0   0   0   0   0   0   0   0   0   0   0
    0   0]
 [300   0   0   0   0   0   0   0   0   0   0   0   0   0   0   0   0   0
    0   0]
 [300   0   0   0   0   0   0   0   0   0   0   0   0   0   0   0   0   0
    0   0]
 [300   0   0   0   0   0   0   0   0   0   0   0   0   0   0   0   0   0
    0   0]
 [300   0   0   0   0   0   0   0   0   0   0   0   0   0   0   0   0   0
    0   0]
 [300   0   0   0   0   0   0   0   0   0   0   0   0   0   0   0   0   0
    0   0]
 [300   0   0   0   0   0   0   0   0   0   0   0   0   0   0   0   0   0
    0   0]
 [300   0   0   0   0   0   0   0   0   0   0   0   0   0   0   0   0   0
    0   0]
 [300   0   0   0   0   0   0   0   0   0   0   0   0   0   0   0   0   0
    0   0]
 [300   0   0   0   0   0   0   0   0   0   0   0   0   0   0   0   0   0
    0   0]
 [300   0   0   0   0   0   0   0   0   0   0   0   0   0   0   0   0   0
    0   0]
 [300   0   0   0   0   0   0   0   0   0   0   0   0   0   0   0   0   0
    0   0]
 [300   0   0   0   0   0   0   0   0   0   0   0   0   0   0   0   0   0
    0   0]
 [300   0   0   0   0   0   0   0   0   0   0   0   0   0   0   0   0   0
    0   0]
 [300   0   0   0   0   0   0   0   0   0   0   0   0   0   0   0   0   0
    0   0]]

Epoch 50:   0%|          | 0/47 [00:00<?, ?it/s, loss=0.923, v_num=]         
Epoch 51:   0%|          | 0/47 [00:00<?, ?it/s, loss=0.923, v_num=]/usr/local/lib/python3.13/dist-packages/torch/utils/data/dataloader.py:432: UserWarning: This DataLoader will create 6 worker processes in total. Our suggested max number of worker in current system is 2, which is smaller than what this DataLoader is going to create. Please be aware that excessive worker creation might get DataLoader running slow or even freeze, lower the worker number to avoid potential slowness/freeze if necessary.
  self.check_worker_number_rationality()

Epoch 51:  43%|████▎     | 20/47 [00:00<00:01, 21.62it/s, loss=0.923, v_num=]
Epoch 51:  43%|████▎     | 20/47 [00:00<00:01, 21.60it/s, loss=0.924, v_num=]
Epoch 51:  85%|████████▌ | 40/47 [00:01<00:00, 27.70it/s, loss=0.924, v_num=]
Epoch 51:  85%|████████▌ | 40/47 [00:01<00:00, 27.69it/s, loss=0.927, v_num=]
Epoch 51: 100%|██████████| 47/47 [00:01<00:00, 25.78it/s, loss=0.924, v_num=]
Epoch 51:   0%|          | 0/47 [00:00<?, ?it/s, loss=0.924, v_num=]         
Epoch 52:   0%|          | 0/47 [00:00<?, ?it/s, loss=0.924, v_num=]
Epoch 52:  43%|████▎     | 20/47 [00:00<00:01, 20.46it/s, loss=0.924, v_num=]
Epoch 52:  43%|████▎     | 20/47 [00:00<00:01, 20.43it/s, loss=0.923, v_num=]
Epoch 52:  85%|████████▌ | 40/47 [00:01<00:00, 27.69it/s, loss=0.923, v_num=]
Epoch 52:  85%|████████▌ | 40/47 [00:01<00:00, 27.68it/s, loss=0.923, v_num=]
Epoch 52: 100%|██████████| 47/47 [00:01<00:00, 27.23it/s, loss=0.928, v_num=]
Epoch 52:   0%|          | 0/47 [00:00<?, ?it/s, loss=0.928, v_num=]         
Epoch 53:   0%|          | 0/47 [00:00<?, ?it/s, loss=0.928, v_num=]
Epoch 53:  43%|████▎     | 20/47 [00:00<00:00, 30.37it/s, loss=0.928, v_num=]
Epoch 53:  43%|████▎     | 20/47 [00:00<00:00, 30.34it/s, loss=0.919, v_num=]
Epoch 53:  85%|████████▌ | 40/47 [00:01<00:00, 37.44it/s, loss=0.919, v_num=]
Epoch 53:  85%|████████▌ | 40/47 [00:01<00:00, 37.43it/s, loss=0.926, v_num=]
Epoch 53: 100%|██████████| 47/47 [00:01<00:00, 35.39it/s, loss=0.925, v_num=]
Epoch 53:   0%|          | 0/47 [00:00<?, ?it/s, loss=0.925, v_num=]         
Epoch 54:   0%|          | 0/47 [00:00<?, ?it/s, loss=0.925, v_num=]
Epoch 54:  43%|████▎     | 20/47 [00:00<00:01, 24.68it/s, loss=0.925, v_num=]
Epoch 54:  43%|████▎     | 20/47 [00:00<00:01, 24.66it/s, loss=0.92, v_num=] 
Epoch 54:  85%|████████▌ | 40/47 [00:01<00:00, 33.08it/s, loss=0.92, v_num=]
Epoch 54:  85%|████████▌ | 40/47 [00:01<00:00, 33.07it/s, loss=0.926, v_num=]
Epoch 54: 100%|██████████| 47/47 [00:01<00:00, 32.06it/s, loss=0.926, v_num=]
Epoch 54:   0%|          | 0/47 [00:00<?, ?it/s, loss=0.926, v_num=]         
Epoch 55:   0%|          | 0/47 [00:00<?, ?it/s, loss=0.926, v_num=]
Epoch 55:  43%|████▎     | 20/47 [00:00<00:00, 29.33it/s, loss=0.926, v_num=]
Epoch 55:  43%|████▎     | 20/47 [00:00<00:00, 29.30it/s, loss=0.925, v_num=]
Epoch 55:  85%|████████▌ | 40/47 [00:01<00:00, 36.90it/s, loss=0.925, v_num=]
Epoch 55:  85%|████████▌ | 40/47 [00:01<00:00, 36.89it/s, loss=0.926, v_num=]
Epoch 55: 100%|██████████| 47/47 [00:01<00:00, 34.28it/s, loss=0.924, v_num=]/content/DeepDPM-New/src/clustering_models/clusternet_modules/clusternetasmodel.py:682: UserWarning: To copy construct from a tensor, it is recommended to use sourceTensor.detach().clone() or sourceTensor.detach().clone().requires_grad_(True), rather than torch.tensor(sourceTensor).
  mus_ind_to_split = torch.nonzero(torch.tensor(split_decisions), as_tuple=False)
Splitting clusters [0]
Evaluating...
NMI : 0.0, ARI: 0.0, ACC: 0.05, current K: 1
[Split] K updated → 2 clusters
  [Epoch 55] losses at split → cluster_loss=0.0000, subcluster_loss=0.8484, pairwise_loss=1.0000

Epoch 55:   0%|          | 0/47 [00:00<?, ?it/s, loss=0.924, v_num=]         
Epoch 56:   0%|          | 0/47 [00:00<?, ?it/s, loss=0.924, v_num=]/usr/local/lib/python3.13/dist-packages/torch/utils/data/dataloader.py:432: UserWarning: This DataLoader will create 6 worker processes in total. Our suggested max number of worker in current system is 2, which is smaller than what this DataLoader is going to create. Please be aware that excessive worker creation might get DataLoader running slow or even freeze, lower the worker number to avoid potential slowness/freeze if necessary.
  self.check_worker_number_rationality()

Epoch 56:  43%|████▎     | 20/47 [00:00<00:01, 26.66it/s, loss=0.924, v_num=]
Epoch 56:  43%|████▎     | 20/47 [00:00<00:01, 26.62it/s, loss=1.21, v_num=] 
Epoch 56:  85%|████████▌ | 40/47 [00:01<00:00, 32.59it/s, loss=1.21, v_num=]
Epoch 56:  85%|████████▌ | 40/47 [00:01<00:00, 32.58it/s, loss=1.11, v_num=]
Epoch 56: 100%|██████████| 47/47 [00:01<00:00, 30.93it/s, loss=1.07, v_num=]
Epoch 56:   0%|          | 0/47 [00:00<?, ?it/s, loss=1.07, v_num=]         
Epoch 57:   0%|          | 0/47 [00:00<?, ?it/s, loss=1.07, v_num=]
Epoch 57:  43%|████▎     | 20/47 [00:00<00:01, 26.36it/s, loss=1.07, v_num=]
Epoch 57:  43%|████▎     | 20/47 [00:00<00:01, 26.33it/s, loss=0.926, v_num=]
Epoch 57:  85%|████████▌ | 40/47 [00:01<00:00, 33.20it/s, loss=0.926, v_num=]
Epoch 57:  85%|████████▌ | 40/47 [00:01<00:00, 33.19it/s, loss=0.792, v_num=]
Epoch 57: 100%|██████████| 47/47 [00:01<00:00, 31.36it/s, loss=0.771, v_num=]
Epoch 57:   0%|          | 0/47 [00:00<?, ?it/s, loss=0.771, v_num=]         
Epoch 58:   0%|          | 0/47 [00:00<?, ?it/s, loss=0.771, v_num=]
Epoch 58:  43%|████▎     | 20/47 [00:00<00:00, 27.71it/s, loss=0.771, v_num=]
Epoch 58:  43%|████▎     | 20/47 [00:00<00:00, 27.68it/s, loss=0.704, v_num=]
Epoch 58:  85%|████████▌ | 40/47 [00:01<00:00, 33.73it/s, loss=0.704, v_num=]
Epoch 58:  85%|████████▌ | 40/47 [00:01<00:00, 33.72it/s, loss=0.654, v_num=]
Epoch 58: 100%|██████████| 47/47 [00:01<00:00, 32.10it/s, loss=0.639, v_num=]
Epoch 58:   0%|          | 0/47 [00:00<?, ?it/s, loss=0.639, v_num=]         
Epoch 59:   0%|          | 0/47 [00:00<?, ?it/s, loss=0.639, v_num=]
Epoch 59:  43%|████▎     | 20/47 [00:00<00:01, 23.34it/s, loss=0.639, v_num=]
Epoch 59:  43%|████▎     | 20/47 [00:00<00:01, 23.32it/s, loss=0.632, v_num=]
Epoch 59:  85%|████████▌ | 40/47 [00:01<00:00, 27.75it/s, loss=0.632, v_num=]
Epoch 59:  85%|████████▌ | 40/47 [00:01<00:00, 27.74it/s, loss=0.613, v_num=]
Epoch 59: 100%|██████████| 47/47 [00:01<00:00, 25.18it/s, loss=0.606, v_num=]
Epoch 59:   0%|          | 0/47 [00:00<?, ?it/s, loss=0.606, v_num=]         
Epoch 60:   0%|          | 0/47 [00:00<?, ?it/s, loss=0.606, v_num=]
Epoch 60:  43%|████▎     | 20/47 [00:01<00:01, 19.22it/s, loss=0.606, v_num=]
Epoch 60:  43%|████▎     | 20/47 [00:01<00:01, 19.20it/s, loss=0.598, v_num=]
Epoch 60:  85%|████████▌ | 40/47 [00:01<00:00, 23.56it/s, loss=0.598, v_num=]
Epoch 60:  85%|████████▌ | 40/47 [00:01<00:00, 23.55it/s, loss=0.599, v_num=]
Epoch 60: 100%|██████████| 47/47 [00:01<00:00, 23.60it/s, loss=0.592, v_num=]Evaluating...
NMI : 0.25544481404894154, ARI: 0.07704633033743054, ACC: 0.09783, current K: 2
Epoch 60 | NMI: 0.2554, ARI: 0.0770, ACC: 0.0978, current K: 2
Confusion Matrix:
[[ 14 286   0   0   0   0   0   0   0   0   0   0   0   0   0   0   0   0
    0   0]
 [284  16   0   0   0   0   0   0   0   0   0   0   0   0   0   0   0   0
    0   0]
 [ 25 275   0   0   0   0   0   0   0   0   0   0   0   0   0   0   0   0
    0   0]
 [260  40   0   0   0   0   0   0   0   0   0   0   0   0   0   0   0   0
    0   0]
 [ 39 261   0   0   0   0   0   0   0   0   0   0   0   0   0   0   0   0
    0   0]
 [268  32   0   0   0   0   0   0   0   0   0   0   0   0   0   0   0   0
    0   0]
 [ 23 277   0   0   0   0   0   0   0   0   0   0   0   0   0   0   0   0
    0   0]
 [270  30   0   0   0   0   0   0   0   0   0   0   0   0   0   0   0   0
    0   0]
 [ 13 287   0   0   0   0   0   0   0   0   0   0   0   0   0   0   0   0
    0   0]
 [278  22   0   0   0   0   0   0   0   0   0   0   0   0   0   0   0   0
    0   0]
 [  6 294   0   0   0   0   0   0   0   0   0   0   0   0   0   0   0   0
    0   0]
 [287  13   0   0   0   0   0   0   0   0   0   0   0   0   0   0   0   0
    0   0]
 [  7 293   0   0   0   0   0   0   0   0   0   0   0   0   0   0   0   0
    0   0]
 [293   7   0   0   0   0   0   0   0   0   0   0   0   0   0   0   0   0
    0   0]
 [ 12 288   0   0   0   0   0   0   0   0   0   0   0   0   0   0   0   0
    0   0]
 [287  13   0   0   0   0   0   0   0   0   0   0   0   0   0   0   0   0
    0   0]
 [ 19 281   0   0   0   0   0   0   0   0   0   0   0   0   0   0   0   0
    0   0]
 [291   9   0   0   0   0   0   0   0   0   0   0   0   0   0   0   0   0
    0   0]
 [ 12 288   0   0   0   0   0   0   0   0   0   0   0   0   0   0   0   0
    0   0]
 [283  17   0   0   0   0   0   0   0   0   0   0   0   0   0   0   0   0
    0   0]]

Epoch 60:   0%|          | 0/47 [00:00<?, ?it/s, loss=0.592, v_num=]         
Epoch 61:   0%|          | 0/47 [00:00<?, ?it/s, loss=0.592, v_num=]/usr/local/lib/python3.13/dist-packages/torch/utils/data/dataloader.py:432: UserWarning: This DataLoader will create 6 worker processes in total. Our suggested max number of worker in current system is 2, which is smaller than what this DataLoader is going to create. Please be aware that excessive worker creation might get DataLoader running slow or even freeze, lower the worker number to avoid potential slowness/freeze if necessary.
  self.check_worker_number_rationality()

Epoch 61:  43%|████▎     | 20/47 [00:00<00:01, 26.49it/s, loss=0.592, v_num=]
Epoch 61:  43%|████▎     | 20/47 [00:00<00:01, 26.46it/s, loss=0.585, v_num=]
Epoch 61:  85%|████████▌ | 40/47 [00:01<00:00, 33.13it/s, loss=0.585, v_num=]
Epoch 61:  85%|████████▌ | 40/47 [00:01<00:00, 33.12it/s, loss=0.588, v_num=]
Epoch 61: 100%|██████████| 47/47 [00:01<00:00, 31.31it/s, loss=0.581, v_num=]
Epoch 61:   0%|          | 0/47 [00:00<?, ?it/s, loss=0.581, v_num=]         
Epoch 62:   0%|          | 0/47 [00:00<?, ?it/s, loss=0.581, v_num=]
Epoch 62:  43%|████▎     | 20/47 [00:00<00:00, 27.29it/s, loss=0.581, v_num=]
Epoch 62:  43%|████▎     | 20/47 [00:00<00:00, 27.26it/s, loss=0.563, v_num=]
Epoch 62:  85%|████████▌ | 40/47 [00:01<00:00, 33.21it/s, loss=0.563, v_num=]
Epoch 62:  85%|████████▌ | 40/47 [00:01<00:00, 33.20it/s, loss=0.557, v_num=]
Epoch 62: 100%|██████████| 47/47 [00:01<00:00, 31.57it/s, loss=0.565, v_num=]
Epoch 62:   0%|          | 0/47 [00:00<?, ?it/s, loss=0.565, v_num=]         
Epoch 63:   0%|          | 0/47 [00:00<?, ?it/s, loss=0.565, v_num=]
Epoch 63:  43%|████▎     | 20/47 [00:00<00:01, 26.69it/s, loss=0.565, v_num=]
Epoch 63:  43%|████▎     | 20/47 [00:00<00:01, 26.66it/s, loss=0.56, v_num=] 
Epoch 63:  85%|████████▌ | 40/47 [00:01<00:00, 33.51it/s, loss=0.56, v_num=]
Epoch 63:  85%|████████▌ | 40/47 [00:01<00:00, 33.50it/s, loss=0.565, v_num=]
Epoch 63: 100%|██████████| 47/47 [00:01<00:00, 31.47it/s, loss=0.576, v_num=]
Epoch 63:   0%|          | 0/47 [00:00<?, ?it/s, loss=0.576, v_num=]         
Epoch 64:   0%|          | 0/47 [00:00<?, ?it/s, loss=0.576, v_num=]
Epoch 64:  43%|████▎     | 20/47 [00:00<00:00, 27.02it/s, loss=0.576, v_num=]
Epoch 64:  43%|████▎     | 20/47 [00:00<00:01, 26.98it/s, loss=0.561, v_num=]
Epoch 64:  85%|████████▌ | 40/47 [00:01<00:00, 33.63it/s, loss=0.561, v_num=]
Epoch 64:  85%|████████▌ | 40/47 [00:01<00:00, 33.62it/s, loss=0.573, v_num=]
Epoch 64: 100%|██████████| 47/47 [00:01<00:00, 31.62it/s, loss=0.575, v_num=]
Epoch 64:   0%|          | 0/47 [00:00<?, ?it/s, loss=0.575, v_num=]         
Epoch 65:   0%|          | 0/47 [00:00<?, ?it/s, loss=0.575, v_num=]
Epoch 65:  43%|████▎     | 20/47 [00:00<00:00, 27.08it/s, loss=0.575, v_num=]
Epoch 65:  43%|████▎     | 20/47 [00:00<00:00, 27.05it/s, loss=0.571, v_num=]
Epoch 65:  85%|████████▌ | 40/47 [00:01<00:00, 33.55it/s, loss=0.571, v_num=]
Epoch 65:  85%|████████▌ | 40/47 [00:01<00:00, 33.54it/s, loss=0.565, v_num=]
Epoch 65: 100%|██████████| 47/47 [00:01<00:00, 31.81it/s, loss=0.559, v_num=]Evaluating...
NMI : 0.25676155756486374, ARI: 0.07742892599796324, ACC: 0.09783, current K: 2

Epoch 65:   0%|          | 0/47 [00:00<?, ?it/s, loss=0.559, v_num=]         
Epoch 66:   0%|          | 0/47 [00:00<?, ?it/s, loss=0.559, v_num=]/usr/local/lib/python3.13/dist-packages/torch/utils/data/dataloader.py:432: UserWarning: This DataLoader will create 6 worker processes in total. Our suggested max number of worker in current system is 2, which is smaller than what this DataLoader is going to create. Please be aware that excessive worker creation might get DataLoader running slow or even freeze, lower the worker number to avoid potential slowness/freeze if necessary.
  self.check_worker_number_rationality()

Epoch 66:  43%|████▎     | 20/47 [00:00<00:01, 26.48it/s, loss=0.559, v_num=]
Epoch 66:  43%|████▎     | 20/47 [00:00<00:01, 26.45it/s, loss=0.562, v_num=]
Epoch 66:  85%|████████▌ | 40/47 [00:01<00:00, 32.79it/s, loss=0.562, v_num=]
Epoch 66:  85%|████████▌ | 40/47 [00:01<00:00, 32.78it/s, loss=0.556, v_num=]
Epoch 66: 100%|██████████| 47/47 [00:01<00:00, 31.08it/s, loss=0.57, v_num=] 
Epoch 66:   0%|          | 0/47 [00:00<?, ?it/s, loss=0.57, v_num=]         
Epoch 67:   0%|          | 0/47 [00:00<?, ?it/s, loss=0.57, v_num=]
Epoch 67:  43%|████▎     | 20/47 [00:00<00:01, 22.08it/s, loss=0.57, v_num=]
Epoch 67:  43%|████▎     | 20/47 [00:00<00:01, 22.06it/s, loss=0.559, v_num=]
Epoch 67:  85%|████████▌ | 40/47 [00:01<00:00, 27.12it/s, loss=0.559, v_num=]
Epoch 67:  85%|████████▌ | 40/47 [00:01<00:00, 27.11it/s, loss=0.568, v_num=]
Epoch 67: 100%|██████████| 47/47 [00:01<00:00, 24.80it/s, loss=0.563, v_num=]
Epoch 67:   0%|          | 0/47 [00:00<?, ?it/s, loss=0.563, v_num=]         
Epoch 68:   0%|          | 0/47 [00:00<?, ?it/s, loss=0.563, v_num=]
Epoch 68:  43%|████▎     | 20/47 [00:01<00:01, 18.33it/s, loss=0.563, v_num=]
Epoch 68:  43%|████▎     | 20/47 [00:01<00:01, 18.32it/s, loss=0.557, v_num=]
Epoch 68:  85%|████████▌ | 40/47 [00:01<00:00, 23.29it/s, loss=0.557, v_num=]
Epoch 68:  85%|████████▌ | 40/47 [00:01<00:00, 23.29it/s, loss=0.563, v_num=]
Epoch 68: 100%|██████████| 47/47 [00:02<00:00, 23.25it/s, loss=0.557, v_num=]
Epoch 68:   0%|          | 0/47 [00:00<?, ?it/s, loss=0.557, v_num=]         
Epoch 69:   0%|          | 0/47 [00:00<?, ?it/s, loss=0.557, v_num=]
Epoch 69:  43%|████▎     | 20/47 [00:00<00:00, 27.03it/s, loss=0.557, v_num=]
Epoch 69:  43%|████▎     | 20/47 [00:00<00:01, 27.00it/s, loss=0.565, v_num=]
Epoch 69:  85%|████████▌ | 40/47 [00:01<00:00, 33.02it/s, loss=0.565, v_num=]
Epoch 69:  85%|████████▌ | 40/47 [00:01<00:00, 33.01it/s, loss=0.554, v_num=]
Epoch 69: 100%|██████████| 47/47 [00:01<00:00, 31.45it/s, loss=0.563, v_num=]
Epoch 69:   0%|          | 0/47 [00:00<?, ?it/s, loss=0.563, v_num=]         
Epoch 70:   0%|          | 0/47 [00:00<?, ?it/s, loss=0.563, v_num=]
Epoch 70:  43%|████▎     | 20/47 [00:00<00:01, 26.40it/s, loss=0.563, v_num=]
Epoch 70:  43%|████▎     | 20/47 [00:00<00:01, 26.37it/s, loss=0.553, v_num=]
Epoch 70:  85%|████████▌ | 40/47 [00:01<00:00, 33.01it/s, loss=0.553, v_num=]
Epoch 70:  85%|████████▌ | 40/47 [00:01<00:00, 33.00it/s, loss=0.57, v_num=] 
Epoch 70: 100%|██████████| 47/47 [00:01<00:00, 31.36it/s, loss=0.566, v_num=]Evaluating...
NMI : 0.25712787547353483, ARI: 0.07743889463868453, ACC: 0.09833, current K: 2
Epoch 70 | NMI: 0.2571, ARI: 0.0774, ACC: 0.0983, current K: 2
Confusion Matrix:
[[ 15 285   0   0   0   0   0   0   0   0   0   0   0   0   0   0   0   0
    0   0]
 [278  22   0   0   0   0   0   0   0   0   0   0   0   0   0   0   0   0
    0   0]
 [ 21 279   0   0   0   0   0   0   0   0   0   0   0   0   0   0   0   0
    0   0]
 [267  33   0   0   0   0   0   0   0   0   0   0   0   0   0   0   0   0
    0   0]
 [ 36 264   0   0   0   0   0   0   0   0   0   0   0   0   0   0   0   0
    0   0]
 [263  37   0   0   0   0   0   0   0   0   0   0   0   0   0   0   0   0
    0   0]
 [ 22 278   0   0   0   0   0   0   0   0   0   0   0   0   0   0   0   0
    0   0]
 [272  28   0   0   0   0   0   0   0   0   0   0   0   0   0   0   0   0
    0   0]
 [ 14 286   0   0   0   0   0   0   0   0   0   0   0   0   0   0   0   0
    0   0]
 [278  22   0   0   0   0   0   0   0   0   0   0   0   0   0   0   0   0
    0   0]
 [  7 293   0   0   0   0   0   0   0   0   0   0   0   0   0   0   0   0
    0   0]
 [282  18   0   0   0   0   0   0   0   0   0   0   0   0   0   0   0   0
    0   0]
 [  4 296   0   0   0   0   0   0   0   0   0   0   0   0   0   0   0   0
    0   0]
 [294   6   0   0   0   0   0   0   0   0   0   0   0   0   0   0   0   0
    0   0]
 [ 11 289   0   0   0   0   0   0   0   0   0   0   0   0   0   0   0   0
    0   0]
 [289  11   0   0   0   0   0   0   0   0   0   0   0   0   0   0   0   0
    0   0]
 [ 15 285   0   0   0   0   0   0   0   0   0   0   0   0   0   0   0   0
    0   0]
 [290  10   0   0   0   0   0   0   0   0   0   0   0   0   0   0   0   0
    0   0]
 [ 12 288   0   0   0   0   0   0   0   0   0   0   0   0   0   0   0   0
    0   0]
 [283  17   0   0   0   0   0   0   0   0   0   0   0   0   0   0   0   0
    0   0]]

Epoch 70:   0%|          | 0/47 [00:00<?, ?it/s, loss=0.566, v_num=]         
Epoch 71:   0%|          | 0/47 [00:00<?, ?it/s, loss=0.566, v_num=]/usr/local/lib/python3.13/dist-packages/torch/utils/data/dataloader.py:432: UserWarning: This DataLoader will create 6 worker processes in total. Our suggested max number of worker in current system is 2, which is smaller than what this DataLoader is going to create. Please be aware that excessive worker creation might get DataLoader running slow or even freeze, lower the worker number to avoid potential slowness/freeze if necessary.
  self.check_worker_number_rationality()

Epoch 71:  43%|████▎     | 20/47 [00:00<00:00, 27.14it/s, loss=0.566, v_num=]
Epoch 71:  43%|████▎     | 20/47 [00:00<00:00, 27.11it/s, loss=0.56, v_num=] 
Epoch 71:  85%|████████▌ | 40/47 [00:01<00:00, 32.85it/s, loss=0.56, v_num=]
Epoch 71:  85%|████████▌ | 40/47 [00:01<00:00, 32.83it/s, loss=0.564, v_num=]
Epoch 71: 100%|██████████| 47/47 [00:01<00:00, 31.31it/s, loss=0.554, v_num=]
Epoch 71:   0%|          | 0/47 [00:00<?, ?it/s, loss=0.554, v_num=]         
Epoch 72:   0%|          | 0/47 [00:00<?, ?it/s, loss=0.554, v_num=]
Epoch 72:  43%|████▎     | 20/47 [00:00<00:01, 26.52it/s, loss=0.554, v_num=]
Epoch 72:  43%|████▎     | 20/47 [00:00<00:01, 26.49it/s, loss=0.561, v_num=]
Epoch 72:  85%|████████▌ | 40/47 [00:01<00:00, 33.17it/s, loss=0.561, v_num=]
Epoch 72:  85%|████████▌ | 40/47 [00:01<00:00, 33.16it/s, loss=0.561, v_num=]
Epoch 72: 100%|██████████| 47/47 [00:01<00:00, 29.92it/s, loss=0.567, v_num=]
Epoch 72:   0%|          | 0/47 [00:00<?, ?it/s, loss=0.567, v_num=]         
Epoch 73:   0%|          | 0/47 [00:00<?, ?it/s, loss=0.567, v_num=]
Epoch 73:  43%|████▎     | 20/47 [00:00<00:00, 27.44it/s, loss=0.567, v_num=]
Epoch 73:  43%|████▎     | 20/47 [00:00<00:00, 27.41it/s, loss=0.563, v_num=]
Epoch 73:  85%|████████▌ | 40/47 [00:01<00:00, 33.03it/s, loss=0.563, v_num=]
Epoch 73:  85%|████████▌ | 40/47 [00:01<00:00, 33.02it/s, loss=0.554, v_num=]
Epoch 73: 100%|██████████| 47/47 [00:01<00:00, 31.21it/s, loss=0.563, v_num=]
Epoch 73:   0%|          | 0/47 [00:00<?, ?it/s, loss=0.563, v_num=]         
Epoch 74:   0%|          | 0/47 [00:00<?, ?it/s, loss=0.563, v_num=]
Epoch 74:  43%|████▎     | 20/47 [00:00<00:01, 26.61it/s, loss=0.563, v_num=]
Epoch 74:  43%|████▎     | 20/47 [00:00<00:01, 26.58it/s, loss=0.566, v_num=]
Epoch 74:  85%|████████▌ | 40/47 [00:01<00:00, 33.19it/s, loss=0.566, v_num=]
Epoch 74:  85%|████████▌ | 40/47 [00:01<00:00, 33.18it/s, loss=0.558, v_num=]
Epoch 74: 100%|██████████| 47/47 [00:01<00:00, 31.31it/s, loss=0.565, v_num=]
Epoch 74:   0%|          | 0/47 [00:00<?, ?it/s, loss=0.565, v_num=]         
Epoch 75:   0%|          | 0/47 [00:00<?, ?it/s, loss=0.565, v_num=]
Epoch 75:  43%|████▎     | 20/47 [00:00<00:01, 20.11it/s, loss=0.565, v_num=]
Epoch 75:  43%|████▎     | 20/47 [00:00<00:01, 20.09it/s, loss=0.554, v_num=]
Epoch 75:  85%|████████▌ | 40/47 [00:01<00:00, 25.52it/s, loss=0.554, v_num=]
Epoch 75:  85%|████████▌ | 40/47 [00:01<00:00, 25.51it/s, loss=0.565, v_num=]
Epoch 75: 100%|██████████| 47/47 [00:01<00:00, 23.92it/s, loss=0.561, v_num=]Evaluating...
NMI : 0.25626762392475805, ARI: 0.07721970838105893, ACC: 0.09833, current K: 2

Epoch 75:   0%|          | 0/47 [00:00<?, ?it/s, loss=0.561, v_num=]         
Epoch 76:   0%|          | 0/47 [00:00<?, ?it/s, loss=0.561, v_num=]/usr/local/lib/python3.13/dist-packages/torch/utils/data/dataloader.py:432: UserWarning: This DataLoader will create 6 worker processes in total. Our suggested max number of worker in current system is 2, which is smaller than what this DataLoader is going to create. Please be aware that excessive worker creation might get DataLoader running slow or even freeze, lower the worker number to avoid potential slowness/freeze if necessary.
  self.check_worker_number_rationality()

Epoch 76:  43%|████▎     | 20/47 [00:01<00:01, 18.23it/s, loss=0.561, v_num=]
Epoch 76:  43%|████▎     | 20/47 [00:01<00:01, 18.21it/s, loss=0.557, v_num=]
Epoch 76:  85%|████████▌ | 40/47 [00:01<00:00, 25.15it/s, loss=0.557, v_num=]
Epoch 76:  85%|████████▌ | 40/47 [00:01<00:00, 25.15it/s, loss=0.566, v_num=]
Epoch 76: 100%|██████████| 47/47 [00:01<00:00, 25.06it/s, loss=0.549, v_num=]
Epoch 76:   0%|          | 0/47 [00:00<?, ?it/s, loss=0.549, v_num=]         
Epoch 77:   0%|          | 0/47 [00:00<?, ?it/s, loss=0.549, v_num=]
Epoch 77:  43%|████▎     | 20/47 [00:00<00:00, 27.22it/s, loss=0.549, v_num=]
Epoch 77:  43%|████▎     | 20/47 [00:00<00:00, 27.20it/s, loss=0.559, v_num=]
Epoch 77:  85%|████████▌ | 40/47 [00:01<00:00, 33.91it/s, loss=0.559, v_num=]
Epoch 77:  85%|████████▌ | 40/47 [00:01<00:00, 33.90it/s, loss=0.561, v_num=]
Epoch 77: 100%|██████████| 47/47 [00:01<00:00, 31.68it/s, loss=0.565, v_num=]
Epoch 77:   0%|          | 0/47 [00:00<?, ?it/s, loss=0.565, v_num=]         
Epoch 78:   0%|          | 0/47 [00:00<?, ?it/s, loss=0.565, v_num=]
Epoch 78:  43%|████▎     | 20/47 [00:00<00:00, 28.21it/s, loss=0.565, v_num=]
Epoch 78:  43%|████▎     | 20/47 [00:00<00:00, 28.18it/s, loss=0.564, v_num=]
Epoch 78:  85%|████████▌ | 40/47 [00:01<00:00, 34.03it/s, loss=0.564, v_num=]
Epoch 78:  85%|████████▌ | 40/47 [00:01<00:00, 34.02it/s, loss=0.554, v_num=]
Epoch 78: 100%|██████████| 47/47 [00:01<00:00, 32.12it/s, loss=0.553, v_num=]
Epoch 78:   0%|          | 0/47 [00:00<?, ?it/s, loss=0.553, v_num=]         
Epoch 79:   0%|          | 0/47 [00:00<?, ?it/s, loss=0.553, v_num=]
Epoch 79:  43%|████▎     | 20/47 [00:00<00:00, 27.23it/s, loss=0.553, v_num=]
Epoch 79:  43%|████▎     | 20/47 [00:00<00:00, 27.20it/s, loss=0.565, v_num=]
Epoch 79:  85%|████████▌ | 40/47 [00:01<00:00, 33.39it/s, loss=0.565, v_num=]
Epoch 79:  85%|████████▌ | 40/47 [00:01<00:00, 33.38it/s, loss=0.563, v_num=]
Epoch 79: 100%|██████████| 47/47 [00:01<00:00, 31.13it/s, loss=0.555, v_num=]
Epoch 79:   0%|          | 0/47 [00:00<?, ?it/s, loss=0.555, v_num=]         
Epoch 80:   0%|          | 0/47 [00:00<?, ?it/s, loss=0.555, v_num=]
Epoch 80:  43%|████▎     | 20/47 [00:00<00:00, 28.17it/s, loss=0.555, v_num=]
Epoch 80:  43%|████▎     | 20/47 [00:00<00:00, 28.14it/s, loss=0.564, v_num=]
Epoch 80:  85%|████████▌ | 40/47 [00:01<00:00, 34.32it/s, loss=0.564, v_num=]
Epoch 80:  85%|████████▌ | 40/47 [00:01<00:00, 34.31it/s, loss=0.543, v_num=]
Epoch 80: 100%|██████████| 47/47 [00:01<00:00, 32.21it/s, loss=0.567, v_num=]Evaluating...
NMI : 0.2569229290033685, ARI: 0.0773849083218714, ACC: 0.09833, current K: 2
Epoch 80 | NMI: 0.2569, ARI: 0.0774, ACC: 0.0983, current K: 2
Confusion Matrix:
[[ 15 285   0   0   0   0   0   0   0   0   0   0   0   0   0   0   0   0
    0   0]
 [275  25   0   0   0   0   0   0   0   0   0   0   0   0   0   0   0   0
    0   0]
 [ 19 281   0   0   0   0   0   0   0   0   0   0   0   0   0   0   0   0
    0   0]
 [272  28   0   0   0   0   0   0   0   0   0   0   0   0   0   0   0   0
    0   0]
 [ 37 263   0   0   0   0   0   0   0   0   0   0   0   0   0   0   0   0
    0   0]
 [260  40   0   0   0   0   0   0   0   0   0   0   0   0   0   0   0   0
    0   0]
 [ 20 280   0   0   0   0   0   0   0   0   0   0   0   0   0   0   0   0
    0   0]
 [270  30   0   0   0   0   0   0   0   0   0   0   0   0   0   0   0   0
    0   0]
 [ 14 286   0   0   0   0   0   0   0   0   0   0   0   0   0   0   0   0
    0   0]
 [279  21   0   0   0   0   0   0   0   0   0   0   0   0   0   0   0   0
    0   0]
 [  8 292   0   0   0   0   0   0   0   0   0   0   0   0   0   0   0   0
    0   0]
 [282  18   0   0   0   0   0   0   0   0   0   0   0   0   0   0   0   0
    0   0]
 [  4 296   0   0   0   0   0   0   0   0   0   0   0   0   0   0   0   0
    0   0]
 [294   6   0   0   0   0   0   0   0   0   0   0   0   0   0   0   0   0
    0   0]
 [ 12 288   0   0   0   0   0   0   0   0   0   0   0   0   0   0   0   0
    0   0]
 [290  10   0   0   0   0   0   0   0   0   0   0   0   0   0   0   0   0
    0   0]
 [ 15 285   0   0   0   0   0   0   0   0   0   0   0   0   0   0   0   0
    0   0]
 [289  11   0   0   0   0   0   0   0   0   0   0   0   0   0   0   0   0
    0   0]
 [ 11 289   0   0   0   0   0   0   0   0   0   0   0   0   0   0   0   0
    0   0]
 [282  18   0   0   0   0   0   0   0   0   0   0   0   0   0   0   0   0
    0   0]]

Epoch 80:   0%|          | 0/47 [00:00<?, ?it/s, loss=0.567, v_num=]         
Epoch 81:   0%|          | 0/47 [00:00<?, ?it/s, loss=0.567, v_num=]/usr/local/lib/python3.13/dist-packages/torch/utils/data/dataloader.py:432: UserWarning: This DataLoader will create 6 worker processes in total. Our suggested max number of worker in current system is 2, which is smaller than what this DataLoader is going to create. Please be aware that excessive worker creation might get DataLoader running slow or even freeze, lower the worker number to avoid potential slowness/freeze if necessary.
  self.check_worker_number_rationality()

Epoch 81:  43%|████▎     | 20/47 [00:00<00:01, 25.48it/s, loss=0.567, v_num=]
Epoch 81:  43%|████▎     | 20/47 [00:00<00:01, 25.45it/s, loss=0.559, v_num=]
Epoch 81:  85%|████████▌ | 40/47 [00:01<00:00, 32.06it/s, loss=0.559, v_num=]
Epoch 81:  85%|████████▌ | 40/47 [00:01<00:00, 32.05it/s, loss=0.553, v_num=]
Epoch 81: 100%|██████████| 47/47 [00:01<00:00, 30.42it/s, loss=0.562, v_num=]
Epoch 81:   0%|          | 0/47 [00:00<?, ?it/s, loss=0.562, v_num=]         
Epoch 82:   0%|          | 0/47 [00:00<?, ?it/s, loss=0.562, v_num=]
Epoch 82:  43%|████▎     | 20/47 [00:00<00:00, 28.29it/s, loss=0.562, v_num=]
Epoch 82:  43%|████▎     | 20/47 [00:00<00:00, 28.26it/s, loss=0.564, v_num=]
Epoch 82:  85%|████████▌ | 40/47 [00:01<00:00, 34.28it/s, loss=0.564, v_num=]
Epoch 82:  85%|████████▌ | 40/47 [00:01<00:00, 34.26it/s, loss=0.567, v_num=]
Epoch 82: 100%|██████████| 47/47 [00:01<00:00, 32.52it/s, loss=0.559, v_num=]
Epoch 82:   0%|          | 0/47 [00:00<?, ?it/s, loss=0.559, v_num=]         
Epoch 83:   0%|          | 0/47 [00:00<?, ?it/s, loss=0.559, v_num=]
Epoch 83:  43%|████▎     | 20/47 [00:00<00:01, 20.32it/s, loss=0.559, v_num=]
Epoch 83:  43%|████▎     | 20/47 [00:00<00:01, 20.31it/s, loss=0.558, v_num=]
Epoch 83:  85%|████████▌ | 40/47 [00:01<00:00, 25.95it/s, loss=0.558, v_num=]
Epoch 83:  85%|████████▌ | 40/47 [00:01<00:00, 25.94it/s, loss=0.56, v_num=] 
Epoch 83: 100%|██████████| 47/47 [00:01<00:00, 23.69it/s, loss=0.548, v_num=]
Epoch 83:   0%|          | 0/47 [00:00<?, ?it/s, loss=0.548, v_num=]         
Epoch 84:   0%|          | 0/47 [00:00<?, ?it/s, loss=0.548, v_num=]
Epoch 84:  43%|████▎     | 20/47 [00:01<00:01, 18.11it/s, loss=0.548, v_num=]
Epoch 84:  43%|████▎     | 20/47 [00:01<00:01, 18.10it/s, loss=0.549, v_num=]
Epoch 84:  85%|████████▌ | 40/47 [00:01<00:00, 25.46it/s, loss=0.549, v_num=]
Epoch 84:  85%|████████▌ | 40/47 [00:01<00:00, 25.46it/s, loss=0.569, v_num=]
Epoch 84: 100%|██████████| 47/47 [00:01<00:00, 25.20it/s, loss=0.559, v_num=]
Epoch 84:   0%|          | 0/47 [00:00<?, ?it/s, loss=0.559, v_num=]         
Epoch 85:   0%|          | 0/47 [00:00<?, ?it/s, loss=0.559, v_num=]
Epoch 85:  43%|████▎     | 20/47 [00:00<00:00, 27.23it/s, loss=0.559, v_num=]
Epoch 85:  43%|████▎     | 20/47 [00:00<00:00, 27.20it/s, loss=0.558, v_num=]
Epoch 85:  85%|████████▌ | 40/47 [00:01<00:00, 33.38it/s, loss=0.558, v_num=]
Epoch 85:  85%|████████▌ | 40/47 [00:01<00:00, 33.36it/s, loss=0.563, v_num=]
Epoch 85: 100%|██████████| 47/47 [00:01<00:00, 31.20it/s, loss=0.557, v_num=]Evaluating...
NMI : 0.25737509221109495, ARI: 0.07750444548422147, ACC: 0.09833, current K: 2

Epoch 85:   0%|          | 0/47 [00:00<?, ?it/s, loss=0.557, v_num=]         
Epoch 86:   0%|          | 0/47 [00:00<?, ?it/s, loss=0.557, v_num=]/usr/local/lib/python3.13/dist-packages/torch/utils/data/dataloader.py:432: UserWarning: This DataLoader will create 6 worker processes in total. Our suggested max number of worker in current system is 2, which is smaller than what this DataLoader is going to create. Please be aware that excessive worker creation might get DataLoader running slow or even freeze, lower the worker number to avoid potential slowness/freeze if necessary.
  self.check_worker_number_rationality()

Epoch 86:  43%|████▎     | 20/47 [00:00<00:01, 26.99it/s, loss=0.557, v_num=]
Epoch 86:  43%|████▎     | 20/47 [00:00<00:01, 26.96it/s, loss=0.562, v_num=]
Epoch 86:  85%|████████▌ | 40/47 [00:01<00:00, 33.41it/s, loss=0.562, v_num=]
Epoch 86:  85%|████████▌ | 40/47 [00:01<00:00, 33.40it/s, loss=0.562, v_num=]
Epoch 86: 100%|██████████| 47/47 [00:01<00:00, 31.50it/s, loss=0.552, v_num=]
Epoch 86:   0%|          | 0/47 [00:00<?, ?it/s, loss=0.552, v_num=]         
Epoch 87:   0%|          | 0/47 [00:00<?, ?it/s, loss=0.552, v_num=]
Epoch 87:  43%|████▎     | 20/47 [00:00<00:00, 27.15it/s, loss=0.552, v_num=]
Epoch 87:  43%|████▎     | 20/47 [00:00<00:00, 27.12it/s, loss=0.559, v_num=]
Epoch 87:  85%|████████▌ | 40/47 [00:01<00:00, 32.88it/s, loss=0.559, v_num=]
Epoch 87:  85%|████████▌ | 40/47 [00:01<00:00, 32.86it/s, loss=0.556, v_num=]
Epoch 87: 100%|██████████| 47/47 [00:01<00:00, 31.27it/s, loss=0.551, v_num=]
Epoch 87:   0%|          | 0/47 [00:00<?, ?it/s, loss=0.551, v_num=]         
Epoch 88:   0%|          | 0/47 [00:00<?, ?it/s, loss=0.551, v_num=]
Epoch 88:  43%|████▎     | 20/47 [00:00<00:00, 27.14it/s, loss=0.551, v_num=]
Epoch 88:  43%|████▎     | 20/47 [00:00<00:00, 27.11it/s, loss=0.557, v_num=]
Epoch 88:  85%|████████▌ | 40/47 [00:01<00:00, 33.52it/s, loss=0.557, v_num=]
Epoch 88:  85%|████████▌ | 40/47 [00:01<00:00, 33.51it/s, loss=0.571, v_num=]
Epoch 88: 100%|██████████| 47/47 [00:01<00:00, 31.27it/s, loss=0.563, v_num=]
Epoch 88:   0%|          | 0/47 [00:00<?, ?it/s, loss=0.563, v_num=]         
Epoch 89:   0%|          | 0/47 [00:00<?, ?it/s, loss=0.563, v_num=]
Epoch 89:  43%|████▎     | 20/47 [00:00<00:00, 27.89it/s, loss=0.563, v_num=]
Epoch 89:  43%|████▎     | 20/47 [00:00<00:00, 27.86it/s, loss=0.572, v_num=]
Epoch 89:  85%|████████▌ | 40/47 [00:01<00:00, 34.07it/s, loss=0.572, v_num=]
Epoch 89:  85%|████████▌ | 40/47 [00:01<00:00, 34.06it/s, loss=0.553, v_num=]
Epoch 89: 100%|██████████| 47/47 [00:01<00:00, 32.24it/s, loss=0.557, v_num=]
Epoch 89:   0%|          | 0/47 [00:00<?, ?it/s, loss=0.557, v_num=]         
Epoch 90:   0%|          | 0/47 [00:00<?, ?it/s, loss=0.557, v_num=]
Epoch 90:  43%|████▎     | 20/47 [00:00<00:00, 27.35it/s, loss=0.557, v_num=]
Epoch 90:  43%|████▎     | 20/47 [00:00<00:00, 27.32it/s, loss=0.553, v_num=]
Epoch 90:  85%|████████▌ | 40/47 [00:01<00:00, 34.00it/s, loss=0.553, v_num=]
Epoch 90:  85%|████████▌ | 40/47 [00:01<00:00, 33.99it/s, loss=0.557, v_num=]
Epoch 90: 100%|██████████| 47/47 [00:01<00:00, 31.96it/s, loss=0.557, v_num=]Evaluating...
NMI : 0.2574143694984733, ARI: 0.07754646049277956, ACC: 0.09833, current K: 2
Epoch 90 | NMI: 0.2574, ARI: 0.0775, ACC: 0.0983, current K: 2
Confusion Matrix:
[[ 17 283   0   0   0   0   0   0   0   0   0   0   0   0   0   0   0   0
    0   0]
 [275  25   0   0   0   0   0   0   0   0   0   0   0   0   0   0   0   0
    0   0]
 [ 18 282   0   0   0   0   0   0   0   0   0   0   0   0   0   0   0   0
    0   0]
 [273  27   0   0   0   0   0   0   0   0   0   0   0   0   0   0   0   0
    0   0]
 [ 37 263   0   0   0   0   0   0   0   0   0   0   0   0   0   0   0   0
    0   0]
 [261  39   0   0   0   0   0   0   0   0   0   0   0   0   0   0   0   0
    0   0]
 [ 19 281   0   0   0   0   0   0   0   0   0   0   0   0   0   0   0   0
    0   0]
 [270  30   0   0   0   0   0   0   0   0   0   0   0   0   0   0   0   0
    0   0]
 [ 14 286   0   0   0   0   0   0   0   0   0   0   0   0   0   0   0   0
    0   0]
 [280  20   0   0   0   0   0   0   0   0   0   0   0   0   0   0   0   0
    0   0]
 [  9 291   0   0   0   0   0   0   0   0   0   0   0   0   0   0   0   0
    0   0]
 [284  16   0   0   0   0   0   0   0   0   0   0   0   0   0   0   0   0
    0   0]
 [  4 296   0   0   0   0   0   0   0   0   0   0   0   0   0   0   0   0
    0   0]
 [294   6   0   0   0   0   0   0   0   0   0   0   0   0   0   0   0   0
    0   0]
 [ 12 288   0   0   0   0   0   0   0   0   0   0   0   0   0   0   0   0
    0   0]
 [290  10   0   0   0   0   0   0   0   0   0   0   0   0   0   0   0   0
    0   0]
 [ 15 285   0   0   0   0   0   0   0   0   0   0   0   0   0   0   0   0
    0   0]
 [288  12   0   0   0   0   0   0   0   0   0   0   0   0   0   0   0   0
    0   0]
 [ 11 289   0   0   0   0   0   0   0   0   0   0   0   0   0   0   0   0
    0   0]
 [282  18   0   0   0   0   0   0   0   0   0   0   0   0   0   0   0   0
    0   0]]

Epoch 90:   0%|          | 0/47 [00:00<?, ?it/s, loss=0.557, v_num=]         
Epoch 91:   0%|          | 0/47 [00:00<?, ?it/s, loss=0.557, v_num=]/usr/local/lib/python3.13/dist-packages/torch/utils/data/dataloader.py:432: UserWarning: This DataLoader will create 6 worker processes in total. Our suggested max number of worker in current system is 2, which is smaller than what this DataLoader is going to create. Please be aware that excessive worker creation might get DataLoader running slow or even freeze, lower the worker number to avoid potential slowness/freeze if necessary.
  self.check_worker_number_rationality()

Epoch 91:  43%|████▎     | 20/47 [00:01<00:01, 15.87it/s, loss=0.557, v_num=]
Epoch 91:  43%|████▎     | 20/47 [00:01<00:01, 15.86it/s, loss=0.562, v_num=]
Epoch 91:  85%|████████▌ | 40/47 [00:01<00:00, 22.05it/s, loss=0.562, v_num=]
Epoch 91:  85%|████████▌ | 40/47 [00:01<00:00, 22.05it/s, loss=0.553, v_num=]
Epoch 91: 100%|██████████| 47/47 [00:02<00:00, 21.35it/s, loss=0.553, v_num=]
Epoch 91:   0%|          | 0/47 [00:00<?, ?it/s, loss=0.553, v_num=]         
Epoch 92:   0%|          | 0/47 [00:00<?, ?it/s, loss=0.553, v_num=]
Epoch 92:  43%|████▎     | 20/47 [00:01<00:01, 17.36it/s, loss=0.553, v_num=]
Epoch 92:  43%|████▎     | 20/47 [00:01<00:01, 17.35it/s, loss=0.556, v_num=]
Epoch 92:  85%|████████▌ | 40/47 [00:01<00:00, 24.96it/s, loss=0.556, v_num=]
Epoch 92:  85%|████████▌ | 40/47 [00:01<00:00, 24.96it/s, loss=0.564, v_num=]
Epoch 92: 100%|██████████| 47/47 [00:01<00:00, 25.00it/s, loss=0.563, v_num=]
Epoch 92:   0%|          | 0/47 [00:00<?, ?it/s, loss=0.563, v_num=]         
Epoch 93:   0%|          | 0/47 [00:00<?, ?it/s, loss=0.563, v_num=]
Epoch 93:  43%|████▎     | 20/47 [00:00<00:01, 26.87it/s, loss=0.563, v_num=]
Epoch 93:  43%|████▎     | 20/47 [00:00<00:01, 26.84it/s, loss=0.568, v_num=]
Epoch 93:  85%|████████▌ | 40/47 [00:01<00:00, 32.88it/s, loss=0.568, v_num=]
Epoch 93:  85%|████████▌ | 40/47 [00:01<00:00, 32.87it/s, loss=0.553, v_num=]
Epoch 93: 100%|██████████| 47/47 [00:01<00:00, 31.41it/s, loss=0.549, v_num=]
Epoch 93:   0%|          | 0/47 [00:00<?, ?it/s, loss=0.549, v_num=]         
Epoch 94:   0%|          | 0/47 [00:00<?, ?it/s, loss=0.549, v_num=]
Epoch 94:  43%|████▎     | 20/47 [00:00<00:00, 27.38it/s, loss=0.549, v_num=]
Epoch 94:  43%|████▎     | 20/47 [00:00<00:00, 27.35it/s, loss=0.56, v_num=] 
Epoch 94:  85%|████████▌ | 40/47 [00:01<00:00, 34.15it/s, loss=0.56, v_num=]
Epoch 94:  85%|████████▌ | 40/47 [00:01<00:00, 34.14it/s, loss=0.55, v_num=]
Epoch 94: 100%|██████████| 47/47 [00:01<00:00, 32.24it/s, loss=0.557, v_num=]
Epoch 94:   0%|          | 0/47 [00:00<?, ?it/s, loss=0.557, v_num=]         
Epoch 95:   0%|          | 0/47 [00:00<?, ?it/s, loss=0.557, v_num=]
Epoch 95:  43%|████▎     | 20/47 [00:00<00:01, 26.77it/s, loss=0.557, v_num=]
Epoch 95:  43%|████▎     | 20/47 [00:00<00:01, 26.74it/s, loss=0.556, v_num=]
Epoch 95:  85%|████████▌ | 40/47 [00:01<00:00, 32.77it/s, loss=0.556, v_num=]
Epoch 95:  85%|████████▌ | 40/47 [00:01<00:00, 32.76it/s, loss=0.557, v_num=]
Epoch 95: 100%|██████████| 47/47 [00:01<00:00, 31.18it/s, loss=0.558, v_num=]Evaluating...
NMI : 0.25804231170353586, ARI: 0.07770476832998216, ACC: 0.09833, current K: 2

Epoch 95:   0%|          | 0/47 [00:00<?, ?it/s, loss=0.558, v_num=]         
Epoch 96:   0%|          | 0/47 [00:00<?, ?it/s, loss=0.558, v_num=]/usr/local/lib/python3.13/dist-packages/torch/utils/data/dataloader.py:432: UserWarning: This DataLoader will create 6 worker processes in total. Our suggested max number of worker in current system is 2, which is smaller than what this DataLoader is going to create. Please be aware that excessive worker creation might get DataLoader running slow or even freeze, lower the worker number to avoid potential slowness/freeze if necessary.
  self.check_worker_number_rationality()

Epoch 96:  43%|████▎     | 20/47 [00:00<00:01, 26.34it/s, loss=0.558, v_num=]
Epoch 96:  43%|████▎     | 20/47 [00:00<00:01, 26.31it/s, loss=0.56, v_num=] 
Epoch 96:  85%|████████▌ | 40/47 [00:01<00:00, 32.81it/s, loss=0.56, v_num=]
Epoch 96:  85%|████████▌ | 40/47 [00:01<00:00, 32.80it/s, loss=0.561, v_num=]
Epoch 96: 100%|██████████| 47/47 [00:01<00:00, 30.85it/s, loss=0.551, v_num=]
Epoch 96:   0%|          | 0/47 [00:00<?, ?it/s, loss=0.551, v_num=]         
Epoch 97:   0%|          | 0/47 [00:00<?, ?it/s, loss=0.551, v_num=]
Epoch 97:  43%|████▎     | 20/47 [00:00<00:00, 27.44it/s, loss=0.551, v_num=]
Epoch 97:  43%|████▎     | 20/47 [00:00<00:00, 27.41it/s, loss=0.55, v_num=] 
Epoch 97:  85%|████████▌ | 40/47 [00:01<00:00, 33.54it/s, loss=0.55, v_num=]
Epoch 97:  85%|████████▌ | 40/47 [00:01<00:00, 33.53it/s, loss=0.562, v_num=]
Epoch 97: 100%|██████████| 47/47 [00:01<00:00, 31.90it/s, loss=0.561, v_num=]
Epoch 97:   0%|          | 0/47 [00:00<?, ?it/s, loss=0.561, v_num=]         
Epoch 98:   0%|          | 0/47 [00:00<?, ?it/s, loss=0.561, v_num=]
Epoch 98:  43%|████▎     | 20/47 [00:00<00:00, 27.06it/s, loss=0.561, v_num=]
Epoch 98:  43%|████▎     | 20/47 [00:00<00:00, 27.03it/s, loss=0.552, v_num=]
Epoch 98:  85%|████████▌ | 40/47 [00:01<00:00, 33.95it/s, loss=0.552, v_num=]
Epoch 98:  85%|████████▌ | 40/47 [00:01<00:00, 33.94it/s, loss=0.557, v_num=]
Epoch 98: 100%|██████████| 47/47 [00:01<00:00, 31.78it/s, loss=0.56, v_num=] 
Epoch 98:   0%|          | 0/47 [00:00<?, ?it/s, loss=0.56, v_num=]         
Epoch 99:   0%|          | 0/47 [00:00<?, ?it/s, loss=0.56, v_num=]
Epoch 99:  43%|████▎     | 20/47 [00:01<00:01, 19.23it/s, loss=0.56, v_num=]
Epoch 99:  43%|████▎     | 20/47 [00:01<00:01, 19.22it/s, loss=0.564, v_num=]
Epoch 99:  85%|████████▌ | 40/47 [00:01<00:00, 24.78it/s, loss=0.564, v_num=]
Epoch 99:  85%|████████▌ | 40/47 [00:01<00:00, 24.77it/s, loss=0.55, v_num=] 
Epoch 99: 100%|██████████| 47/47 [00:02<00:00, 23.16it/s, loss=0.555, v_num=]
Epoch 99:   0%|          | 0/47 [00:00<?, ?it/s, loss=0.555, v_num=]         
Epoch 100:   0%|          | 0/47 [00:00<?, ?it/s, loss=0.555, v_num=]
Epoch 100:  43%|████▎     | 20/47 [00:01<00:01, 17.85it/s, loss=0.555, v_num=]
Epoch 100:  43%|████▎     | 20/47 [00:01<00:01, 17.84it/s, loss=0.568, v_num=]
Epoch 100:  85%|████████▌ | 40/47 [00:01<00:00, 25.10it/s, loss=0.568, v_num=]
Epoch 100:  85%|████████▌ | 40/47 [00:01<00:00, 25.09it/s, loss=0.556, v_num=]
Epoch 100: 100%|██████████| 47/47 [00:01<00:00, 24.96it/s, loss=0.554, v_num=]Evaluating...
NMI : 0.25796831999524616, ARI: 0.07769987911531769, ACC: 0.09833, current K: 2
Epoch 100 | NMI: 0.2580, ARI: 0.0777, ACC: 0.0983, current K: 2
Confusion Matrix:
[[ 17 283   0   0   0   0   0   0   0   0   0   0   0   0   0   0   0   0
    0   0]
 [275  25   0   0   0   0   0   0   0   0   0   0   0   0   0   0   0   0
    0   0]
 [ 18 282   0   0   0   0   0   0   0   0   0   0   0   0   0   0   0   0
    0   0]
 [275  25   0   0   0   0   0   0   0   0   0   0   0   0   0   0   0   0
    0   0]
 [ 35 265   0   0   0   0   0   0   0   0   0   0   0   0   0   0   0   0
    0   0]
 [260  40   0   0   0   0   0   0   0   0   0   0   0   0   0   0   0   0
    0   0]
 [ 18 282   0   0   0   0   0   0   0   0   0   0   0   0   0   0   0   0
    0   0]
 [270  30   0   0   0   0   0   0   0   0   0   0   0   0   0   0   0   0
    0   0]
 [ 14 286   0   0   0   0   0   0   0   0   0   0   0   0   0   0   0   0
    0   0]
 [280  20   0   0   0   0   0   0   0   0   0   0   0   0   0   0   0   0
    0   0]
 [  9 291   0   0   0   0   0   0   0   0   0   0   0   0   0   0   0   0
    0   0]
 [284  16   0   0   0   0   0   0   0   0   0   0   0   0   0   0   0   0
    0   0]
 [  4 296   0   0   0   0   0   0   0   0   0   0   0   0   0   0   0   0
    0   0]
 [294   6   0   0   0   0   0   0   0   0   0   0   0   0   0   0   0   0
    0   0]
 [ 12 288   0   0   0   0   0   0   0   0   0   0   0   0   0   0   0   0
    0   0]
 [289  11   0   0   0   0   0   0   0   0   0   0   0   0   0   0   0   0
    0   0]
 [ 15 285   0   0   0   0   0   0   0   0   0   0   0   0   0   0   0   0
    0   0]
 [288  12   0   0   0   0   0   0   0   0   0   0   0   0   0   0   0   0
    0   0]
 [ 11 289   0   0   0   0   0   0   0   0   0   0   0   0   0   0   0   0
    0   0]
 [282  18   0   0   0   0   0   0   0   0   0   0   0   0   0   0   0   0
    0   0]]

Epoch 100:   0%|          | 0/47 [00:00<?, ?it/s, loss=0.554, v_num=]         
Epoch 101:   0%|          | 0/47 [00:00<?, ?it/s, loss=0.554, v_num=]/usr/local/lib/python3.13/dist-packages/torch/utils/data/dataloader.py:432: UserWarning: This DataLoader will create 6 worker processes in total. Our suggested max number of worker in current system is 2, which is smaller than what this DataLoader is going to create. Please be aware that excessive worker creation might get DataLoader running slow or even freeze, lower the worker number to avoid potential slowness/freeze if necessary.
  self.check_worker_number_rationality()

Epoch 101:  43%|████▎     | 20/47 [00:00<00:01, 26.73it/s, loss=0.554, v_num=]
Epoch 101:  43%|████▎     | 20/47 [00:00<00:01, 26.71it/s, loss=0.552, v_num=]
Epoch 101:  85%|████████▌ | 40/47 [00:01<00:00, 33.20it/s, loss=0.552, v_num=]
Epoch 101:  85%|████████▌ | 40/47 [00:01<00:00, 33.19it/s, loss=0.554, v_num=]
Epoch 101: 100%|██████████| 47/47 [00:01<00:00, 31.63it/s, loss=0.554, v_num=]
Epoch 101:   0%|          | 0/47 [00:00<?, ?it/s, loss=0.554, v_num=]         
Epoch 102:   0%|          | 0/47 [00:00<?, ?it/s, loss=0.554, v_num=]
Epoch 102:  43%|████▎     | 20/47 [00:00<00:01, 26.74it/s, loss=0.554, v_num=]
Epoch 102:  43%|████▎     | 20/47 [00:00<00:01, 26.71it/s, loss=0.565, v_num=]
Epoch 102:  85%|████████▌ | 40/47 [00:01<00:00, 32.74it/s, loss=0.565, v_num=]
Epoch 102:  85%|████████▌ | 40/47 [00:01<00:00, 32.73it/s, loss=0.566, v_num=]
Epoch 102: 100%|██████████| 47/47 [00:01<00:00, 30.95it/s, loss=0.567, v_num=]
Epoch 102:   0%|          | 0/47 [00:00<?, ?it/s, loss=0.567, v_num=]         
Epoch 103:   0%|          | 0/47 [00:00<?, ?it/s, loss=0.567, v_num=]
Epoch 103:  43%|████▎     | 20/47 [00:00<00:01, 26.49it/s, loss=0.567, v_num=]
Epoch 103:  43%|████▎     | 20/47 [00:00<00:01, 26.46it/s, loss=0.56, v_num=] 
Epoch 103:  85%|████████▌ | 40/47 [00:01<00:00, 33.24it/s, loss=0.56, v_num=]
Epoch 103:  85%|████████▌ | 40/47 [00:01<00:00, 33.23it/s, loss=0.55, v_num=]
Epoch 103: 100%|██████████| 47/47 [00:01<00:00, 31.69it/s, loss=0.555, v_num=]
Epoch 103:   0%|          | 0/47 [00:00<?, ?it/s, loss=0.555, v_num=]         
Epoch 104:   0%|          | 0/47 [00:00<?, ?it/s, loss=0.555, v_num=]
Epoch 104:  43%|████▎     | 20/47 [00:00<00:01, 26.62it/s, loss=0.555, v_num=]
Epoch 104:  43%|████▎     | 20/47 [00:00<00:01, 26.60it/s, loss=0.557, v_num=]
Epoch 104:  85%|████████▌ | 40/47 [00:01<00:00, 32.85it/s, loss=0.557, v_num=]
Epoch 104:  85%|████████▌ | 40/47 [00:01<00:00, 32.84it/s, loss=0.551, v_num=]
Epoch 104: 100%|██████████| 47/47 [00:01<00:00, 30.73it/s, loss=0.558, v_num=]
Epoch 104:   0%|          | 0/47 [00:00<?, ?it/s, loss=0.558, v_num=]         
Epoch 105:   0%|          | 0/47 [00:00<?, ?it/s, loss=0.558, v_num=]
Epoch 105:  43%|████▎     | 20/47 [00:01<00:01, 13.61it/s, loss=0.558, v_num=]
Epoch 105:  43%|████▎     | 20/47 [00:01<00:01, 13.61it/s, loss=0.552, v_num=]
Epoch 105:  85%|████████▌ | 40/47 [00:01<00:00, 20.50it/s, loss=0.552, v_num=]
Epoch 105:  85%|████████▌ | 40/47 [00:01<00:00, 20.49it/s, loss=0.557, v_num=]
Epoch 105: 100%|██████████| 47/47 [00:02<00:00, 21.06it/s, loss=0.565, v_num=]Evaluating...
NMI : 0.258099335937433, ARI: 0.07775904626588365, ACC: 0.09833, current K: 2

Epoch 105:   0%|          | 0/47 [00:00<?, ?it/s, loss=0.565, v_num=]         
Epoch 106:   0%|          | 0/47 [00:00<?, ?it/s, loss=0.565, v_num=]/usr/local/lib/python3.13/dist-packages/torch/utils/data/dataloader.py:432: UserWarning: This DataLoader will create 6 worker processes in total. Our suggested max number of worker in current system is 2, which is smaller than what this DataLoader is going to create. Please be aware that excessive worker creation might get DataLoader running slow or even freeze, lower the worker number to avoid potential slowness/freeze if necessary.
  self.check_worker_number_rationality()

Epoch 106:  43%|████▎     | 20/47 [00:00<00:01, 25.11it/s, loss=0.565, v_num=]
Epoch 106:  43%|████▎     | 20/47 [00:00<00:01, 25.09it/s, loss=0.557, v_num=]
Epoch 106:  85%|████████▌ | 40/47 [00:01<00:00, 29.35it/s, loss=0.557, v_num=]
Epoch 106:  85%|████████▌ | 40/47 [00:01<00:00, 29.34it/s, loss=0.553, v_num=]
Epoch 106: 100%|██████████| 47/47 [00:01<00:00, 26.26it/s, loss=0.556, v_num=]
Epoch 106:   0%|          | 0/47 [00:00<?, ?it/s, loss=0.556, v_num=]         
Epoch 107:   0%|          | 0/47 [00:00<?, ?it/s, loss=0.556, v_num=]
Epoch 107:  43%|████▎     | 20/47 [00:01<00:01, 18.42it/s, loss=0.556, v_num=]
Epoch 107:  43%|████▎     | 20/47 [00:01<00:01, 18.41it/s, loss=0.557, v_num=]
Epoch 107:  85%|████████▌ | 40/47 [00:01<00:00, 22.75it/s, loss=0.557, v_num=]
Epoch 107:  85%|████████▌ | 40/47 [00:01<00:00, 22.75it/s, loss=0.556, v_num=]
Epoch 107: 100%|██████████| 47/47 [00:02<00:00, 22.70it/s, loss=0.563, v_num=]
Epoch 107:   0%|          | 0/47 [00:00<?, ?it/s, loss=0.563, v_num=]         
Epoch 108:   0%|          | 0/47 [00:00<?, ?it/s, loss=0.563, v_num=]
Epoch 108:  43%|████▎     | 20/47 [00:00<00:00, 27.43it/s, loss=0.563, v_num=]
Epoch 108:  43%|████▎     | 20/47 [00:00<00:00, 27.41it/s, loss=0.548, v_num=]
Epoch 108:  85%|████████▌ | 40/47 [00:01<00:00, 33.52it/s, loss=0.548, v_num=]
Epoch 108:  85%|████████▌ | 40/47 [00:01<00:00, 33.51it/s, loss=0.557, v_num=]
Epoch 108: 100%|██████████| 47/47 [00:01<00:00, 30.06it/s, loss=0.557, v_num=]
Epoch 108:   0%|          | 0/47 [00:00<?, ?it/s, loss=0.557, v_num=]         
Epoch 109:   0%|          | 0/47 [00:00<?, ?it/s, loss=0.557, v_num=]
Epoch 109:  43%|████▎     | 20/47 [00:00<00:00, 27.02it/s, loss=0.557, v_num=]
Epoch 109:  43%|████▎     | 20/47 [00:00<00:01, 26.99it/s, loss=0.559, v_num=]
Epoch 109:  85%|████████▌ | 40/47 [00:01<00:00, 33.48it/s, loss=0.559, v_num=]
Epoch 109:  85%|████████▌ | 40/47 [00:01<00:00, 33.47it/s, loss=0.558, v_num=]
Epoch 109: 100%|██████████| 47/47 [00:01<00:00, 31.57it/s, loss=0.559, v_num=]
Epoch 109:   0%|          | 0/47 [00:00<?, ?it/s, loss=0.559, v_num=]         
Epoch 110:   0%|          | 0/47 [00:00<?, ?it/s, loss=0.559, v_num=]
Epoch 110:  43%|████▎     | 20/47 [00:00<00:00, 27.67it/s, loss=0.559, v_num=]
Epoch 110:  43%|████▎     | 20/47 [00:00<00:00, 27.64it/s, loss=0.562, v_num=]
Epoch 110:  85%|████████▌ | 40/47 [00:01<00:00, 34.10it/s, loss=0.562, v_num=]
Epoch 110:  85%|████████▌ | 40/47 [00:01<00:00, 34.09it/s, loss=0.551, v_num=]
Epoch 110: 100%|██████████| 47/47 [00:01<00:00, 32.36it/s, loss=0.561, v_num=]Evaluating...
NMI : 0.2586630729465815, ARI: 0.0779106946946415, ACC: 0.09833, current K: 2
Epoch 110 | NMI: 0.2587, ARI: 0.0779, ACC: 0.0983, current K: 2
Confusion Matrix:
[[ 18 282   0   0   0   0   0   0   0   0   0   0   0   0   0   0   0   0
    0   0]
 [274  26   0   0   0   0   0   0   0   0   0   0   0   0   0   0   0   0
    0   0]
 [ 15 285   0   0   0   0   0   0   0   0   0   0   0   0   0   0   0   0
    0   0]
 [278  22   0   0   0   0   0   0   0   0   0   0   0   0   0   0   0   0
    0   0]
 [ 35 265   0   0   0   0   0   0   0   0   0   0   0   0   0   0   0   0
    0   0]
 [262  38   0   0   0   0   0   0   0   0   0   0   0   0   0   0   0   0
    0   0]
 [ 18 282   0   0   0   0   0   0   0   0   0   0   0   0   0   0   0   0
    0   0]
 [271  29   0   0   0   0   0   0   0   0   0   0   0   0   0   0   0   0
    0   0]
 [ 14 286   0   0   0   0   0   0   0   0   0   0   0   0   0   0   0   0
    0   0]
 [280  20   0   0   0   0   0   0   0   0   0   0   0   0   0   0   0   0
    0   0]
 [ 11 289   0   0   0   0   0   0   0   0   0   0   0   0   0   0   0   0
    0   0]
 [285  15   0   0   0   0   0   0   0   0   0   0   0   0   0   0   0   0
    0   0]
 [  4 296   0   0   0   0   0   0   0   0   0   0   0   0   0   0   0   0
    0   0]
 [294   6   0   0   0   0   0   0   0   0   0   0   0   0   0   0   0   0
    0   0]
 [ 12 288   0   0   0   0   0   0   0   0   0   0   0   0   0   0   0   0
    0   0]
 [289  11   0   0   0   0   0   0   0   0   0   0   0   0   0   0   0   0
    0   0]
 [ 15 285   0   0   0   0   0   0   0   0   0   0   0   0   0   0   0   0
    0   0]
 [288  12   0   0   0   0   0   0   0   0   0   0   0   0   0   0   0   0
    0   0]
 [ 11 289   0   0   0   0   0   0   0   0   0   0   0   0   0   0   0   0
    0   0]
 [280  20   0   0   0   0   0   0   0   0   0   0   0   0   0   0   0   0
    0   0]]

Epoch 110:   0%|          | 0/47 [00:00<?, ?it/s, loss=0.561, v_num=]         
Epoch 111:   0%|          | 0/47 [00:00<?, ?it/s, loss=0.561, v_num=]/usr/local/lib/python3.13/dist-packages/torch/utils/data/dataloader.py:432: UserWarning: This DataLoader will create 6 worker processes in total. Our suggested max number of worker in current system is 2, which is smaller than what this DataLoader is going to create. Please be aware that excessive worker creation might get DataLoader running slow or even freeze, lower the worker number to avoid potential slowness/freeze if necessary.
  self.check_worker_number_rationality()

Epoch 111:  43%|████▎     | 20/47 [00:00<00:01, 26.58it/s, loss=0.561, v_num=]
Epoch 111:  43%|████▎     | 20/47 [00:00<00:01, 26.56it/s, loss=0.543, v_num=]
Epoch 111:  85%|████████▌ | 40/47 [00:01<00:00, 33.22it/s, loss=0.543, v_num=]
Epoch 111:  85%|████████▌ | 40/47 [00:01<00:00, 33.21it/s, loss=0.564, v_num=]
Epoch 111: 100%|██████████| 47/47 [00:01<00:00, 30.88it/s, loss=0.568, v_num=]
Epoch 111:   0%|          | 0/47 [00:00<?, ?it/s, loss=0.568, v_num=]         
Epoch 112:   0%|          | 0/47 [00:00<?, ?it/s, loss=0.568, v_num=]
Epoch 112:  43%|████▎     | 20/47 [00:00<00:00, 27.40it/s, loss=0.568, v_num=]
Epoch 112:  43%|████▎     | 20/47 [00:00<00:00, 27.38it/s, loss=0.552, v_num=]
Epoch 112:  85%|████████▌ | 40/47 [00:01<00:00, 33.29it/s, loss=0.552, v_num=]
Epoch 112:  85%|████████▌ | 40/47 [00:01<00:00, 33.28it/s, loss=0.561, v_num=]
Epoch 112: 100%|██████████| 47/47 [00:01<00:00, 31.79it/s, loss=0.563, v_num=]
Epoch 112:   0%|          | 0/47 [00:00<?, ?it/s, loss=0.563, v_num=]         
Epoch 113:   0%|          | 0/47 [00:00<?, ?it/s, loss=0.563, v_num=]
Epoch 113:  43%|████▎     | 20/47 [00:00<00:01, 26.14it/s, loss=0.563, v_num=]
Epoch 113:  43%|████▎     | 20/47 [00:00<00:01, 26.11it/s, loss=0.562, v_num=]
Epoch 113:  85%|████████▌ | 40/47 [00:01<00:00, 32.85it/s, loss=0.562, v_num=]
Epoch 113:  85%|████████▌ | 40/47 [00:01<00:00, 32.84it/s, loss=0.546, v_num=]
Epoch 113: 100%|██████████| 47/47 [00:01<00:00, 31.17it/s, loss=0.565, v_num=]
Epoch 113:   0%|          | 0/47 [00:00<?, ?it/s, loss=0.565, v_num=]         
Epoch 114:   0%|          | 0/47 [00:00<?, ?it/s, loss=0.565, v_num=]
Epoch 114:  43%|████▎     | 20/47 [00:00<00:01, 23.12it/s, loss=0.565, v_num=]
Epoch 114:  43%|████▎     | 20/47 [00:00<00:01, 23.10it/s, loss=0.555, v_num=]
Epoch 114:  85%|████████▌ | 40/47 [00:01<00:00, 27.77it/s, loss=0.555, v_num=]
Epoch 114:  85%|████████▌ | 40/47 [00:01<00:00, 27.76it/s, loss=0.55, v_num=] 
Epoch 114: 100%|██████████| 47/47 [00:01<00:00, 25.43it/s, loss=0.561, v_num=]
Epoch 114:   0%|          | 0/47 [00:00<?, ?it/s, loss=0.561, v_num=]         
Epoch 115:   0%|          | 0/47 [00:00<?, ?it/s, loss=0.561, v_num=]
Epoch 115:  43%|████▎     | 20/47 [00:01<00:01, 18.89it/s, loss=0.561, v_num=]
Epoch 115:  43%|████▎     | 20/47 [00:01<00:01, 18.87it/s, loss=0.561, v_num=]
Epoch 115:  85%|████████▌ | 40/47 [00:01<00:00, 23.77it/s, loss=0.561, v_num=]
Epoch 115:  85%|████████▌ | 40/47 [00:01<00:00, 23.76it/s, loss=0.558, v_num=]
Epoch 115: 100%|██████████| 47/47 [00:01<00:00, 23.85it/s, loss=0.544, v_num=]Evaluating...
NMI : 0.2588537556088148, ARI: 0.07796020949972653, ACC: 0.09817, current K: 2

Epoch 115:   0%|          | 0/47 [00:00<?, ?it/s, loss=0.544, v_num=]         
Epoch 116:   0%|          | 0/47 [00:00<?, ?it/s, loss=0.544, v_num=]/usr/local/lib/python3.13/dist-packages/torch/utils/data/dataloader.py:432: UserWarning: This DataLoader will create 6 worker processes in total. Our suggested max number of worker in current system is 2, which is smaller than what this DataLoader is going to create. Please be aware that excessive worker creation might get DataLoader running slow or even freeze, lower the worker number to avoid potential slowness/freeze if necessary.
  self.check_worker_number_rationality()

Epoch 116:  43%|████▎     | 20/47 [00:00<00:00, 27.03it/s, loss=0.544, v_num=]
Epoch 116:  43%|████▎     | 20/47 [00:00<00:00, 27.00it/s, loss=0.564, v_num=]
Epoch 116:  85%|████████▌ | 40/47 [00:01<00:00, 33.88it/s, loss=0.564, v_num=]
Epoch 116:  85%|████████▌ | 40/47 [00:01<00:00, 33.87it/s, loss=0.558, v_num=]
Epoch 116: 100%|██████████| 47/47 [00:01<00:00, 31.84it/s, loss=0.557, v_num=]
Epoch 116:   0%|          | 0/47 [00:00<?, ?it/s, loss=0.557, v_num=]         
Epoch 117:   0%|          | 0/47 [00:00<?, ?it/s, loss=0.557, v_num=]
Epoch 117:  43%|████▎     | 20/47 [00:00<00:00, 27.27it/s, loss=0.557, v_num=]
Epoch 117:  43%|████▎     | 20/47 [00:00<00:00, 27.24it/s, loss=0.563, v_num=]
Epoch 117:  85%|████████▌ | 40/47 [00:01<00:00, 33.78it/s, loss=0.563, v_num=]
Epoch 117:  85%|████████▌ | 40/47 [00:01<00:00, 33.77it/s, loss=0.556, v_num=]
Epoch 117: 100%|██████████| 47/47 [00:01<00:00, 31.87it/s, loss=0.543, v_num=]
Epoch 117:   0%|          | 0/47 [00:00<?, ?it/s, loss=0.543, v_num=]         
Epoch 118:   0%|          | 0/47 [00:00<?, ?it/s, loss=0.543, v_num=]
Epoch 118:  43%|████▎     | 20/47 [00:00<00:00, 27.34it/s, loss=0.543, v_num=]
Epoch 118:  43%|████▎     | 20/47 [00:00<00:00, 27.32it/s, loss=0.55, v_num=] 
Epoch 118:  85%|████████▌ | 40/47 [00:01<00:00, 33.87it/s, loss=0.55, v_num=]
Epoch 118:  85%|████████▌ | 40/47 [00:01<00:00, 33.86it/s, loss=0.556, v_num=]
Epoch 118: 100%|██████████| 47/47 [00:01<00:00, 32.36it/s, loss=0.548, v_num=]
Epoch 118:   0%|          | 0/47 [00:00<?, ?it/s, loss=0.548, v_num=]         
Epoch 119:   0%|          | 0/47 [00:00<?, ?it/s, loss=0.548, v_num=]
Epoch 119:  43%|████▎     | 20/47 [00:00<00:01, 26.84it/s, loss=0.548, v_num=]
Epoch 119:  43%|████▎     | 20/47 [00:00<00:01, 26.81it/s, loss=0.551, v_num=]
Epoch 119:  85%|████████▌ | 40/47 [00:01<00:00, 33.14it/s, loss=0.551, v_num=]
Epoch 119:  85%|████████▌ | 40/47 [00:01<00:00, 33.13it/s, loss=0.548, v_num=]
Epoch 119: 100%|██████████| 47/47 [00:01<00:00, 31.65it/s, loss=0.556, v_num=]
Epoch 119:   0%|          | 0/47 [00:00<?, ?it/s, loss=0.556, v_num=]         
Epoch 120:   0%|          | 0/47 [00:00<?, ?it/s, loss=0.556, v_num=]
Epoch 120:  43%|████▎     | 20/47 [00:00<00:01, 26.90it/s, loss=0.556, v_num=]
Epoch 120:  43%|████▎     | 20/47 [00:00<00:01, 26.87it/s, loss=0.561, v_num=]
Epoch 120:  85%|████████▌ | 40/47 [00:01<00:00, 33.00it/s, loss=0.561, v_num=]
Epoch 120:  85%|████████▌ | 40/47 [00:01<00:00, 32.99it/s, loss=0.556, v_num=]
Epoch 120: 100%|██████████| 47/47 [00:01<00:00, 31.46it/s, loss=0.562, v_num=]Evaluating...
NMI : 0.2597584465188546, ARI: 0.07818733230676082, ACC: 0.09833, current K: 2
Epoch 120 | NMI: 0.2598, ARI: 0.0782, ACC: 0.0983, current K: 2
Confusion Matrix:
[[ 18 282   0   0   0   0   0   0   0   0   0   0   0   0   0   0   0   0
    0   0]
 [273  27   0   0   0   0   0   0   0   0   0   0   0   0   0   0   0   0
    0   0]
 [ 15 285   0   0   0   0   0   0   0   0   0   0   0   0   0   0   0   0
    0   0]
 [278  22   0   0   0   0   0   0   0   0   0   0   0   0   0   0   0   0
    0   0]
 [ 33 267   0   0   0   0   0   0   0   0   0   0   0   0   0   0   0   0
    0   0]
 [263  37   0   0   0   0   0   0   0   0   0   0   0   0   0   0   0   0
    0   0]
 [ 18 282   0   0   0   0   0   0   0   0   0   0   0   0   0   0   0   0
    0   0]
 [271  29   0   0   0   0   0   0   0   0   0   0   0   0   0   0   0   0
    0   0]
 [ 14 286   0   0   0   0   0   0   0   0   0   0   0   0   0   0   0   0
    0   0]
 [280  20   0   0   0   0   0   0   0   0   0   0   0   0   0   0   0   0
    0   0]
 [ 11 289   0   0   0   0   0   0   0   0   0   0   0   0   0   0   0   0
    0   0]
 [286  14   0   0   0   0   0   0   0   0   0   0   0   0   0   0   0   0
    0   0]
 [  4 296   0   0   0   0   0   0   0   0   0   0   0   0   0   0   0   0
    0   0]
 [294   6   0   0   0   0   0   0   0   0   0   0   0   0   0   0   0   0
    0   0]
 [ 11 289   0   0   0   0   0   0   0   0   0   0   0   0   0   0   0   0
    0   0]
 [289  11   0   0   0   0   0   0   0   0   0   0   0   0   0   0   0   0
    0   0]
 [ 15 285   0   0   0   0   0   0   0   0   0   0   0   0   0   0   0   0
    0   0]
 [288  12   0   0   0   0   0   0   0   0   0   0   0   0   0   0   0   0
    0   0]
 [ 12 288   0   0   0   0   0   0   0   0   0   0   0   0   0   0   0   0
    0   0]
 [282  18   0   0   0   0   0   0   0   0   0   0   0   0   0   0   0   0
    0   0]]

Epoch 120:   0%|          | 0/47 [00:00<?, ?it/s, loss=0.562, v_num=]         
Epoch 121:   0%|          | 0/47 [00:00<?, ?it/s, loss=0.562, v_num=]/usr/local/lib/python3.13/dist-packages/torch/utils/data/dataloader.py:432: UserWarning: This DataLoader will create 6 worker processes in total. Our suggested max number of worker in current system is 2, which is smaller than what this DataLoader is going to create. Please be aware that excessive worker creation might get DataLoader running slow or even freeze, lower the worker number to avoid potential slowness/freeze if necessary.
  self.check_worker_number_rationality()

Epoch 121:  43%|████▎     | 20/47 [00:00<00:01, 26.43it/s, loss=0.562, v_num=]
Epoch 121:  43%|████▎     | 20/47 [00:00<00:01, 26.40it/s, loss=0.561, v_num=]
Epoch 121:  85%|████████▌ | 40/47 [00:01<00:00, 32.81it/s, loss=0.561, v_num=]
Epoch 121:  85%|████████▌ | 40/47 [00:01<00:00, 32.79it/s, loss=0.556, v_num=]
Epoch 121: 100%|██████████| 47/47 [00:01<00:00, 31.16it/s, loss=0.554, v_num=]
Epoch 121:   0%|          | 0/47 [00:00<?, ?it/s, loss=0.554, v_num=]         
Epoch 122:   0%|          | 0/47 [00:00<?, ?it/s, loss=0.554, v_num=]
Epoch 122:  43%|████▎     | 20/47 [00:00<00:01, 21.63it/s, loss=0.554, v_num=]
Epoch 122:  43%|████▎     | 20/47 [00:00<00:01, 21.61it/s, loss=0.557, v_num=]
Epoch 122:  85%|████████▌ | 40/47 [00:01<00:00, 26.70it/s, loss=0.557, v_num=]
Epoch 122:  85%|████████▌ | 40/47 [00:01<00:00, 26.69it/s, loss=0.547, v_num=]
Epoch 122: 100%|██████████| 47/47 [00:01<00:00, 24.49it/s, loss=0.553, v_num=]
Epoch 122:   0%|          | 0/47 [00:00<?, ?it/s, loss=0.553, v_num=]         
Epoch 123:   0%|          | 0/47 [00:00<?, ?it/s, loss=0.553, v_num=]
Epoch 123:  43%|████▎     | 20/47 [00:01<00:01, 18.81it/s, loss=0.553, v_num=]
Epoch 123:  43%|████▎     | 20/47 [00:01<00:01, 18.77it/s, loss=0.556, v_num=]
Epoch 123:  85%|████████▌ | 40/47 [00:01<00:00, 24.15it/s, loss=0.556, v_num=]
Epoch 123:  85%|████████▌ | 40/47 [00:01<00:00, 24.14it/s, loss=0.554, v_num=]
Epoch 123: 100%|██████████| 47/47 [00:01<00:00, 23.99it/s, loss=0.561, v_num=]
Epoch 123:   0%|          | 0/47 [00:00<?, ?it/s, loss=0.561, v_num=]         
Epoch 124:   0%|          | 0/47 [00:00<?, ?it/s, loss=0.561, v_num=]
Epoch 124:  43%|████▎     | 20/47 [00:00<00:00, 27.79it/s, loss=0.561, v_num=]
Epoch 124:  43%|████▎     | 20/47 [00:00<00:00, 27.76it/s, loss=0.565, v_num=]
Epoch 124:  85%|████████▌ | 40/47 [00:01<00:00, 33.53it/s, loss=0.565, v_num=]
Epoch 124:  85%|████████▌ | 40/47 [00:01<00:00, 33.52it/s, loss=0.55, v_num=] 
Epoch 124: 100%|██████████| 47/47 [00:01<00:00, 31.94it/s, loss=0.551, v_num=]
Epoch 124:   0%|          | 0/47 [00:00<?, ?it/s, loss=0.551, v_num=]         
Epoch 125:   0%|          | 0/47 [00:00<?, ?it/s, loss=0.551, v_num=]
Epoch 125:  43%|████▎     | 20/47 [00:00<00:01, 26.79it/s, loss=0.551, v_num=]
Epoch 125:  43%|████▎     | 20/47 [00:00<00:01, 26.76it/s, loss=0.559, v_num=]
Epoch 125:  85%|████████▌ | 40/47 [00:01<00:00, 33.55it/s, loss=0.559, v_num=]
Epoch 125:  85%|████████▌ | 40/47 [00:01<00:00, 33.54it/s, loss=0.557, v_num=]
Epoch 125: 100%|██████████| 47/47 [00:01<00:00, 31.91it/s, loss=0.554, v_num=]Evaluating...
NMI : 0.26055695840258297, ARI: 0.07836925878430279, ACC: 0.09833, current K: 2

Epoch 125:   0%|          | 0/47 [00:00<?, ?it/s, loss=0.554, v_num=]         
Epoch 126:   0%|          | 0/47 [00:00<?, ?it/s, loss=0.554, v_num=]/usr/local/lib/python3.13/dist-packages/torch/utils/data/dataloader.py:432: UserWarning: This DataLoader will create 6 worker processes in total. Our suggested max number of worker in current system is 2, which is smaller than what this DataLoader is going to create. Please be aware that excessive worker creation might get DataLoader running slow or even freeze, lower the worker number to avoid potential slowness/freeze if necessary.
  self.check_worker_number_rationality()

Epoch 126:  43%|████▎     | 20/47 [00:00<00:01, 26.79it/s, loss=0.554, v_num=]
Epoch 126:  43%|████▎     | 20/47 [00:00<00:01, 26.77it/s, loss=0.571, v_num=]
Epoch 126:  85%|████████▌ | 40/47 [00:01<00:00, 33.10it/s, loss=0.571, v_num=]
Epoch 126:  85%|████████▌ | 40/47 [00:01<00:00, 33.09it/s, loss=0.561, v_num=]
Epoch 126: 100%|██████████| 47/47 [00:01<00:00, 31.54it/s, loss=0.543, v_num=]
Epoch 126:   0%|          | 0/47 [00:00<?, ?it/s, loss=0.543, v_num=]         
Epoch 127:   0%|          | 0/47 [00:00<?, ?it/s, loss=0.543, v_num=]
Epoch 127:  43%|████▎     | 20/47 [00:00<00:01, 25.36it/s, loss=0.543, v_num=]
Epoch 127:  43%|████▎     | 20/47 [00:00<00:01, 25.33it/s, loss=0.546, v_num=]
Epoch 127:  85%|████████▌ | 40/47 [00:01<00:00, 30.92it/s, loss=0.546, v_num=]
Epoch 127:  85%|████████▌ | 40/47 [00:01<00:00, 30.91it/s, loss=0.564, v_num=]
Epoch 127: 100%|██████████| 47/47 [00:01<00:00, 29.85it/s, loss=0.551, v_num=]
Epoch 127:   0%|          | 0/47 [00:00<?, ?it/s, loss=0.551, v_num=]         
Epoch 128:   0%|          | 0/47 [00:00<?, ?it/s, loss=0.551, v_num=]
Epoch 128:  43%|████▎     | 20/47 [00:00<00:00, 27.67it/s, loss=0.551, v_num=]
Epoch 128:  43%|████▎     | 20/47 [00:00<00:00, 27.65it/s, loss=0.56, v_num=] 
Epoch 128:  85%|████████▌ | 40/47 [00:01<00:00, 33.71it/s, loss=0.56, v_num=]
Epoch 128:  85%|████████▌ | 40/47 [00:01<00:00, 33.69it/s, loss=0.549, v_num=]
Epoch 128: 100%|██████████| 47/47 [00:01<00:00, 31.75it/s, loss=0.558, v_num=]
Epoch 128:   0%|          | 0/47 [00:00<?, ?it/s, loss=0.558, v_num=]         
Epoch 129:   0%|          | 0/47 [00:00<?, ?it/s, loss=0.558, v_num=]
Epoch 129:  43%|████▎     | 20/47 [00:00<00:00, 27.05it/s, loss=0.558, v_num=]
Epoch 129:  43%|████▎     | 20/47 [00:00<00:00, 27.02it/s, loss=0.546, v_num=]
Epoch 129:  85%|████████▌ | 40/47 [00:01<00:00, 33.96it/s, loss=0.546, v_num=]
Epoch 129:  85%|████████▌ | 40/47 [00:01<00:00, 33.95it/s, loss=0.564, v_num=]
Epoch 129: 100%|██████████| 47/47 [00:01<00:00, 32.42it/s, loss=0.567, v_num=]
Epoch 129:   0%|          | 0/47 [00:00<?, ?it/s, loss=0.567, v_num=]         
Epoch 130:   0%|          | 0/47 [00:00<?, ?it/s, loss=0.567, v_num=]
Epoch 130:  43%|████▎     | 20/47 [00:02<00:02,  9.53it/s, loss=0.567, v_num=]
Epoch 130:  43%|████▎     | 20/47 [00:02<00:02,  9.53it/s, loss=0.56, v_num=] 
Epoch 130:  85%|████████▌ | 40/47 [00:03<00:00, 10.49it/s, loss=0.56, v_num=]
Epoch 130:  85%|████████▌ | 40/47 [00:03<00:00, 10.48it/s, loss=0.551, v_num=]
Epoch 130: 100%|██████████| 47/47 [00:04<00:00, 11.22it/s, loss=0.556, v_num=]Evaluating...
NMI : 0.26165557278982027, ARI: 0.07863431048551599, ACC: 0.09817, current K: 2
Epoch 130 | NMI: 0.2617, ARI: 0.0786, ACC: 0.0982, current K: 2
Confusion Matrix:
[[ 17 283   0   0   0   0   0   0   0   0   0   0   0   0   0   0   0   0
    0   0]
 [274  26   0   0   0   0   0   0   0   0   0   0   0   0   0   0   0   0
    0   0]
 [ 14 286   0   0   0   0   0   0   0   0   0   0   0   0   0   0   0   0
    0   0]
 [280  20   0   0   0   0   0   0   0   0   0   0   0   0   0   0   0   0
    0   0]
 [ 32 268   0   0   0   0   0   0   0   0   0   0   0   0   0   0   0   0
    0   0]
 [263  37   0   0   0   0   0   0   0   0   0   0   0   0   0   0   0   0
    0   0]
 [ 17 283   0   0   0   0   0   0   0   0   0   0   0   0   0   0   0   0
    0   0]
 [271  29   0   0   0   0   0   0   0   0   0   0   0   0   0   0   0   0
    0   0]
 [ 13 287   0   0   0   0   0   0   0   0   0   0   0   0   0   0   0   0
    0   0]
 [280  20   0   0   0   0   0   0   0   0   0   0   0   0   0   0   0   0
    0   0]
 [ 11 289   0   0   0   0   0   0   0   0   0   0   0   0   0   0   0   0
    0   0]
 [285  15   0   0   0   0   0   0   0   0   0   0   0   0   0   0   0   0
    0   0]
 [  4 296   0   0   0   0   0   0   0   0   0   0   0   0   0   0   0   0
    0   0]
 [293   7   0   0   0   0   0   0   0   0   0   0   0   0   0   0   0   0
    0   0]
 [ 11 289   0   0   0   0   0   0   0   0   0   0   0   0   0   0   0   0
    0   0]
 [289  11   0   0   0   0   0   0   0   0   0   0   0   0   0   0   0   0
    0   0]
 [ 14 286   0   0   0   0   0   0   0   0   0   0   0   0   0   0   0   0
    0   0]
 [288  12   0   0   0   0   0   0   0   0   0   0   0   0   0   0   0   0
    0   0]
 [ 10 290   0   0   0   0   0   0   0   0   0   0   0   0   0   0   0   0
    0   0]
 [281  19   0   0   0   0   0   0   0   0   0   0   0   0   0   0   0   0
    0   0]]

Epoch 130:   0%|          | 0/47 [00:00<?, ?it/s, loss=0.556, v_num=]         
Epoch 131:   0%|          | 0/47 [00:00<?, ?it/s, loss=0.556, v_num=]/usr/local/lib/python3.13/dist-packages/torch/utils/data/dataloader.py:432: UserWarning: This DataLoader will create 6 worker processes in total. Our suggested max number of worker in current system is 2, which is smaller than what this DataLoader is going to create. Please be aware that excessive worker creation might get DataLoader running slow or even freeze, lower the worker number to avoid potential slowness/freeze if necessary.
  self.check_worker_number_rationality()

Epoch 131:  43%|████▎     | 20/47 [00:00<00:01, 25.84it/s, loss=0.556, v_num=]
Epoch 131:  43%|████▎     | 20/47 [00:00<00:01, 25.81it/s, loss=0.558, v_num=]
Epoch 131:  85%|████████▌ | 40/47 [00:01<00:00, 32.64it/s, loss=0.558, v_num=]
Epoch 131:  85%|████████▌ | 40/47 [00:01<00:00, 32.62it/s, loss=0.557, v_num=]
Epoch 131: 100%|██████████| 47/47 [00:01<00:00, 30.66it/s, loss=0.568, v_num=]
Epoch 131:   0%|          | 0/47 [00:00<?, ?it/s, loss=0.568, v_num=]         
Epoch 132:   0%|          | 0/47 [00:00<?, ?it/s, loss=0.568, v_num=]
Epoch 132:  43%|████▎     | 20/47 [00:00<00:01, 26.96it/s, loss=0.568, v_num=]
Epoch 132:  43%|████▎     | 20/47 [00:00<00:01, 26.93it/s, loss=0.559, v_num=]
Epoch 132:  85%|████████▌ | 40/47 [00:01<00:00, 33.93it/s, loss=0.559, v_num=]
Epoch 132:  85%|████████▌ | 40/47 [00:01<00:00, 33.91it/s, loss=0.553, v_num=]
Epoch 132: 100%|██████████| 47/47 [00:01<00:00, 32.22it/s, loss=0.558, v_num=]
Epoch 132:   0%|          | 0/47 [00:00<?, ?it/s, loss=0.558, v_num=]         
Epoch 133:   0%|          | 0/47 [00:00<?, ?it/s, loss=0.558, v_num=]
Epoch 133:  43%|████▎     | 20/47 [00:00<00:00, 27.06it/s, loss=0.558, v_num=]
Epoch 133:  43%|████▎     | 20/47 [00:00<00:00, 27.03it/s, loss=0.543, v_num=]
Epoch 133:  85%|████████▌ | 40/47 [00:01<00:00, 33.83it/s, loss=0.543, v_num=]
Epoch 133:  85%|████████▌ | 40/47 [00:01<00:00, 33.82it/s, loss=0.557, v_num=]
Epoch 133: 100%|██████████| 47/47 [00:01<00:00, 31.64it/s, loss=0.567, v_num=]
Epoch 133:   0%|          | 0/47 [00:00<?, ?it/s, loss=0.567, v_num=]         
Epoch 134:   0%|          | 0/47 [00:00<?, ?it/s, loss=0.567, v_num=]
Epoch 134:  43%|████▎     | 20/47 [00:00<00:00, 27.50it/s, loss=0.567, v_num=]
Epoch 134:  43%|████▎     | 20/47 [00:00<00:00, 27.48it/s, loss=0.566, v_num=]
Epoch 134:  85%|████████▌ | 40/47 [00:01<00:00, 33.66it/s, loss=0.566, v_num=]
Epoch 134:  85%|████████▌ | 40/47 [00:01<00:00, 33.65it/s, loss=0.546, v_num=]
Epoch 134: 100%|██████████| 47/47 [00:01<00:00, 31.98it/s, loss=0.55, v_num=] 
Epoch 134:   0%|          | 0/47 [00:00<?, ?it/s, loss=0.55, v_num=]         
Epoch 135:   0%|          | 0/47 [00:00<?, ?it/s, loss=0.55, v_num=]
Epoch 135:  43%|████▎     | 20/47 [00:00<00:00, 27.10it/s, loss=0.55, v_num=]
Epoch 135:  43%|████▎     | 20/47 [00:00<00:00, 27.07it/s, loss=0.553, v_num=]
Epoch 135:  85%|████████▌ | 40/47 [00:01<00:00, 33.65it/s, loss=0.553, v_num=]
Epoch 135:  85%|████████▌ | 40/47 [00:01<00:00, 33.64it/s, loss=0.554, v_num=]
Epoch 135: 100%|██████████| 47/47 [00:01<00:00, 31.37it/s, loss=0.554, v_num=]/content/DeepDPM-New/src/clustering_models/clusternet_modules/clusternetasmodel.py:682: UserWarning: To copy construct from a tensor, it is recommended to use sourceTensor.detach().clone() or sourceTensor.detach().clone().requires_grad_(True), rather than torch.tensor(sourceTensor).
  mus_ind_to_split = torch.nonzero(torch.tensor(split_decisions), as_tuple=False)
Splitting clusters [0 1]
Evaluating...
NMI : 0.26195141659082244, ARI: 0.07874435295883787, ACC: 0.098, current K: 2
[Split] K updated → 4 clusters
  [Epoch 135] losses at split → cluster_loss=0.0085, subcluster_loss=0.7429, pairwise_loss=0.3588

Epoch 135:   0%|          | 0/47 [00:00<?, ?it/s, loss=0.554, v_num=]         
Epoch 136:   0%|          | 0/47 [00:00<?, ?it/s, loss=0.554, v_num=]/usr/local/lib/python3.13/dist-packages/torch/utils/data/dataloader.py:432: UserWarning: This DataLoader will create 6 worker processes in total. Our suggested max number of worker in current system is 2, which is smaller than what this DataLoader is going to create. Please be aware that excessive worker creation might get DataLoader running slow or even freeze, lower the worker number to avoid potential slowness/freeze if necessary.
  self.check_worker_number_rationality()

Epoch 136:  43%|████▎     | 20/47 [00:00<00:01, 23.69it/s, loss=0.554, v_num=]
Epoch 136:  43%|████▎     | 20/47 [00:00<00:01, 23.67it/s, loss=1.05, v_num=] 
Epoch 136:  85%|████████▌ | 40/47 [00:01<00:00, 28.26it/s, loss=1.05, v_num=]
Epoch 136:  85%|████████▌ | 40/47 [00:01<00:00, 28.25it/s, loss=1.02, v_num=]
Epoch 136: 100%|██████████| 47/47 [00:01<00:00, 27.05it/s, loss=1.01, v_num=]
Epoch 136:   0%|          | 0/47 [00:00<?, ?it/s, loss=1.01, v_num=]         
Epoch 137:   0%|          | 0/47 [00:00<?, ?it/s, loss=1.01, v_num=]
Epoch 137:  43%|████▎     | 20/47 [00:01<00:01, 18.88it/s, loss=1.01, v_num=]
Epoch 137:  43%|████▎     | 20/47 [00:01<00:01, 18.86it/s, loss=0.957, v_num=]
Epoch 137:  85%|████████▌ | 40/47 [00:01<00:00, 22.45it/s, loss=0.957, v_num=]
Epoch 137:  85%|████████▌ | 40/47 [00:01<00:00, 22.44it/s, loss=0.906, v_num=]
Epoch 137: 100%|██████████| 47/47 [00:02<00:00, 21.10it/s, loss=0.894, v_num=]
Epoch 137:   0%|          | 0/47 [00:00<?, ?it/s, loss=0.894, v_num=]         
Epoch 138:   0%|          | 0/47 [00:00<?, ?it/s, loss=0.894, v_num=]
Epoch 138:  43%|████▎     | 20/47 [00:01<00:01, 15.85it/s, loss=0.894, v_num=]
Epoch 138:  43%|████▎     | 20/47 [00:01<00:01, 15.84it/s, loss=0.855, v_num=]
Epoch 138:  85%|████████▌ | 40/47 [00:01<00:00, 21.78it/s, loss=0.855, v_num=]
Epoch 138:  85%|████████▌ | 40/47 [00:01<00:00, 21.77it/s, loss=0.828, v_num=]
Epoch 138: 100%|██████████| 47/47 [00:02<00:00, 21.51it/s, loss=0.807, v_num=]
Epoch 138:   0%|          | 0/47 [00:00<?, ?it/s, loss=0.807, v_num=]         
Epoch 139:   0%|          | 0/47 [00:00<?, ?it/s, loss=0.807, v_num=]
Epoch 139:  43%|████▎     | 20/47 [00:00<00:01, 23.43it/s, loss=0.807, v_num=]
Epoch 139:  43%|████▎     | 20/47 [00:00<00:01, 23.41it/s, loss=0.755, v_num=]
Epoch 139:  85%|████████▌ | 40/47 [00:01<00:00, 27.89it/s, loss=0.755, v_num=]
Epoch 139:  85%|████████▌ | 40/47 [00:01<00:00, 27.88it/s, loss=0.706, v_num=]
Epoch 139: 100%|██████████| 47/47 [00:01<00:00, 26.85it/s, loss=0.696, v_num=]
Epoch 139:   0%|          | 0/47 [00:00<?, ?it/s, loss=0.696, v_num=]         
Epoch 140:   0%|          | 0/47 [00:00<?, ?it/s, loss=0.696, v_num=]
Epoch 140:  43%|████▎     | 20/47 [00:00<00:01, 23.21it/s, loss=0.696, v_num=]
Epoch 140:  43%|████▎     | 20/47 [00:00<00:01, 23.18it/s, loss=0.654, v_num=]
Epoch 140:  85%|████████▌ | 40/47 [00:01<00:00, 27.74it/s, loss=0.654, v_num=]
Epoch 140:  85%|████████▌ | 40/47 [00:01<00:00, 27.74it/s, loss=0.625, v_num=]
Epoch 140: 100%|██████████| 47/47 [00:01<00:00, 26.55it/s, loss=0.617, v_num=]Evaluating...
NMI : 0.3866079389308433, ARI: 0.16130846921240807, ACC: 0.18317, current K: 4
Epoch 140 | NMI: 0.3866, ARI: 0.1613, ACC: 0.1832, current K: 4
Confusion Matrix:
[[ 16   0 239  45   0   0   0   0   0   0   0   0   0   0   0   0   0   0
    0   0]
 [ 10 264  23   3   0   0   0   0   0   0   0   0   0   0   0   0   0   0
    0   0]
 [  7   7  58 228   0   0   0   0   0   0   0   0   0   0   0   0   0   0
    0   0]
 [ 19 254   6  21   0   0   0   0   0   0   0   0   0   0   0   0   0   0
    0   0]
 [  5  19 269   7   0   0   0   0   0   0   0   0   0   0   0   0   0   0
    0   0]
 [184  82  29   5   0   0   0   0   0   0   0   0   0   0   0   0   0   0
    0   0]
 [  0  20   1 279   0   0   0   0   0   0   0   0   0   0   0   0   0   0
    0   0]
 [244  26   0  30   0   0   0   0   0   0   0   0   0   0   0   0   0   0
    0   0]
 [ 11   2 151 136   0   0   0   0   0   0   0   0   0   0   0   0   0   0
    0   0]
 [  4 275   0  21   0   0   0   0   0   0   0   0   0   0   0   0   0   0
    0   0]
 [ 18   0  73 209   0   0   0   0   0   0   0   0   0   0   0   0   0   0
    0   0]
 [ 14 269  14   3   0   0   0   0   0   0   0   0   0   0   0   0   0   0
    0   0]
 [  0   4 287   9   0   0   0   0   0   0   0   0   0   0   0   0   0   0
    0   0]
 [  9 279   1  11   0   0   0   0   0   0   0   0   0   0   0   0   0   0
    0   0]
 [  3   6   2 289   0   0   0   0   0   0   0   0   0   0   0   0   0   0
    0   0]
 [239  45  15   1   0   0   0   0   0   0   0   0   0   0   0   0   0   0
    0   0]
 [  4   7 282   7   0   0   0   0   0   0   0   0   0   0   0   0   0   0
    0   0]
 [ 44 244   7   5   0   0   0   0   0   0   0   0   0   0   0   0   0   0
    0   0]
 [  0  10   3 287   0   0   0   0   0   0   0   0   0   0   0   0   0   0
    0   0]
 [151 129   0  20   0   0   0   0   0   0   0   0   0   0   0   0   0   0
    0   0]]

Epoch 140:   0%|          | 0/47 [00:00<?, ?it/s, loss=0.617, v_num=]         
Epoch 141:   0%|          | 0/47 [00:00<?, ?it/s, loss=0.617, v_num=]/usr/local/lib/python3.13/dist-packages/torch/utils/data/dataloader.py:432: UserWarning: This DataLoader will create 6 worker processes in total. Our suggested max number of worker in current system is 2, which is smaller than what this DataLoader is going to create. Please be aware that excessive worker creation might get DataLoader running slow or even freeze, lower the worker number to avoid potential slowness/freeze if necessary.
  self.check_worker_number_rationality()

Epoch 141:  43%|████▎     | 20/47 [00:00<00:01, 22.87it/s, loss=0.617, v_num=]
Epoch 141:  43%|████▎     | 20/47 [00:00<00:01, 22.85it/s, loss=0.576, v_num=]
Epoch 141:  85%|████████▌ | 40/47 [00:01<00:00, 27.47it/s, loss=0.576, v_num=]
Epoch 141:  85%|████████▌ | 40/47 [00:01<00:00, 27.46it/s, loss=0.567, v_num=]
Epoch 141: 100%|██████████| 47/47 [00:01<00:00, 26.27it/s, loss=0.566, v_num=]
Epoch 141:   0%|          | 0/47 [00:00<?, ?it/s, loss=0.566, v_num=]         
Epoch 142:   0%|          | 0/47 [00:00<?, ?it/s, loss=0.566, v_num=]
Epoch 142:  43%|████▎     | 20/47 [00:00<00:01, 23.28it/s, loss=0.566, v_num=]
Epoch 142:  43%|████▎     | 20/47 [00:00<00:01, 23.26it/s, loss=0.467, v_num=]
Epoch 142:  85%|████████▌ | 40/47 [00:01<00:00, 27.77it/s, loss=0.467, v_num=]
Epoch 142:  85%|████████▌ | 40/47 [00:01<00:00, 27.76it/s, loss=0.473, v_num=]
Epoch 142: 100%|██████████| 47/47 [00:01<00:00, 26.21it/s, loss=0.473, v_num=]
Epoch 142:   0%|          | 0/47 [00:00<?, ?it/s, loss=0.473, v_num=]         
Epoch 143:   0%|          | 0/47 [00:00<?, ?it/s, loss=0.473, v_num=]
Epoch 143:  43%|████▎     | 20/47 [00:00<00:01, 23.27it/s, loss=0.473, v_num=]
Epoch 143:  43%|████▎     | 20/47 [00:00<00:01, 23.25it/s, loss=0.475, v_num=]
Epoch 143:  85%|████████▌ | 40/47 [00:01<00:00, 25.53it/s, loss=0.475, v_num=]
Epoch 143:  85%|████████▌ | 40/47 [00:01<00:00, 25.52it/s, loss=0.464, v_num=]
Epoch 143: 100%|██████████| 47/47 [00:01<00:00, 24.00it/s, loss=0.469, v_num=]
Epoch 143:   0%|          | 0/47 [00:00<?, ?it/s, loss=0.469, v_num=]         
Epoch 144:   0%|          | 0/47 [00:00<?, ?it/s, loss=0.469, v_num=]
Epoch 144:  43%|████▎     | 20/47 [00:01<00:01, 17.31it/s, loss=0.469, v_num=]
Epoch 144:  43%|████▎     | 20/47 [00:01<00:01, 17.29it/s, loss=0.466, v_num=]
Epoch 144:  85%|████████▌ | 40/47 [00:01<00:00, 20.98it/s, loss=0.466, v_num=]
Epoch 144:  85%|████████▌ | 40/47 [00:01<00:00, 20.97it/s, loss=0.459, v_num=]
Epoch 144: 100%|██████████| 47/47 [00:02<00:00, 20.06it/s, loss=0.467, v_num=]
Epoch 144:   0%|          | 0/47 [00:00<?, ?it/s, loss=0.467, v_num=]         
Epoch 145:   0%|          | 0/47 [00:00<?, ?it/s, loss=0.467, v_num=]
Epoch 145:  43%|████▎     | 20/47 [00:01<00:01, 19.79it/s, loss=0.467, v_num=]
Epoch 145:  43%|████▎     | 20/47 [00:01<00:01, 19.77it/s, loss=0.457, v_num=]
Epoch 145:  85%|████████▌ | 40/47 [00:01<00:00, 25.07it/s, loss=0.457, v_num=]
Epoch 145:  85%|████████▌ | 40/47 [00:01<00:00, 25.06it/s, loss=0.456, v_num=]
Epoch 145: 100%|██████████| 47/47 [00:01<00:00, 24.23it/s, loss=0.463, v_num=]Evaluating...
NMI : 0.4068961811263292, ARI: 0.17840939349174353, ACC: 0.1885, current K: 4

Epoch 145:   0%|          | 0/47 [00:00<?, ?it/s, loss=0.463, v_num=]         
Epoch 146:   0%|          | 0/47 [00:00<?, ?it/s, loss=0.463, v_num=]/usr/local/lib/python3.13/dist-packages/torch/utils/data/dataloader.py:432: UserWarning: This DataLoader will create 6 worker processes in total. Our suggested max number of worker in current system is 2, which is smaller than what this DataLoader is going to create. Please be aware that excessive worker creation might get DataLoader running slow or even freeze, lower the worker number to avoid potential slowness/freeze if necessary.
  self.check_worker_number_rationality()

Epoch 146:  43%|████▎     | 20/47 [00:00<00:01, 22.78it/s, loss=0.463, v_num=]
Epoch 146:  43%|████▎     | 20/47 [00:00<00:01, 22.76it/s, loss=0.462, v_num=]
Epoch 146:  85%|████████▌ | 40/47 [00:01<00:00, 27.68it/s, loss=0.462, v_num=]
Epoch 146:  85%|████████▌ | 40/47 [00:01<00:00, 27.67it/s, loss=0.455, v_num=]
Epoch 146: 100%|██████████| 47/47 [00:01<00:00, 26.44it/s, loss=0.45, v_num=] 
Epoch 146:   0%|          | 0/47 [00:00<?, ?it/s, loss=0.45, v_num=]         
Epoch 147:   0%|          | 0/47 [00:00<?, ?it/s, loss=0.45, v_num=]
Epoch 147:  43%|████▎     | 20/47 [00:00<00:01, 23.30it/s, loss=0.45, v_num=]
Epoch 147:  43%|████▎     | 20/47 [00:00<00:01, 23.29it/s, loss=0.446, v_num=]
Epoch 147:  85%|████████▌ | 40/47 [00:01<00:00, 27.23it/s, loss=0.446, v_num=]
Epoch 147:  85%|████████▌ | 40/47 [00:01<00:00, 27.22it/s, loss=0.462, v_num=]
Epoch 147: 100%|██████████| 47/47 [00:01<00:00, 25.91it/s, loss=0.455, v_num=]
Epoch 147:   0%|          | 0/47 [00:00<?, ?it/s, loss=0.455, v_num=]         
Epoch 148:   0%|          | 0/47 [00:00<?, ?it/s, loss=0.455, v_num=]
Epoch 148:  43%|████▎     | 20/47 [00:00<00:01, 22.59it/s, loss=0.455, v_num=]
Epoch 148:  43%|████▎     | 20/47 [00:00<00:01, 22.57it/s, loss=0.445, v_num=]
Epoch 148:  85%|████████▌ | 40/47 [00:01<00:00, 27.18it/s, loss=0.445, v_num=]
Epoch 148:  85%|████████▌ | 40/47 [00:01<00:00, 27.17it/s, loss=0.447, v_num=]
Epoch 148: 100%|██████████| 47/47 [00:01<00:00, 26.17it/s, loss=0.451, v_num=]
Epoch 148:   0%|          | 0/47 [00:00<?, ?it/s, loss=0.451, v_num=]         
Epoch 149:   0%|          | 0/47 [00:00<?, ?it/s, loss=0.451, v_num=]
Epoch 149:  43%|████▎     | 20/47 [00:00<00:01, 23.20it/s, loss=0.451, v_num=]
Epoch 149:  43%|████▎     | 20/47 [00:00<00:01, 23.18it/s, loss=0.449, v_num=]
Epoch 149:  85%|████████▌ | 40/47 [00:01<00:00, 27.88it/s, loss=0.449, v_num=]
Epoch 149:  85%|████████▌ | 40/47 [00:01<00:00, 27.88it/s, loss=0.443, v_num=]
Epoch 149: 100%|██████████| 47/47 [00:01<00:00, 26.29it/s, loss=0.44, v_num=] 
Epoch 149:   0%|          | 0/47 [00:00<?, ?it/s, loss=0.44, v_num=]         
Epoch 150:   0%|          | 0/47 [00:00<?, ?it/s, loss=0.44, v_num=]
Epoch 150:  43%|████▎     | 20/47 [00:00<00:01, 22.99it/s, loss=0.44, v_num=]
Epoch 150:  43%|████▎     | 20/47 [00:00<00:01, 22.97it/s, loss=0.447, v_num=]
Epoch 150:  85%|████████▌ | 40/47 [00:01<00:00, 25.89it/s, loss=0.447, v_num=]
Epoch 150:  85%|████████▌ | 40/47 [00:01<00:00, 25.89it/s, loss=0.438, v_num=]
Epoch 150: 100%|██████████| 47/47 [00:01<00:00, 23.59it/s, loss=0.451, v_num=]Evaluating...
NMI : 0.41055894090773587, ARI: 0.1803543927491992, ACC: 0.18833, current K: 4
Epoch 150 | NMI: 0.4106, ARI: 0.1804, ACC: 0.1883, current K: 4
Confusion Matrix:
[[ 34   0 232  34   0   0   0   0   0   0   0   0   0   0   0   0   0   0
    0   0]
 [  9 264  25   2   0   0   0   0   0   0   0   0   0   0   0   0   0   0
    0   0]
 [ 12   4  39 245   0   0   0   0   0   0   0   0   0   0   0   0   0   0
    0   0]
 [ 30 244   6  20   0   0   0   0   0   0   0   0   0   0   0   0   0   0
    0   0]
 [  5  17 274   4   0   0   0   0   0   0   0   0   0   0   0   0   0   0
    0   0]
 [226  52  20   2   0   0   0   0   0   0   0   0   0   0   0   0   0   0
    0   0]
 [  0  22   1 277   0   0   0   0   0   0   0   0   0   0   0   0   0   0
    0   0]
 [279   5   0  16   0   0   0   0   0   0   0   0   0   0   0   0   0   0
    0   0]
 [ 23   1 138 138   0   0   0   0   0   0   0   0   0   0   0   0   0   0
    0   0]
 [ 12 267   0  21   0   0   0   0   0   0   0   0   0   0   0   0   0   0
    0   0]
 [ 37   0  77 186   0   0   0   0   0   0   0   0   0   0   0   0   0   0
    0   0]
 [ 24 258  15   3   0   0   0   0   0   0   0   0   0   0   0   0   0   0
    0   0]
 [  0   5 287   8   0   0   0   0   0   0   0   0   0   0   0   0   0   0
    0   0]
 [ 11 278   0  11   0   0   0   0   0   0   0   0   0   0   0   0   0   0
    0   0]
 [  4   7   5 284   0   0   0   0   0   0   0   0   0   0   0   0   0   0
    0   0]
 [279   8  13   0   0   0   0   0   0   0   0   0   0   0   0   0   0   0
    0   0]
 [  3   7 282   8   0   0   0   0   0   0   0   0   0   0   0   0   0   0
    0   0]
 [ 66 224   6   4   0   0   0   0   0   0   0   0   0   0   0   0   0   0
    0   0]
 [  0  10   4 286   0   0   0   0   0   0   0   0   0   0   0   0   0   0
    0   0]
 [260  25   2  13   0   0   0   0   0   0   0   0   0   0   0   0   0   0
    0   0]]

Epoch 150:   0%|          | 0/47 [00:00<?, ?it/s, loss=0.451, v_num=]         
Epoch 151:   0%|          | 0/47 [00:00<?, ?it/s, loss=0.451, v_num=]/usr/local/lib/python3.13/dist-packages/torch/utils/data/dataloader.py:432: UserWarning: This DataLoader will create 6 worker processes in total. Our suggested max number of worker in current system is 2, which is smaller than what this DataLoader is going to create. Please be aware that excessive worker creation might get DataLoader running slow or even freeze, lower the worker number to avoid potential slowness/freeze if necessary.
  self.check_worker_number_rationality()

Epoch 151:  43%|████▎     | 20/47 [00:01<00:01, 16.72it/s, loss=0.451, v_num=]
Epoch 151:  43%|████▎     | 20/47 [00:01<00:01, 16.70it/s, loss=0.445, v_num=]
Epoch 151:  85%|████████▌ | 40/47 [00:02<00:00, 19.84it/s, loss=0.445, v_num=]
Epoch 151:  85%|████████▌ | 40/47 [00:02<00:00, 19.84it/s, loss=0.446, v_num=]
Epoch 151: 100%|██████████| 47/47 [00:02<00:00, 19.40it/s, loss=0.44, v_num=] 
Epoch 151:   0%|          | 0/47 [00:00<?, ?it/s, loss=0.44, v_num=]         
Epoch 152:   0%|          | 0/47 [00:00<?, ?it/s, loss=0.44, v_num=]
Epoch 152:  43%|████▎     | 20/47 [00:00<00:01, 22.76it/s, loss=0.44, v_num=]
Epoch 152:  43%|████▎     | 20/47 [00:00<00:01, 22.75it/s, loss=0.441, v_num=]
Epoch 152:  85%|████████▌ | 40/47 [00:01<00:00, 27.70it/s, loss=0.441, v_num=]
Epoch 152:  85%|████████▌ | 40/47 [00:01<00:00, 27.70it/s, loss=0.448, v_num=]
Epoch 152: 100%|██████████| 47/47 [00:01<00:00, 25.85it/s, loss=0.439, v_num=]
Epoch 152:   0%|          | 0/47 [00:00<?, ?it/s, loss=0.439, v_num=]         
Epoch 153:   0%|          | 0/47 [00:00<?, ?it/s, loss=0.439, v_num=]
Epoch 153:  43%|████▎     | 20/47 [00:00<00:01, 22.52it/s, loss=0.439, v_num=]
Epoch 153:  43%|████▎     | 20/47 [00:00<00:01, 22.50it/s, loss=0.436, v_num=]
Epoch 153:  85%|████████▌ | 40/47 [00:01<00:00, 27.73it/s, loss=0.436, v_num=]
Epoch 153:  85%|████████▌ | 40/47 [00:01<00:00, 27.72it/s, loss=0.444, v_num=]
Epoch 153: 100%|██████████| 47/47 [00:01<00:00, 26.69it/s, loss=0.443, v_num=]
Epoch 153:   0%|          | 0/47 [00:00<?, ?it/s, loss=0.443, v_num=]         
Epoch 154:   0%|          | 0/47 [00:00<?, ?it/s, loss=0.443, v_num=]
Epoch 154:  43%|████▎     | 20/47 [00:00<00:01, 23.63it/s, loss=0.443, v_num=]
Epoch 154:  43%|████▎     | 20/47 [00:00<00:01, 23.61it/s, loss=0.441, v_num=]
Epoch 154:  85%|████████▌ | 40/47 [00:01<00:00, 28.17it/s, loss=0.441, v_num=]
Epoch 154:  85%|████████▌ | 40/47 [00:01<00:00, 28.16it/s, loss=0.442, v_num=]
Epoch 154: 100%|██████████| 47/47 [00:01<00:00, 26.84it/s, loss=0.448, v_num=]
Epoch 154:   0%|          | 0/47 [00:00<?, ?it/s, loss=0.448, v_num=]         
Epoch 155:   0%|          | 0/47 [00:00<?, ?it/s, loss=0.448, v_num=]
Epoch 155:  43%|████▎     | 20/47 [00:00<00:01, 23.02it/s, loss=0.448, v_num=]
Epoch 155:  43%|████▎     | 20/47 [00:00<00:01, 23.00it/s, loss=0.441, v_num=]
Epoch 155:  85%|████████▌ | 40/47 [00:01<00:00, 27.16it/s, loss=0.441, v_num=]
Epoch 155:  85%|████████▌ | 40/47 [00:01<00:00, 27.15it/s, loss=0.441, v_num=]
Epoch 155: 100%|██████████| 47/47 [00:01<00:00, 26.23it/s, loss=0.445, v_num=]Evaluating...
NMI : 0.4145925951724926, ARI: 0.18231556757792805, ACC: 0.1885, current K: 4

Epoch 155:   0%|          | 0/47 [00:00<?, ?it/s, loss=0.445, v_num=]         
Epoch 156:   0%|          | 0/47 [00:00<?, ?it/s, loss=0.445, v_num=]/usr/local/lib/python3.13/dist-packages/torch/utils/data/dataloader.py:432: UserWarning: This DataLoader will create 6 worker processes in total. Our suggested max number of worker in current system is 2, which is smaller than what this DataLoader is going to create. Please be aware that excessive worker creation might get DataLoader running slow or even freeze, lower the worker number to avoid potential slowness/freeze if necessary.
  self.check_worker_number_rationality()

Epoch 156:  43%|████▎     | 20/47 [00:00<00:01, 23.36it/s, loss=0.445, v_num=]
Epoch 156:  43%|████▎     | 20/47 [00:00<00:01, 23.34it/s, loss=0.441, v_num=]
Epoch 156:  85%|████████▌ | 40/47 [00:01<00:00, 28.11it/s, loss=0.441, v_num=]
Epoch 156:  85%|████████▌ | 40/47 [00:01<00:00, 28.10it/s, loss=0.444, v_num=]
Epoch 156: 100%|██████████| 47/47 [00:01<00:00, 26.43it/s, loss=0.441, v_num=]
Epoch 156:   0%|          | 0/47 [00:00<?, ?it/s, loss=0.441, v_num=]         
Epoch 157:   0%|          | 0/47 [00:00<?, ?it/s, loss=0.441, v_num=]
Epoch 157:  43%|████▎     | 20/47 [00:00<00:01, 20.86it/s, loss=0.441, v_num=]
Epoch 157:  43%|████▎     | 20/47 [00:00<00:01, 20.85it/s, loss=0.442, v_num=]
Epoch 157:  85%|████████▌ | 40/47 [00:01<00:00, 24.09it/s, loss=0.442, v_num=]
Epoch 157:  85%|████████▌ | 40/47 [00:01<00:00, 24.08it/s, loss=0.44, v_num=] 
Epoch 157: 100%|██████████| 47/47 [00:02<00:00, 22.32it/s, loss=0.44, v_num=]
Epoch 157:   0%|          | 0/47 [00:00<?, ?it/s, loss=0.44, v_num=]         
Epoch 158:   0%|          | 0/47 [00:00<?, ?it/s, loss=0.44, v_num=]
Epoch 158:  43%|████▎     | 20/47 [00:01<00:01, 15.92it/s, loss=0.44, v_num=]
Epoch 158:  43%|████▎     | 20/47 [00:01<00:01, 15.91it/s, loss=0.444, v_num=]
Epoch 158:  85%|████████▌ | 40/47 [00:02<00:00, 18.39it/s, loss=0.444, v_num=]
Epoch 158:  85%|████████▌ | 40/47 [00:02<00:00, 18.39it/s, loss=0.445, v_num=]
Epoch 158: 100%|██████████| 47/47 [00:02<00:00, 18.66it/s, loss=0.434, v_num=]
Epoch 158:   0%|          | 0/47 [00:00<?, ?it/s, loss=0.434, v_num=]         
Epoch 159:   0%|          | 0/47 [00:00<?, ?it/s, loss=0.434, v_num=]
Epoch 159:  43%|████▎     | 20/47 [00:00<00:01, 22.78it/s, loss=0.434, v_num=]
Epoch 159:  43%|████▎     | 20/47 [00:00<00:01, 22.76it/s, loss=0.444, v_num=]
Epoch 159:  85%|████████▌ | 40/47 [00:02<00:00, 18.82it/s, loss=0.444, v_num=]
Epoch 159:  85%|████████▌ | 40/47 [00:02<00:00, 18.82it/s, loss=0.436, v_num=]
Epoch 159: 100%|██████████| 47/47 [00:02<00:00, 19.10it/s, loss=0.439, v_num=]
Epoch 159:   0%|          | 0/47 [00:00<?, ?it/s, loss=0.439, v_num=]         
Epoch 160:   0%|          | 0/47 [00:00<?, ?it/s, loss=0.439, v_num=]
Epoch 160:  43%|████▎     | 20/47 [00:00<00:01, 22.73it/s, loss=0.439, v_num=]
Epoch 160:  43%|████▎     | 20/47 [00:00<00:01, 22.71it/s, loss=0.431, v_num=]
Epoch 160:  85%|████████▌ | 40/47 [00:01<00:00, 27.31it/s, loss=0.431, v_num=]
Epoch 160:  85%|████████▌ | 40/47 [00:01<00:00, 27.31it/s, loss=0.437, v_num=]
Epoch 160: 100%|██████████| 47/47 [00:01<00:00, 26.23it/s, loss=0.441, v_num=]Evaluating...
NMI : 0.4163669501793174, ARI: 0.1832085709419365, ACC: 0.18917, current K: 4
Epoch 160 | NMI: 0.4164, ARI: 0.1832, ACC: 0.1892, current K: 4
Confusion Matrix:
[[ 42   0 226  32   0   0   0   0   0   0   0   0   0   0   0   0   0   0
    0   0]
 [  8 264  25   3   0   0   0   0   0   0   0   0   0   0   0   0   0   0
    0   0]
 [ 22   6  35 237   0   0   0   0   0   0   0   0   0   0   0   0   0   0
    0   0]
 [ 22 254   4  20   0   0   0   0   0   0   0   0   0   0   0   0   0   0
    0   0]
 [  2  17 277   4   0   0   0   0   0   0   0   0   0   0   0   0   0   0
    0   0]
 [233  50  15   2   0   0   0   0   0   0   0   0   0   0   0   0   0   0
    0   0]
 [  0  22   1 277   0   0   0   0   0   0   0   0   0   0   0   0   0   0
    0   0]
 [281   5   0  14   0   0   0   0   0   0   0   0   0   0   0   0   0   0
    0   0]
 [ 30   1 123 146   0   0   0   0   0   0   0   0   0   0   0   0   0   0
    0   0]
 [  7 274   0  19   0   0   0   0   0   0   0   0   0   0   0   0   0   0
    0   0]
 [ 40   0  74 186   0   0   0   0   0   0   0   0   0   0   0   0   0   0
    0   0]
 [ 15 265  17   3   0   0   0   0   0   0   0   0   0   0   0   0   0   0
    0   0]
 [  0   6 291   3   0   0   0   0   0   0   0   0   0   0   0   0   0   0
    0   0]
 [ 11 278   0  11   0   0   0   0   0   0   0   0   0   0   0   0   0   0
    0   0]
 [  6   7   5 282   0   0   0   0   0   0   0   0   0   0   0   0   0   0
    0   0]
 [278   8  14   0   0   0   0   0   0   0   0   0   0   0   0   0   0   0
    0   0]
 [  3   7 281   9   0   0   0   0   0   0   0   0   0   0   0   0   0   0
    0   0]
 [ 58 232   6   4   0   0   0   0   0   0   0   0   0   0   0   0   0   0
    0   0]
 [  0  11   4 285   0   0   0   0   0   0   0   0   0   0   0   0   0   0
    0   0]
 [268  18   2  12   0   0   0   0   0   0   0   0   0   0   0   0   0   0
    0   0]]

Epoch 160:   0%|          | 0/47 [00:00<?, ?it/s, loss=0.441, v_num=]         
Epoch 161:   0%|          | 0/47 [00:00<?, ?it/s, loss=0.441, v_num=]/usr/local/lib/python3.13/dist-packages/torch/utils/data/dataloader.py:432: UserWarning: This DataLoader will create 6 worker processes in total. Our suggested max number of worker in current system is 2, which is smaller than what this DataLoader is going to create. Please be aware that excessive worker creation might get DataLoader running slow or even freeze, lower the worker number to avoid potential slowness/freeze if necessary.
  self.check_worker_number_rationality()

Epoch 161:  43%|████▎     | 20/47 [00:00<00:01, 22.56it/s, loss=0.441, v_num=]
Epoch 161:  43%|████▎     | 20/47 [00:00<00:01, 22.54it/s, loss=0.434, v_num=]
Epoch 161:  85%|████████▌ | 40/47 [00:01<00:00, 27.08it/s, loss=0.434, v_num=]
Epoch 161:  85%|████████▌ | 40/47 [00:01<00:00, 27.08it/s, loss=0.435, v_num=]
Epoch 161: 100%|██████████| 47/47 [00:01<00:00, 26.06it/s, loss=0.44, v_num=] 
Epoch 161:   0%|          | 0/47 [00:00<?, ?it/s, loss=0.44, v_num=]         
Epoch 162:   0%|          | 0/47 [00:00<?, ?it/s, loss=0.44, v_num=]
Epoch 162:  43%|████▎     | 20/47 [00:00<00:01, 22.75it/s, loss=0.44, v_num=]
Epoch 162:  43%|████▎     | 20/47 [00:00<00:01, 22.73it/s, loss=0.431, v_num=]
Epoch 162:  85%|████████▌ | 40/47 [00:01<00:00, 27.52it/s, loss=0.431, v_num=]
Epoch 162:  85%|████████▌ | 40/47 [00:01<00:00, 27.51it/s, loss=0.438, v_num=]
Epoch 162: 100%|██████████| 47/47 [00:01<00:00, 26.20it/s, loss=0.439, v_num=]
Epoch 162:   0%|          | 0/47 [00:00<?, ?it/s, loss=0.439, v_num=]         
Epoch 163:   0%|          | 0/47 [00:00<?, ?it/s, loss=0.439, v_num=]
Epoch 163:  43%|████▎     | 20/47 [00:00<00:01, 21.65it/s, loss=0.439, v_num=]
Epoch 163:  43%|████▎     | 20/47 [00:00<00:01, 21.63it/s, loss=0.437, v_num=]
Epoch 163:  85%|████████▌ | 40/47 [00:01<00:00, 25.20it/s, loss=0.437, v_num=]
Epoch 163:  85%|████████▌ | 40/47 [00:01<00:00, 25.20it/s, loss=0.431, v_num=]
Epoch 163: 100%|██████████| 47/47 [00:02<00:00, 22.50it/s, loss=0.445, v_num=]
Epoch 163:   0%|          | 0/47 [00:00<?, ?it/s, loss=0.445, v_num=]         
Epoch 164:   0%|          | 0/47 [00:00<?, ?it/s, loss=0.445, v_num=]
Epoch 164:  43%|████▎     | 20/47 [00:01<00:01, 16.77it/s, loss=0.445, v_num=]
Epoch 164:  43%|████▎     | 20/47 [00:01<00:01, 16.76it/s, loss=0.437, v_num=]
Epoch 164:  85%|████████▌ | 40/47 [00:01<00:00, 20.02it/s, loss=0.437, v_num=]
Epoch 164:  85%|████████▌ | 40/47 [00:01<00:00, 20.01it/s, loss=0.446, v_num=]
Epoch 164: 100%|██████████| 47/47 [00:02<00:00, 19.53it/s, loss=0.432, v_num=]
Epoch 164:   0%|          | 0/47 [00:00<?, ?it/s, loss=0.432, v_num=]         
Epoch 165:   0%|          | 0/47 [00:00<?, ?it/s, loss=0.432, v_num=]
Epoch 165:  43%|████▎     | 20/47 [00:00<00:01, 23.06it/s, loss=0.432, v_num=]
Epoch 165:  43%|████▎     | 20/47 [00:00<00:01, 23.04it/s, loss=0.426, v_num=]
Epoch 165:  85%|████████▌ | 40/47 [00:01<00:00, 28.04it/s, loss=0.426, v_num=]
Epoch 165:  85%|████████▌ | 40/47 [00:01<00:00, 28.03it/s, loss=0.443, v_num=]
Epoch 165: 100%|██████████| 47/47 [00:01<00:00, 26.75it/s, loss=0.435, v_num=]Evaluating...
NMI : 0.41956067967053406, ARI: 0.18434417036710096, ACC: 0.18967, current K: 4

Epoch 165:   0%|          | 0/47 [00:00<?, ?it/s, loss=0.435, v_num=]         
Epoch 166:   0%|          | 0/47 [00:00<?, ?it/s, loss=0.435, v_num=]/usr/local/lib/python3.13/dist-packages/torch/utils/data/dataloader.py:432: UserWarning: This DataLoader will create 6 worker processes in total. Our suggested max number of worker in current system is 2, which is smaller than what this DataLoader is going to create. Please be aware that excessive worker creation might get DataLoader running slow or even freeze, lower the worker number to avoid potential slowness/freeze if necessary.
  self.check_worker_number_rationality()

Epoch 166:  43%|████▎     | 20/47 [00:00<00:01, 22.63it/s, loss=0.435, v_num=]
Epoch 166:  43%|████▎     | 20/47 [00:00<00:01, 22.61it/s, loss=0.431, v_num=]
Epoch 166:  85%|████████▌ | 40/47 [00:01<00:00, 27.72it/s, loss=0.431, v_num=]
Epoch 166:  85%|████████▌ | 40/47 [00:01<00:00, 27.71it/s, loss=0.433, v_num=]
Epoch 166: 100%|██████████| 47/47 [00:01<00:00, 26.70it/s, loss=0.436, v_num=]
Epoch 166:   0%|          | 0/47 [00:00<?, ?it/s, loss=0.436, v_num=]         
Epoch 167:   0%|          | 0/47 [00:00<?, ?it/s, loss=0.436, v_num=]
Epoch 167:  43%|████▎     | 20/47 [00:00<00:01, 22.84it/s, loss=0.436, v_num=]
Epoch 167:  43%|████▎     | 20/47 [00:00<00:01, 22.82it/s, loss=0.436, v_num=]
Epoch 167:  85%|████████▌ | 40/47 [00:01<00:00, 27.41it/s, loss=0.436, v_num=]
Epoch 167:  85%|████████▌ | 40/47 [00:01<00:00, 27.40it/s, loss=0.435, v_num=]
Epoch 167: 100%|██████████| 47/47 [00:01<00:00, 26.41it/s, loss=0.428, v_num=]
Epoch 167:   0%|          | 0/47 [00:00<?, ?it/s, loss=0.428, v_num=]         
Epoch 168:   0%|          | 0/47 [00:00<?, ?it/s, loss=0.428, v_num=]
Epoch 168:  43%|████▎     | 20/47 [00:00<00:01, 21.82it/s, loss=0.428, v_num=]
Epoch 168:  43%|████▎     | 20/47 [00:00<00:01, 21.80it/s, loss=0.437, v_num=]
Epoch 168:  85%|████████▌ | 40/47 [00:01<00:00, 26.04it/s, loss=0.437, v_num=]
Epoch 168:  85%|████████▌ | 40/47 [00:01<00:00, 26.03it/s, loss=0.438, v_num=]
Epoch 168: 100%|██████████| 47/47 [00:01<00:00, 25.14it/s, loss=0.43, v_num=] 
Epoch 168:   0%|          | 0/47 [00:00<?, ?it/s, loss=0.43, v_num=]         
Epoch 169:   0%|          | 0/47 [00:00<?, ?it/s, loss=0.43, v_num=]
Epoch 169:  43%|████▎     | 20/47 [00:00<00:01, 21.99it/s, loss=0.43, v_num=]
Epoch 169:  43%|████▎     | 20/47 [00:00<00:01, 21.97it/s, loss=0.432, v_num=]
Epoch 169:  85%|████████▌ | 40/47 [00:01<00:00, 26.83it/s, loss=0.432, v_num=]
Epoch 169:  85%|████████▌ | 40/47 [00:01<00:00, 26.82it/s, loss=0.433, v_num=]
Epoch 169: 100%|██████████| 47/47 [00:01<00:00, 25.60it/s, loss=0.432, v_num=]
Epoch 169:   0%|          | 0/47 [00:00<?, ?it/s, loss=0.432, v_num=]         
Epoch 170:   0%|          | 0/47 [00:00<?, ?it/s, loss=0.432, v_num=]
Epoch 170:  43%|████▎     | 20/47 [00:01<00:01, 18.61it/s, loss=0.432, v_num=]
Epoch 170:  43%|████▎     | 20/47 [00:01<00:01, 18.60it/s, loss=0.435, v_num=]
Epoch 170:  85%|████████▌ | 40/47 [00:01<00:00, 22.20it/s, loss=0.435, v_num=]
Epoch 170:  85%|████████▌ | 40/47 [00:01<00:00, 22.19it/s, loss=0.433, v_num=]
Epoch 170: 100%|██████████| 47/47 [00:02<00:00, 20.53it/s, loss=0.431, v_num=]Evaluating...
NMI : 0.4195480446215474, ARI: 0.18442884505346424, ACC: 0.18967, current K: 4
Epoch 170 | NMI: 0.4195, ARI: 0.1844, ACC: 0.1897, current K: 4
Confusion Matrix:
[[ 44   0 223  33   0   0   0   0   0   0   0   0   0   0   0   0   0   0
    0   0]
 [  6 265  26   3   0   0   0   0   0   0   0   0   0   0   0   0   0   0
    0   0]
 [ 24   7  35 234   0   0   0   0   0   0   0   0   0   0   0   0   0   0
    0   0]
 [ 19 256   4  21   0   0   0   0   0   0   0   0   0   0   0   0   0   0
    0   0]
 [  0  17 279   4   0   0   0   0   0   0   0   0   0   0   0   0   0   0
    0   0]
 [236  47  15   2   0   0   0   0   0   0   0   0   0   0   0   0   0   0
    0   0]
 [  0  21   1 278   0   0   0   0   0   0   0   0   0   0   0   0   0   0
    0   0]
 [284   4   0  12   0   0   0   0   0   0   0   0   0   0   0   0   0   0
    0   0]
 [ 33   2 117 148   0   0   0   0   0   0   0   0   0   0   0   0   0   0
    0   0]
 [  6 274   0  20   0   0   0   0   0   0   0   0   0   0   0   0   0   0
    0   0]
 [ 43   0  70 187   0   0   0   0   0   0   0   0   0   0   0   0   0   0
    0   0]
 [ 13 266  18   3   0   0   0   0   0   0   0   0   0   0   0   0   0   0
    0   0]
 [  0   7 290   3   0   0   0   0   0   0   0   0   0   0   0   0   0   0
    0   0]
 [ 12 279   0   9   0   0   0   0   0   0   0   0   0   0   0   0   0   0
    0   0]
 [  5   8   4 283   0   0   0   0   0   0   0   0   0   0   0   0   0   0
    0   0]
 [280   8  12   0   0   0   0   0   0   0   0   0   0   0   0   0   0   0
    0   0]
 [  2   7 281  10   0   0   0   0   0   0   0   0   0   0   0   0   0   0
    0   0]
 [ 56 235   5   4   0   0   0   0   0   0   0   0   0   0   0   0   0   0
    0   0]
 [  0  11   4 285   0   0   0   0   0   0   0   0   0   0   0   0   0   0
    0   0]
 [269  18   2  11   0   0   0   0   0   0   0   0   0   0   0   0   0   0
    0   0]]

Epoch 170:   0%|          | 0/47 [00:00<?, ?it/s, loss=0.431, v_num=]         
Epoch 171:   0%|          | 0/47 [00:00<?, ?it/s, loss=0.431, v_num=]/usr/local/lib/python3.13/dist-packages/torch/utils/data/dataloader.py:432: UserWarning: This DataLoader will create 6 worker processes in total. Our suggested max number of worker in current system is 2, which is smaller than what this DataLoader is going to create. Please be aware that excessive worker creation might get DataLoader running slow or even freeze, lower the worker number to avoid potential slowness/freeze if necessary.
  self.check_worker_number_rationality()

Epoch 171:  43%|████▎     | 20/47 [00:01<00:01, 15.43it/s, loss=0.431, v_num=]
Epoch 171:  43%|████▎     | 20/47 [00:01<00:01, 15.42it/s, loss=0.428, v_num=]
Epoch 171:  85%|████████▌ | 40/47 [00:01<00:00, 21.22it/s, loss=0.428, v_num=]
Epoch 171:  85%|████████▌ | 40/47 [00:01<00:00, 21.22it/s, loss=0.432, v_num=]
Epoch 171: 100%|██████████| 47/47 [00:02<00:00, 21.29it/s, loss=0.437, v_num=]
Epoch 171:   0%|          | 0/47 [00:00<?, ?it/s, loss=0.437, v_num=]         
Epoch 172:   0%|          | 0/47 [00:00<?, ?it/s, loss=0.437, v_num=]
Epoch 172:  43%|████▎     | 20/47 [00:00<00:01, 23.00it/s, loss=0.437, v_num=]
Epoch 172:  43%|████▎     | 20/47 [00:00<00:01, 22.98it/s, loss=0.429, v_num=]
Epoch 172:  85%|████████▌ | 40/47 [00:01<00:00, 27.68it/s, loss=0.429, v_num=]
Epoch 172:  85%|████████▌ | 40/47 [00:01<00:00, 27.67it/s, loss=0.434, v_num=]
Epoch 172: 100%|██████████| 47/47 [00:01<00:00, 26.59it/s, loss=0.428, v_num=]
Epoch 172:   0%|          | 0/47 [00:00<?, ?it/s, loss=0.428, v_num=]         
Epoch 173:   0%|          | 0/47 [00:00<?, ?it/s, loss=0.428, v_num=]
Epoch 173:  43%|████▎     | 20/47 [00:00<00:01, 21.33it/s, loss=0.428, v_num=]
Epoch 173:  43%|████▎     | 20/47 [00:00<00:01, 21.32it/s, loss=0.431, v_num=]
Epoch 173:  85%|████████▌ | 40/47 [00:01<00:00, 25.04it/s, loss=0.431, v_num=]
Epoch 173:  85%|████████▌ | 40/47 [00:01<00:00, 25.03it/s, loss=0.434, v_num=]
Epoch 173: 100%|██████████| 47/47 [00:01<00:00, 23.86it/s, loss=0.426, v_num=]
Epoch 173:   0%|          | 0/47 [00:00<?, ?it/s, loss=0.426, v_num=]         
Epoch 174:   0%|          | 0/47 [00:00<?, ?it/s, loss=0.426, v_num=]
Epoch 174:  43%|████▎     | 20/47 [00:00<00:01, 22.54it/s, loss=0.426, v_num=]
Epoch 174:  43%|████▎     | 20/47 [00:00<00:01, 22.52it/s, loss=0.433, v_num=]
Epoch 174:  85%|████████▌ | 40/47 [00:01<00:00, 27.36it/s, loss=0.433, v_num=]
Epoch 174:  85%|████████▌ | 40/47 [00:01<00:00, 27.35it/s, loss=0.434, v_num=]
Epoch 174: 100%|██████████| 47/47 [00:01<00:00, 25.93it/s, loss=0.434, v_num=]
Epoch 174:   0%|          | 0/47 [00:00<?, ?it/s, loss=0.434, v_num=]         
Epoch 175:   0%|          | 0/47 [00:00<?, ?it/s, loss=0.434, v_num=]
Epoch 175:  43%|████▎     | 20/47 [00:00<00:01, 22.79it/s, loss=0.434, v_num=]
Epoch 175:  43%|████▎     | 20/47 [00:00<00:01, 22.77it/s, loss=0.427, v_num=]
Epoch 175:  85%|████████▌ | 40/47 [00:01<00:00, 27.23it/s, loss=0.427, v_num=]
Epoch 175:  85%|████████▌ | 40/47 [00:01<00:00, 27.22it/s, loss=0.428, v_num=]
Epoch 175: 100%|██████████| 47/47 [00:01<00:00, 26.11it/s, loss=0.435, v_num=]Evaluating...
NMI : 0.4212390172844059, ARI: 0.18512438091725353, ACC: 0.19, current K: 4

Epoch 175:   0%|          | 0/47 [00:00<?, ?it/s, loss=0.435, v_num=]         
Epoch 176:   0%|          | 0/47 [00:00<?, ?it/s, loss=0.435, v_num=]/usr/local/lib/python3.13/dist-packages/torch/utils/data/dataloader.py:432: UserWarning: This DataLoader will create 6 worker processes in total. Our suggested max number of worker in current system is 2, which is smaller than what this DataLoader is going to create. Please be aware that excessive worker creation might get DataLoader running slow or even freeze, lower the worker number to avoid potential slowness/freeze if necessary.
  self.check_worker_number_rationality()

Epoch 176:  43%|████▎     | 20/47 [00:00<00:01, 22.80it/s, loss=0.435, v_num=]
Epoch 176:  43%|████▎     | 20/47 [00:00<00:01, 22.78it/s, loss=0.431, v_num=]
Epoch 176:  85%|████████▌ | 40/47 [00:01<00:00, 26.05it/s, loss=0.431, v_num=]
Epoch 176:  85%|████████▌ | 40/47 [00:01<00:00, 26.04it/s, loss=0.424, v_num=]
Epoch 176: 100%|██████████| 47/47 [00:01<00:00, 23.93it/s, loss=0.438, v_num=]
Epoch 176:   0%|          | 0/47 [00:00<?, ?it/s, loss=0.438, v_num=]         
Epoch 177:   0%|          | 0/47 [00:00<?, ?it/s, loss=0.438, v_num=]
Epoch 177:  43%|████▎     | 20/47 [00:01<00:01, 16.81it/s, loss=0.438, v_num=]
Epoch 177:  43%|████▎     | 20/47 [00:01<00:01, 16.80it/s, loss=0.432, v_num=]
Epoch 177:  85%|████████▌ | 40/47 [00:01<00:00, 20.11it/s, loss=0.432, v_num=]
Epoch 177:  85%|████████▌ | 40/47 [00:01<00:00, 20.10it/s, loss=0.421, v_num=]
Epoch 177: 100%|██████████| 47/47 [00:02<00:00, 19.46it/s, loss=0.425, v_num=]
Epoch 177:   0%|          | 0/47 [00:00<?, ?it/s, loss=0.425, v_num=]         
Epoch 178:   0%|          | 0/47 [00:00<?, ?it/s, loss=0.425, v_num=]
Epoch 178:  43%|████▎     | 20/47 [00:00<00:01, 22.38it/s, loss=0.425, v_num=]
Epoch 178:  43%|████▎     | 20/47 [00:00<00:01, 22.36it/s, loss=0.434, v_num=]
Epoch 178:  85%|████████▌ | 40/47 [00:01<00:00, 26.88it/s, loss=0.434, v_num=]
Epoch 178:  85%|████████▌ | 40/47 [00:01<00:00, 26.87it/s, loss=0.434, v_num=]
Epoch 178: 100%|██████████| 47/47 [00:01<00:00, 26.08it/s, loss=0.423, v_num=]
Epoch 178:   0%|          | 0/47 [00:00<?, ?it/s, loss=0.423, v_num=]         
Epoch 179:   0%|          | 0/47 [00:00<?, ?it/s, loss=0.423, v_num=]
Epoch 179:  43%|████▎     | 20/47 [00:00<00:01, 22.92it/s, loss=0.423, v_num=]
Epoch 179:  43%|████▎     | 20/47 [00:00<00:01, 22.90it/s, loss=0.428, v_num=]
Epoch 179:  85%|████████▌ | 40/47 [00:01<00:00, 27.67it/s, loss=0.428, v_num=]
Epoch 179:  85%|████████▌ | 40/47 [00:01<00:00, 27.66it/s, loss=0.428, v_num=]
Epoch 179: 100%|██████████| 47/47 [00:01<00:00, 26.55it/s, loss=0.43, v_num=] 
Epoch 179:   0%|          | 0/47 [00:00<?, ?it/s, loss=0.43, v_num=]         
Epoch 180:   0%|          | 0/47 [00:00<?, ?it/s, loss=0.43, v_num=]
Epoch 180:  43%|████▎     | 20/47 [00:00<00:01, 23.03it/s, loss=0.43, v_num=]
Epoch 180:  43%|████▎     | 20/47 [00:00<00:01, 23.01it/s, loss=0.427, v_num=]
Epoch 180:  85%|████████▌ | 40/47 [00:01<00:00, 27.68it/s, loss=0.427, v_num=]
Epoch 180:  85%|████████▌ | 40/47 [00:01<00:00, 27.67it/s, loss=0.428, v_num=]
Epoch 180: 100%|██████████| 47/47 [00:01<00:00, 26.43it/s, loss=0.423, v_num=]Evaluating...
NMI : 0.42114171245964593, ARI: 0.18522033825503822, ACC: 0.18983, current K: 4
Epoch 180 | NMI: 0.4211, ARI: 0.1852, ACC: 0.1898, current K: 4
Confusion Matrix:
[[ 43   0 225  32   0   0   0   0   0   0   0   0   0   0   0   0   0   0
    0   0]
 [  6 265  26   3   0   0   0   0   0   0   0   0   0   0   0   0   0   0
    0   0]
 [ 26   7  33 234   0   0   0   0   0   0   0   0   0   0   0   0   0   0
    0   0]
 [ 19 254   4  23   0   0   0   0   0   0   0   0   0   0   0   0   0   0
    0   0]
 [  0  17 279   4   0   0   0   0   0   0   0   0   0   0   0   0   0   0
    0   0]
 [238  45  16   1   0   0   0   0   0   0   0   0   0   0   0   0   0   0
    0   0]
 [  0  21   1 278   0   0   0   0   0   0   0   0   0   0   0   0   0   0
    0   0]
 [285   4   0  11   0   0   0   0   0   0   0   0   0   0   0   0   0   0
    0   0]
 [ 33   2 117 148   0   0   0   0   0   0   0   0   0   0   0   0   0   0
    0   0]
 [  5 274   0  21   0   0   0   0   0   0   0   0   0   0   0   0   0   0
    0   0]
 [ 43   0  66 191   0   0   0   0   0   0   0   0   0   0   0   0   0   0
    0   0]
 [ 11 268  18   3   0   0   0   0   0   0   0   0   0   0   0   0   0   0
    0   0]
 [  1   7 289   3   0   0   0   0   0   0   0   0   0   0   0   0   0   0
    0   0]
 [ 12 279   0   9   0   0   0   0   0   0   0   0   0   0   0   0   0   0
    0   0]
 [  5   8   4 283   0   0   0   0   0   0   0   0   0   0   0   0   0   0
    0   0]
 [280   8  12   0   0   0   0   0   0   0   0   0   0   0   0   0   0   0
    0   0]
 [  2   7 282   9   0   0   0   0   0   0   0   0   0   0   0   0   0   0
    0   0]
 [ 55 236   5   4   0   0   0   0   0   0   0   0   0   0   0   0   0   0
    0   0]
 [  0  11   3 286   0   0   0   0   0   0   0   0   0   0   0   0   0   0
    0   0]
 [269  18   2  11   0   0   0   0   0   0   0   0   0   0   0   0   0   0
    0   0]]

Epoch 180:   0%|          | 0/47 [00:00<?, ?it/s, loss=0.423, v_num=]         
Epoch 181:   0%|          | 0/47 [00:00<?, ?it/s, loss=0.423, v_num=]/usr/local/lib/python3.13/dist-packages/torch/utils/data/dataloader.py:432: UserWarning: This DataLoader will create 6 worker processes in total. Our suggested max number of worker in current system is 2, which is smaller than what this DataLoader is going to create. Please be aware that excessive worker creation might get DataLoader running slow or even freeze, lower the worker number to avoid potential slowness/freeze if necessary.
  self.check_worker_number_rationality()

Epoch 181:  43%|████▎     | 20/47 [00:00<00:01, 22.42it/s, loss=0.423, v_num=]
Epoch 181:  43%|████▎     | 20/47 [00:00<00:01, 22.40it/s, loss=0.431, v_num=]
Epoch 181:  85%|████████▌ | 40/47 [00:01<00:00, 27.18it/s, loss=0.431, v_num=]
Epoch 181:  85%|████████▌ | 40/47 [00:01<00:00, 27.18it/s, loss=0.434, v_num=]
Epoch 181: 100%|██████████| 47/47 [00:01<00:00, 25.89it/s, loss=0.426, v_num=]
Epoch 181:   0%|          | 0/47 [00:00<?, ?it/s, loss=0.426, v_num=]         
Epoch 182:   0%|          | 0/47 [00:00<?, ?it/s, loss=0.426, v_num=]
Epoch 182:  43%|████▎     | 20/47 [00:00<00:01, 22.75it/s, loss=0.426, v_num=]
Epoch 182:  43%|████▎     | 20/47 [00:00<00:01, 22.73it/s, loss=0.43, v_num=] 
Epoch 182:  85%|████████▌ | 40/47 [00:01<00:00, 27.29it/s, loss=0.43, v_num=]
Epoch 182:  85%|████████▌ | 40/47 [00:01<00:00, 27.28it/s, loss=0.438, v_num=]
Epoch 182: 100%|██████████| 47/47 [00:01<00:00, 26.20it/s, loss=0.433, v_num=]
Epoch 182:   0%|          | 0/47 [00:00<?, ?it/s, loss=0.433, v_num=]         
Epoch 183:   0%|          | 0/47 [00:00<?, ?it/s, loss=0.433, v_num=]
Epoch 183:  43%|████▎     | 20/47 [00:01<00:01, 19.52it/s, loss=0.433, v_num=]
Epoch 183:  43%|████▎     | 20/47 [00:01<00:01, 19.51it/s, loss=0.433, v_num=]
Epoch 183:  85%|████████▌ | 40/47 [00:01<00:00, 22.22it/s, loss=0.433, v_num=]
Epoch 183:  85%|████████▌ | 40/47 [00:01<00:00, 22.21it/s, loss=0.437, v_num=]
Epoch 183: 100%|██████████| 47/47 [00:02<00:00, 20.63it/s, loss=0.438, v_num=]
Epoch 183:   0%|          | 0/47 [00:00<?, ?it/s, loss=0.438, v_num=]         
Epoch 184:   0%|          | 0/47 [00:00<?, ?it/s, loss=0.438, v_num=]
Epoch 184:  43%|████▎     | 20/47 [00:01<00:01, 15.40it/s, loss=0.438, v_num=]
Epoch 184:  43%|████▎     | 20/47 [00:01<00:01, 15.39it/s, loss=0.429, v_num=]
Epoch 184:  85%|████████▌ | 40/47 [00:01<00:00, 20.73it/s, loss=0.429, v_num=]
Epoch 184:  85%|████████▌ | 40/47 [00:01<00:00, 20.73it/s, loss=0.436, v_num=]
Epoch 184: 100%|██████████| 47/47 [00:02<00:00, 20.59it/s, loss=0.424, v_num=]
Epoch 184:   0%|          | 0/47 [00:00<?, ?it/s, loss=0.424, v_num=]         
Epoch 185:   0%|          | 0/47 [00:00<?, ?it/s, loss=0.424, v_num=]
Epoch 185:  43%|████▎     | 20/47 [00:00<00:01, 23.37it/s, loss=0.424, v_num=]
Epoch 185:  43%|████▎     | 20/47 [00:00<00:01, 23.35it/s, loss=0.428, v_num=]
Epoch 185:  85%|████████▌ | 40/47 [00:01<00:00, 27.90it/s, loss=0.428, v_num=]
Epoch 185:  85%|████████▌ | 40/47 [00:01<00:00, 27.89it/s, loss=0.428, v_num=]
Epoch 185: 100%|██████████| 47/47 [00:01<00:00, 26.78it/s, loss=0.431, v_num=]Evaluating...
NMI : 0.4234551080735185, ARI: 0.185973307506682, ACC: 0.18983, current K: 4

Epoch 185:   0%|          | 0/47 [00:00<?, ?it/s, loss=0.431, v_num=]         
Epoch 186:   0%|          | 0/47 [00:00<?, ?it/s, loss=0.431, v_num=]/usr/local/lib/python3.13/dist-packages/torch/utils/data/dataloader.py:432: UserWarning: This DataLoader will create 6 worker processes in total. Our suggested max number of worker in current system is 2, which is smaller than what this DataLoader is going to create. Please be aware that excessive worker creation might get DataLoader running slow or even freeze, lower the worker number to avoid potential slowness/freeze if necessary.
  self.check_worker_number_rationality()

Epoch 186:  43%|████▎     | 20/47 [00:00<00:01, 22.21it/s, loss=0.431, v_num=]
Epoch 186:  43%|████▎     | 20/47 [00:00<00:01, 22.19it/s, loss=0.434, v_num=]
Epoch 186:  85%|████████▌ | 40/47 [00:01<00:00, 26.98it/s, loss=0.434, v_num=]
Epoch 186:  85%|████████▌ | 40/47 [00:01<00:00, 26.97it/s, loss=0.429, v_num=]
Epoch 186: 100%|██████████| 47/47 [00:01<00:00, 25.98it/s, loss=0.429, v_num=]
Epoch 186:   0%|          | 0/47 [00:00<?, ?it/s, loss=0.429, v_num=]         
Epoch 187:   0%|          | 0/47 [00:00<?, ?it/s, loss=0.429, v_num=]
Epoch 187:  43%|████▎     | 20/47 [00:00<00:01, 22.62it/s, loss=0.429, v_num=]
Epoch 187:  43%|████▎     | 20/47 [00:00<00:01, 22.60it/s, loss=0.439, v_num=]
Epoch 187:  85%|████████▌ | 40/47 [00:01<00:00, 27.43it/s, loss=0.439, v_num=]
Epoch 187:  85%|████████▌ | 40/47 [00:01<00:00, 27.42it/s, loss=0.422, v_num=]
Epoch 187: 100%|██████████| 47/47 [00:01<00:00, 26.44it/s, loss=0.426, v_num=]
Epoch 187:   0%|          | 0/47 [00:00<?, ?it/s, loss=0.426, v_num=]         
Epoch 188:   0%|          | 0/47 [00:00<?, ?it/s, loss=0.426, v_num=]
Epoch 188:  43%|████▎     | 20/47 [00:00<00:01, 22.10it/s, loss=0.426, v_num=]
Epoch 188:  43%|████▎     | 20/47 [00:00<00:01, 22.09it/s, loss=0.429, v_num=]
Epoch 188:  85%|████████▌ | 40/47 [00:01<00:00, 26.81it/s, loss=0.429, v_num=]
Epoch 188:  85%|████████▌ | 40/47 [00:01<00:00, 26.81it/s, loss=0.422, v_num=]
Epoch 188: 100%|██████████| 47/47 [00:01<00:00, 25.32it/s, loss=0.429, v_num=]
Epoch 188:   0%|          | 0/47 [00:00<?, ?it/s, loss=0.429, v_num=]         
Epoch 189:   0%|          | 0/47 [00:00<?, ?it/s, loss=0.429, v_num=]
Epoch 189:  43%|████▎     | 20/47 [00:01<00:01, 19.35it/s, loss=0.429, v_num=]
Epoch 189:  43%|████▎     | 20/47 [00:01<00:01, 19.33it/s, loss=0.431, v_num=]
Epoch 189:  85%|████████▌ | 40/47 [00:01<00:00, 24.57it/s, loss=0.431, v_num=]
Epoch 189:  85%|████████▌ | 40/47 [00:01<00:00, 24.57it/s, loss=0.421, v_num=]
Epoch 189: 100%|██████████| 47/47 [00:02<00:00, 22.09it/s, loss=0.43, v_num=] 
Epoch 189:   0%|          | 0/47 [00:00<?, ?it/s, loss=0.43, v_num=]         
Epoch 190:   0%|          | 0/47 [00:00<?, ?it/s, loss=0.43, v_num=]
Epoch 190:  43%|████▎     | 20/47 [00:01<00:01, 16.57it/s, loss=0.43, v_num=]
Epoch 190:  43%|████▎     | 20/47 [00:01<00:01, 16.55it/s, loss=0.426, v_num=]
Epoch 190:  85%|████████▌ | 40/47 [00:02<00:00, 19.66it/s, loss=0.426, v_num=]
Epoch 190:  85%|████████▌ | 40/47 [00:02<00:00, 19.66it/s, loss=0.422, v_num=]
Epoch 190: 100%|██████████| 47/47 [00:02<00:00, 18.56it/s, loss=0.432, v_num=]Evaluating...
NMI : 0.4255444940379482, ARI: 0.18696170848037022, ACC: 0.1905, current K: 4
Epoch 190 | NMI: 0.4255, ARI: 0.1870, ACC: 0.1905, current K: 4
Confusion Matrix:
[[ 42   0 226  32   0   0   0   0   0   0   0   0   0   0   0   0   0   0
    0   0]
 [  6 267  26   1   0   0   0   0   0   0   0   0   0   0   0   0   0   0
    0   0]
 [ 26   7  31 236   0   0   0   0   0   0   0   0   0   0   0   0   0   0
    0   0]
 [ 16 259   4  21   0   0   0   0   0   0   0   0   0   0   0   0   0   0
    0   0]
 [  0  17 279   4   0   0   0   0   0   0   0   0   0   0   0   0   0   0
    0   0]
 [236  47  16   1   0   0   0   0   0   0   0   0   0   0   0   0   0   0
    0   0]
 [  0  19   1 280   0   0   0   0   0   0   0   0   0   0   0   0   0   0
    0   0]
 [287   4   0   9   0   0   0   0   0   0   0   0   0   0   0   0   0   0
    0   0]
 [ 34   2 116 148   0   0   0   0   0   0   0   0   0   0   0   0   0   0
    0   0]
 [  4 275   0  21   0   0   0   0   0   0   0   0   0   0   0   0   0   0
    0   0]
 [ 43   0  66 191   0   0   0   0   0   0   0   0   0   0   0   0   0   0
    0   0]
 [ 10 269  18   3   0   0   0   0   0   0   0   0   0   0   0   0   0   0
    0   0]
 [  1   6 290   3   0   0   0   0   0   0   0   0   0   0   0   0   0   0
    0   0]
 [ 12 279   0   9   0   0   0   0   0   0   0   0   0   0   0   0   0   0
    0   0]
 [  5   8   4 283   0   0   0   0   0   0   0   0   0   0   0   0   0   0
    0   0]
 [282   7  11   0   0   0   0   0   0   0   0   0   0   0   0   0   0   0
    0   0]
 [  2   7 282   9   0   0   0   0   0   0   0   0   0   0   0   0   0   0
    0   0]
 [ 54 237   4   5   0   0   0   0   0   0   0   0   0   0   0   0   0   0
    0   0]
 [  0  10   3 287   0   0   0   0   0   0   0   0   0   0   0   0   0   0
    0   0]
 [269  19   2  10   0   0   0   0   0   0   0   0   0   0   0   0   0   0
    0   0]]

Epoch 190:   0%|          | 0/47 [00:00<?, ?it/s, loss=0.432, v_num=]         
Epoch 191:   0%|          | 0/47 [00:00<?, ?it/s, loss=0.432, v_num=]/usr/local/lib/python3.13/dist-packages/torch/utils/data/dataloader.py:432: UserWarning: This DataLoader will create 6 worker processes in total. Our suggested max number of worker in current system is 2, which is smaller than what this DataLoader is going to create. Please be aware that excessive worker creation might get DataLoader running slow or even freeze, lower the worker number to avoid potential slowness/freeze if necessary.
  self.check_worker_number_rationality()

Epoch 191:  43%|████▎     | 20/47 [00:00<00:01, 22.42it/s, loss=0.432, v_num=]
Epoch 191:  43%|████▎     | 20/47 [00:00<00:01, 22.40it/s, loss=0.432, v_num=]
Epoch 191:  85%|████████▌ | 40/47 [00:01<00:00, 27.17it/s, loss=0.432, v_num=]
Epoch 191:  85%|████████▌ | 40/47 [00:01<00:00, 27.16it/s, loss=0.427, v_num=]
Epoch 191: 100%|██████████| 47/47 [00:01<00:00, 26.03it/s, loss=0.43, v_num=] 
Epoch 191:   0%|          | 0/47 [00:00<?, ?it/s, loss=0.43, v_num=]         
Epoch 192:   0%|          | 0/47 [00:00<?, ?it/s, loss=0.43, v_num=]
Epoch 192:  43%|████▎     | 20/47 [00:00<00:01, 22.40it/s, loss=0.43, v_num=]
Epoch 192:  43%|████▎     | 20/47 [00:00<00:01, 22.37it/s, loss=0.429, v_num=]
Epoch 192:  85%|████████▌ | 40/47 [00:01<00:00, 27.21it/s, loss=0.429, v_num=]
Epoch 192:  85%|████████▌ | 40/47 [00:01<00:00, 27.21it/s, loss=0.425, v_num=]
Epoch 192: 100%|██████████| 47/47 [00:01<00:00, 25.89it/s, loss=0.43, v_num=] 
Epoch 192:   0%|          | 0/47 [00:00<?, ?it/s, loss=0.43, v_num=]         
Epoch 193:   0%|          | 0/47 [00:00<?, ?it/s, loss=0.43, v_num=]
Epoch 193:  43%|████▎     | 20/47 [00:00<00:01, 22.63it/s, loss=0.43, v_num=]
Epoch 193:  43%|████▎     | 20/47 [00:00<00:01, 22.61it/s, loss=0.421, v_num=]
Epoch 193:  85%|████████▌ | 40/47 [00:01<00:00, 27.06it/s, loss=0.421, v_num=]
Epoch 193:  85%|████████▌ | 40/47 [00:01<00:00, 27.06it/s, loss=0.424, v_num=]
Epoch 193: 100%|██████████| 47/47 [00:01<00:00, 25.57it/s, loss=0.429, v_num=]
Epoch 193:   0%|          | 0/47 [00:00<?, ?it/s, loss=0.429, v_num=]         
Epoch 194:   0%|          | 0/47 [00:00<?, ?it/s, loss=0.429, v_num=]
Epoch 194:  43%|████▎     | 20/47 [00:00<00:01, 22.67it/s, loss=0.429, v_num=]
Epoch 194:  43%|████▎     | 20/47 [00:00<00:01, 22.65it/s, loss=0.428, v_num=]
Epoch 194:  85%|████████▌ | 40/47 [00:01<00:00, 27.20it/s, loss=0.428, v_num=]
Epoch 194:  85%|████████▌ | 40/47 [00:01<00:00, 27.20it/s, loss=0.426, v_num=]
Epoch 194: 100%|██████████| 47/47 [00:01<00:00, 26.16it/s, loss=0.429, v_num=]
Epoch 194:   0%|          | 0/47 [00:00<?, ?it/s, loss=0.429, v_num=]         
Epoch 195:   0%|          | 0/47 [00:00<?, ?it/s, loss=0.429, v_num=]
Epoch 195:  43%|████▎     | 20/47 [00:00<00:01, 22.38it/s, loss=0.429, v_num=]
Epoch 195:  43%|████▎     | 20/47 [00:00<00:01, 22.36it/s, loss=0.419, v_num=]
Epoch 195:  85%|████████▌ | 40/47 [00:01<00:00, 26.96it/s, loss=0.419, v_num=]
Epoch 195:  85%|████████▌ | 40/47 [00:01<00:00, 26.95it/s, loss=0.428, v_num=]
Epoch 195: 100%|██████████| 47/47 [00:01<00:00, 25.93it/s, loss=0.425, v_num=]Evaluating...
NMI : 0.4261573027219472, ARI: 0.18672739742214212, ACC: 0.1905, current K: 4

Epoch 195:   0%|          | 0/47 [00:00<?, ?it/s, loss=0.425, v_num=]         
Epoch 196:   0%|          | 0/47 [00:00<?, ?it/s, loss=0.425, v_num=]/usr/local/lib/python3.13/dist-packages/torch/utils/data/dataloader.py:432: UserWarning: This DataLoader will create 6 worker processes in total. Our suggested max number of worker in current system is 2, which is smaller than what this DataLoader is going to create. Please be aware that excessive worker creation might get DataLoader running slow or even freeze, lower the worker number to avoid potential slowness/freeze if necessary.
  self.check_worker_number_rationality()

Epoch 196:  43%|████▎     | 20/47 [00:01<00:01, 19.57it/s, loss=0.425, v_num=]
Epoch 196:  43%|████▎     | 20/47 [00:01<00:01, 19.56it/s, loss=0.424, v_num=]
Epoch 196:  85%|████████▌ | 40/47 [00:01<00:00, 22.73it/s, loss=0.424, v_num=]
Epoch 196:  85%|████████▌ | 40/47 [00:01<00:00, 22.72it/s, loss=0.422, v_num=]
Epoch 196: 100%|██████████| 47/47 [00:02<00:00, 21.14it/s, loss=0.427, v_num=]
Epoch 196:   0%|          | 0/47 [00:00<?, ?it/s, loss=0.427, v_num=]         
Epoch 197:   0%|          | 0/47 [00:00<?, ?it/s, loss=0.427, v_num=]
Epoch 197:  43%|████▎     | 20/47 [00:01<00:01, 15.59it/s, loss=0.427, v_num=]
Epoch 197:  43%|████▎     | 20/47 [00:01<00:01, 15.57it/s, loss=0.422, v_num=]
Epoch 197:  85%|████████▌ | 40/47 [00:01<00:00, 21.10it/s, loss=0.422, v_num=]
Epoch 197:  85%|████████▌ | 40/47 [00:01<00:00, 21.10it/s, loss=0.435, v_num=]
Epoch 197: 100%|██████████| 47/47 [00:02<00:00, 21.10it/s, loss=0.431, v_num=]
Epoch 197:   0%|          | 0/47 [00:00<?, ?it/s, loss=0.431, v_num=]         
Epoch 198:   0%|          | 0/47 [00:00<?, ?it/s, loss=0.431, v_num=]
Epoch 198:  43%|████▎     | 20/47 [00:00<00:01, 22.46it/s, loss=0.431, v_num=]
Epoch 198:  43%|████▎     | 20/47 [00:00<00:01, 22.44it/s, loss=0.425, v_num=]
Epoch 198:  85%|████████▌ | 40/47 [00:01<00:00, 26.93it/s, loss=0.425, v_num=]
Epoch 198:  85%|████████▌ | 40/47 [00:01<00:00, 26.92it/s, loss=0.43, v_num=] 
Epoch 198: 100%|██████████| 47/47 [00:01<00:00, 25.70it/s, loss=0.433, v_num=]
Epoch 198:   0%|          | 0/47 [00:00<?, ?it/s, loss=0.433, v_num=]         
Epoch 199:   0%|          | 0/47 [00:00<?, ?it/s, loss=0.433, v_num=]
Epoch 199:  43%|████▎     | 20/47 [00:00<00:01, 22.17it/s, loss=0.433, v_num=]
Epoch 199:  43%|████▎     | 20/47 [00:00<00:01, 22.15it/s, loss=0.428, v_num=]
Epoch 199:  85%|████████▌ | 40/47 [00:01<00:00, 27.01it/s, loss=0.428, v_num=]
Epoch 199:  85%|████████▌ | 40/47 [00:01<00:00, 27.01it/s, loss=0.437, v_num=]
Epoch 199: 100%|██████████| 47/47 [00:01<00:00, 26.03it/s, loss=0.422, v_num=]
Epoch 199:   0%|          | 0/47 [00:00<?, ?it/s, loss=0.422, v_num=]         
Epoch 200:   0%|          | 0/47 [00:00<?, ?it/s, loss=0.422, v_num=]
Epoch 200:  43%|████▎     | 20/47 [00:00<00:01, 22.75it/s, loss=0.422, v_num=]
Epoch 200:  43%|████▎     | 20/47 [00:00<00:01, 22.73it/s, loss=0.428, v_num=]
Epoch 200:  85%|████████▌ | 40/47 [00:01<00:00, 27.50it/s, loss=0.428, v_num=]
Epoch 200:  85%|████████▌ | 40/47 [00:01<00:00, 27.49it/s, loss=0.421, v_num=]
Epoch 200: 100%|██████████| 47/47 [00:01<00:00, 26.17it/s, loss=0.424, v_num=]Evaluating...
NMI : 0.4271999332167946, ARI: 0.1872697916965704, ACC: 0.1905, current K: 4
Epoch 200 | NMI: 0.4272, ARI: 0.1873, ACC: 0.1905, current K: 4
Confusion Matrix:
[[ 42   0 226  32   0   0   0   0   0   0   0   0   0   0   0   0   0   0
    0   0]
 [  4 269  26   1   0   0   0   0   0   0   0   0   0   0   0   0   0   0
    0   0]
 [ 26   7  31 236   0   0   0   0   0   0   0   0   0   0   0   0   0   0
    0   0]
 [ 16 258   4  22   0   0   0   0   0   0   0   0   0   0   0   0   0   0
    0   0]
 [  0  17 279   4   0   0   0   0   0   0   0   0   0   0   0   0   0   0
    0   0]
 [235  48  16   1   0   0   0   0   0   0   0   0   0   0   0   0   0   0
    0   0]
 [  0  19   1 280   0   0   0   0   0   0   0   0   0   0   0   0   0   0
    0   0]
 [287   4   0   9   0   0   0   0   0   0   0   0   0   0   0   0   0   0
    0   0]
 [ 34   1 116 149   0   0   0   0   0   0   0   0   0   0   0   0   0   0
    0   0]
 [  3 276   0  21   0   0   0   0   0   0   0   0   0   0   0   0   0   0
    0   0]
 [ 43   0  64 193   0   0   0   0   0   0   0   0   0   0   0   0   0   0
    0   0]
 [ 10 267  20   3   0   0   0   0   0   0   0   0   0   0   0   0   0   0
    0   0]
 [  1   6 290   3   0   0   0   0   0   0   0   0   0   0   0   0   0   0
    0   0]
 [ 12 278   0  10   0   0   0   0   0   0   0   0   0   0   0   0   0   0
    0   0]
 [  5   8   4 283   0   0   0   0   0   0   0   0   0   0   0   0   0   0
    0   0]
 [282   7  11   0   0   0   0   0   0   0   0   0   0   0   0   0   0   0
    0   0]
 [  0   9 282   9   0   0   0   0   0   0   0   0   0   0   0   0   0   0
    0   0]
 [ 51 240   4   5   0   0   0   0   0   0   0   0   0   0   0   0   0   0
    0   0]
 [  0  10   2 288   0   0   0   0   0   0   0   0   0   0   0   0   0   0
    0   0]
 [270  18   2  10   0   0   0   0   0   0   0   0   0   0   0   0   0   0
    0   0]]

Epoch 200:   0%|          | 0/47 [00:00<?, ?it/s, loss=0.424, v_num=]         
Epoch 201:   0%|          | 0/47 [00:00<?, ?it/s, loss=0.424, v_num=]/usr/local/lib/python3.13/dist-packages/torch/utils/data/dataloader.py:432: UserWarning: This DataLoader will create 6 worker processes in total. Our suggested max number of worker in current system is 2, which is smaller than what this DataLoader is going to create. Please be aware that excessive worker creation might get DataLoader running slow or even freeze, lower the worker number to avoid potential slowness/freeze if necessary.
  self.check_worker_number_rationality()

Epoch 201:  43%|████▎     | 20/47 [00:00<00:01, 22.54it/s, loss=0.424, v_num=]
Epoch 201:  43%|████▎     | 20/47 [00:00<00:01, 22.53it/s, loss=0.436, v_num=]
Epoch 201:  85%|████████▌ | 40/47 [00:01<00:00, 27.48it/s, loss=0.436, v_num=]
Epoch 201:  85%|████████▌ | 40/47 [00:01<00:00, 27.47it/s, loss=0.42, v_num=] 
Epoch 201: 100%|██████████| 47/47 [00:01<00:00, 26.35it/s, loss=0.422, v_num=]
Epoch 201:   0%|          | 0/47 [00:00<?, ?it/s, loss=0.422, v_num=]         
Epoch 202:   0%|          | 0/47 [00:00<?, ?it/s, loss=0.422, v_num=]
Epoch 202:  43%|████▎     | 20/47 [00:00<00:01, 22.92it/s, loss=0.422, v_num=]
Epoch 202:  43%|████▎     | 20/47 [00:00<00:01, 22.90it/s, loss=0.43, v_num=] 
Epoch 202:  85%|████████▌ | 40/47 [00:01<00:00, 27.45it/s, loss=0.43, v_num=]
Epoch 202:  85%|████████▌ | 40/47 [00:01<00:00, 27.44it/s, loss=0.427, v_num=]
Epoch 202: 100%|██████████| 47/47 [00:01<00:00, 25.69it/s, loss=0.424, v_num=]
Epoch 202:   0%|          | 0/47 [00:00<?, ?it/s, loss=0.424, v_num=]         
Epoch 203:   0%|          | 0/47 [00:00<?, ?it/s, loss=0.424, v_num=]
Epoch 203:  43%|████▎     | 20/47 [00:01<00:01, 16.77it/s, loss=0.424, v_num=]
Epoch 203:  43%|████▎     | 20/47 [00:01<00:01, 16.76it/s, loss=0.429, v_num=]
Epoch 203:  85%|████████▌ | 40/47 [00:01<00:00, 20.26it/s, loss=0.429, v_num=]
Epoch 203:  85%|████████▌ | 40/47 [00:01<00:00, 20.25it/s, loss=0.418, v_num=]
Epoch 203: 100%|██████████| 47/47 [00:02<00:00, 19.31it/s, loss=0.423, v_num=]
Epoch 203:   0%|          | 0/47 [00:00<?, ?it/s, loss=0.423, v_num=]         
Epoch 204:   0%|          | 0/47 [00:00<?, ?it/s, loss=0.423, v_num=]
Epoch 204:  43%|████▎     | 20/47 [00:01<00:01, 16.01it/s, loss=0.423, v_num=]
Epoch 204:  43%|████▎     | 20/47 [00:01<00:01, 16.00it/s, loss=0.424, v_num=]
Epoch 204:  85%|████████▌ | 40/47 [00:01<00:00, 21.90it/s, loss=0.424, v_num=]
Epoch 204:  85%|████████▌ | 40/47 [00:01<00:00, 21.90it/s, loss=0.428, v_num=]
Epoch 204: 100%|██████████| 47/47 [00:02<00:00, 21.67it/s, loss=0.425, v_num=]
Epoch 204:   0%|          | 0/47 [00:00<?, ?it/s, loss=0.425, v_num=]         
Epoch 205:   0%|          | 0/47 [00:00<?, ?it/s, loss=0.425, v_num=]
Epoch 205:  43%|████▎     | 20/47 [00:00<00:01, 22.42it/s, loss=0.425, v_num=]
Epoch 205:  43%|████▎     | 20/47 [00:00<00:01, 22.40it/s, loss=0.422, v_num=]
Epoch 205:  85%|████████▌ | 40/47 [00:01<00:00, 27.65it/s, loss=0.422, v_num=]
Epoch 205:  85%|████████▌ | 40/47 [00:01<00:00, 27.64it/s, loss=0.422, v_num=]
Epoch 205: 100%|██████████| 47/47 [00:01<00:00, 26.33it/s, loss=0.421, v_num=]Evaluating...
NMI : 0.4275005946047516, ARI: 0.18739922588385147, ACC: 0.1905, current K: 4

Epoch 205:   0%|          | 0/47 [00:00<?, ?it/s, loss=0.421, v_num=]         
Epoch 206:   0%|          | 0/47 [00:00<?, ?it/s, loss=0.421, v_num=]/usr/local/lib/python3.13/dist-packages/torch/utils/data/dataloader.py:432: UserWarning: This DataLoader will create 6 worker processes in total. Our suggested max number of worker in current system is 2, which is smaller than what this DataLoader is going to create. Please be aware that excessive worker creation might get DataLoader running slow or even freeze, lower the worker number to avoid potential slowness/freeze if necessary.
  self.check_worker_number_rationality()

Epoch 206:  43%|████▎     | 20/47 [00:00<00:01, 22.58it/s, loss=0.421, v_num=]
Epoch 206:  43%|████▎     | 20/47 [00:00<00:01, 22.57it/s, loss=0.43, v_num=] 
Epoch 206:  85%|████████▌ | 40/47 [00:01<00:00, 27.34it/s, loss=0.43, v_num=]
Epoch 206:  85%|████████▌ | 40/47 [00:01<00:00, 27.33it/s, loss=0.431, v_num=]
Epoch 206: 100%|██████████| 47/47 [00:01<00:00, 26.38it/s, loss=0.434, v_num=]
Epoch 206:   0%|          | 0/47 [00:00<?, ?it/s, loss=0.434, v_num=]         
Epoch 207:   0%|          | 0/47 [00:00<?, ?it/s, loss=0.434, v_num=]
Epoch 207:  43%|████▎     | 20/47 [00:00<00:01, 22.78it/s, loss=0.434, v_num=]
Epoch 207:  43%|████▎     | 20/47 [00:00<00:01, 22.77it/s, loss=0.416, v_num=]
Epoch 207:  85%|████████▌ | 40/47 [00:01<00:00, 27.48it/s, loss=0.416, v_num=]
Epoch 207:  85%|████████▌ | 40/47 [00:01<00:00, 27.47it/s, loss=0.422, v_num=]
Epoch 207: 100%|██████████| 47/47 [00:01<00:00, 26.40it/s, loss=0.425, v_num=]
Epoch 207:   0%|          | 0/47 [00:00<?, ?it/s, loss=0.425, v_num=]         
Epoch 208:   0%|          | 0/47 [00:00<?, ?it/s, loss=0.425, v_num=]
Epoch 208:  43%|████▎     | 20/47 [00:00<00:01, 22.64it/s, loss=0.425, v_num=]
Epoch 208:  43%|████▎     | 20/47 [00:00<00:01, 22.61it/s, loss=0.43, v_num=] 
Epoch 208:  85%|████████▌ | 40/47 [00:01<00:00, 27.63it/s, loss=0.43, v_num=]
Epoch 208:  85%|████████▌ | 40/47 [00:01<00:00, 27.62it/s, loss=0.426, v_num=]
Epoch 208: 100%|██████████| 47/47 [00:01<00:00, 26.32it/s, loss=0.432, v_num=]
Epoch 208:   0%|          | 0/47 [00:00<?, ?it/s, loss=0.432, v_num=]         
Epoch 209:   0%|          | 0/47 [00:00<?, ?it/s, loss=0.432, v_num=]
Epoch 209:  43%|████▎     | 20/47 [00:00<00:01, 23.07it/s, loss=0.432, v_num=]
Epoch 209:  43%|████▎     | 20/47 [00:00<00:01, 23.05it/s, loss=0.428, v_num=]
Epoch 209:  85%|████████▌ | 40/47 [00:01<00:00, 27.35it/s, loss=0.428, v_num=]
Epoch 209:  85%|████████▌ | 40/47 [00:01<00:00, 27.34it/s, loss=0.421, v_num=]
Epoch 209: 100%|██████████| 47/47 [00:01<00:00, 24.11it/s, loss=0.424, v_num=]
Epoch 209:   0%|          | 0/47 [00:00<?, ?it/s, loss=0.424, v_num=]         
Epoch 210:   0%|          | 0/47 [00:00<?, ?it/s, loss=0.424, v_num=]
Epoch 210:  43%|████▎     | 20/47 [00:01<00:01, 15.87it/s, loss=0.424, v_num=]
Epoch 210:  43%|████▎     | 20/47 [00:01<00:01, 15.85it/s, loss=0.425, v_num=]
Epoch 210:  85%|████████▌ | 40/47 [00:02<00:00, 19.49it/s, loss=0.425, v_num=]
Epoch 210:  85%|████████▌ | 40/47 [00:02<00:00, 19.49it/s, loss=0.421, v_num=]
Epoch 210: 100%|██████████| 47/47 [00:02<00:00, 19.01it/s, loss=0.423, v_num=]Evaluating...
NMI : 0.42903259647051595, ARI: 0.18793817839037982, ACC: 0.19083, current K: 4
Epoch 210 | NMI: 0.4290, ARI: 0.1879, ACC: 0.1908, current K: 4
Confusion Matrix:
[[ 38   0 230  32   0   0   0   0   0   0   0   0   0   0   0   0   0   0
    0   0]
 [  4 270  25   1   0   0   0   0   0   0   0   0   0   0   0   0   0   0
    0   0]
 [ 25   7  31 237   0   0   0   0   0   0   0   0   0   0   0   0   0   0
    0   0]
 [ 14 261   4  21   0   0   0   0   0   0   0   0   0   0   0   0   0   0
    0   0]
 [  0  17 279   4   0   0   0   0   0   0   0   0   0   0   0   0   0   0
    0   0]
 [230  53  16   1   0   0   0   0   0   0   0   0   0   0   0   0   0   0
    0   0]
 [  0  19   1 280   0   0   0   0   0   0   0   0   0   0   0   0   0   0
    0   0]
 [289   4   0   7   0   0   0   0   0   0   0   0   0   0   0   0   0   0
    0   0]
 [ 34   1 117 148   0   0   0   0   0   0   0   0   0   0   0   0   0   0
    0   0]
 [  3 276   0  21   0   0   0   0   0   0   0   0   0   0   0   0   0   0
    0   0]
 [ 43   0  65 192   0   0   0   0   0   0   0   0   0   0   0   0   0   0
    0   0]
 [  9 268  20   3   0   0   0   0   0   0   0   0   0   0   0   0   0   0
    0   0]
 [  1   6 291   2   0   0   0   0   0   0   0   0   0   0   0   0   0   0
    0   0]
 [ 13 278   0   9   0   0   0   0   0   0   0   0   0   0   0   0   0   0
    0   0]
 [  5   8   4 283   0   0   0   0   0   0   0   0   0   0   0   0   0   0
    0   0]
 [282   7  11   0   0   0   0   0   0   0   0   0   0   0   0   0   0   0
    0   0]
 [  0   9 282   9   0   0   0   0   0   0   0   0   0   0   0   0   0   0
    0   0]
 [ 48 243   4   5   0   0   0   0   0   0   0   0   0   0   0   0   0   0
    0   0]
 [  0  10   3 287   0   0   0   0   0   0   0   0   0   0   0   0   0   0
    0   0]
 [270  18   2  10   0   0   0   0   0   0   0   0   0   0   0   0   0   0
    0   0]]

Epoch 210:   0%|          | 0/47 [00:00<?, ?it/s, loss=0.423, v_num=]         
Epoch 211:   0%|          | 0/47 [00:00<?, ?it/s, loss=0.423, v_num=]/usr/local/lib/python3.13/dist-packages/torch/utils/data/dataloader.py:432: UserWarning: This DataLoader will create 6 worker processes in total. Our suggested max number of worker in current system is 2, which is smaller than what this DataLoader is going to create. Please be aware that excessive worker creation might get DataLoader running slow or even freeze, lower the worker number to avoid potential slowness/freeze if necessary.
  self.check_worker_number_rationality()

Epoch 211:  43%|████▎     | 20/47 [00:00<00:01, 22.35it/s, loss=0.423, v_num=]
Epoch 211:  43%|████▎     | 20/47 [00:00<00:01, 22.32it/s, loss=0.425, v_num=]
Epoch 211:  85%|████████▌ | 40/47 [00:01<00:00, 27.56it/s, loss=0.425, v_num=]
Epoch 211:  85%|████████▌ | 40/47 [00:01<00:00, 27.55it/s, loss=0.426, v_num=]
Epoch 211: 100%|██████████| 47/47 [00:01<00:00, 26.21it/s, loss=0.432, v_num=]
Epoch 211:   0%|          | 0/47 [00:00<?, ?it/s, loss=0.432, v_num=]         
Epoch 212:   0%|          | 0/47 [00:00<?, ?it/s, loss=0.432, v_num=]
Epoch 212:  43%|████▎     | 20/47 [00:00<00:01, 22.45it/s, loss=0.432, v_num=]
Epoch 212:  43%|████▎     | 20/47 [00:00<00:01, 22.43it/s, loss=0.435, v_num=]
Epoch 212:  85%|████████▌ | 40/47 [00:01<00:00, 27.27it/s, loss=0.435, v_num=]
Epoch 212:  85%|████████▌ | 40/47 [00:01<00:00, 27.26it/s, loss=0.419, v_num=]
Epoch 212: 100%|██████████| 47/47 [00:01<00:00, 26.03it/s, loss=0.414, v_num=]
Epoch 212:   0%|          | 0/47 [00:00<?, ?it/s, loss=0.414, v_num=]         
Epoch 213:   0%|          | 0/47 [00:00<?, ?it/s, loss=0.414, v_num=]
Epoch 213:  43%|████▎     | 20/47 [00:00<00:01, 22.81it/s, loss=0.414, v_num=]
Epoch 213:  43%|████▎     | 20/47 [00:00<00:01, 22.78it/s, loss=0.419, v_num=]
Epoch 213:  85%|████████▌ | 40/47 [00:01<00:00, 27.50it/s, loss=0.419, v_num=]
Epoch 213:  85%|████████▌ | 40/47 [00:01<00:00, 27.50it/s, loss=0.421, v_num=]
Epoch 213: 100%|██████████| 47/47 [00:01<00:00, 26.45it/s, loss=0.421, v_num=]
Epoch 213:   0%|          | 0/47 [00:00<?, ?it/s, loss=0.421, v_num=]         
Epoch 214:   0%|          | 0/47 [00:00<?, ?it/s, loss=0.421, v_num=]
Epoch 214:  43%|████▎     | 20/47 [00:00<00:01, 22.37it/s, loss=0.421, v_num=]
Epoch 214:  43%|████▎     | 20/47 [00:00<00:01, 22.35it/s, loss=0.421, v_num=]
Epoch 214:  85%|████████▌ | 40/47 [00:01<00:00, 27.19it/s, loss=0.421, v_num=]
Epoch 214:  85%|████████▌ | 40/47 [00:01<00:00, 27.18it/s, loss=0.43, v_num=] 
Epoch 214: 100%|██████████| 47/47 [00:01<00:00, 26.09it/s, loss=0.42, v_num=]
Epoch 214:   0%|          | 0/47 [00:00<?, ?it/s, loss=0.42, v_num=]         
Epoch 215:   0%|          | 0/47 [00:00<?, ?it/s, loss=0.42, v_num=]
Epoch 215:  43%|████▎     | 20/47 [00:00<00:01, 22.42it/s, loss=0.42, v_num=]
Epoch 215:  43%|████▎     | 20/47 [00:00<00:01, 22.40it/s, loss=0.425, v_num=]
Epoch 215:  85%|████████▌ | 40/47 [00:01<00:00, 27.37it/s, loss=0.425, v_num=]
Epoch 215:  85%|████████▌ | 40/47 [00:01<00:00, 27.36it/s, loss=0.424, v_num=]
Epoch 215: 100%|██████████| 47/47 [00:01<00:00, 26.05it/s, loss=0.425, v_num=]/content/DeepDPM-New/src/clustering_models/clusternet_modules/clusternetasmodel.py:682: UserWarning: To copy construct from a tensor, it is recommended to use sourceTensor.detach().clone() or sourceTensor.detach().clone().requires_grad_(True), rather than torch.tensor(sourceTensor).
  mus_ind_to_split = torch.nonzero(torch.tensor(split_decisions), as_tuple=False)
Splitting clusters [0 1 2 3]
Evaluating...
NMI : 0.42899286571853723, ARI: 0.1876895995083865, ACC: 0.191, current K: 4
[Split] K updated → 8 clusters
  [Epoch 215] losses at split → cluster_loss=0.0301, subcluster_loss=0.6313, pairwise_loss=0.1840

Epoch 215:   0%|          | 0/47 [00:00<?, ?it/s, loss=0.425, v_num=]         
Epoch 216:   0%|          | 0/47 [00:00<?, ?it/s, loss=0.425, v_num=]/usr/local/lib/python3.13/dist-packages/torch/utils/data/dataloader.py:432: UserWarning: This DataLoader will create 6 worker processes in total. Our suggested max number of worker in current system is 2, which is smaller than what this DataLoader is going to create. Please be aware that excessive worker creation might get DataLoader running slow or even freeze, lower the worker number to avoid potential slowness/freeze if necessary.
  self.check_worker_number_rationality()

Epoch 216:  43%|████▎     | 20/47 [00:01<00:01, 14.93it/s, loss=0.425, v_num=]
Epoch 216:  43%|████▎     | 20/47 [00:01<00:01, 14.92it/s, loss=0.954, v_num=]
Epoch 216:  85%|████████▌ | 40/47 [00:02<00:00, 16.81it/s, loss=0.954, v_num=]
Epoch 216:  85%|████████▌ | 40/47 [00:02<00:00, 16.81it/s, loss=0.89, v_num=] 
Epoch 216: 100%|██████████| 47/47 [00:03<00:00, 15.52it/s, loss=0.88, v_num=]
Epoch 216:   0%|          | 0/47 [00:00<?, ?it/s, loss=0.88, v_num=]         
Epoch 217:   0%|          | 0/47 [00:00<?, ?it/s, loss=0.88, v_num=]
Epoch 217:  43%|████▎     | 20/47 [00:01<00:01, 14.88it/s, loss=0.88, v_num=]
Epoch 217:  43%|████▎     | 20/47 [00:01<00:01, 14.87it/s, loss=0.85, v_num=]
Epoch 217:  85%|████████▌ | 40/47 [00:02<00:00, 18.61it/s, loss=0.85, v_num=]
Epoch 217:  85%|████████▌ | 40/47 [00:02<00:00, 18.61it/s, loss=0.816, v_num=]
Epoch 217: 100%|██████████| 47/47 [00:02<00:00, 18.31it/s, loss=0.804, v_num=]
Epoch 217:   0%|          | 0/47 [00:00<?, ?it/s, loss=0.804, v_num=]         
Epoch 218:   0%|          | 0/47 [00:00<?, ?it/s, loss=0.804, v_num=]
Epoch 218:  43%|████▎     | 20/47 [00:01<00:01, 17.87it/s, loss=0.804, v_num=]
Epoch 218:  43%|████▎     | 20/47 [00:01<00:01, 17.86it/s, loss=0.777, v_num=]
Epoch 218:  85%|████████▌ | 40/47 [00:01<00:00, 20.46it/s, loss=0.777, v_num=]
Epoch 218:  85%|████████▌ | 40/47 [00:01<00:00, 20.46it/s, loss=0.743, v_num=]
Epoch 218: 100%|██████████| 47/47 [00:02<00:00, 19.32it/s, loss=0.734, v_num=]
Epoch 218:   0%|          | 0/47 [00:00<?, ?it/s, loss=0.734, v_num=]         
Epoch 219:   0%|          | 0/47 [00:00<?, ?it/s, loss=0.734, v_num=]
Epoch 219:  43%|████▎     | 20/47 [00:01<00:01, 18.05it/s, loss=0.734, v_num=]
Epoch 219:  43%|████▎     | 20/47 [00:01<00:01, 18.03it/s, loss=0.708, v_num=]
Epoch 219:  85%|████████▌ | 40/47 [00:01<00:00, 20.91it/s, loss=0.708, v_num=]
Epoch 219:  85%|████████▌ | 40/47 [00:01<00:00, 20.91it/s, loss=0.688, v_num=]
Epoch 219: 100%|██████████| 47/47 [00:02<00:00, 19.94it/s, loss=0.682, v_num=]
Epoch 219:   0%|          | 0/47 [00:00<?, ?it/s, loss=0.682, v_num=]         
Epoch 220:   0%|          | 0/47 [00:00<?, ?it/s, loss=0.682, v_num=]
Epoch 220:  43%|████▎     | 20/47 [00:01<00:01, 17.83it/s, loss=0.682, v_num=]
Epoch 220:  43%|████▎     | 20/47 [00:01<00:01, 17.82it/s, loss=0.637, v_num=]
Epoch 220:  85%|████████▌ | 40/47 [00:01<00:00, 20.82it/s, loss=0.637, v_num=]
Epoch 220:  85%|████████▌ | 40/47 [00:01<00:00, 20.82it/s, loss=0.637, v_num=]
Epoch 220: 100%|██████████| 47/47 [00:02<00:00, 20.21it/s, loss=0.628, v_num=]Evaluating...
NMI : 0.4878932016270223, ARI: 0.24734307300692138, ACC: 0.31067, current K: 8
Epoch 220 | NMI: 0.4879, ARI: 0.2473, ACC: 0.3107, current K: 8
Confusion Matrix:
[[  9  27   0   0 199  37   6  22   0   0   0   0   0   0   0   0   0   0
    0   0]
 [  3   0 263   5   0  28   1   0   0   0   0   0   0   0   0   0   0   0
    0   0]
 [  6  18   5   0  32   2 209  28   0   0   0   0   0   0   0   0   0   0
    0   0]
 [ 15   1  60 196   2   2   0  24   0   0   0   0   0   0   0   0   0   0
    0   0]
 [  0   0   7   9  13 267   0   4   0   0   0   0   0   0   0   0   0   0
    0   0]
 [ 69 157  58   0  15   0   0   1   0   0   0   0   0   0   0   0   0   0
    0   0]
 [  0   0  16   3   0   1  10 270   0   0   0   0   0   0   0   0   0   0
    0   0]
 [162 128   3   1   0   0   0   6   0   0   0   0   0   0   0   0   0   0
    0   0]
 [  3  32   1   0  78  38  78  70   0   0   0   0   0   0   0   0   0   0
    0   0]
 [  1   1 166 111   0   0   0  21   0   0   0   0   0   0   0   0   0   0
    0   0]
 [  1  49   0   0  20  40  31 159   0   0   0   0   0   0   0   0   0   0
    0   0]
 [  2   4 269   1   0  21   2   1   0   0   0   0   0   0   0   0   0   0
    0   0]
 [  0   0   6   0  73 219   0   2   0   0   0   0   0   0   0   0   0   0
    0   0]
 [  2  13 275   2   0   0   6   2   0   0   0   0   0   0   0   0   0   0
    0   0]
 [  0   5   0   7   1   3   2 282   0   0   0   0   0   0   0   0   0   0
    0   0]
 [274  11   1   6   2   6   0   0   0   0   0   0   0   0   0   0   0   0
    0   0]
 [  0   0   8   0  18 265   4   5   0   0   0   0   0   0   0   0   0   0
    0   0]
 [ 14  31 246   0   4   0   4   1   0   0   0   0   0   0   0   0   0   0
    0   0]
 [  0   0   3   7   0   1   2 287   0   0   0   0   0   0   0   0   0   0
    0   0]
 [196  79  18   0   2   0   0   5   0   0   0   0   0   0   0   0   0   0
    0   0]]

Epoch 220:   0%|          | 0/47 [00:00<?, ?it/s, loss=0.628, v_num=]         
Epoch 221:   0%|          | 0/47 [00:00<?, ?it/s, loss=0.628, v_num=]/usr/local/lib/python3.13/dist-packages/torch/utils/data/dataloader.py:432: UserWarning: This DataLoader will create 6 worker processes in total. Our suggested max number of worker in current system is 2, which is smaller than what this DataLoader is going to create. Please be aware that excessive worker creation might get DataLoader running slow or even freeze, lower the worker number to avoid potential slowness/freeze if necessary.
  self.check_worker_number_rationality()

Epoch 221:  43%|████▎     | 20/47 [00:01<00:01, 15.70it/s, loss=0.628, v_num=]
Epoch 221:  43%|████▎     | 20/47 [00:01<00:01, 15.69it/s, loss=0.611, v_num=]
Epoch 221:  85%|████████▌ | 40/47 [00:02<00:00, 17.26it/s, loss=0.611, v_num=]
Epoch 221:  85%|████████▌ | 40/47 [00:02<00:00, 17.26it/s, loss=0.584, v_num=]
Epoch 221: 100%|██████████| 47/47 [00:02<00:00, 16.36it/s, loss=0.574, v_num=]
Epoch 221:   0%|          | 0/47 [00:00<?, ?it/s, loss=0.574, v_num=]         
Epoch 222:   0%|          | 0/47 [00:00<?, ?it/s, loss=0.574, v_num=]
Epoch 222:  43%|████▎     | 20/47 [00:01<00:01, 13.82it/s, loss=0.574, v_num=]
Epoch 222:  43%|████▎     | 20/47 [00:01<00:01, 13.81it/s, loss=0.453, v_num=]
Epoch 222:  85%|████████▌ | 40/47 [00:02<00:00, 17.73it/s, loss=0.453, v_num=]
Epoch 222:  85%|████████▌ | 40/47 [00:02<00:00, 17.73it/s, loss=0.444, v_num=]
Epoch 222: 100%|██████████| 47/47 [00:02<00:00, 17.63it/s, loss=0.447, v_num=]
Epoch 222:   0%|          | 0/47 [00:00<?, ?it/s, loss=0.447, v_num=]         
Epoch 223:   0%|          | 0/47 [00:00<?, ?it/s, loss=0.447, v_num=]
Epoch 223:  43%|████▎     | 20/47 [00:01<00:01, 18.27it/s, loss=0.447, v_num=]
Epoch 223:  43%|████▎     | 20/47 [00:01<00:01, 18.26it/s, loss=0.448, v_num=]
Epoch 223:  85%|████████▌ | 40/47 [00:01<00:00, 21.24it/s, loss=0.448, v_num=]
Epoch 223:  85%|████████▌ | 40/47 [00:01<00:00, 21.24it/s, loss=0.451, v_num=]
Epoch 223: 100%|██████████| 47/47 [00:02<00:00, 20.31it/s, loss=0.45, v_num=] 
Epoch 223:   0%|          | 0/47 [00:00<?, ?it/s, loss=0.45, v_num=]         
Epoch 224:   0%|          | 0/47 [00:00<?, ?it/s, loss=0.45, v_num=]
Epoch 224:  43%|████▎     | 20/47 [00:01<00:01, 17.43it/s, loss=0.45, v_num=]
Epoch 224:  43%|████▎     | 20/47 [00:01<00:01, 17.42it/s, loss=0.447, v_num=]
Epoch 224:  85%|████████▌ | 40/47 [00:01<00:00, 20.42it/s, loss=0.447, v_num=]
Epoch 224:  85%|████████▌ | 40/47 [00:01<00:00, 20.42it/s, loss=0.448, v_num=]
Epoch 224: 100%|██████████| 47/47 [00:02<00:00, 19.92it/s, loss=0.435, v_num=]
Epoch 224:   0%|          | 0/47 [00:00<?, ?it/s, loss=0.435, v_num=]         
Epoch 225:   0%|          | 0/47 [00:00<?, ?it/s, loss=0.435, v_num=]
Epoch 225:  43%|████▎     | 20/47 [00:01<00:01, 17.33it/s, loss=0.435, v_num=]
Epoch 225:  43%|████▎     | 20/47 [00:01<00:01, 17.32it/s, loss=0.436, v_num=]
Epoch 225:  85%|████████▌ | 40/47 [00:01<00:00, 20.12it/s, loss=0.436, v_num=]
Epoch 225:  85%|████████▌ | 40/47 [00:01<00:00, 20.11it/s, loss=0.436, v_num=]
Epoch 225: 100%|██████████| 47/47 [00:02<00:00, 19.61it/s, loss=0.432, v_num=]Evaluating...
NMI : 0.5218905364489934, ARI: 0.29354105923355217, ACC: 0.33167, current K: 8

Epoch 225:   0%|          | 0/47 [00:00<?, ?it/s, loss=0.432, v_num=]         
Epoch 226:   0%|          | 0/47 [00:00<?, ?it/s, loss=0.432, v_num=]/usr/local/lib/python3.13/dist-packages/torch/utils/data/dataloader.py:432: UserWarning: This DataLoader will create 6 worker processes in total. Our suggested max number of worker in current system is 2, which is smaller than what this DataLoader is going to create. Please be aware that excessive worker creation might get DataLoader running slow or even freeze, lower the worker number to avoid potential slowness/freeze if necessary.
  self.check_worker_number_rationality()

Epoch 226:  43%|████▎     | 20/47 [00:01<00:01, 16.58it/s, loss=0.432, v_num=]
Epoch 226:  43%|████▎     | 20/47 [00:01<00:01, 16.57it/s, loss=0.437, v_num=]
Epoch 226:  85%|████████▌ | 40/47 [00:02<00:00, 17.76it/s, loss=0.437, v_num=]
Epoch 226:  85%|████████▌ | 40/47 [00:02<00:00, 17.75it/s, loss=0.433, v_num=]
Epoch 226: 100%|██████████| 47/47 [00:02<00:00, 16.53it/s, loss=0.431, v_num=]
Epoch 226:   0%|          | 0/47 [00:00<?, ?it/s, loss=0.431, v_num=]         
Epoch 227:   0%|          | 0/47 [00:00<?, ?it/s, loss=0.431, v_num=]
Epoch 227:  43%|████▎     | 20/47 [00:01<00:02, 13.09it/s, loss=0.431, v_num=]
Epoch 227:  43%|████▎     | 20/47 [00:01<00:02, 13.08it/s, loss=0.431, v_num=]
Epoch 227:  85%|████████▌ | 40/47 [00:02<00:00, 17.12it/s, loss=0.431, v_num=]
Epoch 227:  85%|████████▌ | 40/47 [00:02<00:00, 17.12it/s, loss=0.427, v_num=]
Epoch 227: 100%|██████████| 47/47 [00:02<00:00, 17.05it/s, loss=0.432, v_num=]
Epoch 227:   0%|          | 0/47 [00:00<?, ?it/s, loss=0.432, v_num=]         
Epoch 228:   0%|          | 0/47 [00:00<?, ?it/s, loss=0.432, v_num=]
Epoch 228:  43%|████▎     | 20/47 [00:01<00:01, 17.97it/s, loss=0.432, v_num=]
Epoch 228:  43%|████▎     | 20/47 [00:01<00:01, 17.96it/s, loss=0.426, v_num=]
Epoch 228:  85%|████████▌ | 40/47 [00:01<00:00, 20.81it/s, loss=0.426, v_num=]
Epoch 228:  85%|████████▌ | 40/47 [00:01<00:00, 20.80it/s, loss=0.426, v_num=]
Epoch 228: 100%|██████████| 47/47 [00:02<00:00, 20.27it/s, loss=0.419, v_num=]
Epoch 228:   0%|          | 0/47 [00:00<?, ?it/s, loss=0.419, v_num=]         
Epoch 229:   0%|          | 0/47 [00:00<?, ?it/s, loss=0.419, v_num=]
Epoch 229:  43%|████▎     | 20/47 [00:01<00:01, 17.62it/s, loss=0.419, v_num=]
Epoch 229:  43%|████▎     | 20/47 [00:01<00:01, 17.60it/s, loss=0.425, v_num=]
Epoch 229:  85%|████████▌ | 40/47 [00:01<00:00, 20.69it/s, loss=0.425, v_num=]
Epoch 229:  85%|████████▌ | 40/47 [00:01<00:00, 20.69it/s, loss=0.428, v_num=]
Epoch 229: 100%|██████████| 47/47 [00:02<00:00, 20.02it/s, loss=0.417, v_num=]
Epoch 229:   0%|          | 0/47 [00:00<?, ?it/s, loss=0.417, v_num=]         
Epoch 230:   0%|          | 0/47 [00:00<?, ?it/s, loss=0.417, v_num=]
Epoch 230:  43%|████▎     | 20/47 [00:01<00:01, 18.27it/s, loss=0.417, v_num=]
Epoch 230:  43%|████▎     | 20/47 [00:01<00:01, 18.26it/s, loss=0.419, v_num=]
Epoch 230:  85%|████████▌ | 40/47 [00:01<00:00, 20.02it/s, loss=0.419, v_num=]
Epoch 230:  85%|████████▌ | 40/47 [00:01<00:00, 20.02it/s, loss=0.422, v_num=]
Epoch 230: 100%|██████████| 47/47 [00:02<00:00, 19.48it/s, loss=0.418, v_num=]Evaluating...
NMI : 0.5324879553773403, ARI: 0.305771689412527, ACC: 0.33683, current K: 8
Epoch 230 | NMI: 0.5325, ARI: 0.3058, ACC: 0.3368, current K: 8
Confusion Matrix:
[[  5  21   0   1 240   5  12  16   0   0   0   0   0   0   0   0   0   0
    0   0]
 [  2   1 255  19   1  21   1   0   0   0   0   0   0   0   0   0   0   0
    0   0]
 [  5  16   3   0  35   0 234   7   0   0   0   0   0   0   0   0   0   0
    0   0]
 [  7   1  20 254   2   1   3  12   0   0   0   0   0   0   0   0   0   0
    0   0]
 [  0   0   1  15  20 260   0   4   0   0   0   0   0   0   0   0   0   0
    0   0]
 [ 36 216  30   4  10   0   3   1   0   0   0   0   0   0   0   0   0   0
    0   0]
 [  0   0   9  10   2   2  21 256   0   0   0   0   0   0   0   0   0   0
    0   0]
 [175 117   1   2   0   0   3   2   0   0   0   0   0   0   0   0   0   0
    0   0]
 [  2  31   1   0  58  12 188   8   0   0   0   0   0   0   0   0   0   0
    0   0]
 [  0   2  27 250   0   0   1  20   0   0   0   0   0   0   0   0   0   0
    0   0]
 [  0  57   0   0  34  24  90  95   0   0   0   0   0   0   0   0   0   0
    0   0]
 [  1   6 259   9   0  23   2   0   0   0   0   0   0   0   0   0   0   0
    0   0]
 [  0   0   5   0 111 180   3   1   0   0   0   0   0   0   0   0   0   0
    0   0]
 [  1  14 267   5   0   0  12   1   0   0   0   0   0   0   0   0   0   0
    0   0]
 [  0   6   0   8   1   1   9 275   0   0   0   0   0   0   0   0   0   0
    0   0]
 [268  20   1   7   1   3   0   0   0   0   0   0   0   0   0   0   0   0
    0   0]
 [  0   0   7   0  30 253  10   0   0   0   0   0   0   0   0   0   0   0
    0   0]
 [  6  48 236   2   2   0   6   0   0   0   0   0   0   0   0   0   0   0
    0   0]
 [  0   0   0  10   0   1   7 282   0   0   0   0   0   0   0   0   0   0
    0   0]
 [196  84  16   0   2   0   1   1   0   0   0   0   0   0   0   0   0   0
    0   0]]

Epoch 230:   0%|          | 0/47 [00:00<?, ?it/s, loss=0.418, v_num=]         
Epoch 231:   0%|          | 0/47 [00:00<?, ?it/s, loss=0.418, v_num=]/usr/local/lib/python3.13/dist-packages/torch/utils/data/dataloader.py:432: UserWarning: This DataLoader will create 6 worker processes in total. Our suggested max number of worker in current system is 2, which is smaller than what this DataLoader is going to create. Please be aware that excessive worker creation might get DataLoader running slow or even freeze, lower the worker number to avoid potential slowness/freeze if necessary.
  self.check_worker_number_rationality()

Epoch 231:  43%|████▎     | 20/47 [00:01<00:01, 17.54it/s, loss=0.418, v_num=]
Epoch 231:  43%|████▎     | 20/47 [00:01<00:01, 17.52it/s, loss=0.419, v_num=]
Epoch 231:  85%|████████▌ | 40/47 [00:02<00:00, 18.39it/s, loss=0.419, v_num=]
Epoch 231:  85%|████████▌ | 40/47 [00:02<00:00, 18.39it/s, loss=0.408, v_num=]
Epoch 231: 100%|██████████| 47/47 [00:02<00:00, 17.30it/s, loss=0.412, v_num=]
Epoch 231:   0%|          | 0/47 [00:00<?, ?it/s, loss=0.412, v_num=]         
Epoch 232:   0%|          | 0/47 [00:00<?, ?it/s, loss=0.412, v_num=]
Epoch 232:  43%|████▎     | 20/47 [00:01<00:02, 12.92it/s, loss=0.412, v_num=]
Epoch 232:  43%|████▎     | 20/47 [00:01<00:02, 12.92it/s, loss=0.412, v_num=]
Epoch 232:  85%|████████▌ | 40/47 [00:02<00:00, 16.84it/s, loss=0.412, v_num=]
Epoch 232:  85%|████████▌ | 40/47 [00:02<00:00, 16.84it/s, loss=0.418, v_num=]
Epoch 232: 100%|██████████| 47/47 [00:02<00:00, 16.66it/s, loss=0.412, v_num=]
Epoch 232:   0%|          | 0/47 [00:00<?, ?it/s, loss=0.412, v_num=]         
Epoch 233:   0%|          | 0/47 [00:00<?, ?it/s, loss=0.412, v_num=]
Epoch 233:  43%|████▎     | 20/47 [00:01<00:01, 17.52it/s, loss=0.412, v_num=]
Epoch 233:  43%|████▎     | 20/47 [00:01<00:01, 17.51it/s, loss=0.413, v_num=]
Epoch 233:  85%|████████▌ | 40/47 [00:01<00:00, 20.53it/s, loss=0.413, v_num=]
Epoch 233:  85%|████████▌ | 40/47 [00:01<00:00, 20.52it/s, loss=0.414, v_num=]
Epoch 233: 100%|██████████| 47/47 [00:02<00:00, 19.83it/s, loss=0.403, v_num=]
Epoch 233:   0%|          | 0/47 [00:00<?, ?it/s, loss=0.403, v_num=]         
Epoch 234:   0%|          | 0/47 [00:00<?, ?it/s, loss=0.403, v_num=]
Epoch 234:  43%|████▎     | 20/47 [00:01<00:01, 17.97it/s, loss=0.403, v_num=]
Epoch 234:  43%|████▎     | 20/47 [00:01<00:01, 17.95it/s, loss=0.406, v_num=]
Epoch 234:  85%|████████▌ | 40/47 [00:01<00:00, 20.98it/s, loss=0.406, v_num=]
Epoch 234:  85%|████████▌ | 40/47 [00:01<00:00, 20.98it/s, loss=0.408, v_num=]
Epoch 234: 100%|██████████| 47/47 [00:02<00:00, 20.04it/s, loss=0.409, v_num=]
Epoch 234:   0%|          | 0/47 [00:00<?, ?it/s, loss=0.409, v_num=]         
Epoch 235:   0%|          | 0/47 [00:00<?, ?it/s, loss=0.409, v_num=]
Epoch 235:  43%|████▎     | 20/47 [00:01<00:01, 17.74it/s, loss=0.409, v_num=]
Epoch 235:  43%|████▎     | 20/47 [00:01<00:01, 17.72it/s, loss=0.397, v_num=]
Epoch 235:  85%|████████▌ | 40/47 [00:01<00:00, 20.49it/s, loss=0.397, v_num=]
Epoch 235:  85%|████████▌ | 40/47 [00:01<00:00, 20.49it/s, loss=0.412, v_num=]
Epoch 235: 100%|██████████| 47/47 [00:02<00:00, 19.92it/s, loss=0.404, v_num=]Evaluating...
NMI : 0.5449824038423902, ARI: 0.3177489607509989, ACC: 0.3405, current K: 8

Epoch 235:   0%|          | 0/47 [00:00<?, ?it/s, loss=0.404, v_num=]         
Epoch 236:   0%|          | 0/47 [00:00<?, ?it/s, loss=0.404, v_num=]/usr/local/lib/python3.13/dist-packages/torch/utils/data/dataloader.py:432: UserWarning: This DataLoader will create 6 worker processes in total. Our suggested max number of worker in current system is 2, which is smaller than what this DataLoader is going to create. Please be aware that excessive worker creation might get DataLoader running slow or even freeze, lower the worker number to avoid potential slowness/freeze if necessary.
  self.check_worker_number_rationality()

Epoch 236:  43%|████▎     | 20/47 [00:01<00:01, 17.66it/s, loss=0.404, v_num=]
Epoch 236:  43%|████▎     | 20/47 [00:01<00:01, 17.65it/s, loss=0.402, v_num=]
Epoch 236:  85%|████████▌ | 40/47 [00:02<00:00, 18.56it/s, loss=0.402, v_num=]
Epoch 236:  85%|████████▌ | 40/47 [00:02<00:00, 18.55it/s, loss=0.402, v_num=]
Epoch 236: 100%|██████████| 47/47 [00:02<00:00, 17.32it/s, loss=0.41, v_num=] 
Epoch 236:   0%|          | 0/47 [00:00<?, ?it/s, loss=0.41, v_num=]         
Epoch 237:   0%|          | 0/47 [00:00<?, ?it/s, loss=0.41, v_num=]
Epoch 237:  43%|████▎     | 20/47 [00:01<00:02, 12.63it/s, loss=0.41, v_num=]
Epoch 237:  43%|████▎     | 20/47 [00:01<00:02, 12.62it/s, loss=0.407, v_num=]
Epoch 237:  85%|████████▌ | 40/47 [00:02<00:00, 16.62it/s, loss=0.407, v_num=]
Epoch 237:  85%|████████▌ | 40/47 [00:02<00:00, 16.62it/s, loss=0.397, v_num=]
Epoch 237: 100%|██████████| 47/47 [00:02<00:00, 16.53it/s, loss=0.391, v_num=]
Epoch 237:   0%|          | 0/47 [00:00<?, ?it/s, loss=0.391, v_num=]         
Epoch 238:   0%|          | 0/47 [00:00<?, ?it/s, loss=0.391, v_num=]
Epoch 238:  43%|████▎     | 20/47 [00:01<00:01, 17.89it/s, loss=0.391, v_num=]
Epoch 238:  43%|████▎     | 20/47 [00:01<00:01, 17.87it/s, loss=0.399, v_num=]
Epoch 238:  85%|████████▌ | 40/47 [00:01<00:00, 20.85it/s, loss=0.399, v_num=]
Epoch 238:  85%|████████▌ | 40/47 [00:01<00:00, 20.84it/s, loss=0.403, v_num=]
Epoch 238: 100%|██████████| 47/47 [00:02<00:00, 20.17it/s, loss=0.393, v_num=]
Epoch 238:   0%|          | 0/47 [00:00<?, ?it/s, loss=0.393, v_num=]         
Epoch 239:   0%|          | 0/47 [00:00<?, ?it/s, loss=0.393, v_num=]
Epoch 239:  43%|████▎     | 20/47 [00:01<00:01, 18.12it/s, loss=0.393, v_num=]
Epoch 239:  43%|████▎     | 20/47 [00:01<00:01, 18.11it/s, loss=0.4, v_num=]  
Epoch 239:  85%|████████▌ | 40/47 [00:01<00:00, 21.01it/s, loss=0.4, v_num=]
Epoch 239:  85%|████████▌ | 40/47 [00:01<00:00, 21.00it/s, loss=0.4, v_num=]
Epoch 239: 100%|██████████| 47/47 [00:02<00:00, 20.30it/s, loss=0.402, v_num=]
Epoch 239:   0%|          | 0/47 [00:00<?, ?it/s, loss=0.402, v_num=]         
Epoch 240:   0%|          | 0/47 [00:00<?, ?it/s, loss=0.402, v_num=]
Epoch 240:  43%|████▎     | 20/47 [00:01<00:01, 18.17it/s, loss=0.402, v_num=]
Epoch 240:  43%|████▎     | 20/47 [00:01<00:01, 18.16it/s, loss=0.392, v_num=]
Epoch 240:  85%|████████▌ | 40/47 [00:01<00:00, 21.01it/s, loss=0.392, v_num=]
Epoch 240:  85%|████████▌ | 40/47 [00:01<00:00, 21.01it/s, loss=0.395, v_num=]
Epoch 240: 100%|██████████| 47/47 [00:02<00:00, 20.27it/s, loss=0.399, v_num=]Evaluating...
NMI : 0.5569773264779805, ARI: 0.3276598803908075, ACC: 0.3435, current K: 8
Epoch 240 | NMI: 0.5570, ARI: 0.3277, ACC: 0.3435, current K: 8
Confusion Matrix:
[[  4  20   0   1 242   3  15  15   0   0   0   0   0   0   0   0   0   0
    0   0]
 [  1   3 257  18   1  19   1   0   0   0   0   0   0   0   0   0   0   0
    0   0]
 [  2  22   3   0  23   1 245   4   0   0   0   0   0   0   0   0   0   0
    0   0]
 [  5   2  15 268   2   0   1   7   0   0   0   0   0   0   0   0   0   0
    0   0]
 [  0   0   1  17  17 261   0   4   0   0   0   0   0   0   0   0   0   0
    0   0]
 [ 21 239  26   3   6   0   5   0   0   0   0   0   0   0   0   0   0   0
    0   0]
 [  0   1   6  13   2   2  10 266   0   0   0   0   0   0   0   0   0   0
    0   0]
 [193  99   1   2   0   0   3   2   0   0   0   0   0   0   0   0   0   0
    0   0]
 [  1  36   0   0  36   4 219   4   0   0   0   0   0   0   0   0   0   0
    0   0]
 [  0   2  17 260   0   0   1  20   0   0   0   0   0   0   0   0   0   0
    0   0]
 [  0  61   0   1  29  10 165  34   0   0   0   0   0   0   0   0   0   0
    0   0]
 [  0   7 261   6   0  24   2   0   0   0   0   0   0   0   0   0   0   0
    0   0]
 [  0   0   4   0 101 190   5   0   0   0   0   0   0   0   0   0   0   0
    0   0]
 [  1  15 264   5   0   0  14   1   0   0   0   0   0   0   0   0   0   0
    0   0]
 [  1   5   0   8   0   0  11 275   0   0   0   0   0   0   0   0   0   0
    0   0]
 [267  20   1   8   2   2   0   0   0   0   0   0   0   0   0   0   0   0
    0   0]
 [  0   0   5   0  28 256  11   0   0   0   0   0   0   0   0   0   0   0
    0   0]
 [  5  67 217   4   0   0   7   0   0   0   0   0   0   0   0   0   0   0
    0   0]
 [  0   0   0  11   0   1  13 275   0   0   0   0   0   0   0   0   0   0
    0   0]
 [212  68  17   0   2   0   1   0   0   0   0   0   0   0   0   0   0   0
    0   0]]

Epoch 240:   0%|          | 0/47 [00:00<?, ?it/s, loss=0.399, v_num=]         
Epoch 241:   0%|          | 0/47 [00:00<?, ?it/s, loss=0.399, v_num=]/usr/local/lib/python3.13/dist-packages/torch/utils/data/dataloader.py:432: UserWarning: This DataLoader will create 6 worker processes in total. Our suggested max number of worker in current system is 2, which is smaller than what this DataLoader is going to create. Please be aware that excessive worker creation might get DataLoader running slow or even freeze, lower the worker number to avoid potential slowness/freeze if necessary.
  self.check_worker_number_rationality()

Epoch 241:  43%|████▎     | 20/47 [00:01<00:01, 17.05it/s, loss=0.399, v_num=]
Epoch 241:  43%|████▎     | 20/47 [00:01<00:01, 17.03it/s, loss=0.389, v_num=]
Epoch 241:  85%|████████▌ | 40/47 [00:02<00:00, 18.73it/s, loss=0.389, v_num=]
Epoch 241:  85%|████████▌ | 40/47 [00:02<00:00, 18.73it/s, loss=0.397, v_num=]
Epoch 241: 100%|██████████| 47/47 [00:02<00:00, 17.27it/s, loss=0.399, v_num=]
Epoch 241:   0%|          | 0/47 [00:00<?, ?it/s, loss=0.399, v_num=]         
Epoch 242:   0%|          | 0/47 [00:00<?, ?it/s, loss=0.399, v_num=]
Epoch 242:  43%|████▎     | 20/47 [00:01<00:02, 12.61it/s, loss=0.399, v_num=]
Epoch 242:  43%|████▎     | 20/47 [00:01<00:02, 12.60it/s, loss=0.394, v_num=]
Epoch 242:  85%|████████▌ | 40/47 [00:02<00:00, 15.29it/s, loss=0.394, v_num=]
Epoch 242:  85%|████████▌ | 40/47 [00:02<00:00, 15.28it/s, loss=0.405, v_num=]
Epoch 242: 100%|██████████| 47/47 [00:03<00:00, 15.46it/s, loss=0.391, v_num=]
Epoch 242:   0%|          | 0/47 [00:00<?, ?it/s, loss=0.391, v_num=]         
Epoch 243:   0%|          | 0/47 [00:00<?, ?it/s, loss=0.391, v_num=]
Epoch 243:  43%|████▎     | 20/47 [00:01<00:01, 18.50it/s, loss=0.391, v_num=]
Epoch 243:  43%|████▎     | 20/47 [00:01<00:01, 18.48it/s, loss=0.395, v_num=]
Epoch 243:  85%|████████▌ | 40/47 [00:01<00:00, 21.20it/s, loss=0.395, v_num=]
Epoch 243:  85%|████████▌ | 40/47 [00:01<00:00, 21.19it/s, loss=0.394, v_num=]
Epoch 243: 100%|██████████| 47/47 [00:02<00:00, 20.54it/s, loss=0.389, v_num=]
Epoch 243:   0%|          | 0/47 [00:00<?, ?it/s, loss=0.389, v_num=]         
Epoch 244:   0%|          | 0/47 [00:00<?, ?it/s, loss=0.389, v_num=]
Epoch 244:  43%|████▎     | 20/47 [00:01<00:01, 18.03it/s, loss=0.389, v_num=]
Epoch 244:  43%|████▎     | 20/47 [00:01<00:01, 18.02it/s, loss=0.393, v_num=]
Epoch 244:  85%|████████▌ | 40/47 [00:01<00:00, 20.98it/s, loss=0.393, v_num=]
Epoch 244:  85%|████████▌ | 40/47 [00:01<00:00, 20.97it/s, loss=0.388, v_num=]
Epoch 244: 100%|██████████| 47/47 [00:02<00:00, 20.00it/s, loss=0.39, v_num=] 
Epoch 244:   0%|          | 0/47 [00:00<?, ?it/s, loss=0.39, v_num=]         
Epoch 245:   0%|          | 0/47 [00:00<?, ?it/s, loss=0.39, v_num=]
Epoch 245:  43%|████▎     | 20/47 [00:01<00:01, 17.50it/s, loss=0.39, v_num=]
Epoch 245:  43%|████▎     | 20/47 [00:01<00:01, 17.48it/s, loss=0.396, v_num=]
Epoch 245:  85%|████████▌ | 40/47 [00:01<00:00, 20.68it/s, loss=0.396, v_num=]
Epoch 245:  85%|████████▌ | 40/47 [00:01<00:00, 20.68it/s, loss=0.389, v_num=]
Epoch 245: 100%|██████████| 47/47 [00:02<00:00, 19.92it/s, loss=0.389, v_num=]Evaluating...
NMI : 0.5614741439649424, ARI: 0.33142002343040516, ACC: 0.34433, current K: 8

Epoch 245:   0%|          | 0/47 [00:00<?, ?it/s, loss=0.389, v_num=]         
Epoch 246:   0%|          | 0/47 [00:00<?, ?it/s, loss=0.389, v_num=]/usr/local/lib/python3.13/dist-packages/torch/utils/data/dataloader.py:432: UserWarning: This DataLoader will create 6 worker processes in total. Our suggested max number of worker in current system is 2, which is smaller than what this DataLoader is going to create. Please be aware that excessive worker creation might get DataLoader running slow or even freeze, lower the worker number to avoid potential slowness/freeze if necessary.
  self.check_worker_number_rationality()

Epoch 246:  43%|████▎     | 20/47 [00:01<00:01, 17.82it/s, loss=0.389, v_num=]
Epoch 246:  43%|████▎     | 20/47 [00:01<00:01, 17.81it/s, loss=0.388, v_num=]
Epoch 246:  85%|████████▌ | 40/47 [00:01<00:00, 20.61it/s, loss=0.388, v_num=]
Epoch 246:  85%|████████▌ | 40/47 [00:01<00:00, 20.61it/s, loss=0.389, v_num=]
Epoch 246: 100%|██████████| 47/47 [00:02<00:00, 18.82it/s, loss=0.396, v_num=]
Epoch 246:   0%|          | 0/47 [00:00<?, ?it/s, loss=0.396, v_num=]         
Epoch 247:   0%|          | 0/47 [00:00<?, ?it/s, loss=0.396, v_num=]
Epoch 247:  43%|████▎     | 20/47 [00:01<00:02, 12.89it/s, loss=0.396, v_num=]
Epoch 247:  43%|████▎     | 20/47 [00:01<00:02, 12.88it/s, loss=0.387, v_num=]
Epoch 247:  85%|████████▌ | 40/47 [00:02<00:00, 15.22it/s, loss=0.387, v_num=]
Epoch 247:  85%|████████▌ | 40/47 [00:02<00:00, 15.22it/s, loss=0.393, v_num=]
Epoch 247: 100%|██████████| 47/47 [00:03<00:00, 15.46it/s, loss=0.39, v_num=] 
Epoch 247:   0%|          | 0/47 [00:00<?, ?it/s, loss=0.39, v_num=]         
Epoch 248:   0%|          | 0/47 [00:00<?, ?it/s, loss=0.39, v_num=]
Epoch 248:  43%|████▎     | 20/47 [00:01<00:01, 18.18it/s, loss=0.39, v_num=]
Epoch 248:  43%|████▎     | 20/47 [00:01<00:01, 18.16it/s, loss=0.39, v_num=]
Epoch 248:  85%|████████▌ | 40/47 [00:01<00:00, 20.79it/s, loss=0.39, v_num=]
Epoch 248:  85%|████████▌ | 40/47 [00:01<00:00, 20.78it/s, loss=0.389, v_num=]
Epoch 248: 100%|██████████| 47/47 [00:02<00:00, 19.97it/s, loss=0.39, v_num=] 
Epoch 248:   0%|          | 0/47 [00:00<?, ?it/s, loss=0.39, v_num=]         
Epoch 249:   0%|          | 0/47 [00:00<?, ?it/s, loss=0.39, v_num=]
Epoch 249:  43%|████▎     | 20/47 [00:01<00:01, 17.93it/s, loss=0.39, v_num=]
Epoch 249:  43%|████▎     | 20/47 [00:01<00:01, 17.91it/s, loss=0.392, v_num=]
Epoch 249:  85%|████████▌ | 40/47 [00:01<00:00, 20.86it/s, loss=0.392, v_num=]
Epoch 249:  85%|████████▌ | 40/47 [00:01<00:00, 20.86it/s, loss=0.385, v_num=]
Epoch 249: 100%|██████████| 47/47 [00:02<00:00, 20.04it/s, loss=0.386, v_num=]
Epoch 249:   0%|          | 0/47 [00:00<?, ?it/s, loss=0.386, v_num=]         
Epoch 250:   0%|          | 0/47 [00:00<?, ?it/s, loss=0.386, v_num=]
Epoch 250:  43%|████▎     | 20/47 [00:01<00:01, 18.06it/s, loss=0.386, v_num=]
Epoch 250:  43%|████▎     | 20/47 [00:01<00:01, 18.05it/s, loss=0.386, v_num=]
Epoch 250:  85%|████████▌ | 40/47 [00:01<00:00, 20.97it/s, loss=0.386, v_num=]
Epoch 250:  85%|████████▌ | 40/47 [00:01<00:00, 20.97it/s, loss=0.385, v_num=]
Epoch 250: 100%|██████████| 47/47 [00:02<00:00, 20.35it/s, loss=0.384, v_num=]Evaluating...
NMI : 0.5603915897023396, ARI: 0.3324015802708847, ACC: 0.34417, current K: 8
Epoch 250 | NMI: 0.5604, ARI: 0.3324, ACC: 0.3442, current K: 8
Confusion Matrix:
[[  2  24   0   2 239   3  18  12   0   0   0   0   0   0   0   0   0   0
    0   0]
 [  1   3 257  19   1  19   0   0   0   0   0   0   0   0   0   0   0   0
    0   0]
 [  0  28   3   1  23   0 241   4   0   0   0   0   0   0   0   0   0   0
    0   0]
 [  5   2  13 270   3   0   1   6   0   0   0   0   0   0   0   0   0   0
    0   0]
 [  0   0   2  16  16 260   0   6   0   0   0   0   0   0   0   0   0   0
    0   0]
 [ 11 258  21   2   5   0   3   0   0   0   0   0   0   0   0   0   0   0
    0   0]
 [  0   1   6  15   2   3   7 266   0   0   0   0   0   0   0   0   0   0
    0   0]
 [208  85   1   1   1   0   4   0   0   0   0   0   0   0   0   0   0   0
    0   0]
 [  0  39   0   0  26   3 228   4   0   0   0   0   0   0   0   0   0   0
    0   0]
 [  1   5  16 257   0   0   1  20   0   0   0   0   0   0   0   0   0   0
    0   0]
 [  2  66   0   1  24   7 182  18   0   0   0   0   0   0   0   0   0   0
    0   0]
 [  0   7 260   7   0  24   2   0   0   0   0   0   0   0   0   0   0   0
    0   0]
 [  0   1   5   0  85 205   4   0   0   0   0   0   0   0   0   0   0   0
    0   0]
 [  1  30 251   7   0   0  10   1   0   0   0   0   0   0   0   0   0   0
    0   0]
 [  2   6   0   8   0   0  12 272   0   0   0   0   0   0   0   0   0   0
    0   0]
 [265  21   1   9   1   3   0   0   0   0   0   0   0   0   0   0   0   0
    0   0]
 [  0   2   3   0  26 258  11   0   0   0   0   0   0   0   0   0   0   0
    0   0]
 [  4  84 202   4   0   0   6   0   0   0   0   0   0   0   0   0   0   0
    0   0]
 [  0   1   0  11   1   2  17 268   0   0   0   0   0   0   0   0   0   0
    0   0]
 [228  55  14   0   2   0   1   0   0   0   0   0   0   0   0   0   0   0
    0   0]]

Epoch 250:   0%|          | 0/47 [00:00<?, ?it/s, loss=0.384, v_num=]         
Epoch 251:   0%|          | 0/47 [00:00<?, ?it/s, loss=0.384, v_num=]/usr/local/lib/python3.13/dist-packages/torch/utils/data/dataloader.py:432: UserWarning: This DataLoader will create 6 worker processes in total. Our suggested max number of worker in current system is 2, which is smaller than what this DataLoader is going to create. Please be aware that excessive worker creation might get DataLoader running slow or even freeze, lower the worker number to avoid potential slowness/freeze if necessary.
  self.check_worker_number_rationality()

Epoch 251:  43%|████▎     | 20/47 [00:01<00:01, 18.03it/s, loss=0.384, v_num=]
Epoch 251:  43%|████▎     | 20/47 [00:01<00:01, 18.02it/s, loss=0.391, v_num=]
Epoch 251:  85%|████████▌ | 40/47 [00:01<00:00, 20.97it/s, loss=0.391, v_num=]
Epoch 251:  85%|████████▌ | 40/47 [00:01<00:00, 20.97it/s, loss=0.373, v_num=]
Epoch 251: 100%|██████████| 47/47 [00:02<00:00, 20.08it/s, loss=0.389, v_num=]
Epoch 251:   0%|          | 0/47 [00:00<?, ?it/s, loss=0.389, v_num=]         
Epoch 252:   0%|          | 0/47 [00:00<?, ?it/s, loss=0.389, v_num=]
Epoch 252:  43%|████▎     | 20/47 [00:01<00:01, 13.61it/s, loss=0.389, v_num=]
Epoch 252:  43%|████▎     | 20/47 [00:01<00:01, 13.60it/s, loss=0.384, v_num=]
Epoch 252:  85%|████████▌ | 40/47 [00:02<00:00, 15.41it/s, loss=0.384, v_num=]
Epoch 252:  85%|████████▌ | 40/47 [00:02<00:00, 15.40it/s, loss=0.377, v_num=]
Epoch 252: 100%|██████████| 47/47 [00:03<00:00, 15.08it/s, loss=0.387, v_num=]
Epoch 252:   0%|          | 0/47 [00:00<?, ?it/s, loss=0.387, v_num=]         
Epoch 253:   0%|          | 0/47 [00:00<?, ?it/s, loss=0.387, v_num=]
Epoch 253:  43%|████▎     | 20/47 [00:01<00:01, 17.75it/s, loss=0.387, v_num=]
Epoch 253:  43%|████▎     | 20/47 [00:01<00:01, 17.74it/s, loss=0.382, v_num=]
Epoch 253:  85%|████████▌ | 40/47 [00:01<00:00, 20.49it/s, loss=0.382, v_num=]
Epoch 253:  85%|████████▌ | 40/47 [00:01<00:00, 20.49it/s, loss=0.385, v_num=]
Epoch 253: 100%|██████████| 47/47 [00:02<00:00, 19.71it/s, loss=0.386, v_num=]
Epoch 253:   0%|          | 0/47 [00:00<?, ?it/s, loss=0.386, v_num=]         
Epoch 254:   0%|          | 0/47 [00:00<?, ?it/s, loss=0.386, v_num=]
Epoch 254:  43%|████▎     | 20/47 [00:01<00:01, 16.11it/s, loss=0.386, v_num=]
Epoch 254:  43%|████▎     | 20/47 [00:01<00:01, 16.10it/s, loss=0.382, v_num=]
Epoch 254:  85%|████████▌ | 40/47 [00:02<00:00, 19.56it/s, loss=0.382, v_num=]
Epoch 254:  85%|████████▌ | 40/47 [00:02<00:00, 19.56it/s, loss=0.385, v_num=]
Epoch 254: 100%|██████████| 47/47 [00:02<00:00, 19.15it/s, loss=0.383, v_num=]
Epoch 254:   0%|          | 0/47 [00:00<?, ?it/s, loss=0.383, v_num=]         
Epoch 255:   0%|          | 0/47 [00:00<?, ?it/s, loss=0.383, v_num=]
Epoch 255:  43%|████▎     | 20/47 [00:01<00:01, 18.01it/s, loss=0.383, v_num=]
Epoch 255:  43%|████▎     | 20/47 [00:01<00:01, 18.00it/s, loss=0.382, v_num=]
Epoch 255:  85%|████████▌ | 40/47 [00:01<00:00, 20.79it/s, loss=0.382, v_num=]
Epoch 255:  85%|████████▌ | 40/47 [00:01<00:00, 20.78it/s, loss=0.384, v_num=]
Epoch 255: 100%|██████████| 47/47 [00:02<00:00, 20.20it/s, loss=0.38, v_num=] Evaluating...
NMI : 0.5676970062875146, ARI: 0.3381079608782974, ACC: 0.34767, current K: 8

Epoch 255:   0%|          | 0/47 [00:00<?, ?it/s, loss=0.38, v_num=]         
Epoch 256:   0%|          | 0/47 [00:00<?, ?it/s, loss=0.38, v_num=]/usr/local/lib/python3.13/dist-packages/torch/utils/data/dataloader.py:432: UserWarning: This DataLoader will create 6 worker processes in total. Our suggested max number of worker in current system is 2, which is smaller than what this DataLoader is going to create. Please be aware that excessive worker creation might get DataLoader running slow or even freeze, lower the worker number to avoid potential slowness/freeze if necessary.
  self.check_worker_number_rationality()

Epoch 256:  43%|████▎     | 20/47 [00:01<00:01, 17.87it/s, loss=0.38, v_num=]
Epoch 256:  43%|████▎     | 20/47 [00:01<00:01, 17.86it/s, loss=0.379, v_num=]
Epoch 256:  85%|████████▌ | 40/47 [00:01<00:00, 20.69it/s, loss=0.379, v_num=]
Epoch 256:  85%|████████▌ | 40/47 [00:01<00:00, 20.69it/s, loss=0.378, v_num=]
Epoch 256: 100%|██████████| 47/47 [00:02<00:00, 19.49it/s, loss=0.381, v_num=]
Epoch 256:   0%|          | 0/47 [00:00<?, ?it/s, loss=0.381, v_num=]         
Epoch 257:   0%|          | 0/47 [00:00<?, ?it/s, loss=0.381, v_num=]
Epoch 257:  43%|████▎     | 20/47 [00:01<00:02, 13.22it/s, loss=0.381, v_num=]
Epoch 257:  43%|████▎     | 20/47 [00:01<00:02, 13.21it/s, loss=0.376, v_num=]
Epoch 257:  85%|████████▌ | 40/47 [00:02<00:00, 15.14it/s, loss=0.376, v_num=]
Epoch 257:  85%|████████▌ | 40/47 [00:02<00:00, 15.13it/s, loss=0.382, v_num=]
Epoch 257: 100%|██████████| 47/47 [00:03<00:00, 14.99it/s, loss=0.379, v_num=]
Epoch 257:   0%|          | 0/47 [00:00<?, ?it/s, loss=0.379, v_num=]         
Epoch 258:   0%|          | 0/47 [00:00<?, ?it/s, loss=0.379, v_num=]
Epoch 258:  43%|████▎     | 20/47 [00:01<00:01, 17.62it/s, loss=0.379, v_num=]
Epoch 258:  43%|████▎     | 20/47 [00:01<00:01, 17.61it/s, loss=0.378, v_num=]
Epoch 258:  85%|████████▌ | 40/47 [00:01<00:00, 20.63it/s, loss=0.378, v_num=]
Epoch 258:  85%|████████▌ | 40/47 [00:01<00:00, 20.63it/s, loss=0.379, v_num=]
Epoch 258: 100%|██████████| 47/47 [00:02<00:00, 19.92it/s, loss=0.382, v_num=]
Epoch 258:   0%|          | 0/47 [00:00<?, ?it/s, loss=0.382, v_num=]         
Epoch 259:   0%|          | 0/47 [00:00<?, ?it/s, loss=0.382, v_num=]
Epoch 259:  43%|████▎     | 20/47 [00:01<00:01, 17.82it/s, loss=0.382, v_num=]
Epoch 259:  43%|████▎     | 20/47 [00:01<00:01, 17.81it/s, loss=0.372, v_num=]
Epoch 259:  85%|████████▌ | 40/47 [00:01<00:00, 20.52it/s, loss=0.372, v_num=]
Epoch 259:  85%|████████▌ | 40/47 [00:01<00:00, 20.51it/s, loss=0.373, v_num=]
Epoch 259: 100%|██████████| 47/47 [00:02<00:00, 19.93it/s, loss=0.382, v_num=]
Epoch 259:   0%|          | 0/47 [00:00<?, ?it/s, loss=0.382, v_num=]         
Epoch 260:   0%|          | 0/47 [00:00<?, ?it/s, loss=0.382, v_num=]
Epoch 260:  43%|████▎     | 20/47 [00:01<00:01, 18.04it/s, loss=0.382, v_num=]
Epoch 260:  43%|████▎     | 20/47 [00:01<00:01, 18.02it/s, loss=0.374, v_num=]
Epoch 260:  85%|████████▌ | 40/47 [00:01<00:00, 20.80it/s, loss=0.374, v_num=]
Epoch 260:  85%|████████▌ | 40/47 [00:01<00:00, 20.80it/s, loss=0.375, v_num=]
Epoch 260: 100%|██████████| 47/47 [00:02<00:00, 19.91it/s, loss=0.373, v_num=]Evaluating...
NMI : 0.5691156205098286, ARI: 0.3395233481543078, ACC: 0.34833, current K: 8
Epoch 260 | NMI: 0.5691, ARI: 0.3395, ACC: 0.3483, current K: 8
Confusion Matrix:
[[  3  21   0   3 245   2  16  10   0   0   0   0   0   0   0   0   0   0
    0   0]
 [  1   3 258  18   1  19   0   0   0   0   0   0   0   0   0   0   0   0
    0   0]
 [  0  31   3   1  24   0 238   3   0   0   0   0   0   0   0   0   0   0
    0   0]
 [  6   1  12 271   3   0   1   6   0   0   0   0   0   0   0   0   0   0
    0   0]
 [  0   0   3  15  14 262   0   6   0   0   0   0   0   0   0   0   0   0
    0   0]
 [  6 272  16   1   4   0   1   0   0   0   0   0   0   0   0   0   0   0
    0   0]
 [  0   1   6  15   2   3   7 266   0   0   0   0   0   0   0   0   0   0
    0   0]
 [217  76   1   1   1   0   4   0   0   0   0   0   0   0   0   0   0   0
    0   0]
 [  0  42   0   0  22   1 231   4   0   0   0   0   0   0   0   0   0   0
    0   0]
 [  1   5  16 257   1   0   1  19   0   0   0   0   0   0   0   0   0   0
    0   0]
 [  2  68   0   0  29   3 186  12   0   0   0   0   0   0   0   0   0   0
    0   0]
 [  2   9 258   5   0  24   2   0   0   0   0   0   0   0   0   0   0   0
    0   0]
 [  0   1   5   0  81 209   3   1   0   0   0   0   0   0   0   0   0   0
    0   0]
 [  1  37 244   8   0   0   8   2   0   0   0   0   0   0   0   0   0   0
    0   0]
 [  2   6   0   8   0   0   9 275   0   0   0   0   0   0   0   0   0   0
    0   0]
 [269  17   1   9   1   3   0   0   0   0   0   0   0   0   0   0   0   0
    0   0]
 [  0   2   3   0  27 257  11   0   0   0   0   0   0   0   0   0   0   0
    0   0]
 [  2 108 181   4   0   0   5   0   0   0   0   0   0   0   0   0   0   0
    0   0]
 [  0   1   0  11   2   0  17 269   0   0   0   0   0   0   0   0   0   0
    0   0]
 [237  47  13   0   2   0   1   0   0   0   0   0   0   0   0   0   0   0
    0   0]]

Epoch 260:   0%|          | 0/47 [00:00<?, ?it/s, loss=0.373, v_num=]         
Epoch 261:   0%|          | 0/47 [00:00<?, ?it/s, loss=0.373, v_num=]/usr/local/lib/python3.13/dist-packages/torch/utils/data/dataloader.py:432: UserWarning: This DataLoader will create 6 worker processes in total. Our suggested max number of worker in current system is 2, which is smaller than what this DataLoader is going to create. Please be aware that excessive worker creation might get DataLoader running slow or even freeze, lower the worker number to avoid potential slowness/freeze if necessary.
  self.check_worker_number_rationality()

Epoch 261:  43%|████▎     | 20/47 [00:01<00:01, 18.01it/s, loss=0.373, v_num=]
Epoch 261:  43%|████▎     | 20/47 [00:01<00:01, 17.99it/s, loss=0.375, v_num=]
Epoch 261:  85%|████████▌ | 40/47 [00:01<00:00, 21.18it/s, loss=0.375, v_num=]
Epoch 261:  85%|████████▌ | 40/47 [00:01<00:00, 21.17it/s, loss=0.376, v_num=]
Epoch 261: 100%|██████████| 47/47 [00:02<00:00, 20.42it/s, loss=0.383, v_num=]
Epoch 261:   0%|          | 0/47 [00:00<?, ?it/s, loss=0.383, v_num=]         
Epoch 262:   0%|          | 0/47 [00:00<?, ?it/s, loss=0.383, v_num=]
Epoch 262:  43%|████▎     | 20/47 [00:01<00:01, 14.02it/s, loss=0.383, v_num=]
Epoch 262:  43%|████▎     | 20/47 [00:01<00:01, 14.01it/s, loss=0.374, v_num=]
Epoch 262:  85%|████████▌ | 40/47 [00:02<00:00, 16.17it/s, loss=0.374, v_num=]
Epoch 262:  85%|████████▌ | 40/47 [00:02<00:00, 16.17it/s, loss=0.378, v_num=]
Epoch 262: 100%|██████████| 47/47 [00:03<00:00, 15.35it/s, loss=0.377, v_num=]
Epoch 262:   0%|          | 0/47 [00:00<?, ?it/s, loss=0.377, v_num=]         
Epoch 263:   0%|          | 0/47 [00:00<?, ?it/s, loss=0.377, v_num=]
Epoch 263:  43%|████▎     | 20/47 [00:01<00:01, 18.62it/s, loss=0.377, v_num=]
Epoch 263:  43%|████▎     | 20/47 [00:01<00:01, 18.61it/s, loss=0.378, v_num=]
Epoch 263:  85%|████████▌ | 40/47 [00:01<00:00, 21.29it/s, loss=0.378, v_num=]
Epoch 263:  85%|████████▌ | 40/47 [00:01<00:00, 21.28it/s, loss=0.381, v_num=]
Epoch 263: 100%|██████████| 47/47 [00:02<00:00, 20.53it/s, loss=0.377, v_num=]
Epoch 263:   0%|          | 0/47 [00:00<?, ?it/s, loss=0.377, v_num=]         
Epoch 264:   0%|          | 0/47 [00:00<?, ?it/s, loss=0.377, v_num=]
Epoch 264:  43%|████▎     | 20/47 [00:01<00:01, 18.54it/s, loss=0.377, v_num=]
Epoch 264:  43%|████▎     | 20/47 [00:01<00:01, 18.52it/s, loss=0.373, v_num=]
Epoch 264:  85%|████████▌ | 40/47 [00:01<00:00, 21.43it/s, loss=0.373, v_num=]
Epoch 264:  85%|████████▌ | 40/47 [00:01<00:00, 21.43it/s, loss=0.379, v_num=]
Epoch 264: 100%|██████████| 47/47 [00:02<00:00, 20.49it/s, loss=0.378, v_num=]
Epoch 264:   0%|          | 0/47 [00:00<?, ?it/s, loss=0.378, v_num=]         
Epoch 265:   0%|          | 0/47 [00:00<?, ?it/s, loss=0.378, v_num=]
Epoch 265:  43%|████▎     | 20/47 [00:01<00:01, 18.47it/s, loss=0.378, v_num=]
Epoch 265:  43%|████▎     | 20/47 [00:01<00:01, 18.45it/s, loss=0.376, v_num=]
Epoch 265:  85%|████████▌ | 40/47 [00:01<00:00, 21.46it/s, loss=0.376, v_num=]
Epoch 265:  85%|████████▌ | 40/47 [00:01<00:00, 21.46it/s, loss=0.373, v_num=]
Epoch 265: 100%|██████████| 47/47 [00:02<00:00, 20.83it/s, loss=0.379, v_num=]Evaluating...
NMI : 0.5727112120367484, ARI: 0.34251200015241656, ACC: 0.34917, current K: 8

Epoch 265:   0%|          | 0/47 [00:00<?, ?it/s, loss=0.379, v_num=]         
Epoch 266:   0%|          | 0/47 [00:00<?, ?it/s, loss=0.379, v_num=]/usr/local/lib/python3.13/dist-packages/torch/utils/data/dataloader.py:432: UserWarning: This DataLoader will create 6 worker processes in total. Our suggested max number of worker in current system is 2, which is smaller than what this DataLoader is going to create. Please be aware that excessive worker creation might get DataLoader running slow or even freeze, lower the worker number to avoid potential slowness/freeze if necessary.
  self.check_worker_number_rationality()

Epoch 266:  43%|████▎     | 20/47 [00:01<00:01, 16.90it/s, loss=0.379, v_num=]
Epoch 266:  43%|████▎     | 20/47 [00:01<00:01, 16.88it/s, loss=0.372, v_num=]
Epoch 266:  85%|████████▌ | 40/47 [00:01<00:00, 20.46it/s, loss=0.372, v_num=]
Epoch 266:  85%|████████▌ | 40/47 [00:01<00:00, 20.45it/s, loss=0.369, v_num=]
Epoch 266: 100%|██████████| 47/47 [00:02<00:00, 19.87it/s, loss=0.384, v_num=]
Epoch 266:   0%|          | 0/47 [00:00<?, ?it/s, loss=0.384, v_num=]         
Epoch 267:   0%|          | 0/47 [00:00<?, ?it/s, loss=0.384, v_num=]
Epoch 267:  43%|████▎     | 20/47 [00:01<00:01, 16.05it/s, loss=0.384, v_num=]
Epoch 267:  43%|████▎     | 20/47 [00:01<00:01, 16.04it/s, loss=0.379, v_num=]
Epoch 267:  85%|████████▌ | 40/47 [00:02<00:00, 17.91it/s, loss=0.379, v_num=]
Epoch 267:  85%|████████▌ | 40/47 [00:02<00:00, 17.91it/s, loss=0.373, v_num=]
Epoch 267: 100%|██████████| 47/47 [00:02<00:00, 16.52it/s, loss=0.373, v_num=]
Epoch 267:   0%|          | 0/47 [00:00<?, ?it/s, loss=0.373, v_num=]         
Epoch 268:   0%|          | 0/47 [00:00<?, ?it/s, loss=0.373, v_num=]
Epoch 268:  43%|████▎     | 20/47 [00:01<00:01, 14.47it/s, loss=0.373, v_num=]
Epoch 268:  43%|████▎     | 20/47 [00:01<00:01, 14.46it/s, loss=0.375, v_num=]
Epoch 268:  85%|████████▌ | 40/47 [00:02<00:00, 18.40it/s, loss=0.375, v_num=]
Epoch 268:  85%|████████▌ | 40/47 [00:02<00:00, 18.39it/s, loss=0.377, v_num=]
Epoch 268: 100%|██████████| 47/47 [00:02<00:00, 18.04it/s, loss=0.376, v_num=]
Epoch 268:   0%|          | 0/47 [00:00<?, ?it/s, loss=0.376, v_num=]         
Epoch 269:   0%|          | 0/47 [00:00<?, ?it/s, loss=0.376, v_num=]
Epoch 269:  43%|████▎     | 20/47 [00:01<00:01, 17.59it/s, loss=0.376, v_num=]
Epoch 269:  43%|████▎     | 20/47 [00:01<00:01, 17.58it/s, loss=0.376, v_num=]
Epoch 269:  85%|████████▌ | 40/47 [00:01<00:00, 20.57it/s, loss=0.376, v_num=]
Epoch 269:  85%|████████▌ | 40/47 [00:01<00:00, 20.57it/s, loss=0.375, v_num=]
Epoch 269: 100%|██████████| 47/47 [00:02<00:00, 19.97it/s, loss=0.383, v_num=]
Epoch 269:   0%|          | 0/47 [00:00<?, ?it/s, loss=0.383, v_num=]         
Epoch 270:   0%|          | 0/47 [00:00<?, ?it/s, loss=0.383, v_num=]
Epoch 270:  43%|████▎     | 20/47 [00:01<00:01, 17.95it/s, loss=0.383, v_num=]
Epoch 270:  43%|████▎     | 20/47 [00:01<00:01, 17.94it/s, loss=0.374, v_num=]
Epoch 270:  85%|████████▌ | 40/47 [00:01<00:00, 20.84it/s, loss=0.374, v_num=]
Epoch 270:  85%|████████▌ | 40/47 [00:01<00:00, 20.84it/s, loss=0.386, v_num=]
Epoch 270: 100%|██████████| 47/47 [00:02<00:00, 20.13it/s, loss=0.37, v_num=] Evaluating...
NMI : 0.5735521339572317, ARI: 0.3433453624480233, ACC: 0.34983, current K: 8
Epoch 270 | NMI: 0.5736, ARI: 0.3433, ACC: 0.3498, current K: 8
Confusion Matrix:
[[  2  22   0   3 246   2  15  10   0   0   0   0   0   0   0   0   0   0
    0   0]
 [  1   3 260  16   1  19   0   0   0   0   0   0   0   0   0   0   0   0
    0   0]
 [  0  33   3   1  23   0 237   3   0   0   0   0   0   0   0   0   0   0
    0   0]
 [  6   1  10 275   2   0   1   5   0   0   0   0   0   0   0   0   0   0
    0   0]
 [  0   1   3  15  13 261   0   7   0   0   0   0   0   0   0   0   0   0
    0   0]
 [  6 275  13   0   4   1   1   0   0   0   0   0   0   0   0   0   0   0
    0   0]
 [  0   1   6  15   2   3   6 267   0   0   0   0   0   0   0   0   0   0
    0   0]
 [225  68   1   1   2   0   3   0   0   0   0   0   0   0   0   0   0   0
    0   0]
 [  0  44   0   0  22   1 229   4   0   0   0   0   0   0   0   0   0   0
    0   0]
 [  1   6  15 257   1   0   1  19   0   0   0   0   0   0   0   0   0   0
    0   0]
 [  3  71   0   0  28   2 188   8   0   0   0   0   0   0   0   0   0   0
    0   0]
 [  2   9 262   4   0  23   0   0   0   0   0   0   0   0   0   0   0   0
    0   0]
 [  0   1   5   0  78 212   3   1   0   0   0   0   0   0   0   0   0   0
    0   0]
 [  1  38 243   8   0   0   8   2   0   0   0   0   0   0   0   0   0   0
    0   0]
 [  3   4   0   8   0   0  11 274   0   0   0   0   0   0   0   0   0   0
    0   0]
 [269  17   1   9   1   3   0   0   0   0   0   0   0   0   0   0   0   0
    0   0]
 [  0   2   3   0  25 259  11   0   0   0   0   0   0   0   0   0   0   0
    0   0]
 [  2 119 171   3   0   0   5   0   0   0   0   0   0   0   0   0   0   0
    0   0]
 [  0   2   0  11   2   0  17 268   0   0   0   0   0   0   0   0   0   0
    0   0]
 [244  38  15   0   2   0   1   0   0   0   0   0   0   0   0   0   0   0
    0   0]]

Epoch 270:   0%|          | 0/47 [00:00<?, ?it/s, loss=0.37, v_num=]         
Epoch 271:   0%|          | 0/47 [00:00<?, ?it/s, loss=0.37, v_num=]/usr/local/lib/python3.13/dist-packages/torch/utils/data/dataloader.py:432: UserWarning: This DataLoader will create 6 worker processes in total. Our suggested max number of worker in current system is 2, which is smaller than what this DataLoader is going to create. Please be aware that excessive worker creation might get DataLoader running slow or even freeze, lower the worker number to avoid potential slowness/freeze if necessary.
  self.check_worker_number_rationality()

Epoch 271:  43%|████▎     | 20/47 [00:01<00:01, 17.88it/s, loss=0.37, v_num=]
Epoch 271:  43%|████▎     | 20/47 [00:01<00:01, 17.87it/s, loss=0.376, v_num=]
Epoch 271:  85%|████████▌ | 40/47 [00:01<00:00, 20.93it/s, loss=0.376, v_num=]
Epoch 271:  85%|████████▌ | 40/47 [00:01<00:00, 20.93it/s, loss=0.375, v_num=]
Epoch 271: 100%|██████████| 47/47 [00:02<00:00, 20.10it/s, loss=0.369, v_num=]
Epoch 271:   0%|          | 0/47 [00:00<?, ?it/s, loss=0.369, v_num=]         
Epoch 272:   0%|          | 0/47 [00:00<?, ?it/s, loss=0.369, v_num=]
Epoch 272:  43%|████▎     | 20/47 [00:01<00:01, 17.16it/s, loss=0.369, v_num=]
Epoch 272:  43%|████▎     | 20/47 [00:01<00:01, 17.15it/s, loss=0.371, v_num=]
Epoch 272:  85%|████████▌ | 40/47 [00:02<00:00, 18.24it/s, loss=0.371, v_num=]
Epoch 272:  85%|████████▌ | 40/47 [00:02<00:00, 18.24it/s, loss=0.368, v_num=]
Epoch 272: 100%|██████████| 47/47 [00:02<00:00, 16.92it/s, loss=0.375, v_num=]
Epoch 272:   0%|          | 0/47 [00:00<?, ?it/s, loss=0.375, v_num=]         
Epoch 273:   0%|          | 0/47 [00:00<?, ?it/s, loss=0.375, v_num=]
Epoch 273:  43%|████▎     | 20/47 [00:01<00:02, 12.94it/s, loss=0.375, v_num=]
Epoch 273:  43%|████▎     | 20/47 [00:01<00:02, 12.94it/s, loss=0.369, v_num=]
Epoch 273:  85%|████████▌ | 40/47 [00:02<00:00, 16.96it/s, loss=0.369, v_num=]
Epoch 273:  85%|████████▌ | 40/47 [00:02<00:00, 16.96it/s, loss=0.371, v_num=]
Epoch 273: 100%|██████████| 47/47 [00:02<00:00, 16.99it/s, loss=0.374, v_num=]
Epoch 273:   0%|          | 0/47 [00:00<?, ?it/s, loss=0.374, v_num=]         
Epoch 274:   0%|          | 0/47 [00:00<?, ?it/s, loss=0.374, v_num=]
Epoch 274:  43%|████▎     | 20/47 [00:01<00:01, 18.32it/s, loss=0.374, v_num=]
Epoch 274:  43%|████▎     | 20/47 [00:01<00:01, 18.30it/s, loss=0.366, v_num=]
Epoch 274:  85%|████████▌ | 40/47 [00:01<00:00, 21.07it/s, loss=0.366, v_num=]
Epoch 274:  85%|████████▌ | 40/47 [00:01<00:00, 21.07it/s, loss=0.372, v_num=]
Epoch 274: 100%|██████████| 47/47 [00:02<00:00, 20.31it/s, loss=0.372, v_num=]
Epoch 274:   0%|          | 0/47 [00:00<?, ?it/s, loss=0.372, v_num=]         
Epoch 275:   0%|          | 0/47 [00:00<?, ?it/s, loss=0.372, v_num=]
Epoch 275:  43%|████▎     | 20/47 [00:01<00:01, 18.15it/s, loss=0.372, v_num=]
Epoch 275:  43%|████▎     | 20/47 [00:01<00:01, 18.14it/s, loss=0.379, v_num=]
Epoch 275:  85%|████████▌ | 40/47 [00:01<00:00, 21.05it/s, loss=0.379, v_num=]
Epoch 275:  85%|████████▌ | 40/47 [00:01<00:00, 21.05it/s, loss=0.373, v_num=]
Epoch 275: 100%|██████████| 47/47 [00:02<00:00, 20.26it/s, loss=0.37, v_num=] Evaluating...
NMI : 0.576054388789939, ARI: 0.3453755446066244, ACC: 0.35067, current K: 8

Epoch 275:   0%|          | 0/47 [00:00<?, ?it/s, loss=0.37, v_num=]         
Epoch 276:   0%|          | 0/47 [00:00<?, ?it/s, loss=0.37, v_num=]/usr/local/lib/python3.13/dist-packages/torch/utils/data/dataloader.py:432: UserWarning: This DataLoader will create 6 worker processes in total. Our suggested max number of worker in current system is 2, which is smaller than what this DataLoader is going to create. Please be aware that excessive worker creation might get DataLoader running slow or even freeze, lower the worker number to avoid potential slowness/freeze if necessary.
  self.check_worker_number_rationality()

Epoch 276:  43%|████▎     | 20/47 [00:01<00:01, 18.41it/s, loss=0.37, v_num=]
Epoch 276:  43%|████▎     | 20/47 [00:01<00:01, 18.40it/s, loss=0.371, v_num=]
Epoch 276:  85%|████████▌ | 40/47 [00:01<00:00, 21.20it/s, loss=0.371, v_num=]
Epoch 276:  85%|████████▌ | 40/47 [00:01<00:00, 21.19it/s, loss=0.375, v_num=]
Epoch 276: 100%|██████████| 47/47 [00:02<00:00, 20.53it/s, loss=0.37, v_num=] 
Epoch 276:   0%|          | 0/47 [00:00<?, ?it/s, loss=0.37, v_num=]         
Epoch 277:   0%|          | 0/47 [00:00<?, ?it/s, loss=0.37, v_num=]
Epoch 277:  43%|████▎     | 20/47 [00:01<00:01, 17.43it/s, loss=0.37, v_num=]
Epoch 277:  43%|████▎     | 20/47 [00:01<00:01, 17.42it/s, loss=0.371, v_num=]
Epoch 277:  85%|████████▌ | 40/47 [00:02<00:00, 18.52it/s, loss=0.371, v_num=]
Epoch 277:  85%|████████▌ | 40/47 [00:02<00:00, 18.51it/s, loss=0.366, v_num=]
Epoch 277: 100%|██████████| 47/47 [00:02<00:00, 17.23it/s, loss=0.376, v_num=]
Epoch 277:   0%|          | 0/47 [00:00<?, ?it/s, loss=0.376, v_num=]         
Epoch 278:   0%|          | 0/47 [00:00<?, ?it/s, loss=0.376, v_num=]
Epoch 278:  43%|████▎     | 20/47 [00:01<00:02, 12.39it/s, loss=0.376, v_num=]
Epoch 278:  43%|████▎     | 20/47 [00:01<00:02, 12.38it/s, loss=0.376, v_num=]
Epoch 278:  85%|████████▌ | 40/47 [00:02<00:00, 15.35it/s, loss=0.376, v_num=]
Epoch 278:  85%|████████▌ | 40/47 [00:02<00:00, 15.35it/s, loss=0.375, v_num=]
Epoch 278: 100%|██████████| 47/47 [00:03<00:00, 15.49it/s, loss=0.383, v_num=]
Epoch 278:   0%|          | 0/47 [00:00<?, ?it/s, loss=0.383, v_num=]         
Epoch 279:   0%|          | 0/47 [00:00<?, ?it/s, loss=0.383, v_num=]
Epoch 279:  43%|████▎     | 20/47 [00:01<00:01, 17.82it/s, loss=0.383, v_num=]
Epoch 279:  43%|████▎     | 20/47 [00:01<00:01, 17.81it/s, loss=0.379, v_num=]
Epoch 279:  85%|████████▌ | 40/47 [00:01<00:00, 20.87it/s, loss=0.379, v_num=]
Epoch 279:  85%|████████▌ | 40/47 [00:01<00:00, 20.86it/s, loss=0.37, v_num=] 
Epoch 279: 100%|██████████| 47/47 [00:02<00:00, 20.09it/s, loss=0.367, v_num=]
Epoch 279:   0%|          | 0/47 [00:00<?, ?it/s, loss=0.367, v_num=]         
Epoch 280:   0%|          | 0/47 [00:00<?, ?it/s, loss=0.367, v_num=]
Epoch 280:  43%|████▎     | 20/47 [00:01<00:01, 17.83it/s, loss=0.367, v_num=]
Epoch 280:  43%|████▎     | 20/47 [00:01<00:01, 17.81it/s, loss=0.379, v_num=]
Epoch 280:  85%|████████▌ | 40/47 [00:01<00:00, 20.67it/s, loss=0.379, v_num=]
Epoch 280:  85%|████████▌ | 40/47 [00:01<00:00, 20.67it/s, loss=0.364, v_num=]
Epoch 280: 100%|██████████| 47/47 [00:02<00:00, 19.85it/s, loss=0.367, v_num=]Evaluating...
NMI : 0.5766500807410078, ARI: 0.3457679257332865, ACC: 0.35033, current K: 8
Epoch 280 | NMI: 0.5767, ARI: 0.3458, ACC: 0.3503, current K: 8
Confusion Matrix:
[[  5  17   0   3 250   2  13  10   0   0   0   0   0   0   0   0   0   0
    0   0]
 [  1   3 259  16   1  20   0   0   0   0   0   0   0   0   0   0   0   0
    0   0]
 [  0  35   2   1  24   0 235   3   0   0   0   0   0   0   0   0   0   0
    0   0]
 [  6   1   9 276   2   0   1   5   0   0   0   0   0   0   0   0   0   0
    0   0]
 [  0   1   3  15  13 261   0   7   0   0   0   0   0   0   0   0   0   0
    0   0]
 [  6 275  13   0   5   0   1   0   0   0   0   0   0   0   0   0   0   0
    0   0]
 [  0   0   7  15   2   2   4 270   0   0   0   0   0   0   0   0   0   0
    0   0]
 [232  60   1   1   3   0   3   0   0   0   0   0   0   0   0   0   0   0
    0   0]
 [  0  46   0   0  12   1 236   5   0   0   0   0   0   0   0   0   0   0
    0   0]
 [  1   6  16 255   1   0   1  20   0   0   0   0   0   0   0   0   0   0
    0   0]
 [  6  69   0   0  27   2 188   8   0   0   0   0   0   0   0   0   0   0
    0   0]
 [  1  10 262   4   0  23   0   0   0   0   0   0   0   0   0   0   0   0
    0   0]
 [  0   1   5   0  76 214   3   1   0   0   0   0   0   0   0   0   0   0
    0   0]
 [  1  42 239   8   0   0   8   2   0   0   0   0   0   0   0   0   0   0
    0   0]
 [  3   4   0   8   0   0  13 272   0   0   0   0   0   0   0   0   0   0
    0   0]
 [270  16   1   9   1   3   0   0   0   0   0   0   0   0   0   0   0   0
    0   0]
 [  0   2   3   0  24 260  11   0   0   0   0   0   0   0   0   0   0   0
    0   0]
 [  0 133 159   3   0   0   5   0   0   0   0   0   0   0   0   0   0   0
    0   0]
 [  0   3   0  11   1   0  15 270   0   0   0   0   0   0   0   0   0   0
    0   0]
 [246  36  15   0   2   0   1   0   0   0   0   0   0   0   0   0   0   0
    0   0]]

Epoch 280:   0%|          | 0/47 [00:00<?, ?it/s, loss=0.367, v_num=]         
Epoch 281:   0%|          | 0/47 [00:00<?, ?it/s, loss=0.367, v_num=]/usr/local/lib/python3.13/dist-packages/torch/utils/data/dataloader.py:432: UserWarning: This DataLoader will create 6 worker processes in total. Our suggested max number of worker in current system is 2, which is smaller than what this DataLoader is going to create. Please be aware that excessive worker creation might get DataLoader running slow or even freeze, lower the worker number to avoid potential slowness/freeze if necessary.
  self.check_worker_number_rationality()

Epoch 281:  43%|████▎     | 20/47 [00:01<00:01, 17.31it/s, loss=0.367, v_num=]
Epoch 281:  43%|████▎     | 20/47 [00:01<00:01, 17.30it/s, loss=0.381, v_num=]
Epoch 281:  85%|████████▌ | 40/47 [00:01<00:00, 20.25it/s, loss=0.381, v_num=]
Epoch 281:  85%|████████▌ | 40/47 [00:01<00:00, 20.24it/s, loss=0.366, v_num=]
Epoch 281: 100%|██████████| 47/47 [00:02<00:00, 19.55it/s, loss=0.365, v_num=]
Epoch 281:   0%|          | 0/47 [00:00<?, ?it/s, loss=0.365, v_num=]         
Epoch 282:   0%|          | 0/47 [00:00<?, ?it/s, loss=0.365, v_num=]
Epoch 282:  43%|████▎     | 20/47 [00:01<00:01, 17.95it/s, loss=0.365, v_num=]
Epoch 282:  43%|████▎     | 20/47 [00:01<00:01, 17.94it/s, loss=0.377, v_num=]
Epoch 282:  85%|████████▌ | 40/47 [00:01<00:00, 20.11it/s, loss=0.377, v_num=]
Epoch 282:  85%|████████▌ | 40/47 [00:01<00:00, 20.11it/s, loss=0.372, v_num=]
Epoch 282: 100%|██████████| 47/47 [00:02<00:00, 18.55it/s, loss=0.37, v_num=] 
Epoch 282:   0%|          | 0/47 [00:00<?, ?it/s, loss=0.37, v_num=]         
Epoch 283:   0%|          | 0/47 [00:00<?, ?it/s, loss=0.37, v_num=]
Epoch 283:  43%|████▎     | 20/47 [00:01<00:02, 13.23it/s, loss=0.37, v_num=]
Epoch 283:  43%|████▎     | 20/47 [00:01<00:02, 13.22it/s, loss=0.374, v_num=]
Epoch 283:  85%|████████▌ | 40/47 [00:02<00:00, 15.50it/s, loss=0.374, v_num=]
Epoch 283:  85%|████████▌ | 40/47 [00:02<00:00, 15.50it/s, loss=0.373, v_num=]
Epoch 283: 100%|██████████| 47/47 [00:03<00:00, 15.61it/s, loss=0.365, v_num=]
Epoch 283:   0%|          | 0/47 [00:00<?, ?it/s, loss=0.365, v_num=]         
Epoch 284:   0%|          | 0/47 [00:00<?, ?it/s, loss=0.365, v_num=]
Epoch 284:  43%|████▎     | 20/47 [00:01<00:01, 17.72it/s, loss=0.365, v_num=]
Epoch 284:  43%|████▎     | 20/47 [00:01<00:01, 17.71it/s, loss=0.367, v_num=]
Epoch 284:  85%|████████▌ | 40/47 [00:01<00:00, 20.20it/s, loss=0.367, v_num=]
Epoch 284:  85%|████████▌ | 40/47 [00:01<00:00, 20.20it/s, loss=0.375, v_num=]
Epoch 284: 100%|██████████| 47/47 [00:02<00:00, 19.43it/s, loss=0.376, v_num=]
Epoch 284:   0%|          | 0/47 [00:00<?, ?it/s, loss=0.376, v_num=]         
Epoch 285:   0%|          | 0/47 [00:00<?, ?it/s, loss=0.376, v_num=]
Epoch 285:  43%|████▎     | 20/47 [00:01<00:01, 17.80it/s, loss=0.376, v_num=]
Epoch 285:  43%|████▎     | 20/47 [00:01<00:01, 17.79it/s, loss=0.378, v_num=]
Epoch 285:  85%|████████▌ | 40/47 [00:01<00:00, 20.39it/s, loss=0.378, v_num=]
Epoch 285:  85%|████████▌ | 40/47 [00:01<00:00, 20.39it/s, loss=0.37, v_num=] 
Epoch 285: 100%|██████████| 47/47 [00:02<00:00, 19.62it/s, loss=0.373, v_num=]Evaluating...
NMI : 0.5781630176223335, ARI: 0.34733147755831884, ACC: 0.35183, current K: 8

Epoch 285:   0%|          | 0/47 [00:00<?, ?it/s, loss=0.373, v_num=]         
Epoch 286:   0%|          | 0/47 [00:00<?, ?it/s, loss=0.373, v_num=]/usr/local/lib/python3.13/dist-packages/torch/utils/data/dataloader.py:432: UserWarning: This DataLoader will create 6 worker processes in total. Our suggested max number of worker in current system is 2, which is smaller than what this DataLoader is going to create. Please be aware that excessive worker creation might get DataLoader running slow or even freeze, lower the worker number to avoid potential slowness/freeze if necessary.
  self.check_worker_number_rationality()

Epoch 286:  43%|████▎     | 20/47 [00:01<00:01, 18.00it/s, loss=0.373, v_num=]
Epoch 286:  43%|████▎     | 20/47 [00:01<00:01, 17.99it/s, loss=0.371, v_num=]
Epoch 286:  85%|████████▌ | 40/47 [00:01<00:00, 20.83it/s, loss=0.371, v_num=]
Epoch 286:  85%|████████▌ | 40/47 [00:01<00:00, 20.82it/s, loss=0.372, v_num=]
Epoch 286: 100%|██████████| 47/47 [00:02<00:00, 19.84it/s, loss=0.375, v_num=]
Epoch 286:   0%|          | 0/47 [00:00<?, ?it/s, loss=0.375, v_num=]         
Epoch 287:   0%|          | 0/47 [00:00<?, ?it/s, loss=0.375, v_num=]
Epoch 287:  43%|████▎     | 20/47 [00:01<00:01, 17.98it/s, loss=0.375, v_num=]
Epoch 287:  43%|████▎     | 20/47 [00:01<00:01, 17.96it/s, loss=0.366, v_num=]
Epoch 287:  85%|████████▌ | 40/47 [00:01<00:00, 20.82it/s, loss=0.366, v_num=]
Epoch 287:  85%|████████▌ | 40/47 [00:01<00:00, 20.81it/s, loss=0.371, v_num=]
Epoch 287: 100%|██████████| 47/47 [00:02<00:00, 18.97it/s, loss=0.369, v_num=]
Epoch 287:   0%|          | 0/47 [00:00<?, ?it/s, loss=0.369, v_num=]         
Epoch 288:   0%|          | 0/47 [00:00<?, ?it/s, loss=0.369, v_num=]
Epoch 288:  43%|████▎     | 20/47 [00:01<00:02, 13.13it/s, loss=0.369, v_num=]
Epoch 288:  43%|████▎     | 20/47 [00:01<00:02, 13.12it/s, loss=0.378, v_num=]
Epoch 288:  85%|████████▌ | 40/47 [00:02<00:00, 15.30it/s, loss=0.378, v_num=]
Epoch 288:  85%|████████▌ | 40/47 [00:02<00:00, 15.29it/s, loss=0.37, v_num=] 
Epoch 288: 100%|██████████| 47/47 [00:03<00:00, 15.46it/s, loss=0.371, v_num=]
Epoch 288:   0%|          | 0/47 [00:00<?, ?it/s, loss=0.371, v_num=]         
Epoch 289:   0%|          | 0/47 [00:00<?, ?it/s, loss=0.371, v_num=]
Epoch 289:  43%|████▎     | 20/47 [00:01<00:01, 17.62it/s, loss=0.371, v_num=]
Epoch 289:  43%|████▎     | 20/47 [00:01<00:01, 17.61it/s, loss=0.366, v_num=]
Epoch 289:  85%|████████▌ | 40/47 [00:01<00:00, 20.66it/s, loss=0.366, v_num=]
Epoch 289:  85%|████████▌ | 40/47 [00:01<00:00, 20.66it/s, loss=0.371, v_num=]
Epoch 289: 100%|██████████| 47/47 [00:02<00:00, 19.94it/s, loss=0.363, v_num=]
Epoch 289:   0%|          | 0/47 [00:00<?, ?it/s, loss=0.363, v_num=]         
Epoch 290:   0%|          | 0/47 [00:00<?, ?it/s, loss=0.363, v_num=]
Epoch 290:  43%|████▎     | 20/47 [00:01<00:01, 17.69it/s, loss=0.363, v_num=]
Epoch 290:  43%|████▎     | 20/47 [00:01<00:01, 17.68it/s, loss=0.366, v_num=]
Epoch 290:  85%|████████▌ | 40/47 [00:01<00:00, 20.72it/s, loss=0.366, v_num=]
Epoch 290:  85%|████████▌ | 40/47 [00:01<00:00, 20.71it/s, loss=0.373, v_num=]
Epoch 290: 100%|██████████| 47/47 [00:02<00:00, 19.99it/s, loss=0.372, v_num=]Evaluating...
NMI : 0.5801367493192818, ARI: 0.3488854607474398, ACC: 0.35267, current K: 8
Epoch 290 | NMI: 0.5801, ARI: 0.3489, ACC: 0.3527, current K: 8
Confusion Matrix:
[[  6  15   0   3 250   2  14  10   0   0   0   0   0   0   0   0   0   0
    0   0]
 [  1   3 259  16   1  20   0   0   0   0   0   0   0   0   0   0   0   0
    0   0]
 [  0  35   2   1  24   0 236   2   0   0   0   0   0   0   0   0   0   0
    0   0]
 [  5   1  10 276   2   0   1   5   0   0   0   0   0   0   0   0   0   0
    0   0]
 [  0   1   3  15  13 261   0   7   0   0   0   0   0   0   0   0   0   0
    0   0]
 [  4 278  12   0   5   0   1   0   0   0   0   0   0   0   0   0   0   0
    0   0]
 [  0   0   7  15   2   2   4 270   0   0   0   0   0   0   0   0   0   0
    0   0]
 [236  56   1   1   3   0   3   0   0   0   0   0   0   0   0   0   0   0
    0   0]
 [  0  45   0   0   6   1 243   5   0   0   0   0   0   0   0   0   0   0
    0   0]
 [  1   6  16 255   1   0   1  20   0   0   0   0   0   0   0   0   0   0
    0   0]
 [  6  68   0   0  29   2 188   7   0   0   0   0   0   0   0   0   0   0
    0   0]
 [  1  10 262   4   0  23   0   0   0   0   0   0   0   0   0   0   0   0
    0   0]
 [  0   2   5   0  74 215   3   1   0   0   0   0   0   0   0   0   0   0
    0   0]
 [  1  47 235   8   1   0   7   1   0   0   0   0   0   0   0   0   0   0
    0   0]
 [  2   3   0   8   0   0  12 275   0   0   0   0   0   0   0   0   0   0
    0   0]
 [271  15   1   9   1   3   0   0   0   0   0   0   0   0   0   0   0   0
    0   0]
 [  0   2   3   0  23 261  11   0   0   0   0   0   0   0   0   0   0   0
    0   0]
 [  0 139 153   3   0   0   5   0   0   0   0   0   0   0   0   0   0   0
    0   0]
 [  0   3   0  11   1   1  15 269   0   0   0   0   0   0   0   0   0   0
    0   0]
 [251  31  15   0   2   0   1   0   0   0   0   0   0   0   0   0   0   0
    0   0]]

Epoch 290:   0%|          | 0/47 [00:00<?, ?it/s, loss=0.372, v_num=]         
Epoch 291:   0%|          | 0/47 [00:00<?, ?it/s, loss=0.372, v_num=]/usr/local/lib/python3.13/dist-packages/torch/utils/data/dataloader.py:432: UserWarning: This DataLoader will create 6 worker processes in total. Our suggested max number of worker in current system is 2, which is smaller than what this DataLoader is going to create. Please be aware that excessive worker creation might get DataLoader running slow or even freeze, lower the worker number to avoid potential slowness/freeze if necessary.
  self.check_worker_number_rationality()

Epoch 291:  43%|████▎     | 20/47 [00:01<00:01, 18.23it/s, loss=0.372, v_num=]
Epoch 291:  43%|████▎     | 20/47 [00:01<00:01, 18.21it/s, loss=0.363, v_num=]
Epoch 291:  85%|████████▌ | 40/47 [00:01<00:00, 21.16it/s, loss=0.363, v_num=]
Epoch 291:  85%|████████▌ | 40/47 [00:01<00:00, 21.16it/s, loss=0.373, v_num=]
Epoch 291: 100%|██████████| 47/47 [00:02<00:00, 20.55it/s, loss=0.37, v_num=] 
Epoch 291:   0%|          | 0/47 [00:00<?, ?it/s, loss=0.37, v_num=]         
Epoch 292:   0%|          | 0/47 [00:00<?, ?it/s, loss=0.37, v_num=]
Epoch 292:  43%|████▎     | 20/47 [00:01<00:01, 18.04it/s, loss=0.37, v_num=]
Epoch 292:  43%|████▎     | 20/47 [00:01<00:01, 18.03it/s, loss=0.371, v_num=]
Epoch 292:  85%|████████▌ | 40/47 [00:01<00:00, 20.87it/s, loss=0.371, v_num=]
Epoch 292:  85%|████████▌ | 40/47 [00:01<00:00, 20.87it/s, loss=0.371, v_num=]
Epoch 292: 100%|██████████| 47/47 [00:02<00:00, 19.42it/s, loss=0.366, v_num=]
Epoch 292:   0%|          | 0/47 [00:00<?, ?it/s, loss=0.366, v_num=]         
Epoch 293:   0%|          | 0/47 [00:00<?, ?it/s, loss=0.366, v_num=]
Epoch 293:  43%|████▎     | 20/47 [00:01<00:01, 13.63it/s, loss=0.366, v_num=]
Epoch 293:  43%|████▎     | 20/47 [00:01<00:01, 13.63it/s, loss=0.366, v_num=]
Epoch 293:  85%|████████▌ | 40/47 [00:02<00:00, 15.48it/s, loss=0.366, v_num=]
Epoch 293:  85%|████████▌ | 40/47 [00:02<00:00, 15.47it/s, loss=0.367, v_num=]
Epoch 293: 100%|██████████| 47/47 [00:03<00:00, 15.56it/s, loss=0.368, v_num=]
Epoch 293:   0%|          | 0/47 [00:00<?, ?it/s, loss=0.368, v_num=]         
Epoch 294:   0%|          | 0/47 [00:00<?, ?it/s, loss=0.368, v_num=]
Epoch 294:  43%|████▎     | 20/47 [00:01<00:01, 17.78it/s, loss=0.368, v_num=]
Epoch 294:  43%|████▎     | 20/47 [00:01<00:01, 17.77it/s, loss=0.361, v_num=]
Epoch 294:  85%|████████▌ | 40/47 [00:01<00:00, 20.49it/s, loss=0.361, v_num=]
Epoch 294:  85%|████████▌ | 40/47 [00:01<00:00, 20.49it/s, loss=0.367, v_num=]
Epoch 294: 100%|██████████| 47/47 [00:02<00:00, 19.72it/s, loss=0.365, v_num=]
Epoch 294:   0%|          | 0/47 [00:00<?, ?it/s, loss=0.365, v_num=]         
Epoch 295:   0%|          | 0/47 [00:00<?, ?it/s, loss=0.365, v_num=]
Epoch 295:  43%|████▎     | 20/47 [00:01<00:01, 17.98it/s, loss=0.365, v_num=]
Epoch 295:  43%|████▎     | 20/47 [00:01<00:01, 17.96it/s, loss=0.373, v_num=]
Epoch 295:  85%|████████▌ | 40/47 [00:01<00:00, 20.76it/s, loss=0.373, v_num=]
Epoch 295:  85%|████████▌ | 40/47 [00:01<00:00, 20.75it/s, loss=0.366, v_num=]
Epoch 295: 100%|██████████| 47/47 [00:02<00:00, 19.98it/s, loss=0.368, v_num=]/content/DeepDPM-New/src/clustering_models/clusternet_modules/clusternetasmodel.py:682: UserWarning: To copy construct from a tensor, it is recommended to use sourceTensor.detach().clone() or sourceTensor.detach().clone().requires_grad_(True), rather than torch.tensor(sourceTensor).
  mus_ind_to_split = torch.nonzero(torch.tensor(split_decisions), as_tuple=False)
Splitting clusters [2 6]
Evaluating...
NMI : 0.5811171799456863, ARI: 0.3497970276309884, ACC: 0.353, current K: 8
[Split] K updated → 10 clusters
  [Epoch 295] losses at split → cluster_loss=0.0417, subcluster_loss=0.5060, pairwise_loss=0.1881

Epoch 295:   0%|          | 0/47 [00:00<?, ?it/s, loss=0.368, v_num=]         
Epoch 296:   0%|          | 0/47 [00:00<?, ?it/s, loss=0.368, v_num=]/usr/local/lib/python3.13/dist-packages/torch/utils/data/dataloader.py:432: UserWarning: This DataLoader will create 6 worker processes in total. Our suggested max number of worker in current system is 2, which is smaller than what this DataLoader is going to create. Please be aware that excessive worker creation might get DataLoader running slow or even freeze, lower the worker number to avoid potential slowness/freeze if necessary.
  self.check_worker_number_rationality()

Epoch 296:  43%|████▎     | 20/47 [00:01<00:01, 15.89it/s, loss=0.368, v_num=]
Epoch 296:  43%|████▎     | 20/47 [00:01<00:01, 15.88it/s, loss=0.529, v_num=]
Epoch 296:  85%|████████▌ | 40/47 [00:02<00:00, 18.19it/s, loss=0.529, v_num=]
Epoch 296:  85%|████████▌ | 40/47 [00:02<00:00, 18.18it/s, loss=0.519, v_num=]
Epoch 296: 100%|██████████| 47/47 [00:02<00:00, 17.47it/s, loss=0.505, v_num=]
Epoch 296:   0%|          | 0/47 [00:00<?, ?it/s, loss=0.505, v_num=]         
Epoch 297:   0%|          | 0/47 [00:00<?, ?it/s, loss=0.505, v_num=]
Epoch 297:  43%|████▎     | 20/47 [00:01<00:01, 16.41it/s, loss=0.505, v_num=]
Epoch 297:  43%|████▎     | 20/47 [00:01<00:01, 16.40it/s, loss=0.487, v_num=]
Epoch 297:  85%|████████▌ | 40/47 [00:02<00:00, 18.23it/s, loss=0.487, v_num=]
Epoch 297:  85%|████████▌ | 40/47 [00:02<00:00, 18.23it/s, loss=0.487, v_num=]
Epoch 297: 100%|██████████| 47/47 [00:02<00:00, 16.77it/s, loss=0.481, v_num=]
Epoch 297:   0%|          | 0/47 [00:00<?, ?it/s, loss=0.481, v_num=]         
Epoch 298:   0%|          | 0/47 [00:00<?, ?it/s, loss=0.481, v_num=]
Epoch 298:  43%|████▎     | 20/47 [00:01<00:02, 11.34it/s, loss=0.481, v_num=]
Epoch 298:  43%|████▎     | 20/47 [00:01<00:02, 11.33it/s, loss=0.466, v_num=]
Epoch 298:  85%|████████▌ | 40/47 [00:02<00:00, 14.16it/s, loss=0.466, v_num=]
Epoch 298:  85%|████████▌ | 40/47 [00:02<00:00, 14.16it/s, loss=0.452, v_num=]
Epoch 298: 100%|██████████| 47/47 [00:03<00:00, 14.37it/s, loss=0.453, v_num=]
Epoch 298:   0%|          | 0/47 [00:00<?, ?it/s, loss=0.453, v_num=]         
Epoch 299:   0%|          | 0/47 [00:00<?, ?it/s, loss=0.453, v_num=]
Epoch 299:  43%|████▎     | 20/47 [00:01<00:01, 16.15it/s, loss=0.453, v_num=]
Epoch 299:  43%|████▎     | 20/47 [00:01<00:01, 16.14it/s, loss=0.447, v_num=]
Epoch 299:  85%|████████▌ | 40/47 [00:02<00:00, 18.62it/s, loss=0.447, v_num=]
Epoch 299:  85%|████████▌ | 40/47 [00:02<00:00, 18.61it/s, loss=0.443, v_num=]
Epoch 299: 100%|██████████| 47/47 [00:02<00:00, 17.92it/s, loss=0.437, v_num=]
Epoch 299:   0%|          | 0/47 [00:00<?, ?it/s, loss=0.437, v_num=]         
Epoch 300:   0%|          | 0/47 [00:00<?, ?it/s, loss=0.437, v_num=]
Epoch 300:  43%|████▎     | 20/47 [00:01<00:01, 16.30it/s, loss=0.437, v_num=]
Epoch 300:  43%|████▎     | 20/47 [00:01<00:01, 16.29it/s, loss=0.432, v_num=]
Epoch 300:  85%|████████▌ | 40/47 [00:02<00:00, 18.41it/s, loss=0.432, v_num=]
Epoch 300:  85%|████████▌ | 40/47 [00:02<00:00, 18.40it/s, loss=0.425, v_num=]
Epoch 300: 100%|██████████| 47/47 [00:02<00:00, 17.95it/s, loss=0.426, v_num=]Evaluating...
NMI : 0.6120194476064004, ARI: 0.3910012041392636, ACC: 0.41967, current K: 10
Epoch 300 | NMI: 0.6120, ARI: 0.3910, ACC: 0.4197, current K: 10
Confusion Matrix:
[[  6  14   2 257   2  10   0   0   6   3   0   0   0   0   0   0   0   0
    0   0]
 [  1   3  17   1  19   0  11 248   0   0   0   0   0   0   0   0   0   0
    0   0]
 [  0  33   3  28   0   8   2   0 207  19   0   0   0   0   0   0   0   0
    0   0]
 [  5   1 276   2   0   5   2   8   0   1   0   0   0   0   0   0   0   0
    0   0]
 [  0   0  15  16 259   7   0   3   0   0   0   0   0   0   0   0   0   0
    0   0]
 [  4 280   0   4   0   0  10   1   1   0   0   0   0   0   0   0   0   0
    0   0]
 [  0   0  18   2   2 271   2   4   1   0   0   0   0   0   0   0   0   0
    0   0]
 [236  56   1   5   0   0   1   0   0   1   0   0   0   0   0   0   0   0
    0   0]
 [  0  48   1   6   1   5   0   0  22 217   0   0   0   0   0   0   0   0
    0   0]
 [  1   6 262   1   0  20   3   7   0   0   0   0   0   0   0   0   0   0
    0   0]
 [  5  69   0  29   3   7   0   0   0 187   0   0   0   0   0   0   0   0
    0   0]
 [  1  11   5   0  23   0   4 256   0   0   0   0   0   0   0   0   0   0
    0   0]
 [  0   2   0  73 217   1   0   5   1   1   0   0   0   0   0   0   0   0
    0   0]
 [  1  44   8   1   0   1 212  26   7   0   0   0   0   0   0   0   0   0
    0   0]
 [  1   3   8   0   0 280   0   0   5   3   0   0   0   0   0   0   0   0
    0   0]
 [271  15   9   1   3   0   0   1   0   0   0   0   0   0   0   0   0   0
    0   0]
 [  0   2   0  23 262   0   0   3   0  10   0   0   0   0   0   0   0   0
    0   0]
 [  0 139   7   0   0   0 147   2   4   1   0   0   0   0   0   0   0   0
    0   0]
 [  0   2  12   1   1 270   0   0   1  13   0   0   0   0   0   0   0   0
    0   0]
 [251  32   0   2   0   0   0  15   0   0   0   0   0   0   0   0   0   0
    0   0]]

Epoch 300:   0%|          | 0/47 [00:00<?, ?it/s, loss=0.426, v_num=]         
Epoch 301:   0%|          | 0/47 [00:00<?, ?it/s, loss=0.426, v_num=]/usr/local/lib/python3.13/dist-packages/torch/utils/data/dataloader.py:432: UserWarning: This DataLoader will create 6 worker processes in total. Our suggested max number of worker in current system is 2, which is smaller than what this DataLoader is going to create. Please be aware that excessive worker creation might get DataLoader running slow or even freeze, lower the worker number to avoid potential slowness/freeze if necessary.
  self.check_worker_number_rationality()

Epoch 301:  43%|████▎     | 20/47 [00:01<00:01, 14.92it/s, loss=0.426, v_num=]
Epoch 301:  43%|████▎     | 20/47 [00:01<00:01, 14.91it/s, loss=0.419, v_num=]
Epoch 301:  85%|████████▌ | 40/47 [00:02<00:00, 17.78it/s, loss=0.419, v_num=]
Epoch 301:  85%|████████▌ | 40/47 [00:02<00:00, 17.78it/s, loss=0.425, v_num=]
Epoch 301: 100%|██████████| 47/47 [00:02<00:00, 17.42it/s, loss=0.422, v_num=]
Epoch 301:   0%|          | 0/47 [00:00<?, ?it/s, loss=0.422, v_num=]         
Epoch 302:   0%|          | 0/47 [00:00<?, ?it/s, loss=0.422, v_num=]
Epoch 302:  43%|████▎     | 20/47 [00:01<00:01, 14.46it/s, loss=0.422, v_num=]
Epoch 302:  43%|████▎     | 20/47 [00:01<00:01, 14.45it/s, loss=0.389, v_num=]
Epoch 302:  85%|████████▌ | 40/47 [00:02<00:00, 16.14it/s, loss=0.389, v_num=]
Epoch 302:  85%|████████▌ | 40/47 [00:02<00:00, 16.14it/s, loss=0.379, v_num=]
Epoch 302: 100%|██████████| 47/47 [00:03<00:00, 14.94it/s, loss=0.382, v_num=]
Epoch 302:   0%|          | 0/47 [00:00<?, ?it/s, loss=0.382, v_num=]         
Epoch 303:   0%|          | 0/47 [00:00<?, ?it/s, loss=0.382, v_num=]
Epoch 303:  43%|████▎     | 20/47 [00:01<00:02, 13.07it/s, loss=0.382, v_num=]
Epoch 303:  43%|████▎     | 20/47 [00:01<00:02, 13.06it/s, loss=0.38, v_num=] 
Epoch 303:  85%|████████▌ | 40/47 [00:02<00:00, 16.40it/s, loss=0.38, v_num=]
Epoch 303:  85%|████████▌ | 40/47 [00:02<00:00, 16.40it/s, loss=0.385, v_num=]
Epoch 303: 100%|██████████| 47/47 [00:02<00:00, 16.17it/s, loss=0.382, v_num=]
Epoch 303:   0%|          | 0/47 [00:00<?, ?it/s, loss=0.382, v_num=]         
Epoch 304:   0%|          | 0/47 [00:00<?, ?it/s, loss=0.382, v_num=]
Epoch 304:  43%|████▎     | 20/47 [00:01<00:01, 16.14it/s, loss=0.382, v_num=]
Epoch 304:  43%|████▎     | 20/47 [00:01<00:01, 16.13it/s, loss=0.384, v_num=]
Epoch 304:  85%|████████▌ | 40/47 [00:02<00:00, 18.40it/s, loss=0.384, v_num=]
Epoch 304:  85%|████████▌ | 40/47 [00:02<00:00, 18.39it/s, loss=0.385, v_num=]
Epoch 304: 100%|██████████| 47/47 [00:02<00:00, 17.81it/s, loss=0.383, v_num=]
Epoch 304:   0%|          | 0/47 [00:00<?, ?it/s, loss=0.383, v_num=]         
Epoch 305:   0%|          | 0/47 [00:00<?, ?it/s, loss=0.383, v_num=]
Epoch 305:  43%|████▎     | 20/47 [00:01<00:01, 16.14it/s, loss=0.383, v_num=]
Epoch 305:  43%|████▎     | 20/47 [00:01<00:01, 16.13it/s, loss=0.383, v_num=]
Epoch 305:  85%|████████▌ | 40/47 [00:02<00:00, 18.35it/s, loss=0.383, v_num=]
Epoch 305:  85%|████████▌ | 40/47 [00:02<00:00, 18.35it/s, loss=0.388, v_num=]
Epoch 305: 100%|██████████| 47/47 [00:02<00:00, 17.80it/s, loss=0.379, v_num=]Evaluating...
NMI : 0.6247135057948789, ARI: 0.40721714738319387, ACC: 0.427, current K: 10

Epoch 305:   0%|          | 0/47 [00:00<?, ?it/s, loss=0.379, v_num=]         
Epoch 306:   0%|          | 0/47 [00:00<?, ?it/s, loss=0.379, v_num=]/usr/local/lib/python3.13/dist-packages/torch/utils/data/dataloader.py:432: UserWarning: This DataLoader will create 6 worker processes in total. Our suggested max number of worker in current system is 2, which is smaller than what this DataLoader is going to create. Please be aware that excessive worker creation might get DataLoader running slow or even freeze, lower the worker number to avoid potential slowness/freeze if necessary.
  self.check_worker_number_rationality()

Epoch 306:  43%|████▎     | 20/47 [00:01<00:01, 16.15it/s, loss=0.379, v_num=]
Epoch 306:  43%|████▎     | 20/47 [00:01<00:01, 16.14it/s, loss=0.383, v_num=]
Epoch 306:  85%|████████▌ | 40/47 [00:02<00:00, 18.46it/s, loss=0.383, v_num=]
Epoch 306:  85%|████████▌ | 40/47 [00:02<00:00, 18.45it/s, loss=0.376, v_num=]
Epoch 306: 100%|██████████| 47/47 [00:02<00:00, 17.24it/s, loss=0.385, v_num=]
Epoch 306:   0%|          | 0/47 [00:00<?, ?it/s, loss=0.385, v_num=]         
Epoch 307:   0%|          | 0/47 [00:00<?, ?it/s, loss=0.385, v_num=]
Epoch 307:  43%|████▎     | 20/47 [00:01<00:02, 12.04it/s, loss=0.385, v_num=]
Epoch 307:  43%|████▎     | 20/47 [00:01<00:02, 12.03it/s, loss=0.38, v_num=] 
Epoch 307:  85%|████████▌ | 40/47 [00:02<00:00, 13.85it/s, loss=0.38, v_num=]
Epoch 307:  85%|████████▌ | 40/47 [00:02<00:00, 13.85it/s, loss=0.387, v_num=]
Epoch 307: 100%|██████████| 47/47 [00:03<00:00, 14.12it/s, loss=0.387, v_num=]
Epoch 307:   0%|          | 0/47 [00:00<?, ?it/s, loss=0.387, v_num=]         
Epoch 308:   0%|          | 0/47 [00:00<?, ?it/s, loss=0.387, v_num=]
Epoch 308:  43%|████▎     | 20/47 [00:01<00:01, 16.17it/s, loss=0.387, v_num=]
Epoch 308:  43%|████▎     | 20/47 [00:01<00:01, 16.16it/s, loss=0.381, v_num=]
Epoch 308:  85%|████████▌ | 40/47 [00:02<00:00, 18.57it/s, loss=0.381, v_num=]
Epoch 308:  85%|████████▌ | 40/47 [00:02<00:00, 18.57it/s, loss=0.379, v_num=]
Epoch 308: 100%|██████████| 47/47 [00:02<00:00, 17.86it/s, loss=0.377, v_num=]
Epoch 308:   0%|          | 0/47 [00:00<?, ?it/s, loss=0.377, v_num=]         
Epoch 309:   0%|          | 0/47 [00:00<?, ?it/s, loss=0.377, v_num=]
Epoch 309:  43%|████▎     | 20/47 [00:01<00:01, 16.11it/s, loss=0.377, v_num=]
Epoch 309:  43%|████▎     | 20/47 [00:01<00:01, 16.10it/s, loss=0.379, v_num=]
Epoch 309:  85%|████████▌ | 40/47 [00:02<00:00, 18.46it/s, loss=0.379, v_num=]
Epoch 309:  85%|████████▌ | 40/47 [00:02<00:00, 18.46it/s, loss=0.38, v_num=] 
Epoch 309: 100%|██████████| 47/47 [00:02<00:00, 17.94it/s, loss=0.379, v_num=]
Epoch 309:   0%|          | 0/47 [00:00<?, ?it/s, loss=0.379, v_num=]         
Epoch 310:   0%|          | 0/47 [00:00<?, ?it/s, loss=0.379, v_num=]
Epoch 310:  43%|████▎     | 20/47 [00:01<00:01, 16.27it/s, loss=0.379, v_num=]
Epoch 310:  43%|████▎     | 20/47 [00:01<00:01, 16.26it/s, loss=0.373, v_num=]
Epoch 310:  85%|████████▌ | 40/47 [00:02<00:00, 18.61it/s, loss=0.373, v_num=]
Epoch 310:  85%|████████▌ | 40/47 [00:02<00:00, 18.61it/s, loss=0.378, v_num=]
Epoch 310: 100%|██████████| 47/47 [00:02<00:00, 17.97it/s, loss=0.373, v_num=]Evaluating...
NMI : 0.6308771170879972, ARI: 0.4147359236463987, ACC: 0.429, current K: 10
Epoch 310 | NMI: 0.6309, ARI: 0.4147, ACC: 0.4290, current K: 10
Confusion Matrix:
[[  6  16   1 243   3  10   0   0  16   5   0   0   0   0   0   0   0   0
    0   0]
 [  1   1  12   0  15   0  16 254   1   0   0   0   0   0   0   0   0   0
    0   0]
 [  0  21   0   8   0   4   2   0 263   2   0   0   0   0   0   0   0   0
    0   0]
 [  5   1 271   2   0   6   5   9   1   0   0   0   0   0   0   0   0   0
    0   0]
 [  0   0  13  16 262   5   0   4   0   0   0   0   0   0   0   0   0   0
    0   0]
 [  4 265   0   3   0   0  20   0   8   0   0   0   0   0   0   0   0   0
    0   0]
 [  0   0  14   2   3 273   2   5   1   0   0   0   0   0   0   0   0   0
    0   0]
 [235  57   1   2   0   0   1   0   4   0   0   0   0   0   0   0   0   0
    0   0]
 [  0  29   1   0   1   4   1   0  63 201   0   0   0   0   0   0   0   0
    0   0]
 [  1   6 257   1   0  20   7   7   1   0   0   0   0   0   0   0   0   0
    0   0]
 [  4  66   0  14   3   3   0   0   6 204   0   0   0   0   0   0   0   0
    0   0]
 [  0   6   2   0  20   0   6 264   2   0   0   0   0   0   0   0   0   0
    0   0]
 [  0   1   0  73 218   1   0   5   1   1   0   0   0   0   0   0   0   0
    0   0]
 [  1  13   4   0   0   1 255  12  14   0   0   0   0   0   0   0   0   0
    0   0]
 [  1   2   8   0   0 275   0   0  13   1   0   0   0   0   0   0   0   0
    0   0]
 [272  16   7   2   2   0   0   1   0   0   0   0   0   0   0   0   0   0
    0   0]
 [  0   4   0  21 260   0   0   3   0  12   0   0   0   0   0   0   0   0
    0   0]
 [  0  98   3   0   0   0 193   0   5   1   0   0   0   0   0   0   0   0
    0   0]
 [  0   2  11   1   1 269   0   0   2  14   0   0   0   0   0   0   0   0
    0   0]
 [250  31   0   2   0   0   0  16   1   0   0   0   0   0   0   0   0   0
    0   0]]

Epoch 310:   0%|          | 0/47 [00:00<?, ?it/s, loss=0.373, v_num=]         
Epoch 311:   0%|          | 0/47 [00:00<?, ?it/s, loss=0.373, v_num=]/usr/local/lib/python3.13/dist-packages/torch/utils/data/dataloader.py:432: UserWarning: This DataLoader will create 6 worker processes in total. Our suggested max number of worker in current system is 2, which is smaller than what this DataLoader is going to create. Please be aware that excessive worker creation might get DataLoader running slow or even freeze, lower the worker number to avoid potential slowness/freeze if necessary.
  self.check_worker_number_rationality()

Epoch 311:  43%|████▎     | 20/47 [00:01<00:01, 16.31it/s, loss=0.373, v_num=]
Epoch 311:  43%|████▎     | 20/47 [00:01<00:01, 16.30it/s, loss=0.374, v_num=]
Epoch 311:  85%|████████▌ | 40/47 [00:02<00:00, 16.74it/s, loss=0.374, v_num=]
Epoch 311:  85%|████████▌ | 40/47 [00:02<00:00, 16.74it/s, loss=0.376, v_num=]
Epoch 311: 100%|██████████| 47/47 [00:03<00:00, 15.50it/s, loss=0.378, v_num=]
Epoch 311:   0%|          | 0/47 [00:00<?, ?it/s, loss=0.378, v_num=]         
Epoch 312:   0%|          | 0/47 [00:00<?, ?it/s, loss=0.378, v_num=]
Epoch 312:  43%|████▎     | 20/47 [00:01<00:02, 12.07it/s, loss=0.378, v_num=]
Epoch 312:  43%|████▎     | 20/47 [00:01<00:02, 12.06it/s, loss=0.375, v_num=]
Epoch 312:  85%|████████▌ | 40/47 [00:02<00:00, 15.45it/s, loss=0.375, v_num=]
Epoch 312:  85%|████████▌ | 40/47 [00:02<00:00, 15.45it/s, loss=0.376, v_num=]
Epoch 312: 100%|██████████| 47/47 [00:03<00:00, 15.39it/s, loss=0.378, v_num=]
Epoch 312:   0%|          | 0/47 [00:00<?, ?it/s, loss=0.378, v_num=]         
Epoch 313:   0%|          | 0/47 [00:00<?, ?it/s, loss=0.378, v_num=]
Epoch 313:  43%|████▎     | 20/47 [00:01<00:01, 16.57it/s, loss=0.378, v_num=]
Epoch 313:  43%|████▎     | 20/47 [00:01<00:01, 16.56it/s, loss=0.375, v_num=]
Epoch 313:  85%|████████▌ | 40/47 [00:02<00:00, 18.84it/s, loss=0.375, v_num=]
Epoch 313:  85%|████████▌ | 40/47 [00:02<00:00, 18.84it/s, loss=0.372, v_num=]
Epoch 313: 100%|██████████| 47/47 [00:02<00:00, 18.36it/s, loss=0.373, v_num=]
Epoch 313:   0%|          | 0/47 [00:00<?, ?it/s, loss=0.373, v_num=]         
Epoch 314:   0%|          | 0/47 [00:00<?, ?it/s, loss=0.373, v_num=]
Epoch 314:  43%|████▎     | 20/47 [00:01<00:01, 16.47it/s, loss=0.373, v_num=]
Epoch 314:  43%|████▎     | 20/47 [00:01<00:01, 16.46it/s, loss=0.375, v_num=]
Epoch 314:  85%|████████▌ | 40/47 [00:02<00:00, 18.69it/s, loss=0.375, v_num=]
Epoch 314:  85%|████████▌ | 40/47 [00:02<00:00, 18.69it/s, loss=0.372, v_num=]
Epoch 314: 100%|██████████| 47/47 [00:02<00:00, 17.98it/s, loss=0.381, v_num=]
Epoch 314:   0%|          | 0/47 [00:00<?, ?it/s, loss=0.381, v_num=]         
Epoch 315:   0%|          | 0/47 [00:00<?, ?it/s, loss=0.381, v_num=]
Epoch 315:  43%|████▎     | 20/47 [00:01<00:01, 16.34it/s, loss=0.381, v_num=]
Epoch 315:  43%|████▎     | 20/47 [00:01<00:01, 16.33it/s, loss=0.377, v_num=]
Epoch 315:  85%|████████▌ | 40/47 [00:02<00:00, 18.67it/s, loss=0.377, v_num=]
Epoch 315:  85%|████████▌ | 40/47 [00:02<00:00, 18.66it/s, loss=0.375, v_num=]
Epoch 315: 100%|██████████| 47/47 [00:02<00:00, 18.14it/s, loss=0.367, v_num=]Evaluating...
NMI : 0.6337196405517358, ARI: 0.41763393644891567, ACC: 0.42883, current K: 10

Epoch 315:   0%|          | 0/47 [00:00<?, ?it/s, loss=0.367, v_num=]         
Epoch 316:   0%|          | 0/47 [00:00<?, ?it/s, loss=0.367, v_num=]/usr/local/lib/python3.13/dist-packages/torch/utils/data/dataloader.py:432: UserWarning: This DataLoader will create 6 worker processes in total. Our suggested max number of worker in current system is 2, which is smaller than what this DataLoader is going to create. Please be aware that excessive worker creation might get DataLoader running slow or even freeze, lower the worker number to avoid potential slowness/freeze if necessary.
  self.check_worker_number_rationality()

Epoch 316:  43%|████▎     | 20/47 [00:01<00:02, 12.67it/s, loss=0.367, v_num=]
Epoch 316:  43%|████▎     | 20/47 [00:01<00:02, 12.66it/s, loss=0.369, v_num=]
Epoch 316:  85%|████████▌ | 40/47 [00:02<00:00, 14.30it/s, loss=0.369, v_num=]
Epoch 316:  85%|████████▌ | 40/47 [00:02<00:00, 14.30it/s, loss=0.368, v_num=]
Epoch 316: 100%|██████████| 47/47 [00:03<00:00, 13.61it/s, loss=0.374, v_num=]
Epoch 316:   0%|          | 0/47 [00:00<?, ?it/s, loss=0.374, v_num=]         
Epoch 317:   0%|          | 0/47 [00:00<?, ?it/s, loss=0.374, v_num=]
Epoch 317:  43%|████▎     | 20/47 [00:01<00:01, 16.43it/s, loss=0.374, v_num=]
Epoch 317:  43%|████▎     | 20/47 [00:01<00:01, 16.41it/s, loss=0.362, v_num=]
Epoch 317:  85%|████████▌ | 40/47 [00:02<00:00, 18.74it/s, loss=0.362, v_num=]
Epoch 317:  85%|████████▌ | 40/47 [00:02<00:00, 18.74it/s, loss=0.372, v_num=]
Epoch 317: 100%|██████████| 47/47 [00:02<00:00, 18.29it/s, loss=0.376, v_num=]
Epoch 317:   0%|          | 0/47 [00:00<?, ?it/s, loss=0.376, v_num=]         
Epoch 318:   0%|          | 0/47 [00:00<?, ?it/s, loss=0.376, v_num=]
Epoch 318:  43%|████▎     | 20/47 [00:01<00:01, 16.61it/s, loss=0.376, v_num=]
Epoch 318:  43%|████▎     | 20/47 [00:01<00:01, 16.60it/s, loss=0.371, v_num=]
Epoch 318:  85%|████████▌ | 40/47 [00:02<00:00, 18.72it/s, loss=0.371, v_num=]
Epoch 318:  85%|████████▌ | 40/47 [00:02<00:00, 18.72it/s, loss=0.366, v_num=]
Epoch 318: 100%|██████████| 47/47 [00:02<00:00, 18.06it/s, loss=0.365, v_num=]
Epoch 318:   0%|          | 0/47 [00:00<?, ?it/s, loss=0.365, v_num=]         
Epoch 319:   0%|          | 0/47 [00:00<?, ?it/s, loss=0.365, v_num=]
Epoch 319:  43%|████▎     | 20/47 [00:01<00:01, 16.43it/s, loss=0.365, v_num=]
Epoch 319:  43%|████▎     | 20/47 [00:01<00:01, 16.42it/s, loss=0.366, v_num=]
Epoch 319:  85%|████████▌ | 40/47 [00:02<00:00, 18.34it/s, loss=0.366, v_num=]
Epoch 319:  85%|████████▌ | 40/47 [00:02<00:00, 18.34it/s, loss=0.373, v_num=]
Epoch 319: 100%|██████████| 47/47 [00:02<00:00, 17.66it/s, loss=0.37, v_num=] 
Epoch 319:   0%|          | 0/47 [00:00<?, ?it/s, loss=0.37, v_num=]         
Epoch 320:   0%|          | 0/47 [00:00<?, ?it/s, loss=0.37, v_num=]
Epoch 320:  43%|████▎     | 20/47 [00:01<00:01, 15.71it/s, loss=0.37, v_num=]
Epoch 320:  43%|████▎     | 20/47 [00:01<00:01, 15.69it/s, loss=0.367, v_num=]
Epoch 320:  85%|████████▌ | 40/47 [00:02<00:00, 17.65it/s, loss=0.367, v_num=]
Epoch 320:  85%|████████▌ | 40/47 [00:02<00:00, 17.65it/s, loss=0.37, v_num=] 
Epoch 320: 100%|██████████| 47/47 [00:02<00:00, 16.28it/s, loss=0.365, v_num=]Evaluating...
NMI : 0.6351648930712464, ARI: 0.419337786057444, ACC: 0.42867, current K: 10
Epoch 320 | NMI: 0.6352, ARI: 0.4193, ACC: 0.4287, current K: 10
Confusion Matrix:
[[  4  19   1 240   2  10   0   0  19   5   0   0   0   0   0   0   0   0
    0   0]
 [  1   1  11   0  14   0  14 258   1   0   0   0   0   0   0   0   0   0
    0   0]
 [  0  14   0   8   0   4   0   0 272   2   0   0   0   0   0   0   0   0
    0   0]
 [  5   1 267   2   1   5   3  15   1   0   0   0   0   0   0   0   0   0
    0   0]
 [  0   0   9  18 261   5   0   7   0   0   0   0   0   0   0   0   0   0
    0   0]
 [  4 253   1   1   0   0  31   0  10   0   0   0   0   0   0   0   0   0
    0   0]
 [  0   0  14   2   3 274   1   5   1   0   0   0   0   0   0   0   0   0
    0   0]
 [230  61   1   1   0   0   1   0   6   0   0   0   0   0   0   0   0   0
    0   0]
 [  0  24   1   0   1   4   1   0  61 208   0   0   0   0   0   0   0   0
    0   0]
 [  1   5 258   1   0  21   5   9   0   0   0   0   0   0   0   0   0   0
    0   0]
 [  4  67   0  13   3   3   0   0   3 207   0   0   0   0   0   0   0   0
    0   0]
 [  0   4   3   0  19   0   4 268   2   0   0   0   0   0   0   0   0   0
    0   0]
 [  0   2   0  75 214   1   0   6   1   1   0   0   0   0   0   0   0   0
    0   0]
 [  1   9   3   0   0   0 257  13  17   0   0   0   0   0   0   0   0   0
    0   0]
 [  0   3   8   0   0 274   0   0  14   1   0   0   0   0   0   0   0   0
    0   0]
 [272  15   6   2   2   0   0   3   0   0   0   0   0   0   0   0   0   0
    0   0]
 [  0   4   0  21 260   0   0   3   1  11   0   0   0   0   0   0   0   0
    0   0]
 [  0  69   4   0   0   0 219   0   7   1   0   0   0   0   0   0   0   0
    0   0]
 [  0   2  10   1   1 271   0   0   2  13   0   0   0   0   0   0   0   0
    0   0]
 [249  35   0   2   0   0   0  14   0   0   0   0   0   0   0   0   0   0
    0   0]]

Epoch 320:   0%|          | 0/47 [00:00<?, ?it/s, loss=0.365, v_num=]         
Epoch 321:   0%|          | 0/47 [00:00<?, ?it/s, loss=0.365, v_num=]/usr/local/lib/python3.13/dist-packages/torch/utils/data/dataloader.py:432: UserWarning: This DataLoader will create 6 worker processes in total. Our suggested max number of worker in current system is 2, which is smaller than what this DataLoader is going to create. Please be aware that excessive worker creation might get DataLoader running slow or even freeze, lower the worker number to avoid potential slowness/freeze if necessary.
  self.check_worker_number_rationality()

Epoch 321:  43%|████▎     | 20/47 [00:01<00:02, 11.16it/s, loss=0.365, v_num=]
Epoch 321:  43%|████▎     | 20/47 [00:01<00:02, 11.15it/s, loss=0.37, v_num=] 
Epoch 321:  85%|████████▌ | 40/47 [00:02<00:00, 14.31it/s, loss=0.37, v_num=]
Epoch 321:  85%|████████▌ | 40/47 [00:02<00:00, 14.30it/s, loss=0.366, v_num=]
Epoch 321: 100%|██████████| 47/47 [00:03<00:00, 14.47it/s, loss=0.364, v_num=]
Epoch 321:   0%|          | 0/47 [00:00<?, ?it/s, loss=0.364, v_num=]         
Epoch 322:   0%|          | 0/47 [00:00<?, ?it/s, loss=0.364, v_num=]
Epoch 322:  43%|████▎     | 20/47 [00:01<00:01, 14.72it/s, loss=0.364, v_num=]
Epoch 322:  43%|████▎     | 20/47 [00:01<00:01, 14.71it/s, loss=0.365, v_num=]
Epoch 322:  85%|████████▌ | 40/47 [00:02<00:00, 17.65it/s, loss=0.365, v_num=]
Epoch 322:  85%|████████▌ | 40/47 [00:02<00:00, 17.65it/s, loss=0.368, v_num=]
Epoch 322: 100%|██████████| 47/47 [00:02<00:00, 17.27it/s, loss=0.368, v_num=]
Epoch 322:   0%|          | 0/47 [00:00<?, ?it/s, loss=0.368, v_num=]         
Epoch 323:   0%|          | 0/47 [00:00<?, ?it/s, loss=0.368, v_num=]
Epoch 323:  43%|████▎     | 20/47 [00:01<00:01, 16.00it/s, loss=0.368, v_num=]
Epoch 323:  43%|████▎     | 20/47 [00:01<00:01, 15.99it/s, loss=0.363, v_num=]
Epoch 323:  85%|████████▌ | 40/47 [00:02<00:00, 18.28it/s, loss=0.363, v_num=]
Epoch 323:  85%|████████▌ | 40/47 [00:02<00:00, 18.28it/s, loss=0.368, v_num=]
Epoch 323: 100%|██████████| 47/47 [00:02<00:00, 17.80it/s, loss=0.368, v_num=]
Epoch 323:   0%|          | 0/47 [00:00<?, ?it/s, loss=0.368, v_num=]         
Epoch 324:   0%|          | 0/47 [00:00<?, ?it/s, loss=0.368, v_num=]
Epoch 324:  43%|████▎     | 20/47 [00:01<00:01, 16.26it/s, loss=0.368, v_num=]
Epoch 324:  43%|████▎     | 20/47 [00:01<00:01, 16.25it/s, loss=0.361, v_num=]
Epoch 324:  85%|████████▌ | 40/47 [00:02<00:00, 18.52it/s, loss=0.361, v_num=]
Epoch 324:  85%|████████▌ | 40/47 [00:02<00:00, 18.51it/s, loss=0.366, v_num=]
Epoch 324: 100%|██████████| 47/47 [00:02<00:00, 17.92it/s, loss=0.371, v_num=]
Epoch 324:   0%|          | 0/47 [00:00<?, ?it/s, loss=0.371, v_num=]         
Epoch 325:   0%|          | 0/47 [00:00<?, ?it/s, loss=0.371, v_num=]
Epoch 325:  43%|████▎     | 20/47 [00:01<00:01, 13.52it/s, loss=0.371, v_num=]
Epoch 325:  43%|████▎     | 20/47 [00:01<00:01, 13.51it/s, loss=0.366, v_num=]
Epoch 325:  85%|████████▌ | 40/47 [00:02<00:00, 14.70it/s, loss=0.366, v_num=]
Epoch 325:  85%|████████▌ | 40/47 [00:02<00:00, 14.70it/s, loss=0.366, v_num=]
Epoch 325: 100%|██████████| 47/47 [00:03<00:00, 14.02it/s, loss=0.366, v_num=]Evaluating...
NMI : 0.6388077851073324, ARI: 0.4211412185170324, ACC: 0.42917, current K: 10

Epoch 325:   0%|          | 0/47 [00:00<?, ?it/s, loss=0.366, v_num=]         
Epoch 326:   0%|          | 0/47 [00:00<?, ?it/s, loss=0.366, v_num=]/usr/local/lib/python3.13/dist-packages/torch/utils/data/dataloader.py:432: UserWarning: This DataLoader will create 6 worker processes in total. Our suggested max number of worker in current system is 2, which is smaller than what this DataLoader is going to create. Please be aware that excessive worker creation might get DataLoader running slow or even freeze, lower the worker number to avoid potential slowness/freeze if necessary.
  self.check_worker_number_rationality()

Epoch 326:  43%|████▎     | 20/47 [00:01<00:01, 14.90it/s, loss=0.366, v_num=]
Epoch 326:  43%|████▎     | 20/47 [00:01<00:01, 14.89it/s, loss=0.367, v_num=]
Epoch 326:  85%|████████▌ | 40/47 [00:02<00:00, 17.55it/s, loss=0.367, v_num=]
Epoch 326:  85%|████████▌ | 40/47 [00:02<00:00, 17.54it/s, loss=0.366, v_num=]
Epoch 326: 100%|██████████| 47/47 [00:02<00:00, 17.05it/s, loss=0.371, v_num=]
Epoch 326:   0%|          | 0/47 [00:00<?, ?it/s, loss=0.371, v_num=]         
Epoch 327:   0%|          | 0/47 [00:00<?, ?it/s, loss=0.371, v_num=]
Epoch 327:  43%|████▎     | 20/47 [00:01<00:01, 15.92it/s, loss=0.371, v_num=]
Epoch 327:  43%|████▎     | 20/47 [00:01<00:01, 15.91it/s, loss=0.362, v_num=]
Epoch 327:  85%|████████▌ | 40/47 [00:02<00:00, 18.36it/s, loss=0.362, v_num=]
Epoch 327:  85%|████████▌ | 40/47 [00:02<00:00, 18.36it/s, loss=0.362, v_num=]
Epoch 327: 100%|██████████| 47/47 [00:02<00:00, 17.99it/s, loss=0.365, v_num=]
Epoch 327:   0%|          | 0/47 [00:00<?, ?it/s, loss=0.365, v_num=]         
Epoch 328:   0%|          | 0/47 [00:00<?, ?it/s, loss=0.365, v_num=]
Epoch 328:  43%|████▎     | 20/47 [00:01<00:01, 16.37it/s, loss=0.365, v_num=]
Epoch 328:  43%|████▎     | 20/47 [00:01<00:01, 16.36it/s, loss=0.367, v_num=]
Epoch 328:  85%|████████▌ | 40/47 [00:02<00:00, 18.56it/s, loss=0.367, v_num=]
Epoch 328:  85%|████████▌ | 40/47 [00:02<00:00, 18.56it/s, loss=0.373, v_num=]
Epoch 328: 100%|██████████| 47/47 [00:02<00:00, 18.10it/s, loss=0.368, v_num=]
Epoch 328:   0%|          | 0/47 [00:00<?, ?it/s, loss=0.368, v_num=]         
Epoch 329:   0%|          | 0/47 [00:00<?, ?it/s, loss=0.368, v_num=]
Epoch 329:  43%|████▎     | 20/47 [00:01<00:01, 16.18it/s, loss=0.368, v_num=]
Epoch 329:  43%|████▎     | 20/47 [00:01<00:01, 16.17it/s, loss=0.362, v_num=]
Epoch 329:  85%|████████▌ | 40/47 [00:02<00:00, 18.30it/s, loss=0.362, v_num=]
Epoch 329:  85%|████████▌ | 40/47 [00:02<00:00, 18.30it/s, loss=0.368, v_num=]
Epoch 329: 100%|██████████| 47/47 [00:02<00:00, 16.55it/s, loss=0.37, v_num=] 
Epoch 329:   0%|          | 0/47 [00:00<?, ?it/s, loss=0.37, v_num=]         
Epoch 330:   0%|          | 0/47 [00:00<?, ?it/s, loss=0.37, v_num=]
Epoch 330:  43%|████▎     | 20/47 [00:01<00:02, 11.88it/s, loss=0.37, v_num=]
Epoch 330:  43%|████▎     | 20/47 [00:01<00:02, 11.87it/s, loss=0.369, v_num=]
Epoch 330:  85%|████████▌ | 40/47 [00:02<00:00, 13.91it/s, loss=0.369, v_num=]
Epoch 330:  85%|████████▌ | 40/47 [00:02<00:00, 13.91it/s, loss=0.366, v_num=]
Epoch 330: 100%|██████████| 47/47 [00:03<00:00, 14.10it/s, loss=0.363, v_num=]Evaluating...
NMI : 0.6382153735342888, ARI: 0.42031873753824767, ACC: 0.42833, current K: 10
Epoch 330 | NMI: 0.6382, ARI: 0.4203, ACC: 0.4283, current K: 10
Confusion Matrix:
[[  3  20   1 239   2  10   0   0  21   4   0   0   0   0   0   0   0   0
    0   0]
 [  1   1   8   0  13   0  14 262   1   0   0   0   0   0   0   0   0   0
    0   0]
 [  0  13   0   8   0   4   0   0 273   2   0   0   0   0   0   0   0   0
    0   0]
 [  5   0 266   3   1   5   3  17   0   0   0   0   0   0   0   0   0   0
    0   0]
 [  0   0   6  19 259   6   0  10   0   0   0   0   0   0   0   0   0   0
    0   0]
 [  4 247   0   1   0   0  36   0  12   0   0   0   0   0   0   0   0   0
    0   0]
 [  0   0  12   2   3 275   0   7   1   0   0   0   0   0   0   0   0   0
    0   0]
 [228  63   1   1   0   0   1   0   6   0   0   0   0   0   0   0   0   0
    0   0]
 [  0  22   1   0   1   4   1   1  60 210   0   0   0   0   0   0   0   0
    0   0]
 [  1   4 263   0   0  23   3   6   0   0   0   0   0   0   0   0   0   0
    0   0]
 [  4  70   0  12   3   2   0   0   2 207   0   0   0   0   0   0   0   0
    0   0]
 [  0   4   3   0  19   0   3 269   2   0   0   0   0   0   0   0   0   0
    0   0]
 [  0   2   0  81 209   1   0   6   1   0   0   0   0   0   0   0   0   0
    0   0]
 [  0   9   4   0   0   0 258  14  15   0   0   0   0   0   0   0   0   0
    0   0]
 [  0   3   8   0   0 274   0   0  14   1   0   0   0   0   0   0   0   0
    0   0]
 [274  15   4   2   2   0   0   3   0   0   0   0   0   0   0   0   0   0
    0   0]
 [  0   4   0  22 257   0   0   5   1  11   0   0   0   0   0   0   0   0
    0   0]
 [  0  66   3   0   0   0 221   0   9   1   0   0   0   0   0   0   0   0
    0   0]
 [  0   2  10   1   1 271   0   0   2  13   0   0   0   0   0   0   0   0
    0   0]
 [248  36   0   2   0   0   0  14   0   0   0   0   0   0   0   0   0   0
    0   0]]

Epoch 330:   0%|          | 0/47 [00:00<?, ?it/s, loss=0.363, v_num=]         
Epoch 331:   0%|          | 0/47 [00:00<?, ?it/s, loss=0.363, v_num=]/usr/local/lib/python3.13/dist-packages/torch/utils/data/dataloader.py:432: UserWarning: This DataLoader will create 6 worker processes in total. Our suggested max number of worker in current system is 2, which is smaller than what this DataLoader is going to create. Please be aware that excessive worker creation might get DataLoader running slow or even freeze, lower the worker number to avoid potential slowness/freeze if necessary.
  self.check_worker_number_rationality()

Epoch 331:  43%|████▎     | 20/47 [00:01<00:01, 15.83it/s, loss=0.363, v_num=]
Epoch 331:  43%|████▎     | 20/47 [00:01<00:01, 15.82it/s, loss=0.367, v_num=]
Epoch 331:  85%|████████▌ | 40/47 [00:02<00:00, 18.30it/s, loss=0.367, v_num=]
Epoch 331:  85%|████████▌ | 40/47 [00:02<00:00, 18.30it/s, loss=0.371, v_num=]
Epoch 331: 100%|██████████| 47/47 [00:02<00:00, 17.74it/s, loss=0.36, v_num=] 
Epoch 331:   0%|          | 0/47 [00:00<?, ?it/s, loss=0.36, v_num=]         
Epoch 332:   0%|          | 0/47 [00:00<?, ?it/s, loss=0.36, v_num=]
Epoch 332:  43%|████▎     | 20/47 [00:01<00:01, 16.34it/s, loss=0.36, v_num=]
Epoch 332:  43%|████▎     | 20/47 [00:01<00:01, 16.33it/s, loss=0.368, v_num=]
Epoch 332:  85%|████████▌ | 40/47 [00:02<00:00, 18.58it/s, loss=0.368, v_num=]
Epoch 332:  85%|████████▌ | 40/47 [00:02<00:00, 18.57it/s, loss=0.357, v_num=]
Epoch 332: 100%|██████████| 47/47 [00:02<00:00, 17.69it/s, loss=0.364, v_num=]
Epoch 332:   0%|          | 0/47 [00:00<?, ?it/s, loss=0.364, v_num=]         
Epoch 333:   0%|          | 0/47 [00:00<?, ?it/s, loss=0.364, v_num=]
Epoch 333:  43%|████▎     | 20/47 [00:01<00:01, 16.24it/s, loss=0.364, v_num=]
Epoch 333:  43%|████▎     | 20/47 [00:01<00:01, 16.23it/s, loss=0.363, v_num=]
Epoch 333:  85%|████████▌ | 40/47 [00:02<00:00, 18.52it/s, loss=0.363, v_num=]
Epoch 333:  85%|████████▌ | 40/47 [00:02<00:00, 18.52it/s, loss=0.365, v_num=]
Epoch 333: 100%|██████████| 47/47 [00:02<00:00, 17.83it/s, loss=0.365, v_num=]
Epoch 333:   0%|          | 0/47 [00:00<?, ?it/s, loss=0.365, v_num=]         
Epoch 334:   0%|          | 0/47 [00:00<?, ?it/s, loss=0.365, v_num=]
Epoch 334:  43%|████▎     | 20/47 [00:01<00:01, 14.55it/s, loss=0.365, v_num=]
Epoch 334:  43%|████▎     | 20/47 [00:01<00:01, 14.54it/s, loss=0.367, v_num=]
Epoch 334:  85%|████████▌ | 40/47 [00:02<00:00, 15.86it/s, loss=0.367, v_num=]
Epoch 334:  85%|████████▌ | 40/47 [00:02<00:00, 15.85it/s, loss=0.361, v_num=]
Epoch 334: 100%|██████████| 47/47 [00:03<00:00, 15.03it/s, loss=0.363, v_num=]
Epoch 334:   0%|          | 0/47 [00:00<?, ?it/s, loss=0.363, v_num=]         
Epoch 335:   0%|          | 0/47 [00:00<?, ?it/s, loss=0.363, v_num=]
Epoch 335:  43%|████▎     | 20/47 [00:01<00:02, 12.65it/s, loss=0.363, v_num=]
Epoch 335:  43%|████▎     | 20/47 [00:01<00:02, 12.64it/s, loss=0.36, v_num=] 
Epoch 335:  85%|████████▌ | 40/47 [00:02<00:00, 16.01it/s, loss=0.36, v_num=]
Epoch 335:  85%|████████▌ | 40/47 [00:02<00:00, 16.01it/s, loss=0.366, v_num=]
Epoch 335: 100%|██████████| 47/47 [00:02<00:00, 15.83it/s, loss=0.363, v_num=]Evaluating...
NMI : 0.6394631683845413, ARI: 0.42045308933447006, ACC: 0.42883, current K: 10

Epoch 335:   0%|          | 0/47 [00:00<?, ?it/s, loss=0.363, v_num=]         
Epoch 336:   0%|          | 0/47 [00:00<?, ?it/s, loss=0.363, v_num=]/usr/local/lib/python3.13/dist-packages/torch/utils/data/dataloader.py:432: UserWarning: This DataLoader will create 6 worker processes in total. Our suggested max number of worker in current system is 2, which is smaller than what this DataLoader is going to create. Please be aware that excessive worker creation might get DataLoader running slow or even freeze, lower the worker number to avoid potential slowness/freeze if necessary.
  self.check_worker_number_rationality()

Epoch 336:  43%|████▎     | 20/47 [00:01<00:01, 16.48it/s, loss=0.363, v_num=]
Epoch 336:  43%|████▎     | 20/47 [00:01<00:01, 16.47it/s, loss=0.359, v_num=]
Epoch 336:  85%|████████▌ | 40/47 [00:02<00:00, 18.79it/s, loss=0.359, v_num=]
Epoch 336:  85%|████████▌ | 40/47 [00:02<00:00, 18.79it/s, loss=0.36, v_num=] 
Epoch 336: 100%|██████████| 47/47 [00:02<00:00, 18.29it/s, loss=0.364, v_num=]
Epoch 336:   0%|          | 0/47 [00:00<?, ?it/s, loss=0.364, v_num=]         
Epoch 337:   0%|          | 0/47 [00:00<?, ?it/s, loss=0.364, v_num=]
Epoch 337:  43%|████▎     | 20/47 [00:01<00:01, 16.21it/s, loss=0.364, v_num=]
Epoch 337:  43%|████▎     | 20/47 [00:01<00:01, 16.20it/s, loss=0.361, v_num=]
Epoch 337:  85%|████████▌ | 40/47 [00:02<00:00, 18.21it/s, loss=0.361, v_num=]
Epoch 337:  85%|████████▌ | 40/47 [00:02<00:00, 18.21it/s, loss=0.36, v_num=] 
Epoch 337: 100%|██████████| 47/47 [00:02<00:00, 17.61it/s, loss=0.36, v_num=]
Epoch 337:   0%|          | 0/47 [00:00<?, ?it/s, loss=0.36, v_num=]         
Epoch 338:   0%|          | 0/47 [00:00<?, ?it/s, loss=0.36, v_num=]
Epoch 338:  43%|████▎     | 20/47 [00:01<00:01, 16.28it/s, loss=0.36, v_num=]
Epoch 338:  43%|████▎     | 20/47 [00:01<00:01, 16.27it/s, loss=0.361, v_num=]
Epoch 338:  85%|████████▌ | 40/47 [00:02<00:00, 18.55it/s, loss=0.361, v_num=]
Epoch 338:  85%|████████▌ | 40/47 [00:02<00:00, 18.54it/s, loss=0.364, v_num=]
Epoch 338: 100%|██████████| 47/47 [00:02<00:00, 17.96it/s, loss=0.367, v_num=]
Epoch 338:   0%|          | 0/47 [00:00<?, ?it/s, loss=0.367, v_num=]         
Epoch 339:   0%|          | 0/47 [00:00<?, ?it/s, loss=0.367, v_num=]
Epoch 339:  43%|████▎     | 20/47 [00:01<00:02, 12.38it/s, loss=0.367, v_num=]
Epoch 339:  43%|████▎     | 20/47 [00:01<00:02, 12.37it/s, loss=0.368, v_num=]
Epoch 339:  85%|████████▌ | 40/47 [00:02<00:00, 13.80it/s, loss=0.368, v_num=]
Epoch 339:  85%|████████▌ | 40/47 [00:02<00:00, 13.80it/s, loss=0.366, v_num=]
Epoch 339: 100%|██████████| 47/47 [00:03<00:00, 14.03it/s, loss=0.362, v_num=]
Epoch 339:   0%|          | 0/47 [00:00<?, ?it/s, loss=0.362, v_num=]         
Epoch 340:   0%|          | 0/47 [00:00<?, ?it/s, loss=0.362, v_num=]
Epoch 340:  43%|████▎     | 20/47 [00:01<00:01, 16.18it/s, loss=0.362, v_num=]
Epoch 340:  43%|████▎     | 20/47 [00:01<00:01, 16.17it/s, loss=0.365, v_num=]
Epoch 340:  85%|████████▌ | 40/47 [00:02<00:00, 18.68it/s, loss=0.365, v_num=]
Epoch 340:  85%|████████▌ | 40/47 [00:02<00:00, 18.68it/s, loss=0.362, v_num=]
Epoch 340: 100%|██████████| 47/47 [00:02<00:00, 18.04it/s, loss=0.368, v_num=]Evaluating...
NMI : 0.6391825228978688, ARI: 0.4203958039368567, ACC: 0.42867, current K: 10
Epoch 340 | NMI: 0.6392, ARI: 0.4204, ACC: 0.4287, current K: 10
Confusion Matrix:
[[  3  20   1 239   2  10   0   0  21   4   0   0   0   0   0   0   0   0
    0   0]
 [  1   1   7   0  13   0  12 265   1   0   0   0   0   0   0   0   0   0
    0   0]
 [  0  13   0   6   0   4   0   0 275   2   0   0   0   0   0   0   0   0
    0   0]
 [  5   0 266   3   1   6   2  17   0   0   0   0   0   0   0   0   0   0
    0   0]
 [  0   0   6  20 256   6   0  12   0   0   0   0   0   0   0   0   0   0
    0   0]
 [  4 244   0   0   0   0  39   0  12   1   0   0   0   0   0   0   0   0
    0   0]
 [  0   0  12   2   2 277   0   7   0   0   0   0   0   0   0   0   0   0
    0   0]
 [225  66   1   1   0   0   1   0   6   0   0   0   0   0   0   0   0   0
    0   0]
 [  0  22   1   0   1   4   1   1  58 212   0   0   0   0   0   0   0   0
    0   0]
 [  1   4 262   0   0  24   3   6   0   0   0   0   0   0   0   0   0   0
    0   0]
 [  4  72   0  10   3   2   0   0   1 208   0   0   0   0   0   0   0   0
    0   0]
 [  1   4   3   0  19   0   3 268   2   0   0   0   0   0   0   0   0   0
    0   0]
 [  0   2   0  82 209   1   0   5   1   0   0   0   0   0   0   0   0   0
    0   0]
 [  0   8   3   0   0   0 260  14  15   0   0   0   0   0   0   0   0   0
    0   0]
 [  0   3   8   0   0 278   0   0  10   1   0   0   0   0   0   0   0   0
    0   0]
 [274  15   4   2   2   0   0   3   0   0   0   0   0   0   0   0   0   0
    0   0]
 [  0   4   0  27 252   0   0   5   1  11   0   0   0   0   0   0   0   0
    0   0]
 [  0  65   3   0   0   0 221   1   9   1   0   0   0   0   0   0   0   0
    0   0]
 [  0   2  10   1   1 271   0   0   2  13   0   0   0   0   0   0   0   0
    0   0]
 [246  38   0   2   0   0   0  14   0   0   0   0   0   0   0   0   0   0
    0   0]]

Epoch 340:   0%|          | 0/47 [00:00<?, ?it/s, loss=0.368, v_num=]         
Epoch 341:   0%|          | 0/47 [00:00<?, ?it/s, loss=0.368, v_num=]/usr/local/lib/python3.13/dist-packages/torch/utils/data/dataloader.py:432: UserWarning: This DataLoader will create 6 worker processes in total. Our suggested max number of worker in current system is 2, which is smaller than what this DataLoader is going to create. Please be aware that excessive worker creation might get DataLoader running slow or even freeze, lower the worker number to avoid potential slowness/freeze if necessary.
  self.check_worker_number_rationality()

Epoch 341:  43%|████▎     | 20/47 [00:01<00:01, 15.59it/s, loss=0.368, v_num=]
Epoch 341:  43%|████▎     | 20/47 [00:01<00:01, 15.58it/s, loss=0.363, v_num=]
Epoch 341:  85%|████████▌ | 40/47 [00:02<00:00, 18.07it/s, loss=0.363, v_num=]
Epoch 341:  85%|████████▌ | 40/47 [00:02<00:00, 18.06it/s, loss=0.36, v_num=] 
Epoch 341: 100%|██████████| 47/47 [00:02<00:00, 17.70it/s, loss=0.366, v_num=]
Epoch 341:   0%|          | 0/47 [00:00<?, ?it/s, loss=0.366, v_num=]         
Epoch 342:   0%|          | 0/47 [00:00<?, ?it/s, loss=0.366, v_num=]
Epoch 342:  43%|████▎     | 20/47 [00:01<00:01, 16.21it/s, loss=0.366, v_num=]
Epoch 342:  43%|████▎     | 20/47 [00:01<00:01, 16.20it/s, loss=0.361, v_num=]
Epoch 342:  85%|████████▌ | 40/47 [00:02<00:00, 18.47it/s, loss=0.361, v_num=]
Epoch 342:  85%|████████▌ | 40/47 [00:02<00:00, 18.47it/s, loss=0.362, v_num=]
Epoch 342: 100%|██████████| 47/47 [00:02<00:00, 17.95it/s, loss=0.364, v_num=]
Epoch 342:   0%|          | 0/47 [00:00<?, ?it/s, loss=0.364, v_num=]         
Epoch 343:   0%|          | 0/47 [00:00<?, ?it/s, loss=0.364, v_num=]
Epoch 343:  43%|████▎     | 20/47 [00:01<00:01, 16.07it/s, loss=0.364, v_num=]
Epoch 343:  43%|████▎     | 20/47 [00:01<00:01, 16.06it/s, loss=0.37, v_num=] 
Epoch 343:  85%|████████▌ | 40/47 [00:02<00:00, 16.13it/s, loss=0.37, v_num=]
Epoch 343:  85%|████████▌ | 40/47 [00:02<00:00, 16.12it/s, loss=0.359, v_num=]
Epoch 343: 100%|██████████| 47/47 [00:03<00:00, 15.15it/s, loss=0.362, v_num=]
Epoch 343:   0%|          | 0/47 [00:00<?, ?it/s, loss=0.362, v_num=]         
Epoch 344:   0%|          | 0/47 [00:00<?, ?it/s, loss=0.362, v_num=]
Epoch 344:  43%|████▎     | 20/47 [00:01<00:02, 11.25it/s, loss=0.362, v_num=]
Epoch 344:  43%|████▎     | 20/47 [00:01<00:02, 11.25it/s, loss=0.363, v_num=]
Epoch 344:  85%|████████▌ | 40/47 [00:02<00:00, 14.67it/s, loss=0.363, v_num=]
Epoch 344:  85%|████████▌ | 40/47 [00:02<00:00, 14.66it/s, loss=0.362, v_num=]
Epoch 344: 100%|██████████| 47/47 [00:03<00:00, 14.71it/s, loss=0.363, v_num=]
Epoch 344:   0%|          | 0/47 [00:00<?, ?it/s, loss=0.363, v_num=]         
Epoch 345:   0%|          | 0/47 [00:00<?, ?it/s, loss=0.363, v_num=]
Epoch 345:  43%|████▎     | 20/47 [00:01<00:01, 16.24it/s, loss=0.363, v_num=]
Epoch 345:  43%|████▎     | 20/47 [00:01<00:01, 16.23it/s, loss=0.365, v_num=]
Epoch 345:  85%|████████▌ | 40/47 [00:02<00:00, 18.54it/s, loss=0.365, v_num=]
Epoch 345:  85%|████████▌ | 40/47 [00:02<00:00, 18.53it/s, loss=0.363, v_num=]
Epoch 345: 100%|██████████| 47/47 [00:02<00:00, 17.90it/s, loss=0.364, v_num=]Evaluating...
NMI : 0.6398563917485318, ARI: 0.42094802339031384, ACC: 0.42967, current K: 10

Epoch 345:   0%|          | 0/47 [00:00<?, ?it/s, loss=0.364, v_num=]         
Epoch 346:   0%|          | 0/47 [00:00<?, ?it/s, loss=0.364, v_num=]/usr/local/lib/python3.13/dist-packages/torch/utils/data/dataloader.py:432: UserWarning: This DataLoader will create 6 worker processes in total. Our suggested max number of worker in current system is 2, which is smaller than what this DataLoader is going to create. Please be aware that excessive worker creation might get DataLoader running slow or even freeze, lower the worker number to avoid potential slowness/freeze if necessary.
  self.check_worker_number_rationality()

Epoch 346:  43%|████▎     | 20/47 [00:01<00:01, 16.06it/s, loss=0.364, v_num=]
Epoch 346:  43%|████▎     | 20/47 [00:01<00:01, 16.05it/s, loss=0.358, v_num=]
Epoch 346:  85%|████████▌ | 40/47 [00:02<00:00, 18.29it/s, loss=0.358, v_num=]
Epoch 346:  85%|████████▌ | 40/47 [00:02<00:00, 18.29it/s, loss=0.363, v_num=]
Epoch 346: 100%|██████████| 47/47 [00:02<00:00, 17.86it/s, loss=0.359, v_num=]
Epoch 346:   0%|          | 0/47 [00:00<?, ?it/s, loss=0.359, v_num=]         
Epoch 347:   0%|          | 0/47 [00:00<?, ?it/s, loss=0.359, v_num=]
Epoch 347:  43%|████▎     | 20/47 [00:01<00:01, 16.08it/s, loss=0.359, v_num=]
Epoch 347:  43%|████▎     | 20/47 [00:01<00:01, 16.06it/s, loss=0.363, v_num=]
Epoch 347:  85%|████████▌ | 40/47 [00:02<00:00, 18.57it/s, loss=0.363, v_num=]
Epoch 347:  85%|████████▌ | 40/47 [00:02<00:00, 18.57it/s, loss=0.362, v_num=]
Epoch 347: 100%|██████████| 47/47 [00:02<00:00, 17.99it/s, loss=0.365, v_num=]
Epoch 347:   0%|          | 0/47 [00:00<?, ?it/s, loss=0.365, v_num=]         
Epoch 348:   0%|          | 0/47 [00:00<?, ?it/s, loss=0.365, v_num=]
Epoch 348:  43%|████▎     | 20/47 [00:01<00:02, 12.82it/s, loss=0.365, v_num=]
Epoch 348:  43%|████▎     | 20/47 [00:01<00:02, 12.81it/s, loss=0.362, v_num=]
Epoch 348:  85%|████████▌ | 40/47 [00:02<00:00, 14.39it/s, loss=0.362, v_num=]
Epoch 348:  85%|████████▌ | 40/47 [00:02<00:00, 14.39it/s, loss=0.357, v_num=]
Epoch 348: 100%|██████████| 47/47 [00:03<00:00, 13.51it/s, loss=0.358, v_num=]
Epoch 348:   0%|          | 0/47 [00:00<?, ?it/s, loss=0.358, v_num=]         
Epoch 349:   0%|          | 0/47 [00:00<?, ?it/s, loss=0.358, v_num=]
Epoch 349:  43%|████▎     | 20/47 [00:01<00:01, 16.15it/s, loss=0.358, v_num=]
Epoch 349:  43%|████▎     | 20/47 [00:01<00:01, 16.13it/s, loss=0.36, v_num=] 
Epoch 349:  85%|████████▌ | 40/47 [00:02<00:00, 18.53it/s, loss=0.36, v_num=]
Epoch 349:  85%|████████▌ | 40/47 [00:02<00:00, 18.52it/s, loss=0.36, v_num=]
Epoch 349: 100%|██████████| 47/47 [00:02<00:00, 17.95it/s, loss=0.361, v_num=]
Epoch 349:   0%|          | 0/47 [00:00<?, ?it/s, loss=0.361, v_num=]         
Epoch 350:   0%|          | 0/47 [00:00<?, ?it/s, loss=0.361, v_num=]
Epoch 350:  43%|████▎     | 20/47 [00:01<00:01, 16.00it/s, loss=0.361, v_num=]
Epoch 350:  43%|████▎     | 20/47 [00:01<00:01, 15.99it/s, loss=0.362, v_num=]
Epoch 350:  85%|████████▌ | 40/47 [00:02<00:00, 18.40it/s, loss=0.362, v_num=]
Epoch 350:  85%|████████▌ | 40/47 [00:02<00:00, 18.40it/s, loss=0.371, v_num=]
Epoch 350: 100%|██████████| 47/47 [00:02<00:00, 17.81it/s, loss=0.358, v_num=]Evaluating...
NMI : 0.6407540884087721, ARI: 0.42116579450813024, ACC: 0.429, current K: 10
Epoch 350 | NMI: 0.6408, ARI: 0.4212, ACC: 0.4290, current K: 10
Confusion Matrix:
[[  3  22   1 239   2  10   0   0  18   5   0   0   0   0   0   0   0   0
    0   0]
 [  1   1   6   1  13   0  10 267   1   0   0   0   0   0   0   0   0   0
    0   0]
 [  0  13   0   7   0   4   0   0 275   1   0   0   0   0   0   0   0   0
    0   0]
 [  5   0 264   3   1   7   2  18   0   0   0   0   0   0   0   0   0   0
    0   0]
 [  0   1   5  20 255   7   0  12   0   0   0   0   0   0   0   0   0   0
    0   0]
 [  4 239   0   0   0   0  44   0  12   1   0   0   0   0   0   0   0   0
    0   0]
 [  0   1  12   0   2 277   0   7   1   0   0   0   0   0   0   0   0   0
    0   0]
 [224  69   1   1   0   0   1   0   4   0   0   0   0   0   0   0   0   0
    0   0]
 [  0  22   1   0   1   4   1   1  51 219   0   0   0   0   0   0   0   0
    0   0]
 [  1   4 263   0   0  24   2   6   0   0   0   0   0   0   0   0   0   0
    0   0]
 [  2  74   0   8   2   4   0   0   1 209   0   0   0   0   0   0   0   0
    0   0]
 [  0   4   3   0  19   0   1 271   2   0   0   0   0   0   0   0   0   0
    0   0]
 [  0   2   0  83 208   1   0   5   1   0   0   0   0   0   0   0   0   0
    0   0]
 [  0   8   3   0   0   0 260  14  15   0   0   0   0   0   0   0   0   0
    0   0]
 [  0   3   8   0   0 279   0   0   9   1   0   0   0   0   0   0   0   0
    0   0]
 [273  16   4   2   2   0   0   3   0   0   0   0   0   0   0   0   0   0
    0   0]
 [  0   4   0  29 250   0   0   5   1  11   0   0   0   0   0   0   0   0
    0   0]
 [  0  63   3   0   0   0 224   1   8   1   0   0   0   0   0   0   0   0
    0   0]
 [  0   2  10   1   1 271   0   0   2  13   0   0   0   0   0   0   0   0
    0   0]
 [246  39   0   2   0   0   0  13   0   0   0   0   0   0   0   0   0   0
    0   0]]

Epoch 350:   0%|          | 0/47 [00:00<?, ?it/s, loss=0.358, v_num=]         
Epoch 351:   0%|          | 0/47 [00:00<?, ?it/s, loss=0.358, v_num=]/usr/local/lib/python3.13/dist-packages/torch/utils/data/dataloader.py:432: UserWarning: This DataLoader will create 6 worker processes in total. Our suggested max number of worker in current system is 2, which is smaller than what this DataLoader is going to create. Please be aware that excessive worker creation might get DataLoader running slow or even freeze, lower the worker number to avoid potential slowness/freeze if necessary.
  self.check_worker_number_rationality()

Epoch 351:  43%|████▎     | 20/47 [00:01<00:01, 16.42it/s, loss=0.358, v_num=]
Epoch 351:  43%|████▎     | 20/47 [00:01<00:01, 16.41it/s, loss=0.364, v_num=]
Epoch 351:  85%|████████▌ | 40/47 [00:02<00:00, 18.56it/s, loss=0.364, v_num=]
Epoch 351:  85%|████████▌ | 40/47 [00:02<00:00, 18.56it/s, loss=0.361, v_num=]
Epoch 351: 100%|██████████| 47/47 [00:02<00:00, 17.85it/s, loss=0.357, v_num=]
Epoch 351:   0%|          | 0/47 [00:00<?, ?it/s, loss=0.357, v_num=]         
Epoch 352:   0%|          | 0/47 [00:00<?, ?it/s, loss=0.357, v_num=]
Epoch 352:  43%|████▎     | 20/47 [00:01<00:01, 16.20it/s, loss=0.357, v_num=]
Epoch 352:  43%|████▎     | 20/47 [00:01<00:01, 16.19it/s, loss=0.363, v_num=]
Epoch 352:  85%|████████▌ | 40/47 [00:02<00:00, 18.02it/s, loss=0.363, v_num=]
Epoch 352:  85%|████████▌ | 40/47 [00:02<00:00, 18.02it/s, loss=0.358, v_num=]
Epoch 352: 100%|██████████| 47/47 [00:02<00:00, 16.56it/s, loss=0.365, v_num=]
Epoch 352:   0%|          | 0/47 [00:00<?, ?it/s, loss=0.365, v_num=]         
Epoch 353:   0%|          | 0/47 [00:00<?, ?it/s, loss=0.365, v_num=]
Epoch 353:  43%|████▎     | 20/47 [00:01<00:02, 11.75it/s, loss=0.365, v_num=]
Epoch 353:  43%|████▎     | 20/47 [00:01<00:02, 11.75it/s, loss=0.357, v_num=]
Epoch 353:  85%|████████▌ | 40/47 [00:02<00:00, 14.55it/s, loss=0.357, v_num=]
Epoch 353:  85%|████████▌ | 40/47 [00:02<00:00, 14.54it/s, loss=0.364, v_num=]
Epoch 353: 100%|██████████| 47/47 [00:03<00:00, 14.45it/s, loss=0.361, v_num=]
Epoch 353:   0%|          | 0/47 [00:00<?, ?it/s, loss=0.361, v_num=]         
Epoch 354:   0%|          | 0/47 [00:00<?, ?it/s, loss=0.361, v_num=]
Epoch 354:  43%|████▎     | 20/47 [00:01<00:01, 16.61it/s, loss=0.361, v_num=]
Epoch 354:  43%|████▎     | 20/47 [00:01<00:01, 16.60it/s, loss=0.366, v_num=]
Epoch 354:  85%|████████▌ | 40/47 [00:02<00:00, 19.06it/s, loss=0.366, v_num=]
Epoch 354:  85%|████████▌ | 40/47 [00:02<00:00, 19.06it/s, loss=0.352, v_num=]
Epoch 354: 100%|██████████| 47/47 [00:02<00:00, 18.54it/s, loss=0.358, v_num=]
Epoch 354:   0%|          | 0/47 [00:00<?, ?it/s, loss=0.358, v_num=]         
Epoch 355:   0%|          | 0/47 [00:00<?, ?it/s, loss=0.358, v_num=]
Epoch 355:  43%|████▎     | 20/47 [00:01<00:01, 16.21it/s, loss=0.358, v_num=]
Epoch 355:  43%|████▎     | 20/47 [00:01<00:01, 16.20it/s, loss=0.359, v_num=]
Epoch 355:  85%|████████▌ | 40/47 [00:02<00:00, 18.49it/s, loss=0.359, v_num=]
Epoch 355:  85%|████████▌ | 40/47 [00:02<00:00, 18.49it/s, loss=0.364, v_num=]
Epoch 355: 100%|██████████| 47/47 [00:02<00:00, 17.95it/s, loss=0.358, v_num=]Evaluating...
NMI : 0.642939041615893, ARI: 0.4220831336384609, ACC: 0.429, current K: 10

Epoch 355:   0%|          | 0/47 [00:00<?, ?it/s, loss=0.358, v_num=]         
Epoch 356:   0%|          | 0/47 [00:00<?, ?it/s, loss=0.358, v_num=]/usr/local/lib/python3.13/dist-packages/torch/utils/data/dataloader.py:432: UserWarning: This DataLoader will create 6 worker processes in total. Our suggested max number of worker in current system is 2, which is smaller than what this DataLoader is going to create. Please be aware that excessive worker creation might get DataLoader running slow or even freeze, lower the worker number to avoid potential slowness/freeze if necessary.
  self.check_worker_number_rationality()

Epoch 356:  43%|████▎     | 20/47 [00:01<00:01, 16.42it/s, loss=0.358, v_num=]
Epoch 356:  43%|████▎     | 20/47 [00:01<00:01, 16.41it/s, loss=0.365, v_num=]
Epoch 356:  85%|████████▌ | 40/47 [00:02<00:00, 18.84it/s, loss=0.365, v_num=]
Epoch 356:  85%|████████▌ | 40/47 [00:02<00:00, 18.84it/s, loss=0.355, v_num=]
Epoch 356: 100%|██████████| 47/47 [00:02<00:00, 18.29it/s, loss=0.362, v_num=]
Epoch 356:   0%|          | 0/47 [00:00<?, ?it/s, loss=0.362, v_num=]         
Epoch 357:   0%|          | 0/47 [00:00<?, ?it/s, loss=0.362, v_num=]
Epoch 357:  43%|████▎     | 20/47 [00:01<00:01, 14.56it/s, loss=0.362, v_num=]
Epoch 357:  43%|████▎     | 20/47 [00:01<00:01, 14.55it/s, loss=0.362, v_num=]
Epoch 357:  85%|████████▌ | 40/47 [00:02<00:00, 15.96it/s, loss=0.362, v_num=]
Epoch 357:  85%|████████▌ | 40/47 [00:02<00:00, 15.95it/s, loss=0.356, v_num=]
Epoch 357: 100%|██████████| 47/47 [00:03<00:00, 14.93it/s, loss=0.357, v_num=]
Epoch 357:   0%|          | 0/47 [00:00<?, ?it/s, loss=0.357, v_num=]         
Epoch 358:   0%|          | 0/47 [00:00<?, ?it/s, loss=0.357, v_num=]
Epoch 358:  43%|████▎     | 20/47 [00:01<00:02, 12.93it/s, loss=0.357, v_num=]
Epoch 358:  43%|████▎     | 20/47 [00:01<00:02, 12.92it/s, loss=0.355, v_num=]
Epoch 358:  85%|████████▌ | 40/47 [00:02<00:00, 16.39it/s, loss=0.355, v_num=]
Epoch 358:  85%|████████▌ | 40/47 [00:02<00:00, 16.38it/s, loss=0.361, v_num=]
Epoch 358: 100%|██████████| 47/47 [00:02<00:00, 16.16it/s, loss=0.36, v_num=] 
Epoch 358:   0%|          | 0/47 [00:00<?, ?it/s, loss=0.36, v_num=]         
Epoch 359:   0%|          | 0/47 [00:00<?, ?it/s, loss=0.36, v_num=]
Epoch 359:  43%|████▎     | 20/47 [00:01<00:01, 16.61it/s, loss=0.36, v_num=]
Epoch 359:  43%|████▎     | 20/47 [00:01<00:01, 16.60it/s, loss=0.355, v_num=]
Epoch 359:  85%|████████▌ | 40/47 [00:02<00:00, 19.05it/s, loss=0.355, v_num=]
Epoch 359:  85%|████████▌ | 40/47 [00:02<00:00, 19.05it/s, loss=0.364, v_num=]
Epoch 359: 100%|██████████| 47/47 [00:02<00:00, 18.40it/s, loss=0.366, v_num=]
Epoch 359:   0%|          | 0/47 [00:00<?, ?it/s, loss=0.366, v_num=]         
Epoch 360:   0%|          | 0/47 [00:00<?, ?it/s, loss=0.366, v_num=]
Epoch 360:  43%|████▎     | 20/47 [00:01<00:01, 16.24it/s, loss=0.366, v_num=]
Epoch 360:  43%|████▎     | 20/47 [00:01<00:01, 16.23it/s, loss=0.36, v_num=] 
Epoch 360:  85%|████████▌ | 40/47 [00:02<00:00, 18.48it/s, loss=0.36, v_num=]
Epoch 360:  85%|████████▌ | 40/47 [00:02<00:00, 18.47it/s, loss=0.363, v_num=]
Epoch 360: 100%|██████████| 47/47 [00:02<00:00, 18.06it/s, loss=0.356, v_num=]Evaluating...
NMI : 0.6432255249894444, ARI: 0.4216562504865057, ACC: 0.429, current K: 10
Epoch 360 | NMI: 0.6432, ARI: 0.4217, ACC: 0.4290, current K: 10
Confusion Matrix:
[[  3  22   1 239   2  10   0   0  18   5   0   0   0   0   0   0   0   0
    0   0]
 [  1   1   6   1  13   0  11 266   1   0   0   0   0   0   0   0   0   0
    0   0]
 [  0  13   0   8   0   3   0   0 275   1   0   0   0   0   0   0   0   0
    0   0]
 [  5   0 263   3   1   6   2  20   0   0   0   0   0   0   0   0   0   0
    0   0]
 [  0   2   6  20 255   4   0  13   0   0   0   0   0   0   0   0   0   0
    0   0]
 [  4 233   0   0   0   0  51   0  11   1   0   0   0   0   0   0   0   0
    0   0]
 [  0   0  11   0   2 279   0   6   2   0   0   0   0   0   0   0   0   0
    0   0]
 [223  74   1   0   0   0   1   0   1   0   0   0   0   0   0   0   0   0
    0   0]
 [  0  23   1   0   1   4   1   1  46 223   0   0   0   0   0   0   0   0
    0   0]
 [  1   3 264   0   0  24   3   5   0   0   0   0   0   0   0   0   0   0
    0   0]
 [  2  77   0  10   1   2   0   0   1 207   0   0   0   0   0   0   0   0
    0   0]
 [  0   4   3   0  19   0   0 272   2   0   0   0   0   0   0   0   0   0
    0   0]
 [  0   1   0  83 209   1   0   5   1   0   0   0   0   0   0   0   0   0
    0   0]
 [  0   7   3   0   0   0 261  14  15   0   0   0   0   0   0   0   0   0
    0   0]
 [  0   4   8   0   0 278   0   0   9   1   0   0   0   0   0   0   0   0
    0   0]
 [273  16   4   2   2   0   0   3   0   0   0   0   0   0   0   0   0   0
    0   0]
 [  0   4   0  30 250   0   0   5   0  11   0   0   0   0   0   0   0   0
    0   0]
 [  0  63   3   0   0   0 224   1   8   1   0   0   0   0   0   0   0   0
    0   0]
 [  0   2  10   1   1 271   0   0   2  13   0   0   0   0   0   0   0   0
    0   0]
 [246  39   0   2   0   0   0  13   0   0   0   0   0   0   0   0   0   0
    0   0]]

Epoch 360:   0%|          | 0/47 [00:00<?, ?it/s, loss=0.356, v_num=]         
Epoch 361:   0%|          | 0/47 [00:00<?, ?it/s, loss=0.356, v_num=]/usr/local/lib/python3.13/dist-packages/torch/utils/data/dataloader.py:432: UserWarning: This DataLoader will create 6 worker processes in total. Our suggested max number of worker in current system is 2, which is smaller than what this DataLoader is going to create. Please be aware that excessive worker creation might get DataLoader running slow or even freeze, lower the worker number to avoid potential slowness/freeze if necessary.
  self.check_worker_number_rationality()

Epoch 361:  43%|████▎     | 20/47 [00:01<00:01, 16.55it/s, loss=0.356, v_num=]
Epoch 361:  43%|████▎     | 20/47 [00:01<00:01, 16.54it/s, loss=0.361, v_num=]
Epoch 361:  85%|████████▌ | 40/47 [00:02<00:00, 18.90it/s, loss=0.361, v_num=]
Epoch 361:  85%|████████▌ | 40/47 [00:02<00:00, 18.89it/s, loss=0.361, v_num=]
Epoch 361: 100%|██████████| 47/47 [00:02<00:00, 18.28it/s, loss=0.361, v_num=]
Epoch 361:   0%|          | 0/47 [00:00<?, ?it/s, loss=0.361, v_num=]         
Epoch 362:   0%|          | 0/47 [00:00<?, ?it/s, loss=0.361, v_num=]
Epoch 362:  43%|████▎     | 20/47 [00:01<00:02, 12.68it/s, loss=0.361, v_num=]
Epoch 362:  43%|████▎     | 20/47 [00:01<00:02, 12.67it/s, loss=0.361, v_num=]
Epoch 362:  85%|████████▌ | 40/47 [00:02<00:00, 14.25it/s, loss=0.361, v_num=]
Epoch 362:  85%|████████▌ | 40/47 [00:02<00:00, 14.25it/s, loss=0.353, v_num=]
Epoch 362: 100%|██████████| 47/47 [00:03<00:00, 13.79it/s, loss=0.364, v_num=]
Epoch 362:   0%|          | 0/47 [00:00<?, ?it/s, loss=0.364, v_num=]         
Epoch 363:   0%|          | 0/47 [00:00<?, ?it/s, loss=0.364, v_num=]
Epoch 363:  43%|████▎     | 20/47 [00:01<00:01, 16.53it/s, loss=0.364, v_num=]
Epoch 363:  43%|████▎     | 20/47 [00:01<00:01, 16.52it/s, loss=0.36, v_num=] 
Epoch 363:  85%|████████▌ | 40/47 [00:02<00:00, 18.77it/s, loss=0.36, v_num=]
Epoch 363:  85%|████████▌ | 40/47 [00:02<00:00, 18.76it/s, loss=0.357, v_num=]
Epoch 363: 100%|██████████| 47/47 [00:02<00:00, 18.32it/s, loss=0.367, v_num=]
Epoch 363:   0%|          | 0/47 [00:00<?, ?it/s, loss=0.367, v_num=]         
Epoch 364:   0%|          | 0/47 [00:00<?, ?it/s, loss=0.367, v_num=]
Epoch 364:  43%|████▎     | 20/47 [00:01<00:01, 16.24it/s, loss=0.367, v_num=]
Epoch 364:  43%|████▎     | 20/47 [00:01<00:01, 16.23it/s, loss=0.355, v_num=]
Epoch 364:  85%|████████▌ | 40/47 [00:02<00:00, 18.02it/s, loss=0.355, v_num=]
Epoch 364:  85%|████████▌ | 40/47 [00:02<00:00, 18.02it/s, loss=0.357, v_num=]
Epoch 364: 100%|██████████| 47/47 [00:02<00:00, 17.30it/s, loss=0.364, v_num=]
Epoch 364:   0%|          | 0/47 [00:00<?, ?it/s, loss=0.364, v_num=]         
Epoch 365:   0%|          | 0/47 [00:00<?, ?it/s, loss=0.364, v_num=]
Epoch 365:  43%|████▎     | 20/47 [00:01<00:01, 16.58it/s, loss=0.364, v_num=]
Epoch 365:  43%|████▎     | 20/47 [00:01<00:01, 16.57it/s, loss=0.359, v_num=]
Epoch 365:  85%|████████▌ | 40/47 [00:02<00:00, 18.87it/s, loss=0.359, v_num=]
Epoch 365:  85%|████████▌ | 40/47 [00:02<00:00, 18.86it/s, loss=0.358, v_num=]
Epoch 365: 100%|██████████| 47/47 [00:02<00:00, 18.23it/s, loss=0.357, v_num=]Evaluating...
NMI : 0.6429410430894859, ARI: 0.4211916494964286, ACC: 0.429, current K: 10

Epoch 365:   0%|          | 0/47 [00:00<?, ?it/s, loss=0.357, v_num=]         
Epoch 366:   0%|          | 0/47 [00:00<?, ?it/s, loss=0.357, v_num=]/usr/local/lib/python3.13/dist-packages/torch/utils/data/dataloader.py:432: UserWarning: This DataLoader will create 6 worker processes in total. Our suggested max number of worker in current system is 2, which is smaller than what this DataLoader is going to create. Please be aware that excessive worker creation might get DataLoader running slow or even freeze, lower the worker number to avoid potential slowness/freeze if necessary.
  self.check_worker_number_rationality()

Epoch 366:  43%|████▎     | 20/47 [00:01<00:01, 16.42it/s, loss=0.357, v_num=]
Epoch 366:  43%|████▎     | 20/47 [00:01<00:01, 16.41it/s, loss=0.361, v_num=]
Epoch 366:  85%|████████▌ | 40/47 [00:02<00:00, 17.49it/s, loss=0.361, v_num=]
Epoch 366:  85%|████████▌ | 40/47 [00:02<00:00, 17.48it/s, loss=0.36, v_num=] 
Epoch 366: 100%|██████████| 47/47 [00:02<00:00, 16.26it/s, loss=0.358, v_num=]
Epoch 366:   0%|          | 0/47 [00:00<?, ?it/s, loss=0.358, v_num=]         
Epoch 367:   0%|          | 0/47 [00:00<?, ?it/s, loss=0.358, v_num=]
Epoch 367:  43%|████▎     | 20/47 [00:01<00:02, 11.48it/s, loss=0.358, v_num=]
Epoch 367:  43%|████▎     | 20/47 [00:01<00:02, 11.47it/s, loss=0.357, v_num=]
Epoch 367:  85%|████████▌ | 40/47 [00:02<00:00, 14.87it/s, loss=0.357, v_num=]
Epoch 367:  85%|████████▌ | 40/47 [00:02<00:00, 14.87it/s, loss=0.357, v_num=]
Epoch 367: 100%|██████████| 47/47 [00:03<00:00, 15.00it/s, loss=0.36, v_num=] 
Epoch 367:   0%|          | 0/47 [00:00<?, ?it/s, loss=0.36, v_num=]         
Epoch 368:   0%|          | 0/47 [00:00<?, ?it/s, loss=0.36, v_num=]
Epoch 368:  43%|████▎     | 20/47 [00:01<00:01, 16.57it/s, loss=0.36, v_num=]
Epoch 368:  43%|████▎     | 20/47 [00:01<00:01, 16.56it/s, loss=0.363, v_num=]
Epoch 368:  85%|████████▌ | 40/47 [00:02<00:00, 18.93it/s, loss=0.363, v_num=]
Epoch 368:  85%|████████▌ | 40/47 [00:02<00:00, 18.92it/s, loss=0.354, v_num=]
Epoch 368: 100%|██████████| 47/47 [00:02<00:00, 18.35it/s, loss=0.354, v_num=]
Epoch 368:   0%|          | 0/47 [00:00<?, ?it/s, loss=0.354, v_num=]         
Epoch 369:   0%|          | 0/47 [00:00<?, ?it/s, loss=0.354, v_num=]
Epoch 369:  43%|████▎     | 20/47 [00:01<00:01, 16.19it/s, loss=0.354, v_num=]
Epoch 369:  43%|████▎     | 20/47 [00:01<00:01, 16.18it/s, loss=0.358, v_num=]
Epoch 369:  85%|████████▌ | 40/47 [00:02<00:00, 18.70it/s, loss=0.358, v_num=]
Epoch 369:  85%|████████▌ | 40/47 [00:02<00:00, 18.70it/s, loss=0.359, v_num=]
Epoch 369: 100%|██████████| 47/47 [00:02<00:00, 18.09it/s, loss=0.36, v_num=] 
Epoch 369:   0%|          | 0/47 [00:00<?, ?it/s, loss=0.36, v_num=]         
Epoch 370:   0%|          | 0/47 [00:00<?, ?it/s, loss=0.36, v_num=]
Epoch 370:  43%|████▎     | 20/47 [00:01<00:01, 16.60it/s, loss=0.36, v_num=]
Epoch 370:  43%|████▎     | 20/47 [00:01<00:01, 16.59it/s, loss=0.355, v_num=]
Epoch 370:  85%|████████▌ | 40/47 [00:02<00:00, 18.97it/s, loss=0.355, v_num=]
Epoch 370:  85%|████████▌ | 40/47 [00:02<00:00, 18.96it/s, loss=0.36, v_num=] 
Epoch 370: 100%|██████████| 47/47 [00:02<00:00, 18.41it/s, loss=0.364, v_num=]Evaluating...
NMI : 0.6429741218959497, ARI: 0.4196315924329283, ACC: 0.4265, current K: 10
Epoch 370 | NMI: 0.6430, ARI: 0.4196, ACC: 0.4265, current K: 10
Confusion Matrix:
[[  3  26   1 235   2   9   0   0  19   5   0   0   0   0   0   0   0   0
    0   0]
 [  1   1   6   1  13   0  11 267   0   0   0   0   0   0   0   0   0   0
    0   0]
 [  0  13   0   9   0   3   0   0 274   1   0   0   0   0   0   0   0   0
    0   0]
 [  5   0 263   3   1   6   2  20   0   0   0   0   0   0   0   0   0   0
    0   0]
 [  0   2   5  20 254   5   0  14   0   0   0   0   0   0   0   0   0   0
    0   0]
 [  4 215   0   0   0   0  71   0   9   1   0   0   0   0   0   0   0   0
    0   0]
 [  0   1  12   0   1 279   0   6   1   0   0   0   0   0   0   0   0   0
    0   0]
 [222  75   1   0   0   0   1   0   1   0   0   0   0   0   0   0   0   0
    0   0]
 [  0  25   1   0   1   4   1   1  37 230   0   0   0   0   0   0   0   0
    0   0]
 [  2   3 264   0   0  24   2   5   0   0   0   0   0   0   0   0   0   0
    0   0]
 [  2  79   0   9   1   2   0   0   0 207   0   0   0   0   0   0   0   0
    0   0]
 [  0   4   3   0  19   0   0 272   2   0   0   0   0   0   0   0   0   0
    0   0]
 [  0   1   0  83 209   1   0   5   1   0   0   0   0   0   0   0   0   0
    0   0]
 [  0   7   3   0   0   0 261  14  15   0   0   0   0   0   0   0   0   0
    0   0]
 [  0   4   8   0   0 281   0   0   6   1   0   0   0   0   0   0   0   0
    0   0]
 [273  16   4   2   2   0   0   3   0   0   0   0   0   0   0   0   0   0
    0   0]
 [  0   4   0  30 250   0   0   5   0  11   0   0   0   0   0   0   0   0
    0   0]
 [  0  63   3   0   0   0 224   1   8   1   0   0   0   0   0   0   0   0
    0   0]
 [  0   2  10   1   1 271   0   0   2  13   0   0   0   0   0   0   0   0
    0   0]
 [246  40   0   2   0   0   0  12   0   0   0   0   0   0   0   0   0   0
    0   0]]

Epoch 370:   0%|          | 0/47 [00:00<?, ?it/s, loss=0.364, v_num=]         
Epoch 371:   0%|          | 0/47 [00:00<?, ?it/s, loss=0.364, v_num=]/usr/local/lib/python3.13/dist-packages/torch/utils/data/dataloader.py:432: UserWarning: This DataLoader will create 6 worker processes in total. Our suggested max number of worker in current system is 2, which is smaller than what this DataLoader is going to create. Please be aware that excessive worker creation might get DataLoader running slow or even freeze, lower the worker number to avoid potential slowness/freeze if necessary.
  self.check_worker_number_rationality()

Epoch 371:  43%|████▎     | 20/47 [00:01<00:01, 13.88it/s, loss=0.364, v_num=]
Epoch 371:  43%|████▎     | 20/47 [00:01<00:01, 13.88it/s, loss=0.358, v_num=]
Epoch 371:  85%|████████▌ | 40/47 [00:02<00:00, 15.57it/s, loss=0.358, v_num=]
Epoch 371:  85%|████████▌ | 40/47 [00:02<00:00, 15.57it/s, loss=0.357, v_num=]
Epoch 371: 100%|██████████| 47/47 [00:03<00:00, 14.65it/s, loss=0.36, v_num=] 
Epoch 371:   0%|          | 0/47 [00:00<?, ?it/s, loss=0.36, v_num=]         
Epoch 372:   0%|          | 0/47 [00:00<?, ?it/s, loss=0.36, v_num=]
Epoch 372:  43%|████▎     | 20/47 [00:01<00:01, 13.57it/s, loss=0.36, v_num=]
Epoch 372:  43%|████▎     | 20/47 [00:01<00:01, 13.56it/s, loss=0.355, v_num=]
Epoch 372:  85%|████████▌ | 40/47 [00:02<00:00, 16.79it/s, loss=0.355, v_num=]
Epoch 372:  85%|████████▌ | 40/47 [00:02<00:00, 16.79it/s, loss=0.359, v_num=]
Epoch 372: 100%|██████████| 47/47 [00:02<00:00, 16.53it/s, loss=0.365, v_num=]
Epoch 372:   0%|          | 0/47 [00:00<?, ?it/s, loss=0.365, v_num=]         
Epoch 373:   0%|          | 0/47 [00:00<?, ?it/s, loss=0.365, v_num=]
Epoch 373:  43%|████▎     | 20/47 [00:01<00:01, 16.41it/s, loss=0.365, v_num=]
Epoch 373:  43%|████▎     | 20/47 [00:01<00:01, 16.40it/s, loss=0.353, v_num=]
Epoch 373:  85%|████████▌ | 40/47 [00:02<00:00, 18.79it/s, loss=0.353, v_num=]
Epoch 373:  85%|████████▌ | 40/47 [00:02<00:00, 18.79it/s, loss=0.356, v_num=]
Epoch 373: 100%|██████████| 47/47 [00:02<00:00, 18.35it/s, loss=0.365, v_num=]
Epoch 373:   0%|          | 0/47 [00:00<?, ?it/s, loss=0.365, v_num=]         
Epoch 374:   0%|          | 0/47 [00:00<?, ?it/s, loss=0.365, v_num=]
Epoch 374:  43%|████▎     | 20/47 [00:01<00:01, 16.85it/s, loss=0.365, v_num=]
Epoch 374:  43%|████▎     | 20/47 [00:01<00:01, 16.84it/s, loss=0.351, v_num=]
Epoch 374:  85%|████████▌ | 40/47 [00:02<00:00, 18.97it/s, loss=0.351, v_num=]
Epoch 374:  85%|████████▌ | 40/47 [00:02<00:00, 18.97it/s, loss=0.359, v_num=]
Epoch 374: 100%|██████████| 47/47 [00:02<00:00, 18.40it/s, loss=0.362, v_num=]
Epoch 374:   0%|          | 0/47 [00:00<?, ?it/s, loss=0.362, v_num=]         
Epoch 375:   0%|          | 0/47 [00:00<?, ?it/s, loss=0.362, v_num=]
Epoch 375:  43%|████▎     | 20/47 [00:01<00:01, 16.40it/s, loss=0.362, v_num=]
Epoch 375:  43%|████▎     | 20/47 [00:01<00:01, 16.39it/s, loss=0.349, v_num=]
Epoch 375:  85%|████████▌ | 40/47 [00:02<00:00, 17.88it/s, loss=0.349, v_num=]
Epoch 375:  85%|████████▌ | 40/47 [00:02<00:00, 17.88it/s, loss=0.361, v_num=]
Epoch 375: 100%|██████████| 47/47 [00:02<00:00, 17.13it/s, loss=0.36, v_num=] Evaluating...
NMI : 0.6410953843992963, ARI: 0.4176067339942479, ACC: 0.42217, current K: 10

Epoch 375:   0%|          | 0/47 [00:00<?, ?it/s, loss=0.36, v_num=]         
Epoch 376:   0%|          | 0/47 [00:00<?, ?it/s, loss=0.36, v_num=]/usr/local/lib/python3.13/dist-packages/torch/utils/data/dataloader.py:432: UserWarning: This DataLoader will create 6 worker processes in total. Our suggested max number of worker in current system is 2, which is smaller than what this DataLoader is going to create. Please be aware that excessive worker creation might get DataLoader running slow or even freeze, lower the worker number to avoid potential slowness/freeze if necessary.
  self.check_worker_number_rationality()

Epoch 376:  43%|████▎     | 20/47 [00:01<00:02, 12.07it/s, loss=0.36, v_num=]
Epoch 376:  43%|████▎     | 20/47 [00:01<00:02, 12.07it/s, loss=0.356, v_num=]
Epoch 376:  85%|████████▌ | 40/47 [00:02<00:00, 13.68it/s, loss=0.356, v_num=]
Epoch 376:  85%|████████▌ | 40/47 [00:02<00:00, 13.68it/s, loss=0.363, v_num=]
Epoch 376: 100%|██████████| 47/47 [00:03<00:00, 13.99it/s, loss=0.362, v_num=]
Epoch 376:   0%|          | 0/47 [00:00<?, ?it/s, loss=0.362, v_num=]         
Epoch 377:   0%|          | 0/47 [00:00<?, ?it/s, loss=0.362, v_num=]
Epoch 377:  43%|████▎     | 20/47 [00:01<00:01, 16.13it/s, loss=0.362, v_num=]
Epoch 377:  43%|████▎     | 20/47 [00:01<00:01, 16.12it/s, loss=0.352, v_num=]
Epoch 377:  85%|████████▌ | 40/47 [00:02<00:00, 18.49it/s, loss=0.352, v_num=]
Epoch 377:  85%|████████▌ | 40/47 [00:02<00:00, 18.49it/s, loss=0.361, v_num=]
Epoch 377: 100%|██████████| 47/47 [00:02<00:00, 17.90it/s, loss=0.359, v_num=]
Epoch 377:   0%|          | 0/47 [00:00<?, ?it/s, loss=0.359, v_num=]         
Epoch 378:   0%|          | 0/47 [00:00<?, ?it/s, loss=0.359, v_num=]
Epoch 378:  43%|████▎     | 20/47 [00:01<00:01, 15.84it/s, loss=0.359, v_num=]
Epoch 378:  43%|████▎     | 20/47 [00:01<00:01, 15.83it/s, loss=0.358, v_num=]
Epoch 378:  85%|████████▌ | 40/47 [00:02<00:00, 18.45it/s, loss=0.358, v_num=]
Epoch 378:  85%|████████▌ | 40/47 [00:02<00:00, 18.45it/s, loss=0.355, v_num=]
Epoch 378: 100%|██████████| 47/47 [00:02<00:00, 18.01it/s, loss=0.358, v_num=]
Epoch 378:   0%|          | 0/47 [00:00<?, ?it/s, loss=0.358, v_num=]         
Epoch 379:   0%|          | 0/47 [00:00<?, ?it/s, loss=0.358, v_num=]
Epoch 379:  43%|████▎     | 20/47 [00:01<00:01, 16.32it/s, loss=0.358, v_num=]
Epoch 379:  43%|████▎     | 20/47 [00:01<00:01, 16.31it/s, loss=0.356, v_num=]
Epoch 379:  85%|████████▌ | 40/47 [00:02<00:00, 18.70it/s, loss=0.356, v_num=]
Epoch 379:  85%|████████▌ | 40/47 [00:02<00:00, 18.70it/s, loss=0.354, v_num=]
Epoch 379: 100%|██████████| 47/47 [00:02<00:00, 18.07it/s, loss=0.355, v_num=]
Epoch 379:   0%|          | 0/47 [00:00<?, ?it/s, loss=0.355, v_num=]         
Epoch 380:   0%|          | 0/47 [00:00<?, ?it/s, loss=0.355, v_num=]
Epoch 380:  43%|████▎     | 20/47 [00:01<00:01, 16.54it/s, loss=0.355, v_num=]
Epoch 380:  43%|████▎     | 20/47 [00:01<00:01, 16.53it/s, loss=0.358, v_num=]
Epoch 380:  85%|████████▌ | 40/47 [00:02<00:00, 17.12it/s, loss=0.358, v_num=]
Epoch 380:  85%|████████▌ | 40/47 [00:02<00:00, 17.11it/s, loss=0.354, v_num=]
Epoch 380: 100%|██████████| 47/47 [00:02<00:00, 15.68it/s, loss=0.359, v_num=]Evaluating...
NMI : 0.6397813201492498, ARI: 0.41602651604680607, ACC: 0.42017, current K: 10
Epoch 380 | NMI: 0.6398, ARI: 0.4160, ACC: 0.4202, current K: 10
Confusion Matrix:
[[  3  26   1 234   2   8   0   0  22   4   0   0   0   0   0   0   0   0
    0   0]
 [  2   1   5   1  10   0   9 270   0   2   0   0   0   0   0   0   0   0
    0   0]
 [  0  13   0  10   0   3   0   0 273   1   0   0   0   0   0   0   0   0
    0   0]
 [  5   1 261   3   1   7   2  20   0   0   0   0   0   0   0   0   0   0
    0   0]
 [  0   2   5  20 253   5   0  15   0   0   0   0   0   0   0   0   0   0
    0   0]
 [  4 179   0   0   0   0 107   0   9   1   0   0   0   0   0   0   0   0
    0   0]
 [  0   0  12   0   1 279   0   6   2   0   0   0   0   0   0   0   0   0
    0   0]
 [220  76   1   0   0   0   2   0   1   0   0   0   0   0   0   0   0   0
    0   0]
 [  0  26   1   0   1   4   1   1  34 232   0   0   0   0   0   0   0   0
    0   0]
 [  2   3 264   0   0  24   2   5   0   0   0   0   0   0   0   0   0   0
    0   0]
 [  2  81   0  11   1   2   0   0   0 203   0   0   0   0   0   0   0   0
    0   0]
 [  0   4   3   0  19   0   0 272   2   0   0   0   0   0   0   0   0   0
    0   0]
 [  0   1   0  85 207   1   0   5   1   0   0   0   0   0   0   0   0   0
    0   0]
 [  0   7   3   0   0   0 260  13  17   0   0   0   0   0   0   0   0   0
    0   0]
 [  0   4   8   0   0 281   0   0   7   0   0   0   0   0   0   0   0   0
    0   0]
 [273  16   4   2   2   0   0   3   0   0   0   0   0   0   0   0   0   0
    0   0]
 [  0   4   0  29 250   0   0   5   1  11   0   0   0   0   0   0   0   0
    0   0]
 [  0  61   3   0   0   0 226   2   7   1   0   0   0   0   0   0   0   0
    0   0]
 [  0   1  10   1   1 272   0   0   2  13   0   0   0   0   0   0   0   0
    0   0]
 [246  40   0   2   0   0   0  12   0   0   0   0   0   0   0   0   0   0
    0   0]]

Epoch 380:   0%|          | 0/47 [00:00<?, ?it/s, loss=0.359, v_num=]         
Epoch 381:   0%|          | 0/47 [00:00<?, ?it/s, loss=0.359, v_num=]/usr/local/lib/python3.13/dist-packages/torch/utils/data/dataloader.py:432: UserWarning: This DataLoader will create 6 worker processes in total. Our suggested max number of worker in current system is 2, which is smaller than what this DataLoader is going to create. Please be aware that excessive worker creation might get DataLoader running slow or even freeze, lower the worker number to avoid potential slowness/freeze if necessary.
  self.check_worker_number_rationality()

Epoch 381:  43%|████▎     | 20/47 [00:01<00:02, 12.28it/s, loss=0.359, v_num=]
Epoch 381:  43%|████▎     | 20/47 [00:01<00:02, 12.27it/s, loss=0.354, v_num=]
Epoch 381:  85%|████████▌ | 40/47 [00:02<00:00, 15.55it/s, loss=0.354, v_num=]
Epoch 381:  85%|████████▌ | 40/47 [00:02<00:00, 15.54it/s, loss=0.358, v_num=]
Epoch 381: 100%|██████████| 47/47 [00:03<00:00, 15.49it/s, loss=0.364, v_num=]
Epoch 381:   0%|          | 0/47 [00:00<?, ?it/s, loss=0.364, v_num=]         
Epoch 382:   0%|          | 0/47 [00:00<?, ?it/s, loss=0.364, v_num=]
Epoch 382:  43%|████▎     | 20/47 [00:01<00:01, 15.92it/s, loss=0.364, v_num=]
Epoch 382:  43%|████▎     | 20/47 [00:01<00:01, 15.91it/s, loss=0.36, v_num=] 
Epoch 382:  85%|████████▌ | 40/47 [00:02<00:00, 18.54it/s, loss=0.36, v_num=]
Epoch 382:  85%|████████▌ | 40/47 [00:02<00:00, 18.54it/s, loss=0.35, v_num=]
Epoch 382: 100%|██████████| 47/47 [00:02<00:00, 18.05it/s, loss=0.348, v_num=]
Epoch 382:   0%|          | 0/47 [00:00<?, ?it/s, loss=0.348, v_num=]         
Epoch 383:   0%|          | 0/47 [00:00<?, ?it/s, loss=0.348, v_num=]
Epoch 383:  43%|████▎     | 20/47 [00:01<00:01, 16.54it/s, loss=0.348, v_num=]
Epoch 383:  43%|████▎     | 20/47 [00:01<00:01, 16.53it/s, loss=0.353, v_num=]
Epoch 383:  85%|████████▌ | 40/47 [00:02<00:00, 18.82it/s, loss=0.353, v_num=]
Epoch 383:  85%|████████▌ | 40/47 [00:02<00:00, 18.82it/s, loss=0.357, v_num=]
Epoch 383: 100%|██████████| 47/47 [00:02<00:00, 18.27it/s, loss=0.356, v_num=]
Epoch 383:   0%|          | 0/47 [00:00<?, ?it/s, loss=0.356, v_num=]         
Epoch 384:   0%|          | 0/47 [00:00<?, ?it/s, loss=0.356, v_num=]
Epoch 384:  43%|████▎     | 20/47 [00:01<00:01, 16.66it/s, loss=0.356, v_num=]
Epoch 384:  43%|████▎     | 20/47 [00:01<00:01, 16.65it/s, loss=0.353, v_num=]
Epoch 384:  85%|████████▌ | 40/47 [00:02<00:00, 19.13it/s, loss=0.353, v_num=]
Epoch 384:  85%|████████▌ | 40/47 [00:02<00:00, 19.12it/s, loss=0.356, v_num=]
Epoch 384: 100%|██████████| 47/47 [00:02<00:00, 18.55it/s, loss=0.36, v_num=] 
Epoch 384:   0%|          | 0/47 [00:00<?, ?it/s, loss=0.36, v_num=]         
Epoch 385:   0%|          | 0/47 [00:00<?, ?it/s, loss=0.36, v_num=]
Epoch 385:  43%|████▎     | 20/47 [00:01<00:01, 13.86it/s, loss=0.36, v_num=]
Epoch 385:  43%|████▎     | 20/47 [00:01<00:01, 13.86it/s, loss=0.363, v_num=]
Epoch 385:  85%|████████▌ | 40/47 [00:02<00:00, 14.90it/s, loss=0.363, v_num=]
Epoch 385:  85%|████████▌ | 40/47 [00:02<00:00, 14.90it/s, loss=0.353, v_num=]
Epoch 385: 100%|██████████| 47/47 [00:03<00:00, 14.15it/s, loss=0.35, v_num=] Evaluating...
NMI : 0.638746539013054, ARI: 0.414359281531268, ACC: 0.41533, current K: 10

Epoch 385:   0%|          | 0/47 [00:00<?, ?it/s, loss=0.35, v_num=]         
Epoch 386:   0%|          | 0/47 [00:00<?, ?it/s, loss=0.35, v_num=]/usr/local/lib/python3.13/dist-packages/torch/utils/data/dataloader.py:432: UserWarning: This DataLoader will create 6 worker processes in total. Our suggested max number of worker in current system is 2, which is smaller than what this DataLoader is going to create. Please be aware that excessive worker creation might get DataLoader running slow or even freeze, lower the worker number to avoid potential slowness/freeze if necessary.
  self.check_worker_number_rationality()

Epoch 386:  43%|████▎     | 20/47 [00:01<00:01, 13.76it/s, loss=0.35, v_num=]
Epoch 386:  43%|████▎     | 20/47 [00:01<00:01, 13.76it/s, loss=0.353, v_num=]
Epoch 386:  85%|████████▌ | 40/47 [00:02<00:00, 16.92it/s, loss=0.353, v_num=]
Epoch 386:  85%|████████▌ | 40/47 [00:02<00:00, 16.91it/s, loss=0.362, v_num=]
Epoch 386: 100%|██████████| 47/47 [00:02<00:00, 16.64it/s, loss=0.365, v_num=]
Epoch 386:   0%|          | 0/47 [00:00<?, ?it/s, loss=0.365, v_num=]         
Epoch 387:   0%|          | 0/47 [00:00<?, ?it/s, loss=0.365, v_num=]
Epoch 387:  43%|████▎     | 20/47 [00:01<00:01, 16.40it/s, loss=0.365, v_num=]
Epoch 387:  43%|████▎     | 20/47 [00:01<00:01, 16.39it/s, loss=0.362, v_num=]
Epoch 387:  85%|████████▌ | 40/47 [00:02<00:00, 18.59it/s, loss=0.362, v_num=]
Epoch 387:  85%|████████▌ | 40/47 [00:02<00:00, 18.58it/s, loss=0.355, v_num=]
Epoch 387: 100%|██████████| 47/47 [00:02<00:00, 18.01it/s, loss=0.353, v_num=]
Epoch 387:   0%|          | 0/47 [00:00<?, ?it/s, loss=0.353, v_num=]         
Epoch 388:   0%|          | 0/47 [00:00<?, ?it/s, loss=0.353, v_num=]
Epoch 388:  43%|████▎     | 20/47 [00:01<00:01, 16.24it/s, loss=0.353, v_num=]
Epoch 388:  43%|████▎     | 20/47 [00:01<00:01, 16.23it/s, loss=0.36, v_num=] 
Epoch 388:  85%|████████▌ | 40/47 [00:02<00:00, 18.63it/s, loss=0.36, v_num=]
Epoch 388:  85%|████████▌ | 40/47 [00:02<00:00, 18.63it/s, loss=0.352, v_num=]
Epoch 388: 100%|██████████| 47/47 [00:02<00:00, 18.07it/s, loss=0.353, v_num=]
Epoch 388:   0%|          | 0/47 [00:00<?, ?it/s, loss=0.353, v_num=]         
Epoch 389:   0%|          | 0/47 [00:00<?, ?it/s, loss=0.353, v_num=]
Epoch 389:  43%|████▎     | 20/47 [00:01<00:01, 15.82it/s, loss=0.353, v_num=]
Epoch 389:  43%|████▎     | 20/47 [00:01<00:01, 15.81it/s, loss=0.347, v_num=]
Epoch 389:  85%|████████▌ | 40/47 [00:02<00:00, 18.12it/s, loss=0.347, v_num=]
Epoch 389:  85%|████████▌ | 40/47 [00:02<00:00, 18.12it/s, loss=0.353, v_num=]
Epoch 389: 100%|██████████| 47/47 [00:02<00:00, 16.52it/s, loss=0.36, v_num=] 
Epoch 389:   0%|          | 0/47 [00:00<?, ?it/s, loss=0.36, v_num=]         
Epoch 390:   0%|          | 0/47 [00:00<?, ?it/s, loss=0.36, v_num=]
Epoch 390:  43%|████▎     | 20/47 [00:01<00:02, 11.73it/s, loss=0.36, v_num=]
Epoch 390:  43%|████▎     | 20/47 [00:01<00:02, 11.72it/s, loss=0.356, v_num=]
Epoch 390:  85%|████████▌ | 40/47 [00:02<00:00, 14.17it/s, loss=0.356, v_num=]
Epoch 390:  85%|████████▌ | 40/47 [00:02<00:00, 14.17it/s, loss=0.36, v_num=] 
Epoch 390: 100%|██████████| 47/47 [00:03<00:00, 14.29it/s, loss=0.353, v_num=]Evaluating...
NMI : 0.6385937545661229, ARI: 0.41403335584601336, ACC: 0.412, current K: 10
Epoch 390 | NMI: 0.6386, ARI: 0.4140, ACC: 0.4120, current K: 10
Confusion Matrix:
[[  2  24   1 235   2   6   0   0  26   4   0   0   0   0   0   0   0   0
    0   0]
 [  1   1   4   1  10   0   9 272   0   2   0   0   0   0   0   0   0   0
    0   0]
 [  0  12   0  10   0   3   2   0 272   1   0   0   0   0   0   0   0   0
    0   0]
 [  4   2 261   3   1   7   2  20   0   0   0   0   0   0   0   0   0   0
    0   0]
 [  0   3   4  20 254   4   0  15   0   0   0   0   0   0   0   0   0   0
    0   0]
 [  4 128   0   0   0   0 158   0   9   1   0   0   0   0   0   0   0   0
    0   0]
 [  0   0  12   0   1 277   0   6   4   0   0   0   0   0   0   0   0   0
    0   0]
 [211  82   1   0   0   0   5   0   1   0   0   0   0   0   0   0   0   0
    0   0]
 [  0  34   1   0   1   4   2   0  28 230   0   0   0   0   0   0   0   0
    0   0]
 [  2   3 265   0   0  22   3   5   0   0   0   0   0   0   0   0   0   0
    0   0]
 [  0  88   0  12   1   2   0   0   0 197   0   0   0   0   0   0   0   0
    0   0]
 [  0   4   3   0  19   0   1 271   2   0   0   0   0   0   0   0   0   0
    0   0]
 [  0   1   0  86 206   1   0   5   1   0   0   0   0   0   0   0   0   0
    0   0]
 [  0   4   2   0   0   0 263  14  17   0   0   0   0   0   0   0   0   0
    0   0]
 [  0   4   8   0   0 280   0   0   7   1   0   0   0   0   0   0   0   0
    0   0]
 [273  16   4   2   2   0   0   3   0   0   0   0   0   0   0   0   0   0
    0   0]
 [  0   4   0  29 250   0   0   5   1  11   0   0   0   0   0   0   0   0
    0   0]
 [  0  52   3   0   0   0 236   2   6   1   0   0   0   0   0   0   0   0
    0   0]
 [  0   1  10   1   1 272   0   0   2  13   0   0   0   0   0   0   0   0
    0   0]
 [241  46   0   1   0   0   0  12   0   0   0   0   0   0   0   0   0   0
    0   0]]

Epoch 390:   0%|          | 0/47 [00:00<?, ?it/s, loss=0.353, v_num=]         
Epoch 391:   0%|          | 0/47 [00:00<?, ?it/s, loss=0.353, v_num=]/usr/local/lib/python3.13/dist-packages/torch/utils/data/dataloader.py:432: UserWarning: This DataLoader will create 6 worker processes in total. Our suggested max number of worker in current system is 2, which is smaller than what this DataLoader is going to create. Please be aware that excessive worker creation might get DataLoader running slow or even freeze, lower the worker number to avoid potential slowness/freeze if necessary.
  self.check_worker_number_rationality()

Epoch 391:  43%|████▎     | 20/47 [00:01<00:01, 16.20it/s, loss=0.353, v_num=]
Epoch 391:  43%|████▎     | 20/47 [00:01<00:01, 16.19it/s, loss=0.354, v_num=]
Epoch 391:  85%|████████▌ | 40/47 [00:02<00:00, 18.45it/s, loss=0.354, v_num=]
Epoch 391:  85%|████████▌ | 40/47 [00:02<00:00, 18.45it/s, loss=0.361, v_num=]
Epoch 391: 100%|██████████| 47/47 [00:02<00:00, 17.88it/s, loss=0.357, v_num=]
Epoch 391:   0%|          | 0/47 [00:00<?, ?it/s, loss=0.357, v_num=]         
Epoch 392:   0%|          | 0/47 [00:00<?, ?it/s, loss=0.357, v_num=]
Epoch 392:  43%|████▎     | 20/47 [00:01<00:01, 16.10it/s, loss=0.357, v_num=]
Epoch 392:  43%|████▎     | 20/47 [00:01<00:01, 16.08it/s, loss=0.356, v_num=]
Epoch 392:  85%|████████▌ | 40/47 [00:02<00:00, 18.19it/s, loss=0.356, v_num=]
Epoch 392:  85%|████████▌ | 40/47 [00:02<00:00, 18.19it/s, loss=0.355, v_num=]
Epoch 392: 100%|██████████| 47/47 [00:02<00:00, 17.65it/s, loss=0.356, v_num=]
Epoch 392:   0%|          | 0/47 [00:00<?, ?it/s, loss=0.356, v_num=]         
Epoch 393:   0%|          | 0/47 [00:00<?, ?it/s, loss=0.356, v_num=]
Epoch 393:  43%|████▎     | 20/47 [00:01<00:01, 16.58it/s, loss=0.356, v_num=]
Epoch 393:  43%|████▎     | 20/47 [00:01<00:01, 16.57it/s, loss=0.356, v_num=]
Epoch 393:  85%|████████▌ | 40/47 [00:02<00:00, 18.90it/s, loss=0.356, v_num=]
Epoch 393:  85%|████████▌ | 40/47 [00:02<00:00, 18.89it/s, loss=0.353, v_num=]
Epoch 393: 100%|██████████| 47/47 [00:02<00:00, 18.16it/s, loss=0.347, v_num=]
Epoch 393:   0%|          | 0/47 [00:00<?, ?it/s, loss=0.347, v_num=]         
Epoch 394:   0%|          | 0/47 [00:00<?, ?it/s, loss=0.347, v_num=]
Epoch 394:  43%|████▎     | 20/47 [00:01<00:01, 14.74it/s, loss=0.347, v_num=]
Epoch 394:  43%|████▎     | 20/47 [00:01<00:01, 14.73it/s, loss=0.361, v_num=]
Epoch 394:  85%|████████▌ | 40/47 [00:02<00:00, 16.13it/s, loss=0.361, v_num=]
Epoch 394:  85%|████████▌ | 40/47 [00:02<00:00, 16.12it/s, loss=0.353, v_num=]
Epoch 394: 100%|██████████| 47/47 [00:03<00:00, 15.09it/s, loss=0.358, v_num=]
Epoch 394:   0%|          | 0/47 [00:00<?, ?it/s, loss=0.358, v_num=]         
Epoch 395:   0%|          | 0/47 [00:00<?, ?it/s, loss=0.358, v_num=]
Epoch 395:  43%|████▎     | 20/47 [00:01<00:02, 12.94it/s, loss=0.358, v_num=]
Epoch 395:  43%|████▎     | 20/47 [00:01<00:02, 12.93it/s, loss=0.353, v_num=]
Epoch 395:  85%|████████▌ | 40/47 [00:02<00:00, 16.08it/s, loss=0.353, v_num=]
Epoch 395:  85%|████████▌ | 40/47 [00:02<00:00, 16.07it/s, loss=0.352, v_num=]
Epoch 395: 100%|██████████| 47/47 [00:02<00:00, 15.98it/s, loss=0.361, v_num=]Evaluating...
NMI : 0.6362574665287802, ARI: 0.4116426250137741, ACC: 0.409, current K: 10

Epoch 395:   0%|          | 0/47 [00:00<?, ?it/s, loss=0.361, v_num=]         
Epoch 396:   0%|          | 0/47 [00:00<?, ?it/s, loss=0.361, v_num=]/usr/local/lib/python3.13/dist-packages/torch/utils/data/dataloader.py:432: UserWarning: This DataLoader will create 6 worker processes in total. Our suggested max number of worker in current system is 2, which is smaller than what this DataLoader is going to create. Please be aware that excessive worker creation might get DataLoader running slow or even freeze, lower the worker number to avoid potential slowness/freeze if necessary.
  self.check_worker_number_rationality()

Epoch 396:  43%|████▎     | 20/47 [00:01<00:01, 16.02it/s, loss=0.361, v_num=]
Epoch 396:  43%|████▎     | 20/47 [00:01<00:01, 16.00it/s, loss=0.356, v_num=]
Epoch 396:  85%|████████▌ | 40/47 [00:02<00:00, 17.72it/s, loss=0.356, v_num=]
Epoch 396:  85%|████████▌ | 40/47 [00:02<00:00, 17.71it/s, loss=0.36, v_num=] 
Epoch 396: 100%|██████████| 47/47 [00:02<00:00, 17.27it/s, loss=0.357, v_num=]
Epoch 396:   0%|          | 0/47 [00:00<?, ?it/s, loss=0.357, v_num=]         
Epoch 397:   0%|          | 0/47 [00:00<?, ?it/s, loss=0.357, v_num=]
Epoch 397:  43%|████▎     | 20/47 [00:01<00:01, 16.38it/s, loss=0.357, v_num=]
Epoch 397:  43%|████▎     | 20/47 [00:01<00:01, 16.37it/s, loss=0.351, v_num=]
Epoch 397:  85%|████████▌ | 40/47 [00:02<00:00, 18.79it/s, loss=0.351, v_num=]
Epoch 397:  85%|████████▌ | 40/47 [00:02<00:00, 18.79it/s, loss=0.353, v_num=]
Epoch 397: 100%|██████████| 47/47 [00:02<00:00, 18.22it/s, loss=0.353, v_num=]
Epoch 397:   0%|          | 0/47 [00:00<?, ?it/s, loss=0.353, v_num=]         
Epoch 398:   0%|          | 0/47 [00:00<?, ?it/s, loss=0.353, v_num=]
Epoch 398:  43%|████▎     | 20/47 [00:01<00:01, 16.56it/s, loss=0.353, v_num=]
Epoch 398:  43%|████▎     | 20/47 [00:01<00:01, 16.55it/s, loss=0.354, v_num=]
Epoch 398:  85%|████████▌ | 40/47 [00:02<00:00, 18.88it/s, loss=0.354, v_num=]
Epoch 398:  85%|████████▌ | 40/47 [00:02<00:00, 18.87it/s, loss=0.36, v_num=] 
Epoch 398: 100%|██████████| 47/47 [00:02<00:00, 18.10it/s, loss=0.355, v_num=]
Epoch 398:   0%|          | 0/47 [00:00<?, ?it/s, loss=0.355, v_num=]         
Epoch 399:   0%|          | 0/47 [00:00<?, ?it/s, loss=0.355, v_num=]
Epoch 399:  43%|████▎     | 20/47 [00:01<00:02, 12.32it/s, loss=0.355, v_num=]
Epoch 399:  43%|████▎     | 20/47 [00:01<00:02, 12.31it/s, loss=0.352, v_num=]
Epoch 399:  85%|████████▌ | 40/47 [00:02<00:00, 13.56it/s, loss=0.352, v_num=]
Epoch 399:  85%|████████▌ | 40/47 [00:02<00:00, 13.55it/s, loss=0.352, v_num=]
Epoch 399: 100%|██████████| 47/47 [00:03<00:00, 13.79it/s, loss=0.355, v_num=]
Epoch 399:   0%|          | 0/47 [00:00<?, ?it/s, loss=0.355, v_num=]         
Epoch 400:   0%|          | 0/47 [00:00<?, ?it/s, loss=0.355, v_num=]
Epoch 400:  43%|████▎     | 20/47 [00:01<00:01, 16.42it/s, loss=0.355, v_num=]
Epoch 400:  43%|████▎     | 20/47 [00:01<00:01, 16.41it/s, loss=0.354, v_num=]
Epoch 400:  85%|████████▌ | 40/47 [00:02<00:00, 18.86it/s, loss=0.354, v_num=]
Epoch 400:  85%|████████▌ | 40/47 [00:02<00:00, 18.86it/s, loss=0.357, v_num=]
Epoch 400: 100%|██████████| 47/47 [00:02<00:00, 18.31it/s, loss=0.351, v_num=]Evaluating...
NMI : 0.6367707229949902, ARI: 0.4117662021862929, ACC: 0.4075, current K: 10
Epoch 400 | NMI: 0.6368, ARI: 0.4118, ACC: 0.4075, current K: 10
Confusion Matrix:
[[  0  23   1 237   2   6   0   0  27   4   0   0   0   0   0   0   0   0
    0   0]
 [  1   1   4   1  11   0   8 273   0   1   0   0   0   0   0   0   0   0
    0   0]
 [  0  12   0  10   0   3   2   0 272   1   0   0   0   0   0   0   0   0
    0   0]
 [  5   2 259   2   1   7   2  21   1   0   0   0   0   0   0   0   0   0
    0   0]
 [  0   3   4  20 253   5   0  15   0   0   0   0   0   0   0   0   0   0
    0   0]
 [  4 109   0   0   0   0 178   0   8   1   0   0   0   0   0   0   0   0
    0   0]
 [  0   0  12   0   1 276   0   6   5   0   0   0   0   0   0   0   0   0
    0   0]
 [203  90   1   0   0   0   5   0   1   0   0   0   0   0   0   0   0   0
    0   0]
 [  0  37   1   0   1   4   1   1  27 228   0   0   0   0   0   0   0   0
    0   0]
 [  1   4 264   0   0  23   3   5   0   0   0   0   0   0   0   0   0   0
    0   0]
 [  0  92   0  11   1   2   0   0   0 194   0   0   0   0   0   0   0   0
    0   0]
 [  0   4   2   0  19   0   1 272   2   0   0   0   0   0   0   0   0   0
    0   0]
 [  0   2   0  86 206   1   0   4   1   0   0   0   0   0   0   0   0   0
    0   0]
 [  0   4   2   0   0   0 262  15  17   0   0   0   0   0   0   0   0   0
    0   0]
 [  1   6   8   0   0 274   0   0  10   1   0   0   0   0   0   0   0   0
    0   0]
 [271  18   4   2   2   0   0   3   0   0   0   0   0   0   0   0   0   0
    0   0]
 [  0   4   0  29 250   0   0   5   1  11   0   0   0   0   0   0   0   0
    0   0]
 [  0  50   3   0   0   0 238   2   6   1   0   0   0   0   0   0   0   0
    0   0]
 [  0   1  10   1   0 274   0   0   2  12   0   0   0   0   0   0   0   0
    0   0]
 [235  52   0   1   0   0   0  12   0   0   0   0   0   0   0   0   0   0
    0   0]]

Epoch 400:   0%|          | 0/47 [00:00<?, ?it/s, loss=0.351, v_num=]         
Epoch 401:   0%|          | 0/47 [00:00<?, ?it/s, loss=0.351, v_num=]/usr/local/lib/python3.13/dist-packages/torch/utils/data/dataloader.py:432: UserWarning: This DataLoader will create 6 worker processes in total. Our suggested max number of worker in current system is 2, which is smaller than what this DataLoader is going to create. Please be aware that excessive worker creation might get DataLoader running slow or even freeze, lower the worker number to avoid potential slowness/freeze if necessary.
  self.check_worker_number_rationality()

Epoch 401:  43%|████▎     | 20/47 [00:01<00:01, 16.69it/s, loss=0.351, v_num=]
Epoch 401:  43%|████▎     | 20/47 [00:01<00:01, 16.68it/s, loss=0.351, v_num=]
Epoch 401:  85%|████████▌ | 40/47 [00:02<00:00, 18.98it/s, loss=0.351, v_num=]
Epoch 401:  85%|████████▌ | 40/47 [00:02<00:00, 18.97it/s, loss=0.356, v_num=]
Epoch 401: 100%|██████████| 47/47 [00:02<00:00, 18.27it/s, loss=0.351, v_num=]
Epoch 401:   0%|          | 0/47 [00:00<?, ?it/s, loss=0.351, v_num=]         
Epoch 402:   0%|          | 0/47 [00:00<?, ?it/s, loss=0.351, v_num=]
Epoch 402:  43%|████▎     | 20/47 [00:01<00:01, 16.29it/s, loss=0.351, v_num=]
Epoch 402:  43%|████▎     | 20/47 [00:01<00:01, 16.28it/s, loss=0.356, v_num=]
Epoch 402:  85%|████████▌ | 40/47 [00:02<00:00, 18.54it/s, loss=0.356, v_num=]
Epoch 402:  85%|████████▌ | 40/47 [00:02<00:00, 18.54it/s, loss=0.356, v_num=]
Epoch 402: 100%|██████████| 47/47 [00:02<00:00, 18.11it/s, loss=0.354, v_num=]
Epoch 402:   0%|          | 0/47 [00:00<?, ?it/s, loss=0.354, v_num=]         
Epoch 403:   0%|          | 0/47 [00:00<?, ?it/s, loss=0.354, v_num=]
Epoch 403:  43%|████▎     | 20/47 [00:01<00:01, 16.36it/s, loss=0.354, v_num=]
Epoch 403:  43%|████▎     | 20/47 [00:01<00:01, 16.35it/s, loss=0.351, v_num=]
Epoch 403:  85%|████████▌ | 40/47 [00:02<00:00, 16.79it/s, loss=0.351, v_num=]
Epoch 403:  85%|████████▌ | 40/47 [00:02<00:00, 16.79it/s, loss=0.354, v_num=]
Epoch 403: 100%|██████████| 47/47 [00:03<00:00, 15.42it/s, loss=0.354, v_num=]
Epoch 403:   0%|          | 0/47 [00:00<?, ?it/s, loss=0.354, v_num=]         
Epoch 404:   0%|          | 0/47 [00:00<?, ?it/s, loss=0.354, v_num=]
Epoch 404:  43%|████▎     | 20/47 [00:01<00:02, 11.72it/s, loss=0.354, v_num=]
Epoch 404:  43%|████▎     | 20/47 [00:01<00:02, 11.71it/s, loss=0.356, v_num=]
Epoch 404:  85%|████████▌ | 40/47 [00:02<00:00, 15.24it/s, loss=0.356, v_num=]
Epoch 404:  85%|████████▌ | 40/47 [00:02<00:00, 15.24it/s, loss=0.36, v_num=] 
Epoch 404: 100%|██████████| 47/47 [00:03<00:00, 15.27it/s, loss=0.35, v_num=]
Epoch 404:   0%|          | 0/47 [00:00<?, ?it/s, loss=0.35, v_num=]         
Epoch 405:   0%|          | 0/47 [00:00<?, ?it/s, loss=0.35, v_num=]
Epoch 405:  43%|████▎     | 20/47 [00:01<00:01, 16.41it/s, loss=0.35, v_num=]
Epoch 405:  43%|████▎     | 20/47 [00:01<00:01, 16.40it/s, loss=0.356, v_num=]
Epoch 405:  85%|████████▌ | 40/47 [00:02<00:00, 18.81it/s, loss=0.356, v_num=]
Epoch 405:  85%|████████▌ | 40/47 [00:02<00:00, 18.80it/s, loss=0.363, v_num=]
Epoch 405: 100%|██████████| 47/47 [00:02<00:00, 18.19it/s, loss=0.348, v_num=]Evaluating...
NMI : 0.6372005879845744, ARI: 0.41188099681544854, ACC: 0.40767, current K: 10

Epoch 405:   0%|          | 0/47 [00:00<?, ?it/s, loss=0.348, v_num=]         
Epoch 406:   0%|          | 0/47 [00:00<?, ?it/s, loss=0.348, v_num=]/usr/local/lib/python3.13/dist-packages/torch/utils/data/dataloader.py:432: UserWarning: This DataLoader will create 6 worker processes in total. Our suggested max number of worker in current system is 2, which is smaller than what this DataLoader is going to create. Please be aware that excessive worker creation might get DataLoader running slow or even freeze, lower the worker number to avoid potential slowness/freeze if necessary.
  self.check_worker_number_rationality()

Epoch 406:  43%|████▎     | 20/47 [00:01<00:01, 16.20it/s, loss=0.348, v_num=]
Epoch 406:  43%|████▎     | 20/47 [00:01<00:01, 16.19it/s, loss=0.346, v_num=]
Epoch 406:  85%|████████▌ | 40/47 [00:02<00:00, 18.65it/s, loss=0.346, v_num=]
Epoch 406:  85%|████████▌ | 40/47 [00:02<00:00, 18.64it/s, loss=0.354, v_num=]
Epoch 406: 100%|██████████| 47/47 [00:02<00:00, 18.03it/s, loss=0.356, v_num=]
Epoch 406:   0%|          | 0/47 [00:00<?, ?it/s, loss=0.356, v_num=]         
Epoch 407:   0%|          | 0/47 [00:00<?, ?it/s, loss=0.356, v_num=]
Epoch 407:  43%|████▎     | 20/47 [00:01<00:01, 16.58it/s, loss=0.356, v_num=]
Epoch 407:  43%|████▎     | 20/47 [00:01<00:01, 16.57it/s, loss=0.351, v_num=]
Epoch 407:  85%|████████▌ | 40/47 [00:02<00:00, 17.81it/s, loss=0.351, v_num=]
Epoch 407:  85%|████████▌ | 40/47 [00:02<00:00, 17.81it/s, loss=0.362, v_num=]
Epoch 407: 100%|██████████| 47/47 [00:02<00:00, 17.34it/s, loss=0.358, v_num=]
Epoch 407:   0%|          | 0/47 [00:00<?, ?it/s, loss=0.358, v_num=]         
Epoch 408:   0%|          | 0/47 [00:00<?, ?it/s, loss=0.358, v_num=]
Epoch 408:  43%|████▎     | 20/47 [00:01<00:02, 13.29it/s, loss=0.358, v_num=]
Epoch 408:  43%|████▎     | 20/47 [00:01<00:02, 13.28it/s, loss=0.352, v_num=]
Epoch 408:  85%|████████▌ | 40/47 [00:02<00:00, 14.80it/s, loss=0.352, v_num=]
Epoch 408:  85%|████████▌ | 40/47 [00:02<00:00, 14.80it/s, loss=0.348, v_num=]
Epoch 408: 100%|██████████| 47/47 [00:03<00:00, 13.84it/s, loss=0.354, v_num=]
Epoch 408:   0%|          | 0/47 [00:00<?, ?it/s, loss=0.354, v_num=]         
Epoch 409:   0%|          | 0/47 [00:00<?, ?it/s, loss=0.354, v_num=]
Epoch 409:  43%|████▎     | 20/47 [00:01<00:01, 16.40it/s, loss=0.354, v_num=]
Epoch 409:  43%|████▎     | 20/47 [00:01<00:01, 16.39it/s, loss=0.357, v_num=]
Epoch 409:  85%|████████▌ | 40/47 [00:02<00:00, 18.77it/s, loss=0.357, v_num=]
Epoch 409:  85%|████████▌ | 40/47 [00:02<00:00, 18.77it/s, loss=0.355, v_num=]
Epoch 409: 100%|██████████| 47/47 [00:02<00:00, 18.20it/s, loss=0.352, v_num=]
Epoch 409:   0%|          | 0/47 [00:00<?, ?it/s, loss=0.352, v_num=]         
Epoch 410:   0%|          | 0/47 [00:00<?, ?it/s, loss=0.352, v_num=]
Epoch 410:  43%|████▎     | 20/47 [00:01<00:01, 16.63it/s, loss=0.352, v_num=]
Epoch 410:  43%|████▎     | 20/47 [00:01<00:01, 16.62it/s, loss=0.349, v_num=]
Epoch 410:  85%|████████▌ | 40/47 [00:02<00:00, 18.52it/s, loss=0.349, v_num=]
Epoch 410:  85%|████████▌ | 40/47 [00:02<00:00, 18.52it/s, loss=0.35, v_num=] 
Epoch 410: 100%|██████████| 47/47 [00:02<00:00, 17.96it/s, loss=0.36, v_num=]Evaluating...
NMI : 0.6363788915090971, ARI: 0.4112635802642814, ACC: 0.407, current K: 10
Epoch 410 | NMI: 0.6364, ARI: 0.4113, ACC: 0.4070, current K: 10
Confusion Matrix:
[[  1  21   1 238   2   6   0   0  27   4   0   0   0   0   0   0   0   0
    0   0]
 [  1   1   4   1  10   0   7 273   1   2   0   0   0   0   0   0   0   0
    0   0]
 [  0  12   0  10   0   3   2   0 272   1   0   0   0   0   0   0   0   0
    0   0]
 [  6   2 258   2   1   7   1  22   1   0   0   0   0   0   0   0   0   0
    0   0]
 [  0   3   5  20 254   4   0  14   0   0   0   0   0   0   0   0   0   0
    0   0]
 [  4 104   0   0   0   0 184   0   8   0   0   0   0   0   0   0   0   0
    0   0]
 [  0   0  12   0   1 275   0   6   6   0   0   0   0   0   0   0   0   0
    0   0]
 [201  93   1   0   0   0   4   0   1   0   0   0   0   0   0   0   0   0
    0   0]
 [  0  41   1   0   1   4   1   0  21 231   0   0   0   0   0   0   0   0
    0   0]
 [  1   4 264   0   0  23   3   5   0   0   0   0   0   0   0   0   0   0
    0   0]
 [  0  91   0  12   1   3   0   0   0 193   0   0   0   0   0   0   0   0
    0   0]
 [  0   4   2   0  19   0   1 272   2   0   0   0   0   0   0   0   0   0
    0   0]
 [  0   2   0  87 205   1   0   4   1   0   0   0   0   0   0   0   0   0
    0   0]
 [  0   4   2   0   0   0 260  16  18   0   0   0   0   0   0   0   0   0
    0   0]
 [  1   6   8   0   0 274   0   0  10   1   0   0   0   0   0   0   0   0
    0   0]
 [271  18   4   1   2   0   0   3   1   0   0   0   0   0   0   0   0   0
    0   0]
 [  0   4   0  29 250   0   0   5   1  11   0   0   0   0   0   0   0   0
    0   0]
 [  0  53   3   0   0   0 236   2   5   1   0   0   0   0   0   0   0   0
    0   0]
 [  0   1  10   1   0 274   0   0   2  12   0   0   0   0   0   0   0   0
    0   0]
 [230  57   0   1   0   0   0  12   0   0   0   0   0   0   0   0   0   0
    0   0]]

Epoch 410:   0%|          | 0/47 [00:00<?, ?it/s, loss=0.36, v_num=]         
Epoch 411:   0%|          | 0/47 [00:00<?, ?it/s, loss=0.36, v_num=]/usr/local/lib/python3.13/dist-packages/torch/utils/data/dataloader.py:432: UserWarning: This DataLoader will create 6 worker processes in total. Our suggested max number of worker in current system is 2, which is smaller than what this DataLoader is going to create. Please be aware that excessive worker creation might get DataLoader running slow or even freeze, lower the worker number to avoid potential slowness/freeze if necessary.
  self.check_worker_number_rationality()

Epoch 411:  43%|████▎     | 20/47 [00:01<00:01, 16.45it/s, loss=0.36, v_num=]
Epoch 411:  43%|████▎     | 20/47 [00:01<00:01, 16.43it/s, loss=0.36, v_num=]
Epoch 411:  85%|████████▌ | 40/47 [00:02<00:00, 18.92it/s, loss=0.36, v_num=]
Epoch 411:  85%|████████▌ | 40/47 [00:02<00:00, 18.92it/s, loss=0.352, v_num=]
Epoch 411: 100%|██████████| 47/47 [00:02<00:00, 18.33it/s, loss=0.356, v_num=]
Epoch 411:   0%|          | 0/47 [00:00<?, ?it/s, loss=0.356, v_num=]         
Epoch 412:   0%|          | 0/47 [00:00<?, ?it/s, loss=0.356, v_num=]
Epoch 412:  43%|████▎     | 20/47 [00:01<00:01, 16.29it/s, loss=0.356, v_num=]
Epoch 412:  43%|████▎     | 20/47 [00:01<00:01, 16.28it/s, loss=0.348, v_num=]
Epoch 412:  85%|████████▌ | 40/47 [00:02<00:00, 18.12it/s, loss=0.348, v_num=]
Epoch 412:  85%|████████▌ | 40/47 [00:02<00:00, 18.12it/s, loss=0.353, v_num=]
Epoch 412: 100%|██████████| 47/47 [00:02<00:00, 16.63it/s, loss=0.359, v_num=]
Epoch 412:   0%|          | 0/47 [00:00<?, ?it/s, loss=0.359, v_num=]         
Epoch 413:   0%|          | 0/47 [00:00<?, ?it/s, loss=0.359, v_num=]
Epoch 413:  43%|████▎     | 20/47 [00:01<00:02, 11.87it/s, loss=0.359, v_num=]
Epoch 413:  43%|████▎     | 20/47 [00:01<00:02, 11.86it/s, loss=0.352, v_num=]
Epoch 413:  85%|████████▌ | 40/47 [00:02<00:00, 14.86it/s, loss=0.352, v_num=]
Epoch 413:  85%|████████▌ | 40/47 [00:02<00:00, 14.86it/s, loss=0.357, v_num=]
Epoch 413: 100%|██████████| 47/47 [00:03<00:00, 15.05it/s, loss=0.353, v_num=]
Epoch 413:   0%|          | 0/47 [00:00<?, ?it/s, loss=0.353, v_num=]         
Epoch 414:   0%|          | 0/47 [00:00<?, ?it/s, loss=0.353, v_num=]
Epoch 414:  43%|████▎     | 20/47 [00:01<00:01, 15.34it/s, loss=0.353, v_num=]
Epoch 414:  43%|████▎     | 20/47 [00:01<00:01, 15.33it/s, loss=0.359, v_num=]
Epoch 414:  85%|████████▌ | 40/47 [00:02<00:00, 17.98it/s, loss=0.359, v_num=]
Epoch 414:  85%|████████▌ | 40/47 [00:02<00:00, 17.97it/s, loss=0.35, v_num=] 
Epoch 414: 100%|██████████| 47/47 [00:02<00:00, 17.65it/s, loss=0.353, v_num=]
Epoch 414:   0%|          | 0/47 [00:00<?, ?it/s, loss=0.353, v_num=]         
Epoch 415:   0%|          | 0/47 [00:00<?, ?it/s, loss=0.353, v_num=]
Epoch 415:  43%|████▎     | 20/47 [00:01<00:01, 16.58it/s, loss=0.353, v_num=]
Epoch 415:  43%|████▎     | 20/47 [00:01<00:01, 16.56it/s, loss=0.354, v_num=]
Epoch 415:  85%|████████▌ | 40/47 [00:02<00:00, 18.84it/s, loss=0.354, v_num=]
Epoch 415:  85%|████████▌ | 40/47 [00:02<00:00, 18.84it/s, loss=0.352, v_num=]
Epoch 415: 100%|██████████| 47/47 [00:02<00:00, 18.26it/s, loss=0.349, v_num=]Evaluating...
NMI : 0.6361238026726953, ARI: 0.41094258824636226, ACC: 0.40617, current K: 10

Epoch 415:   0%|          | 0/47 [00:00<?, ?it/s, loss=0.349, v_num=]         
Epoch 416:   0%|          | 0/47 [00:00<?, ?it/s, loss=0.349, v_num=]/usr/local/lib/python3.13/dist-packages/torch/utils/data/dataloader.py:432: UserWarning: This DataLoader will create 6 worker processes in total. Our suggested max number of worker in current system is 2, which is smaller than what this DataLoader is going to create. Please be aware that excessive worker creation might get DataLoader running slow or even freeze, lower the worker number to avoid potential slowness/freeze if necessary.
  self.check_worker_number_rationality()

Epoch 416:  43%|████▎     | 20/47 [00:01<00:01, 16.36it/s, loss=0.349, v_num=]
Epoch 416:  43%|████▎     | 20/47 [00:01<00:01, 16.35it/s, loss=0.351, v_num=]
Epoch 416:  85%|████████▌ | 40/47 [00:02<00:00, 18.61it/s, loss=0.351, v_num=]
Epoch 416:  85%|████████▌ | 40/47 [00:02<00:00, 18.61it/s, loss=0.358, v_num=]
Epoch 416: 100%|██████████| 47/47 [00:02<00:00, 18.15it/s, loss=0.354, v_num=]
Epoch 416:   0%|          | 0/47 [00:00<?, ?it/s, loss=0.354, v_num=]         
Epoch 417:   0%|          | 0/47 [00:00<?, ?it/s, loss=0.354, v_num=]
Epoch 417:  43%|████▎     | 20/47 [00:01<00:01, 14.42it/s, loss=0.354, v_num=]
Epoch 417:  43%|████▎     | 20/47 [00:01<00:01, 14.42it/s, loss=0.343, v_num=]
Epoch 417:  85%|████████▌ | 40/47 [00:02<00:00, 15.88it/s, loss=0.343, v_num=]
Epoch 417:  85%|████████▌ | 40/47 [00:02<00:00, 15.87it/s, loss=0.356, v_num=]
Epoch 417: 100%|██████████| 47/47 [00:03<00:00, 14.76it/s, loss=0.36, v_num=] 
Epoch 417:   0%|          | 0/47 [00:00<?, ?it/s, loss=0.36, v_num=]         
Epoch 418:   0%|          | 0/47 [00:00<?, ?it/s, loss=0.36, v_num=]
Epoch 418:  43%|████▎     | 20/47 [00:01<00:02, 11.73it/s, loss=0.36, v_num=]
Epoch 418:  43%|████▎     | 20/47 [00:01<00:02, 11.72it/s, loss=0.352, v_num=]
Epoch 418:  85%|████████▌ | 40/47 [00:02<00:00, 15.30it/s, loss=0.352, v_num=]
Epoch 418:  85%|████████▌ | 40/47 [00:02<00:00, 15.30it/s, loss=0.357, v_num=]
Epoch 418: 100%|██████████| 47/47 [00:03<00:00, 15.32it/s, loss=0.345, v_num=]
Epoch 418:   0%|          | 0/47 [00:00<?, ?it/s, loss=0.345, v_num=]         
Epoch 419:   0%|          | 0/47 [00:00<?, ?it/s, loss=0.345, v_num=]
Epoch 419:  43%|████▎     | 20/47 [00:01<00:01, 16.32it/s, loss=0.345, v_num=]
Epoch 419:  43%|████▎     | 20/47 [00:01<00:01, 16.31it/s, loss=0.354, v_num=]
Epoch 419:  85%|████████▌ | 40/47 [00:02<00:00, 18.68it/s, loss=0.354, v_num=]
Epoch 419:  85%|████████▌ | 40/47 [00:02<00:00, 18.68it/s, loss=0.353, v_num=]
Epoch 419: 100%|██████████| 47/47 [00:02<00:00, 18.12it/s, loss=0.353, v_num=]
Epoch 419:   0%|          | 0/47 [00:00<?, ?it/s, loss=0.353, v_num=]         
Epoch 420:   0%|          | 0/47 [00:00<?, ?it/s, loss=0.353, v_num=]
Epoch 420:  43%|████▎     | 20/47 [00:01<00:01, 16.38it/s, loss=0.353, v_num=]
Epoch 420:  43%|████▎     | 20/47 [00:01<00:01, 16.37it/s, loss=0.343, v_num=]
Epoch 420:  85%|████████▌ | 40/47 [00:02<00:00, 18.55it/s, loss=0.343, v_num=]
Epoch 420:  85%|████████▌ | 40/47 [00:02<00:00, 18.55it/s, loss=0.362, v_num=]
Epoch 420: 100%|██████████| 47/47 [00:02<00:00, 18.05it/s, loss=0.355, v_num=]Evaluating...
NMI : 0.6376385353508807, ARI: 0.41207876804245347, ACC: 0.407, current K: 10
Epoch 420 | NMI: 0.6376, ARI: 0.4121, ACC: 0.4070, current K: 10
Confusion Matrix:
[[  1  19   1 240   2   6   0   0  27   4   0   0   0   0   0   0   0   0
    0   0]
 [  1   1   4   1  10   0   4 276   1   2   0   0   0   0   0   0   0   0
    0   0]
 [  0  12   0  10   0   3   2   0 272   1   0   0   0   0   0   0   0   0
    0   0]
 [  6   2 258   2   1   7   1  22   1   0   0   0   0   0   0   0   0   0
    0   0]
 [  0   3   6  19 254   4   0  14   0   0   0   0   0   0   0   0   0   0
    0   0]
 [  4 101   0   0   0   0 187   0   8   0   0   0   0   0   0   0   0   0
    0   0]
 [  0   0  12   0   1 274   0   6   7   0   0   0   0   0   0   0   0   0
    0   0]
 [201  93   1   0   0   0   4   0   1   0   0   0   0   0   0   0   0   0
    0   0]
 [  0  42   1   0   1   4   1   1  21 229   0   0   0   0   0   0   0   0
    0   0]
 [  1   2 266   0   0  23   3   5   0   0   0   0   0   0   0   0   0   0
    0   0]
 [  0  90   0  12   1   3   0   0   0 194   0   0   0   0   0   0   0   0
    0   0]
 [  0   5   2   0  19   0   1 271   2   0   0   0   0   0   0   0   0   0
    0   0]
 [  0   2   0  87 205   1   0   4   1   0   0   0   0   0   0   0   0   0
    0   0]
 [  0   4   2   0   0   0 259  17  18   0   0   0   0   0   0   0   0   0
    0   0]
 [  1   5   8   0   0 275   0   0  10   1   0   0   0   0   0   0   0   0
    0   0]
 [270  21   4   1   2   0   0   1   1   0   0   0   0   0   0   0   0   0
    0   0]
 [  0   4   0  31 249   0   0   5   1  10   0   0   0   0   0   0   0   0
    0   0]
 [  0  54   3   0   0   0 237   2   3   1   0   0   0   0   0   0   0   0
    0   0]
 [  0   1  10   1   0 274   0   0   2  12   0   0   0   0   0   0   0   0
    0   0]
 [230  57   0   1   0   0   0  12   0   0   0   0   0   0   0   0   0   0
    0   0]]

Epoch 420:   0%|          | 0/47 [00:00<?, ?it/s, loss=0.355, v_num=]         
Epoch 421:   0%|          | 0/47 [00:00<?, ?it/s, loss=0.355, v_num=]/usr/local/lib/python3.13/dist-packages/torch/utils/data/dataloader.py:432: UserWarning: This DataLoader will create 6 worker processes in total. Our suggested max number of worker in current system is 2, which is smaller than what this DataLoader is going to create. Please be aware that excessive worker creation might get DataLoader running slow or even freeze, lower the worker number to avoid potential slowness/freeze if necessary.
  self.check_worker_number_rationality()

Epoch 421:  43%|████▎     | 20/47 [00:01<00:01, 15.98it/s, loss=0.355, v_num=]
Epoch 421:  43%|████▎     | 20/47 [00:01<00:01, 15.97it/s, loss=0.356, v_num=]
Epoch 421:  85%|████████▌ | 40/47 [00:02<00:00, 18.46it/s, loss=0.356, v_num=]
Epoch 421:  85%|████████▌ | 40/47 [00:02<00:00, 18.46it/s, loss=0.353, v_num=]
Epoch 421: 100%|██████████| 47/47 [00:02<00:00, 17.84it/s, loss=0.355, v_num=]
Epoch 421:   0%|          | 0/47 [00:00<?, ?it/s, loss=0.355, v_num=]         
Epoch 422:   0%|          | 0/47 [00:00<?, ?it/s, loss=0.355, v_num=]
Epoch 422:  43%|████▎     | 20/47 [00:01<00:02, 12.52it/s, loss=0.355, v_num=]
Epoch 422:  43%|████▎     | 20/47 [00:01<00:02, 12.51it/s, loss=0.349, v_num=]
Epoch 422:  85%|████████▌ | 40/47 [00:02<00:00, 14.14it/s, loss=0.349, v_num=]
Epoch 422:  85%|████████▌ | 40/47 [00:02<00:00, 14.14it/s, loss=0.356, v_num=]
Epoch 422: 100%|██████████| 47/47 [00:03<00:00, 13.67it/s, loss=0.353, v_num=]
Epoch 422:   0%|          | 0/47 [00:00<?, ?it/s, loss=0.353, v_num=]         
Epoch 423:   0%|          | 0/47 [00:00<?, ?it/s, loss=0.353, v_num=]
Epoch 423:  43%|████▎     | 20/47 [00:01<00:01, 16.19it/s, loss=0.353, v_num=]
Epoch 423:  43%|████▎     | 20/47 [00:01<00:01, 16.18it/s, loss=0.351, v_num=]
Epoch 423:  85%|████████▌ | 40/47 [00:02<00:00, 18.62it/s, loss=0.351, v_num=]
Epoch 423:  85%|████████▌ | 40/47 [00:02<00:00, 18.62it/s, loss=0.351, v_num=]
Epoch 423: 100%|██████████| 47/47 [00:02<00:00, 18.04it/s, loss=0.35, v_num=] 
Epoch 423:   0%|          | 0/47 [00:00<?, ?it/s, loss=0.35, v_num=]         
Epoch 424:   0%|          | 0/47 [00:00<?, ?it/s, loss=0.35, v_num=]
Epoch 424:  43%|████▎     | 20/47 [00:01<00:01, 16.50it/s, loss=0.35, v_num=]
Epoch 424:  43%|████▎     | 20/47 [00:01<00:01, 16.49it/s, loss=0.354, v_num=]
Epoch 424:  85%|████████▌ | 40/47 [00:02<00:00, 18.83it/s, loss=0.354, v_num=]
Epoch 424:  85%|████████▌ | 40/47 [00:02<00:00, 18.83it/s, loss=0.354, v_num=]
Epoch 424: 100%|██████████| 47/47 [00:02<00:00, 18.24it/s, loss=0.347, v_num=]
Epoch 424:   0%|          | 0/47 [00:00<?, ?it/s, loss=0.347, v_num=]         
Epoch 425:   0%|          | 0/47 [00:00<?, ?it/s, loss=0.347, v_num=]
Epoch 425:  43%|████▎     | 20/47 [00:01<00:01, 15.70it/s, loss=0.347, v_num=]
Epoch 425:  43%|████▎     | 20/47 [00:01<00:01, 15.69it/s, loss=0.358, v_num=]
Epoch 425:  85%|████████▌ | 40/47 [00:02<00:00, 18.28it/s, loss=0.358, v_num=]
Epoch 425:  85%|████████▌ | 40/47 [00:02<00:00, 18.27it/s, loss=0.348, v_num=]
Epoch 425: 100%|██████████| 47/47 [00:02<00:00, 17.79it/s, loss=0.353, v_num=]Evaluating...
NMI : 0.6373541939304365, ARI: 0.4118362730579936, ACC: 0.40633, current K: 10

Epoch 425:   0%|          | 0/47 [00:00<?, ?it/s, loss=0.353, v_num=]         
Epoch 426:   0%|          | 0/47 [00:00<?, ?it/s, loss=0.353, v_num=]/usr/local/lib/python3.13/dist-packages/torch/utils/data/dataloader.py:432: UserWarning: This DataLoader will create 6 worker processes in total. Our suggested max number of worker in current system is 2, which is smaller than what this DataLoader is going to create. Please be aware that excessive worker creation might get DataLoader running slow or even freeze, lower the worker number to avoid potential slowness/freeze if necessary.
  self.check_worker_number_rationality()

Epoch 426:  43%|████▎     | 20/47 [00:01<00:01, 16.51it/s, loss=0.353, v_num=]
Epoch 426:  43%|████▎     | 20/47 [00:01<00:01, 16.50it/s, loss=0.356, v_num=]
Epoch 426:  85%|████████▌ | 40/47 [00:02<00:00, 17.97it/s, loss=0.356, v_num=]
Epoch 426:  85%|████████▌ | 40/47 [00:02<00:00, 17.97it/s, loss=0.353, v_num=]
Epoch 426: 100%|██████████| 47/47 [00:02<00:00, 16.68it/s, loss=0.348, v_num=]
Epoch 426:   0%|          | 0/47 [00:00<?, ?it/s, loss=0.348, v_num=]         
Epoch 427:   0%|          | 0/47 [00:00<?, ?it/s, loss=0.348, v_num=]
Epoch 427:  43%|████▎     | 20/47 [00:01<00:02, 11.31it/s, loss=0.348, v_num=]
Epoch 427:  43%|████▎     | 20/47 [00:01<00:02, 11.30it/s, loss=0.356, v_num=]
Epoch 427:  85%|████████▌ | 40/47 [00:02<00:00, 14.81it/s, loss=0.356, v_num=]
Epoch 427:  85%|████████▌ | 40/47 [00:02<00:00, 14.81it/s, loss=0.351, v_num=]
Epoch 427: 100%|██████████| 47/47 [00:03<00:00, 14.94it/s, loss=0.355, v_num=]
Epoch 427:   0%|          | 0/47 [00:00<?, ?it/s, loss=0.355, v_num=]         
Epoch 428:   0%|          | 0/47 [00:00<?, ?it/s, loss=0.355, v_num=]
Epoch 428:  43%|████▎     | 20/47 [00:01<00:01, 16.14it/s, loss=0.355, v_num=]
Epoch 428:  43%|████▎     | 20/47 [00:01<00:01, 16.12it/s, loss=0.353, v_num=]
Epoch 428:  85%|████████▌ | 40/47 [00:02<00:00, 18.34it/s, loss=0.353, v_num=]
Epoch 428:  85%|████████▌ | 40/47 [00:02<00:00, 18.34it/s, loss=0.349, v_num=]
Epoch 428: 100%|██████████| 47/47 [00:02<00:00, 17.14it/s, loss=0.354, v_num=]
Epoch 428:   0%|          | 0/47 [00:00<?, ?it/s, loss=0.354, v_num=]         
Epoch 429:   0%|          | 0/47 [00:00<?, ?it/s, loss=0.354, v_num=]
Epoch 429:  43%|████▎     | 20/47 [00:01<00:01, 15.83it/s, loss=0.354, v_num=]
Epoch 429:  43%|████▎     | 20/47 [00:01<00:01, 15.82it/s, loss=0.352, v_num=]
Epoch 429:  85%|████████▌ | 40/47 [00:02<00:00, 18.16it/s, loss=0.352, v_num=]
Epoch 429:  85%|████████▌ | 40/47 [00:02<00:00, 18.15it/s, loss=0.356, v_num=]
Epoch 429: 100%|██████████| 47/47 [00:02<00:00, 17.57it/s, loss=0.352, v_num=]
Epoch 429:   0%|          | 0/47 [00:00<?, ?it/s, loss=0.352, v_num=]         
Epoch 430:   0%|          | 0/47 [00:00<?, ?it/s, loss=0.352, v_num=]
Epoch 430:  43%|████▎     | 20/47 [00:01<00:01, 16.41it/s, loss=0.352, v_num=]
Epoch 430:  43%|████▎     | 20/47 [00:01<00:01, 16.40it/s, loss=0.346, v_num=]
Epoch 430:  85%|████████▌ | 40/47 [00:02<00:00, 18.73it/s, loss=0.346, v_num=]
Epoch 430:  85%|████████▌ | 40/47 [00:02<00:00, 18.73it/s, loss=0.349, v_num=]
Epoch 430: 100%|██████████| 47/47 [00:02<00:00, 18.14it/s, loss=0.357, v_num=]Evaluating...
NMI : 0.6368076621455873, ARI: 0.4113062752874077, ACC: 0.406, current K: 10
Epoch 430 | NMI: 0.6368, ARI: 0.4113, ACC: 0.4060, current K: 10
Confusion Matrix:
[[  1  19   1 241   2   6   0   0  27   3   0   0   0   0   0   0   0   0
    0   0]
 [  1   1   4   1  10   0   4 276   1   2   0   0   0   0   0   0   0   0
    0   0]
 [  0  12   0  10   0   3   2   0 272   1   0   0   0   0   0   0   0   0
    0   0]
 [  6   2 258   2   1   7   1  22   1   0   0   0   0   0   0   0   0   0
    0   0]
 [  0   3   6  19 254   4   0  14   0   0   0   0   0   0   0   0   0   0
    0   0]
 [  4  91   0   0   0   0 196   0   9   0   0   0   0   0   0   0   0   0
    0   0]
 [  0   0  12   0   1 273   0   6   8   0   0   0   0   0   0   0   0   0
    0   0]
 [196  98   1   0   0   0   4   0   1   0   0   0   0   0   0   0   0   0
    0   0]
 [  0  43   1   0   1   4   1   1  20 229   0   0   0   0   0   0   0   0
    0   0]
 [  1   2 266   0   0  23   3   5   0   0   0   0   0   0   0   0   0   0
    0   0]
 [  0  89   0  12   1   3   0   0   0 195   0   0   0   0   0   0   0   0
    0   0]
 [  0   5   2   0  19   0   1 271   2   0   0   0   0   0   0   0   0   0
    0   0]
 [  0   2   0  88 205   0   0   4   1   0   0   0   0   0   0   0   0   0
    0   0]
 [  0   6   2   0   0   0 256  18  18   0   0   0   0   0   0   0   0   0
    0   0]
 [  1   5   8   0   0 275   0   0  10   1   0   0   0   0   0   0   0   0
    0   0]
 [269  22   4   1   2   0   0   1   1   0   0   0   0   0   0   0   0   0
    0   0]
 [  0   4   0  31 249   0   0   5   1  10   0   0   0   0   0   0   0   0
    0   0]
 [  0  54   5   0   0   0 236   2   2   1   0   0   0   0   0   0   0   0
    0   0]
 [  0   1  10   1   0 274   0   0   2  12   0   0   0   0   0   0   0   0
    0   0]
 [227  59   0   1   0   0   0  13   0   0   0   0   0   0   0   0   0   0
    0   0]]

Epoch 430:   0%|          | 0/47 [00:00<?, ?it/s, loss=0.357, v_num=]         
Epoch 431:   0%|          | 0/47 [00:00<?, ?it/s, loss=0.357, v_num=]/usr/local/lib/python3.13/dist-packages/torch/utils/data/dataloader.py:432: UserWarning: This DataLoader will create 6 worker processes in total. Our suggested max number of worker in current system is 2, which is smaller than what this DataLoader is going to create. Please be aware that excessive worker creation might get DataLoader running slow or even freeze, lower the worker number to avoid potential slowness/freeze if necessary.
  self.check_worker_number_rationality()

Epoch 431:  43%|████▎     | 20/47 [00:01<00:01, 13.59it/s, loss=0.357, v_num=]
Epoch 431:  43%|████▎     | 20/47 [00:01<00:01, 13.58it/s, loss=0.353, v_num=]
Epoch 431:  85%|████████▌ | 40/47 [00:02<00:00, 15.00it/s, loss=0.353, v_num=]
Epoch 431:  85%|████████▌ | 40/47 [00:02<00:00, 15.00it/s, loss=0.346, v_num=]
Epoch 431: 100%|██████████| 47/47 [00:03<00:00, 14.05it/s, loss=0.355, v_num=]
Epoch 431:   0%|          | 0/47 [00:00<?, ?it/s, loss=0.355, v_num=]         
Epoch 432:   0%|          | 0/47 [00:00<?, ?it/s, loss=0.355, v_num=]
Epoch 432:  43%|████▎     | 20/47 [00:01<00:01, 15.51it/s, loss=0.355, v_num=]
Epoch 432:  43%|████▎     | 20/47 [00:01<00:01, 15.50it/s, loss=0.348, v_num=]
Epoch 432:  85%|████████▌ | 40/47 [00:02<00:00, 18.24it/s, loss=0.348, v_num=]
Epoch 432:  85%|████████▌ | 40/47 [00:02<00:00, 18.24it/s, loss=0.346, v_num=]
Epoch 432: 100%|██████████| 47/47 [00:02<00:00, 17.61it/s, loss=0.351, v_num=]
Epoch 432:   0%|          | 0/47 [00:00<?, ?it/s, loss=0.351, v_num=]         
Epoch 433:   0%|          | 0/47 [00:00<?, ?it/s, loss=0.351, v_num=]
Epoch 433:  43%|████▎     | 20/47 [00:01<00:01, 16.26it/s, loss=0.351, v_num=]
Epoch 433:  43%|████▎     | 20/47 [00:01<00:01, 16.25it/s, loss=0.35, v_num=] 
Epoch 433:  85%|████████▌ | 40/47 [00:02<00:00, 18.53it/s, loss=0.35, v_num=]
Epoch 433:  85%|████████▌ | 40/47 [00:02<00:00, 18.53it/s, loss=0.35, v_num=]
Epoch 433: 100%|██████████| 47/47 [00:02<00:00, 17.98it/s, loss=0.346, v_num=]
Epoch 433:   0%|          | 0/47 [00:00<?, ?it/s, loss=0.346, v_num=]         
Epoch 434:   0%|          | 0/47 [00:00<?, ?it/s, loss=0.346, v_num=]
Epoch 434:  43%|████▎     | 20/47 [00:01<00:01, 15.92it/s, loss=0.346, v_num=]
Epoch 434:  43%|████▎     | 20/47 [00:01<00:01, 15.91it/s, loss=0.352, v_num=]
Epoch 434:  85%|████████▌ | 40/47 [00:02<00:00, 18.31it/s, loss=0.352, v_num=]
Epoch 434:  85%|████████▌ | 40/47 [00:02<00:00, 18.31it/s, loss=0.349, v_num=]
Epoch 434: 100%|██████████| 47/47 [00:02<00:00, 17.76it/s, loss=0.342, v_num=]
Epoch 434:   0%|          | 0/47 [00:00<?, ?it/s, loss=0.342, v_num=]         
Epoch 435:   0%|          | 0/47 [00:00<?, ?it/s, loss=0.342, v_num=]
Epoch 435:  43%|████▎     | 20/47 [00:01<00:01, 15.95it/s, loss=0.342, v_num=]
Epoch 435:  43%|████▎     | 20/47 [00:01<00:01, 15.94it/s, loss=0.355, v_num=]
Epoch 435:  85%|████████▌ | 40/47 [00:02<00:00, 18.01it/s, loss=0.355, v_num=]
Epoch 435:  85%|████████▌ | 40/47 [00:02<00:00, 18.00it/s, loss=0.355, v_num=]
Epoch 435: 100%|██████████| 47/47 [00:02<00:00, 16.39it/s, loss=0.35, v_num=] Evaluating...
NMI : 0.6382708700047944, ARI: 0.4121446606700022, ACC: 0.406, current K: 10

Epoch 435:   0%|          | 0/47 [00:00<?, ?it/s, loss=0.35, v_num=]         
Epoch 436:   0%|          | 0/47 [00:00<?, ?it/s, loss=0.35, v_num=]/usr/local/lib/python3.13/dist-packages/torch/utils/data/dataloader.py:432: UserWarning: This DataLoader will create 6 worker processes in total. Our suggested max number of worker in current system is 2, which is smaller than what this DataLoader is going to create. Please be aware that excessive worker creation might get DataLoader running slow or even freeze, lower the worker number to avoid potential slowness/freeze if necessary.
  self.check_worker_number_rationality()

Epoch 436:  43%|████▎     | 20/47 [00:01<00:02, 11.78it/s, loss=0.35, v_num=]
Epoch 436:  43%|████▎     | 20/47 [00:01<00:02, 11.76it/s, loss=0.352, v_num=]
Epoch 436:  85%|████████▌ | 40/47 [00:02<00:00, 14.36it/s, loss=0.352, v_num=]
Epoch 436:  85%|████████▌ | 40/47 [00:02<00:00, 14.35it/s, loss=0.358, v_num=]
Epoch 436: 100%|██████████| 47/47 [00:03<00:00, 14.53it/s, loss=0.355, v_num=]
Epoch 436:   0%|          | 0/47 [00:00<?, ?it/s, loss=0.355, v_num=]         
Epoch 437:   0%|          | 0/47 [00:00<?, ?it/s, loss=0.355, v_num=]
Epoch 437:  43%|████▎     | 20/47 [00:01<00:01, 16.31it/s, loss=0.355, v_num=]
Epoch 437:  43%|████▎     | 20/47 [00:01<00:01, 16.30it/s, loss=0.351, v_num=]
Epoch 437:  85%|████████▌ | 40/47 [00:02<00:00, 18.59it/s, loss=0.351, v_num=]
Epoch 437:  85%|████████▌ | 40/47 [00:02<00:00, 18.58it/s, loss=0.353, v_num=]
Epoch 437: 100%|██████████| 47/47 [00:02<00:00, 18.03it/s, loss=0.348, v_num=]
Epoch 437:   0%|          | 0/47 [00:00<?, ?it/s, loss=0.348, v_num=]         
Epoch 438:   0%|          | 0/47 [00:00<?, ?it/s, loss=0.348, v_num=]
Epoch 438:  43%|████▎     | 20/47 [00:01<00:01, 16.37it/s, loss=0.348, v_num=]
Epoch 438:  43%|████▎     | 20/47 [00:01<00:01, 16.36it/s, loss=0.352, v_num=]
Epoch 438:  85%|████████▌ | 40/47 [00:02<00:00, 18.58it/s, loss=0.352, v_num=]
Epoch 438:  85%|████████▌ | 40/47 [00:02<00:00, 18.58it/s, loss=0.356, v_num=]
Epoch 438: 100%|██████████| 47/47 [00:02<00:00, 17.93it/s, loss=0.351, v_num=]
Epoch 438:   0%|          | 0/47 [00:00<?, ?it/s, loss=0.351, v_num=]         
Epoch 439:   0%|          | 0/47 [00:00<?, ?it/s, loss=0.351, v_num=]
Epoch 439:  43%|████▎     | 20/47 [00:01<00:01, 16.22it/s, loss=0.351, v_num=]
Epoch 439:  43%|████▎     | 20/47 [00:01<00:01, 16.21it/s, loss=0.343, v_num=]
Epoch 439:  85%|████████▌ | 40/47 [00:02<00:00, 17.56it/s, loss=0.343, v_num=]
Epoch 439:  85%|████████▌ | 40/47 [00:02<00:00, 17.56it/s, loss=0.357, v_num=]
Epoch 439: 100%|██████████| 47/47 [00:02<00:00, 17.16it/s, loss=0.347, v_num=]
Epoch 439:   0%|          | 0/47 [00:00<?, ?it/s, loss=0.347, v_num=]         
Epoch 440:   0%|          | 0/47 [00:00<?, ?it/s, loss=0.347, v_num=]
Epoch 440:  43%|████▎     | 20/47 [00:01<00:01, 14.59it/s, loss=0.347, v_num=]
Epoch 440:  43%|████▎     | 20/47 [00:01<00:01, 14.58it/s, loss=0.351, v_num=]
Epoch 440:  85%|████████▌ | 40/47 [00:02<00:00, 15.95it/s, loss=0.351, v_num=]
Epoch 440:  85%|████████▌ | 40/47 [00:02<00:00, 15.95it/s, loss=0.347, v_num=]
Epoch 440: 100%|██████████| 47/47 [00:03<00:00, 14.81it/s, loss=0.353, v_num=]Evaluating...
NMI : 0.636857891165665, ARI: 0.41124953243020845, ACC: 0.40567, current K: 10
Epoch 440 | NMI: 0.6369, ARI: 0.4112, ACC: 0.4057, current K: 10
Confusion Matrix:
[[  1  19   1 241   2   6   0   0  27   3   0   0   0   0   0   0   0   0
    0   0]
 [  1   1   4   1  10   0   3 276   2   2   0   0   0   0   0   0   0   0
    0   0]
 [  0  12   0  10   0   3   2   0 272   1   0   0   0   0   0   0   0   0
    0   0]
 [  6   2 258   2   1   7   1  22   1   0   0   0   0   0   0   0   0   0
    0   0]
 [  0   3   5  19 255   3   0  15   0   0   0   0   0   0   0   0   0   0
    0   0]
 [  4  88   0   0   0   0 199   0   9   0   0   0   0   0   0   0   0   0
    0   0]
 [  0   0  12   0   1 272   0   6   8   1   0   0   0   0   0   0   0   0
    0   0]
 [197  97   1   0   0   0   4   0   1   0   0   0   0   0   0   0   0   0
    0   0]
 [  0  44   1   0   1   4   1   1  19 229   0   0   0   0   0   0   0   0
    0   0]
 [  1   2 266   0   0  23   3   5   0   0   0   0   0   0   0   0   0   0
    0   0]
 [  0  89   0  12   1   3   0   0   0 195   0   0   0   0   0   0   0   0
    0   0]
 [  0   5   2   0  19   0   1 271   2   0   0   0   0   0   0   0   0   0
    0   0]
 [  0   2   0  89 204   0   0   4   1   0   0   0   0   0   0   0   0   0
    0   0]
 [  0   6   2   0   0   0 256  17  19   0   0   0   0   0   0   0   0   0
    0   0]
 [  0   5   8   0   0 272   0   0  14   1   0   0   0   0   0   0   0   0
    0   0]
 [268  23   4   1   2   0   0   1   1   0   0   0   0   0   0   0   0   0
    0   0]
 [  0   4   0  31 249   0   0   5   1  10   0   0   0   0   0   0   0   0
    0   0]
 [  0  55   4   0   0   0 237   1   2   1   0   0   0   0   0   0   0   0
    0   0]
 [  0   1  10   1   0 274   0   0   2  12   0   0   0   0   0   0   0   0
    0   0]
 [225  61   0   1   0   0   0  13   0   0   0   0   0   0   0   0   0   0
    0   0]]

Epoch 440:   0%|          | 0/47 [00:00<?, ?it/s, loss=0.353, v_num=]         
Epoch 441:   0%|          | 0/47 [00:00<?, ?it/s, loss=0.353, v_num=]/usr/local/lib/python3.13/dist-packages/torch/utils/data/dataloader.py:432: UserWarning: This DataLoader will create 6 worker processes in total. Our suggested max number of worker in current system is 2, which is smaller than what this DataLoader is going to create. Please be aware that excessive worker creation might get DataLoader running slow or even freeze, lower the worker number to avoid potential slowness/freeze if necessary.
  self.check_worker_number_rationality()

Epoch 441:  43%|████▎     | 20/47 [00:01<00:02, 13.45it/s, loss=0.353, v_num=]
Epoch 441:  43%|████▎     | 20/47 [00:01<00:02, 13.44it/s, loss=0.35, v_num=] 
Epoch 441:  85%|████████▌ | 40/47 [00:02<00:00, 16.59it/s, loss=0.35, v_num=]
Epoch 441:  85%|████████▌ | 40/47 [00:02<00:00, 16.59it/s, loss=0.346, v_num=]
Epoch 441: 100%|██████████| 47/47 [00:02<00:00, 16.34it/s, loss=0.351, v_num=]
Epoch 441:   0%|          | 0/47 [00:00<?, ?it/s, loss=0.351, v_num=]         
Epoch 442:   0%|          | 0/47 [00:00<?, ?it/s, loss=0.351, v_num=]
Epoch 442:  43%|████▎     | 20/47 [00:01<00:01, 16.00it/s, loss=0.351, v_num=]
Epoch 442:  43%|████▎     | 20/47 [00:01<00:01, 15.99it/s, loss=0.347, v_num=]
Epoch 442:  85%|████████▌ | 40/47 [00:02<00:00, 18.35it/s, loss=0.347, v_num=]
Epoch 442:  85%|████████▌ | 40/47 [00:02<00:00, 18.34it/s, loss=0.348, v_num=]
Epoch 442: 100%|██████████| 47/47 [00:02<00:00, 17.90it/s, loss=0.354, v_num=]
Epoch 442:   0%|          | 0/47 [00:00<?, ?it/s, loss=0.354, v_num=]         
Epoch 443:   0%|          | 0/47 [00:00<?, ?it/s, loss=0.354, v_num=]
Epoch 443:  43%|████▎     | 20/47 [00:01<00:01, 15.85it/s, loss=0.354, v_num=]
Epoch 443:  43%|████▎     | 20/47 [00:01<00:01, 15.84it/s, loss=0.355, v_num=]
Epoch 443:  85%|████████▌ | 40/47 [00:02<00:00, 18.24it/s, loss=0.355, v_num=]
Epoch 443:  85%|████████▌ | 40/47 [00:02<00:00, 18.24it/s, loss=0.353, v_num=]
Epoch 443: 100%|██████████| 47/47 [00:02<00:00, 17.69it/s, loss=0.348, v_num=]
Epoch 443:   0%|          | 0/47 [00:00<?, ?it/s, loss=0.348, v_num=]         
Epoch 444:   0%|          | 0/47 [00:00<?, ?it/s, loss=0.348, v_num=]
Epoch 444:  43%|████▎     | 20/47 [00:01<00:01, 15.93it/s, loss=0.348, v_num=]
Epoch 444:  43%|████▎     | 20/47 [00:01<00:01, 15.92it/s, loss=0.348, v_num=]
Epoch 444:  85%|████████▌ | 40/47 [00:02<00:00, 18.42it/s, loss=0.348, v_num=]
Epoch 444:  85%|████████▌ | 40/47 [00:02<00:00, 18.42it/s, loss=0.352, v_num=]
Epoch 444: 100%|██████████| 47/47 [00:02<00:00, 17.57it/s, loss=0.349, v_num=]
Epoch 444:   0%|          | 0/47 [00:00<?, ?it/s, loss=0.349, v_num=]         
Epoch 445:   0%|          | 0/47 [00:00<?, ?it/s, loss=0.349, v_num=]
Epoch 445:  43%|████▎     | 20/47 [00:01<00:02, 12.36it/s, loss=0.349, v_num=]
Epoch 445:  43%|████▎     | 20/47 [00:01<00:02, 12.36it/s, loss=0.347, v_num=]
Epoch 445:  85%|████████▌ | 40/47 [00:02<00:00, 14.07it/s, loss=0.347, v_num=]
Epoch 445:  85%|████████▌ | 40/47 [00:02<00:00, 14.06it/s, loss=0.351, v_num=]
Epoch 445: 100%|██████████| 47/47 [00:03<00:00, 14.15it/s, loss=0.346, v_num=]Evaluating...
NMI : 0.6368879650619038, ARI: 0.41119532310856555, ACC: 0.4055, current K: 10

Epoch 445:   0%|          | 0/47 [00:00<?, ?it/s, loss=0.346, v_num=]         
Epoch 446:   0%|          | 0/47 [00:00<?, ?it/s, loss=0.346, v_num=]/usr/local/lib/python3.13/dist-packages/torch/utils/data/dataloader.py:432: UserWarning: This DataLoader will create 6 worker processes in total. Our suggested max number of worker in current system is 2, which is smaller than what this DataLoader is going to create. Please be aware that excessive worker creation might get DataLoader running slow or even freeze, lower the worker number to avoid potential slowness/freeze if necessary.
  self.check_worker_number_rationality()

Epoch 446:  43%|████▎     | 20/47 [00:01<00:01, 15.97it/s, loss=0.346, v_num=]
Epoch 446:  43%|████▎     | 20/47 [00:01<00:01, 15.96it/s, loss=0.354, v_num=]
Epoch 446:  85%|████████▌ | 40/47 [00:02<00:00, 18.49it/s, loss=0.354, v_num=]
Epoch 446:  85%|████████▌ | 40/47 [00:02<00:00, 18.49it/s, loss=0.351, v_num=]
Epoch 446: 100%|██████████| 47/47 [00:02<00:00, 18.00it/s, loss=0.348, v_num=]
Epoch 446:   0%|          | 0/47 [00:00<?, ?it/s, loss=0.348, v_num=]         
Epoch 447:   0%|          | 0/47 [00:00<?, ?it/s, loss=0.348, v_num=]
Epoch 447:  43%|████▎     | 20/47 [00:01<00:01, 16.07it/s, loss=0.348, v_num=]
Epoch 447:  43%|████▎     | 20/47 [00:01<00:01, 16.06it/s, loss=0.348, v_num=]
Epoch 447:  85%|████████▌ | 40/47 [00:02<00:00, 18.65it/s, loss=0.348, v_num=]
Epoch 447:  85%|████████▌ | 40/47 [00:02<00:00, 18.64it/s, loss=0.352, v_num=]
Epoch 447: 100%|██████████| 47/47 [00:02<00:00, 18.07it/s, loss=0.35, v_num=] 
Epoch 447:   0%|          | 0/47 [00:00<?, ?it/s, loss=0.35, v_num=]         
Epoch 448:   0%|          | 0/47 [00:00<?, ?it/s, loss=0.35, v_num=]
Epoch 448:  43%|████▎     | 20/47 [00:01<00:01, 16.60it/s, loss=0.35, v_num=]
Epoch 448:  43%|████▎     | 20/47 [00:01<00:01, 16.59it/s, loss=0.346, v_num=]
Epoch 448:  85%|████████▌ | 40/47 [00:02<00:00, 18.95it/s, loss=0.346, v_num=]
Epoch 448:  85%|████████▌ | 40/47 [00:02<00:00, 18.94it/s, loss=0.351, v_num=]
Epoch 448: 100%|██████████| 47/47 [00:02<00:00, 18.42it/s, loss=0.348, v_num=]
Epoch 448:   0%|          | 0/47 [00:00<?, ?it/s, loss=0.348, v_num=]         
Epoch 449:   0%|          | 0/47 [00:00<?, ?it/s, loss=0.348, v_num=]
Epoch 449:  43%|████▎     | 20/47 [00:01<00:01, 16.26it/s, loss=0.348, v_num=]
Epoch 449:  43%|████▎     | 20/47 [00:01<00:01, 16.25it/s, loss=0.352, v_num=]
Epoch 449:  85%|████████▌ | 40/47 [00:02<00:00, 16.23it/s, loss=0.352, v_num=]
Epoch 449:  85%|████████▌ | 40/47 [00:02<00:00, 16.23it/s, loss=0.352, v_num=]
Epoch 449: 100%|██████████| 47/47 [00:03<00:00, 15.10it/s, loss=0.347, v_num=]
Epoch 449:   0%|          | 0/47 [00:00<?, ?it/s, loss=0.347, v_num=]         
Epoch 450:   0%|          | 0/47 [00:00<?, ?it/s, loss=0.347, v_num=]
Epoch 450:  43%|████▎     | 20/47 [00:01<00:02, 11.05it/s, loss=0.347, v_num=]
Epoch 450:  43%|████▎     | 20/47 [00:01<00:02, 11.05it/s, loss=0.352, v_num=]
Epoch 450:  85%|████████▌ | 40/47 [00:02<00:00, 14.62it/s, loss=0.352, v_num=]
Epoch 450:  85%|████████▌ | 40/47 [00:02<00:00, 14.62it/s, loss=0.348, v_num=]
Epoch 450: 100%|██████████| 47/47 [00:03<00:00, 14.70it/s, loss=0.346, v_num=]Evaluating...
NMI : 0.6356183818693026, ARI: 0.41013189895221935, ACC: 0.40517, current K: 10
Epoch 450 | NMI: 0.6356, ARI: 0.4101, ACC: 0.4052, current K: 10
Confusion Matrix:
[[  2  19   1 240   2   6   0   0  27   3   0   0   0   0   0   0   0   0
    0   0]
 [  1   1   4   1  10   0   3 276   2   2   0   0   0   0   0   0   0   0
    0   0]
 [  0  12   0  10   0   3   2   0 272   1   0   0   0   0   0   0   0   0
    0   0]
 [  6   2 258   2   1   7   1  22   1   0   0   0   0   0   0   0   0   0
    0   0]
 [  0   3   6  19 255   3   0  14   0   0   0   0   0   0   0   0   0   0
    0   0]
 [  4  87   0   0   0   0 200   0   8   1   0   0   0   0   0   0   0   0
    0   0]
 [  0   0  12   0   1 272   0   6   8   1   0   0   0   0   0   0   0   0
    0   0]
 [197  97   1   0   0   0   4   0   1   0   0   0   0   0   0   0   0   0
    0   0]
 [  0  44   1   0   1   4   0   0  20 230   0   0   0   0   0   0   0   0
    0   0]
 [  1   2 266   0   0  23   3   5   0   0   0   0   0   0   0   0   0   0
    0   0]
 [  0  89   0  12   1   3   0   0   0 195   0   0   0   0   0   0   0   0
    0   0]
 [  0   5   2   0  19   0   1 271   2   0   0   0   0   0   0   0   0   0
    0   0]
 [  0   2   0  90 202   0   0   4   2   0   0   0   0   0   0   0   0   0
    0   0]
 [  0   5   2   0   0   0 255  18  20   0   0   0   0   0   0   0   0   0
    0   0]
 [  0   7   8   0   0 270   0   0  14   1   0   0   0   0   0   0   0   0
    0   0]
 [266  25   4   1   2   0   0   1   1   0   0   0   0   0   0   0   0   0
    0   0]
 [  0   4   0  31 249   0   0   5   1  10   0   0   0   0   0   0   0   0
    0   0]
 [  0  55   4   0   0   0 237   1   2   1   0   0   0   0   0   0   0   0
    0   0]
 [  0   1  10   1   0 274   0   0   2  12   0   0   0   0   0   0   0   0
    0   0]
 [221  65   0   1   0   0   0  13   0   0   0   0   0   0   0   0   0   0
    0   0]]

Epoch 450:   0%|          | 0/47 [00:00<?, ?it/s, loss=0.346, v_num=]         
Epoch 451:   0%|          | 0/47 [00:00<?, ?it/s, loss=0.346, v_num=]/usr/local/lib/python3.13/dist-packages/torch/utils/data/dataloader.py:432: UserWarning: This DataLoader will create 6 worker processes in total. Our suggested max number of worker in current system is 2, which is smaller than what this DataLoader is going to create. Please be aware that excessive worker creation might get DataLoader running slow or even freeze, lower the worker number to avoid potential slowness/freeze if necessary.
  self.check_worker_number_rationality()

Epoch 451:  43%|████▎     | 20/47 [00:01<00:01, 15.92it/s, loss=0.346, v_num=]
Epoch 451:  43%|████▎     | 20/47 [00:01<00:01, 15.91it/s, loss=0.349, v_num=]
Epoch 451:  85%|████████▌ | 40/47 [00:02<00:00, 18.33it/s, loss=0.349, v_num=]
Epoch 451:  85%|████████▌ | 40/47 [00:02<00:00, 18.33it/s, loss=0.357, v_num=]
Epoch 451: 100%|██████████| 47/47 [00:02<00:00, 17.73it/s, loss=0.351, v_num=]
Epoch 451:   0%|          | 0/47 [00:00<?, ?it/s, loss=0.351, v_num=]         
Epoch 452:   0%|          | 0/47 [00:00<?, ?it/s, loss=0.351, v_num=]
Epoch 452:  43%|████▎     | 20/47 [00:01<00:01, 15.83it/s, loss=0.351, v_num=]
Epoch 452:  43%|████▎     | 20/47 [00:01<00:01, 15.83it/s, loss=0.348, v_num=]
Epoch 452:  85%|████████▌ | 40/47 [00:02<00:00, 18.15it/s, loss=0.348, v_num=]
Epoch 452:  85%|████████▌ | 40/47 [00:02<00:00, 18.14it/s, loss=0.351, v_num=]
Epoch 452: 100%|██████████| 47/47 [00:02<00:00, 17.66it/s, loss=0.353, v_num=]
Epoch 452:   0%|          | 0/47 [00:00<?, ?it/s, loss=0.353, v_num=]         
Epoch 453:   0%|          | 0/47 [00:00<?, ?it/s, loss=0.353, v_num=]
Epoch 453:  43%|████▎     | 20/47 [00:01<00:01, 15.29it/s, loss=0.353, v_num=]
Epoch 453:  43%|████▎     | 20/47 [00:01<00:01, 15.28it/s, loss=0.354, v_num=]
Epoch 453:  85%|████████▌ | 40/47 [00:02<00:00, 18.00it/s, loss=0.354, v_num=]
Epoch 453:  85%|████████▌ | 40/47 [00:02<00:00, 18.00it/s, loss=0.35, v_num=] 
Epoch 453: 100%|██████████| 47/47 [00:02<00:00, 17.44it/s, loss=0.354, v_num=]
Epoch 453:   0%|          | 0/47 [00:00<?, ?it/s, loss=0.354, v_num=]         
Epoch 454:   0%|          | 0/47 [00:00<?, ?it/s, loss=0.354, v_num=]
Epoch 454:  43%|████▎     | 20/47 [00:01<00:02, 12.90it/s, loss=0.354, v_num=]
Epoch 454:  43%|████▎     | 20/47 [00:01<00:02, 12.89it/s, loss=0.348, v_num=]
Epoch 454:  85%|████████▌ | 40/47 [00:02<00:00, 14.33it/s, loss=0.348, v_num=]
Epoch 454:  85%|████████▌ | 40/47 [00:02<00:00, 14.33it/s, loss=0.353, v_num=]
Epoch 454: 100%|██████████| 47/47 [00:03<00:00, 13.51it/s, loss=0.354, v_num=]
Epoch 454:   0%|          | 0/47 [00:00<?, ?it/s, loss=0.354, v_num=]         
Epoch 455:   0%|          | 0/47 [00:00<?, ?it/s, loss=0.354, v_num=]
Epoch 455:  43%|████▎     | 20/47 [00:01<00:01, 16.01it/s, loss=0.354, v_num=]
Epoch 455:  43%|████▎     | 20/47 [00:01<00:01, 16.00it/s, loss=0.351, v_num=]
Epoch 455:  85%|████████▌ | 40/47 [00:02<00:00, 18.42it/s, loss=0.351, v_num=]
Epoch 455:  85%|████████▌ | 40/47 [00:02<00:00, 18.41it/s, loss=0.349, v_num=]
Epoch 455: 100%|██████████| 47/47 [00:02<00:00, 17.83it/s, loss=0.349, v_num=]Evaluating...
NMI : 0.6364395807900388, ARI: 0.4106320396114407, ACC: 0.4055, current K: 10

Epoch 455:   0%|          | 0/47 [00:00<?, ?it/s, loss=0.349, v_num=]         
Epoch 456:   0%|          | 0/47 [00:00<?, ?it/s, loss=0.349, v_num=]/usr/local/lib/python3.13/dist-packages/torch/utils/data/dataloader.py:432: UserWarning: This DataLoader will create 6 worker processes in total. Our suggested max number of worker in current system is 2, which is smaller than what this DataLoader is going to create. Please be aware that excessive worker creation might get DataLoader running slow or even freeze, lower the worker number to avoid potential slowness/freeze if necessary.
  self.check_worker_number_rationality()

Epoch 456:  43%|████▎     | 20/47 [00:01<00:01, 15.72it/s, loss=0.349, v_num=]
Epoch 456:  43%|████▎     | 20/47 [00:01<00:01, 15.71it/s, loss=0.351, v_num=]
Epoch 456:  85%|████████▌ | 40/47 [00:02<00:00, 17.58it/s, loss=0.351, v_num=]
Epoch 456:  85%|████████▌ | 40/47 [00:02<00:00, 17.58it/s, loss=0.351, v_num=]
Epoch 456: 100%|██████████| 47/47 [00:02<00:00, 16.98it/s, loss=0.352, v_num=]
Epoch 456:   0%|          | 0/47 [00:00<?, ?it/s, loss=0.352, v_num=]         
Epoch 457:   0%|          | 0/47 [00:00<?, ?it/s, loss=0.352, v_num=]
Epoch 457:  43%|████▎     | 20/47 [00:01<00:01, 16.11it/s, loss=0.352, v_num=]
Epoch 457:  43%|████▎     | 20/47 [00:01<00:01, 16.10it/s, loss=0.356, v_num=]
Epoch 457:  85%|████████▌ | 40/47 [00:02<00:00, 18.38it/s, loss=0.356, v_num=]
Epoch 457:  85%|████████▌ | 40/47 [00:02<00:00, 18.37it/s, loss=0.352, v_num=]
Epoch 457: 100%|██████████| 47/47 [00:02<00:00, 17.93it/s, loss=0.347, v_num=]
Epoch 457:   0%|          | 0/47 [00:00<?, ?it/s, loss=0.347, v_num=]         
Epoch 458:   0%|          | 0/47 [00:00<?, ?it/s, loss=0.347, v_num=]
Epoch 458:  43%|████▎     | 20/47 [00:01<00:01, 16.25it/s, loss=0.347, v_num=]
Epoch 458:  43%|████▎     | 20/47 [00:01<00:01, 16.24it/s, loss=0.355, v_num=]
Epoch 458:  85%|████████▌ | 40/47 [00:02<00:00, 17.35it/s, loss=0.355, v_num=]
Epoch 458:  85%|████████▌ | 40/47 [00:02<00:00, 17.35it/s, loss=0.349, v_num=]
Epoch 458: 100%|██████████| 47/47 [00:02<00:00, 16.13it/s, loss=0.347, v_num=]
Epoch 458:   0%|          | 0/47 [00:00<?, ?it/s, loss=0.347, v_num=]         
Epoch 459:   0%|          | 0/47 [00:00<?, ?it/s, loss=0.347, v_num=]
Epoch 459:  43%|████▎     | 20/47 [00:01<00:02, 11.29it/s, loss=0.347, v_num=]
Epoch 459:  43%|████▎     | 20/47 [00:01<00:02, 11.29it/s, loss=0.359, v_num=]
Epoch 459:  85%|████████▌ | 40/47 [00:02<00:00, 14.67it/s, loss=0.359, v_num=]
Epoch 459:  85%|████████▌ | 40/47 [00:02<00:00, 14.67it/s, loss=0.349, v_num=]
Epoch 459: 100%|██████████| 47/47 [00:03<00:00, 14.87it/s, loss=0.345, v_num=]
Epoch 459:   0%|          | 0/47 [00:00<?, ?it/s, loss=0.345, v_num=]         
Epoch 460:   0%|          | 0/47 [00:00<?, ?it/s, loss=0.345, v_num=]
Epoch 460:  43%|████▎     | 20/47 [00:01<00:01, 15.38it/s, loss=0.345, v_num=]
Epoch 460:  43%|████▎     | 20/47 [00:01<00:01, 15.37it/s, loss=0.347, v_num=]
Epoch 460:  85%|████████▌ | 40/47 [00:02<00:00, 16.69it/s, loss=0.347, v_num=]
Epoch 460:  85%|████████▌ | 40/47 [00:02<00:00, 16.69it/s, loss=0.346, v_num=]
Epoch 460: 100%|██████████| 47/47 [00:02<00:00, 16.40it/s, loss=0.348, v_num=]Evaluating...
NMI : 0.6365777500655849, ARI: 0.41078495503708695, ACC: 0.40567, current K: 10
Epoch 460 | NMI: 0.6366, ARI: 0.4108, ACC: 0.4057, current K: 10
Confusion Matrix:
[[  2  19   1 240   2   6   0   0  27   3   0   0   0   0   0   0   0   0
    0   0]
 [  1   1   3   1  10   0   3 277   2   2   0   0   0   0   0   0   0   0
    0   0]
 [  0  12   0  10   0   4   2   0 271   1   0   0   0   0   0   0   0   0
    0   0]
 [  5   2 259   2   1   7   1  22   1   0   0   0   0   0   0   0   0   0
    0   0]
 [  0   3   6  17 258   2   0  14   0   0   0   0   0   0   0   0   0   0
    0   0]
 [  4  87   0   0   0   0 201   0   7   1   0   0   0   0   0   0   0   0
    0   0]
 [  0   0  12   0   1 272   0   6   8   1   0   0   0   0   0   0   0   0
    0   0]
 [196  98   1   0   0   0   4   0   1   0   0   0   0   0   0   0   0   0
    0   0]
 [  0  44   1   0   1   4   0   0  19 231   0   0   0   0   0   0   0   0
    0   0]
 [  1   2 267   0   0  23   2   5   0   0   0   0   0   0   0   0   0   0
    0   0]
 [  0  88   0  12   1   3   0   0   0 196   0   0   0   0   0   0   0   0
    0   0]
 [  0   5   2   0  19   0   1 271   2   0   0   0   0   0   0   0   0   0
    0   0]
 [  0   2   0  91 201   0   0   4   2   0   0   0   0   0   0   0   0   0
    0   0]
 [  0   8   2   0   0   0 252  18  20   0   0   0   0   0   0   0   0   0
    0   0]
 [  0   7   8   0   0 270   0   0  14   1   0   0   0   0   0   0   0   0
    0   0]
 [266  25   4   1   2   0   0   1   1   0   0   0   0   0   0   0   0   0
    0   0]
 [  0   4   0  31 249   0   0   5   1  10   0   0   0   0   0   0   0   0
    0   0]
 [  0  54   4   0   0   0 238   1   2   1   0   0   0   0   0   0   0   0
    0   0]
 [  0   1  10   1   0 274   0   0   2  12   0   0   0   0   0   0   0   0
    0   0]
 [219  69   0   1   0   0   0  11   0   0   0   0   0   0   0   0   0   0
    0   0]]

Epoch 460:   0%|          | 0/47 [00:00<?, ?it/s, loss=0.348, v_num=]         
Epoch 461:   0%|          | 0/47 [00:00<?, ?it/s, loss=0.348, v_num=]/usr/local/lib/python3.13/dist-packages/torch/utils/data/dataloader.py:432: UserWarning: This DataLoader will create 6 worker processes in total. Our suggested max number of worker in current system is 2, which is smaller than what this DataLoader is going to create. Please be aware that excessive worker creation might get DataLoader running slow or even freeze, lower the worker number to avoid potential slowness/freeze if necessary.
  self.check_worker_number_rationality()

Epoch 461:  43%|████▎     | 20/47 [00:01<00:01, 16.17it/s, loss=0.348, v_num=]
Epoch 461:  43%|████▎     | 20/47 [00:01<00:01, 16.16it/s, loss=0.344, v_num=]
Epoch 461:  85%|████████▌ | 40/47 [00:02<00:00, 18.39it/s, loss=0.344, v_num=]
Epoch 461:  85%|████████▌ | 40/47 [00:02<00:00, 18.38it/s, loss=0.351, v_num=]
Epoch 461: 100%|██████████| 47/47 [00:02<00:00, 17.83it/s, loss=0.36, v_num=] 
Epoch 461:   0%|          | 0/47 [00:00<?, ?it/s, loss=0.36, v_num=]         
Epoch 462:   0%|          | 0/47 [00:00<?, ?it/s, loss=0.36, v_num=]
Epoch 462:  43%|████▎     | 20/47 [00:01<00:01, 16.23it/s, loss=0.36, v_num=]
Epoch 462:  43%|████▎     | 20/47 [00:01<00:01, 16.21it/s, loss=0.353, v_num=]
Epoch 462:  85%|████████▌ | 40/47 [00:02<00:00, 18.45it/s, loss=0.353, v_num=]
Epoch 462:  85%|████████▌ | 40/47 [00:02<00:00, 18.45it/s, loss=0.347, v_num=]
Epoch 462: 100%|██████████| 47/47 [00:02<00:00, 17.85it/s, loss=0.348, v_num=]
Epoch 462:   0%|          | 0/47 [00:00<?, ?it/s, loss=0.348, v_num=]         
Epoch 463:   0%|          | 0/47 [00:00<?, ?it/s, loss=0.348, v_num=]
Epoch 463:  43%|████▎     | 20/47 [00:01<00:02, 12.95it/s, loss=0.348, v_num=]
Epoch 463:  43%|████▎     | 20/47 [00:01<00:02, 12.94it/s, loss=0.352, v_num=]
Epoch 463:  85%|████████▌ | 40/47 [00:02<00:00, 14.54it/s, loss=0.352, v_num=]
Epoch 463:  85%|████████▌ | 40/47 [00:02<00:00, 14.54it/s, loss=0.349, v_num=]
Epoch 463: 100%|██████████| 47/47 [00:03<00:00, 13.63it/s, loss=0.354, v_num=]
Epoch 463:   0%|          | 0/47 [00:00<?, ?it/s, loss=0.354, v_num=]         
Epoch 464:   0%|          | 0/47 [00:00<?, ?it/s, loss=0.354, v_num=]
Epoch 464:  43%|████▎     | 20/47 [00:01<00:01, 16.09it/s, loss=0.354, v_num=]
Epoch 464:  43%|████▎     | 20/47 [00:01<00:01, 16.07it/s, loss=0.349, v_num=]
Epoch 464:  85%|████████▌ | 40/47 [00:02<00:00, 18.39it/s, loss=0.349, v_num=]
Epoch 464:  85%|████████▌ | 40/47 [00:02<00:00, 18.39it/s, loss=0.348, v_num=]
Epoch 464: 100%|██████████| 47/47 [00:02<00:00, 17.70it/s, loss=0.351, v_num=]
Epoch 464:   0%|          | 0/47 [00:00<?, ?it/s, loss=0.351, v_num=]         
Epoch 465:   0%|          | 0/47 [00:00<?, ?it/s, loss=0.351, v_num=]
Epoch 465:  43%|████▎     | 20/47 [00:01<00:01, 16.40it/s, loss=0.351, v_num=]
Epoch 465:  43%|████▎     | 20/47 [00:01<00:01, 16.39it/s, loss=0.348, v_num=]
Epoch 465:  85%|████████▌ | 40/47 [00:02<00:00, 18.65it/s, loss=0.348, v_num=]
Epoch 465:  85%|████████▌ | 40/47 [00:02<00:00, 18.64it/s, loss=0.349, v_num=]
Epoch 465: 100%|██████████| 47/47 [00:02<00:00, 18.13it/s, loss=0.351, v_num=]Evaluating...
NMI : 0.6365659956307913, ARI: 0.41063516951503226, ACC: 0.40517, current K: 10

Epoch 465:   0%|          | 0/47 [00:00<?, ?it/s, loss=0.351, v_num=]         
Epoch 466:   0%|          | 0/47 [00:00<?, ?it/s, loss=0.351, v_num=]/usr/local/lib/python3.13/dist-packages/torch/utils/data/dataloader.py:432: UserWarning: This DataLoader will create 6 worker processes in total. Our suggested max number of worker in current system is 2, which is smaller than what this DataLoader is going to create. Please be aware that excessive worker creation might get DataLoader running slow or even freeze, lower the worker number to avoid potential slowness/freeze if necessary.
  self.check_worker_number_rationality()

Epoch 466:  43%|████▎     | 20/47 [00:01<00:01, 15.94it/s, loss=0.351, v_num=]
Epoch 466:  43%|████▎     | 20/47 [00:01<00:01, 15.93it/s, loss=0.353, v_num=]
Epoch 466:  85%|████████▌ | 40/47 [00:02<00:00, 18.47it/s, loss=0.353, v_num=]
Epoch 466:  85%|████████▌ | 40/47 [00:02<00:00, 18.47it/s, loss=0.358, v_num=]
Epoch 466: 100%|██████████| 47/47 [00:02<00:00, 17.76it/s, loss=0.35, v_num=] 
Epoch 466:   0%|          | 0/47 [00:00<?, ?it/s, loss=0.35, v_num=]         
Epoch 467:   0%|          | 0/47 [00:00<?, ?it/s, loss=0.35, v_num=]
Epoch 467:  43%|████▎     | 20/47 [00:01<00:01, 15.84it/s, loss=0.35, v_num=]
Epoch 467:  43%|████▎     | 20/47 [00:01<00:01, 15.83it/s, loss=0.346, v_num=]
Epoch 467:  85%|████████▌ | 40/47 [00:02<00:00, 17.17it/s, loss=0.346, v_num=]
Epoch 467:  85%|████████▌ | 40/47 [00:02<00:00, 17.17it/s, loss=0.353, v_num=]
Epoch 467: 100%|██████████| 47/47 [00:02<00:00, 15.76it/s, loss=0.35, v_num=] 
Epoch 467:   0%|          | 0/47 [00:00<?, ?it/s, loss=0.35, v_num=]         
Epoch 468:   0%|          | 0/47 [00:00<?, ?it/s, loss=0.35, v_num=]
Epoch 468:  43%|████▎     | 20/47 [00:01<00:02, 11.29it/s, loss=0.35, v_num=]
Epoch 468:  43%|████▎     | 20/47 [00:01<00:02, 11.29it/s, loss=0.353, v_num=]
Epoch 468:  85%|████████▌ | 40/47 [00:02<00:00, 14.67it/s, loss=0.353, v_num=]
Epoch 468:  85%|████████▌ | 40/47 [00:02<00:00, 14.66it/s, loss=0.349, v_num=]
Epoch 468: 100%|██████████| 47/47 [00:03<00:00, 14.78it/s, loss=0.344, v_num=]
Epoch 468:   0%|          | 0/47 [00:00<?, ?it/s, loss=0.344, v_num=]         
Epoch 469:   0%|          | 0/47 [00:00<?, ?it/s, loss=0.344, v_num=]
Epoch 469:  43%|████▎     | 20/47 [00:01<00:01, 16.14it/s, loss=0.344, v_num=]
Epoch 469:  43%|████▎     | 20/47 [00:01<00:01, 16.13it/s, loss=0.351, v_num=]
Epoch 469:  85%|████████▌ | 40/47 [00:02<00:00, 18.62it/s, loss=0.351, v_num=]
Epoch 469:  85%|████████▌ | 40/47 [00:02<00:00, 18.61it/s, loss=0.349, v_num=]
Epoch 469: 100%|██████████| 47/47 [00:02<00:00, 18.12it/s, loss=0.35, v_num=] 
Epoch 469:   0%|          | 0/47 [00:00<?, ?it/s, loss=0.35, v_num=]         
Epoch 470:   0%|          | 0/47 [00:00<?, ?it/s, loss=0.35, v_num=]
Epoch 470:  43%|████▎     | 20/47 [00:01<00:01, 15.89it/s, loss=0.35, v_num=]
Epoch 470:  43%|████▎     | 20/47 [00:01<00:01, 15.88it/s, loss=0.35, v_num=]
Epoch 470:  85%|████████▌ | 40/47 [00:02<00:00, 18.40it/s, loss=0.35, v_num=]
Epoch 470:  85%|████████▌ | 40/47 [00:02<00:00, 18.40it/s, loss=0.35, v_num=]
Epoch 470: 100%|██████████| 47/47 [00:02<00:00, 17.73it/s, loss=0.35, v_num=]Evaluating...
NMI : 0.6363426914618685, ARI: 0.41052022669034466, ACC: 0.40533, current K: 10
Epoch 470 | NMI: 0.6363, ARI: 0.4105, ACC: 0.4053, current K: 10
Confusion Matrix:
[[  2  18   1 241   2   6   0   0  27   3   0   0   0   0   0   0   0   0
    0   0]
 [  1   1   2   1  10   0   3 278   2   2   0   0   0   0   0   0   0   0
    0   0]
 [  0  11   0  10   1   4   1   0 272   1   0   0   0   0   0   0   0   0
    0   0]
 [  4   2 260   2   1   7   1  22   1   0   0   0   0   0   0   0   0   0
    0   0]
 [  0   3   6  17 256   4   0  14   0   0   0   0   0   0   0   0   0   0
    0   0]
 [  4  87   0   0   0   0 201   0   7   1   0   0   0   0   0   0   0   0
    0   0]
 [  0   0  12   0   1 271   0   6   9   1   0   0   0   0   0   0   0   0
    0   0]
 [197  98   1   0   0   0   3   0   1   0   0   0   0   0   0   0   0   0
    0   0]
 [  0  45   1   0   1   4   0   0  19 230   0   0   0   0   0   0   0   0
    0   0]
 [  1   2 267   0   0  23   2   5   0   0   0   0   0   0   0   0   0   0
    0   0]
 [  0  88   0  12   1   3   0   0   0 196   0   0   0   0   0   0   0   0
    0   0]
 [  0   5   2   0  19   0   0 272   2   0   0   0   0   0   0   0   0   0
    0   0]
 [  0   2   0  93 199   0   0   4   2   0   0   0   0   0   0   0   0   0
    0   0]
 [  0   9   2   0   0   0 250  19  20   0   0   0   0   0   0   0   0   0
    0   0]
 [  0   7   8   0   0 270   0   0  14   1   0   0   0   0   0   0   0   0
    0   0]
 [266  25   4   1   2   0   0   1   1   0   0   0   0   0   0   0   0   0
    0   0]
 [  0   4   0  31 249   0   0   5   1  10   0   0   0   0   0   0   0   0
    0   0]
 [  0  54   5   0   0   0 237   1   2   1   0   0   0   0   0   0   0   0
    0   0]
 [  0   1  10   1   0 274   0   0   2  12   0   0   0   0   0   0   0   0
    0   0]
 [217  70   0   1   0   0   0  12   0   0   0   0   0   0   0   0   0   0
    0   0]]

Epoch 470:   0%|          | 0/47 [00:00<?, ?it/s, loss=0.35, v_num=]         
Epoch 471:   0%|          | 0/47 [00:00<?, ?it/s, loss=0.35, v_num=]/usr/local/lib/python3.13/dist-packages/torch/utils/data/dataloader.py:432: UserWarning: This DataLoader will create 6 worker processes in total. Our suggested max number of worker in current system is 2, which is smaller than what this DataLoader is going to create. Please be aware that excessive worker creation might get DataLoader running slow or even freeze, lower the worker number to avoid potential slowness/freeze if necessary.
  self.check_worker_number_rationality()

Epoch 471:  43%|████▎     | 20/47 [00:01<00:01, 14.25it/s, loss=0.35, v_num=]
Epoch 471:  43%|████▎     | 20/47 [00:01<00:01, 14.24it/s, loss=0.349, v_num=]
Epoch 471:  85%|████████▌ | 40/47 [00:02<00:00, 17.20it/s, loss=0.349, v_num=]
Epoch 471:  85%|████████▌ | 40/47 [00:02<00:00, 17.20it/s, loss=0.35, v_num=] 
Epoch 471: 100%|██████████| 47/47 [00:02<00:00, 16.81it/s, loss=0.354, v_num=]
Epoch 471:   0%|          | 0/47 [00:00<?, ?it/s, loss=0.354, v_num=]         
Epoch 472:   0%|          | 0/47 [00:00<?, ?it/s, loss=0.354, v_num=]
Epoch 472:  43%|████▎     | 20/47 [00:01<00:01, 13.66it/s, loss=0.354, v_num=]
Epoch 472:  43%|████▎     | 20/47 [00:01<00:01, 13.65it/s, loss=0.347, v_num=]
Epoch 472:  85%|████████▌ | 40/47 [00:02<00:00, 15.12it/s, loss=0.347, v_num=]
Epoch 472:  85%|████████▌ | 40/47 [00:02<00:00, 15.12it/s, loss=0.346, v_num=]
Epoch 472: 100%|██████████| 47/47 [00:03<00:00, 14.44it/s, loss=0.349, v_num=]
Epoch 472:   0%|          | 0/47 [00:00<?, ?it/s, loss=0.349, v_num=]         
Epoch 473:   0%|          | 0/47 [00:00<?, ?it/s, loss=0.349, v_num=]
Epoch 473:  43%|████▎     | 20/47 [00:01<00:01, 14.68it/s, loss=0.349, v_num=]
Epoch 473:  43%|████▎     | 20/47 [00:01<00:01, 14.67it/s, loss=0.349, v_num=]
Epoch 473:  85%|████████▌ | 40/47 [00:02<00:00, 17.36it/s, loss=0.349, v_num=]
Epoch 473:  85%|████████▌ | 40/47 [00:02<00:00, 17.36it/s, loss=0.354, v_num=]
Epoch 473: 100%|██████████| 47/47 [00:02<00:00, 17.04it/s, loss=0.348, v_num=]
Epoch 473:   0%|          | 0/47 [00:00<?, ?it/s, loss=0.348, v_num=]         
Epoch 474:   0%|          | 0/47 [00:00<?, ?it/s, loss=0.348, v_num=]
Epoch 474:  43%|████▎     | 20/47 [00:01<00:01, 16.13it/s, loss=0.348, v_num=]
Epoch 474:  43%|████▎     | 20/47 [00:01<00:01, 16.12it/s, loss=0.351, v_num=]
Epoch 474:  85%|████████▌ | 40/47 [00:02<00:00, 18.60it/s, loss=0.351, v_num=]
Epoch 474:  85%|████████▌ | 40/47 [00:02<00:00, 18.59it/s, loss=0.347, v_num=]
Epoch 474: 100%|██████████| 47/47 [00:02<00:00, 18.03it/s, loss=0.351, v_num=]
Epoch 474:   0%|          | 0/47 [00:00<?, ?it/s, loss=0.351, v_num=]         
Epoch 475:   0%|          | 0/47 [00:00<?, ?it/s, loss=0.351, v_num=]
Epoch 475:  43%|████▎     | 20/47 [00:01<00:01, 16.42it/s, loss=0.351, v_num=]
Epoch 475:  43%|████▎     | 20/47 [00:01<00:01, 16.41it/s, loss=0.351, v_num=]
Epoch 475:  85%|████████▌ | 40/47 [00:02<00:00, 18.79it/s, loss=0.351, v_num=]
Epoch 475:  85%|████████▌ | 40/47 [00:02<00:00, 18.78it/s, loss=0.355, v_num=]
Epoch 475: 100%|██████████| 47/47 [00:02<00:00, 18.28it/s, loss=0.35, v_num=] Evaluating...
NMI : 0.6361473398911356, ARI: 0.4106123105010396, ACC: 0.4055, current K: 10

Epoch 475:   0%|          | 0/47 [00:00<?, ?it/s, loss=0.35, v_num=]         
Epoch 476:   0%|          | 0/47 [00:00<?, ?it/s, loss=0.35, v_num=]/usr/local/lib/python3.13/dist-packages/torch/utils/data/dataloader.py:432: UserWarning: This DataLoader will create 6 worker processes in total. Our suggested max number of worker in current system is 2, which is smaller than what this DataLoader is going to create. Please be aware that excessive worker creation might get DataLoader running slow or even freeze, lower the worker number to avoid potential slowness/freeze if necessary.
  self.check_worker_number_rationality()

Epoch 476:  43%|████▎     | 20/47 [00:01<00:01, 16.47it/s, loss=0.35, v_num=]
Epoch 476:  43%|████▎     | 20/47 [00:01<00:01, 16.46it/s, loss=0.351, v_num=]
Epoch 476:  85%|████████▌ | 40/47 [00:02<00:00, 18.98it/s, loss=0.351, v_num=]
Epoch 476:  85%|████████▌ | 40/47 [00:02<00:00, 18.98it/s, loss=0.352, v_num=]
Epoch 476: 100%|██████████| 47/47 [00:02<00:00, 17.52it/s, loss=0.348, v_num=]
Epoch 476:   0%|          | 0/47 [00:00<?, ?it/s, loss=0.348, v_num=]         
Epoch 477:   0%|          | 0/47 [00:00<?, ?it/s, loss=0.348, v_num=]
Epoch 477:  43%|████▎     | 20/47 [00:01<00:02, 12.04it/s, loss=0.348, v_num=]
Epoch 477:  43%|████▎     | 20/47 [00:01<00:02, 12.03it/s, loss=0.355, v_num=]
Epoch 477:  85%|████████▌ | 40/47 [00:02<00:00, 14.06it/s, loss=0.355, v_num=]
Epoch 477:  85%|████████▌ | 40/47 [00:02<00:00, 14.06it/s, loss=0.347, v_num=]
Epoch 477: 100%|██████████| 47/47 [00:03<00:00, 14.19it/s, loss=0.351, v_num=]
Epoch 477:   0%|          | 0/47 [00:00<?, ?it/s, loss=0.351, v_num=]         
Epoch 478:   0%|          | 0/47 [00:00<?, ?it/s, loss=0.351, v_num=]
Epoch 478:  43%|████▎     | 20/47 [00:01<00:01, 16.56it/s, loss=0.351, v_num=]
Epoch 478:  43%|████▎     | 20/47 [00:01<00:01, 16.55it/s, loss=0.353, v_num=]
Epoch 478:  85%|████████▌ | 40/47 [00:02<00:00, 18.83it/s, loss=0.353, v_num=]
Epoch 478:  85%|████████▌ | 40/47 [00:02<00:00, 18.83it/s, loss=0.347, v_num=]
Epoch 478: 100%|██████████| 47/47 [00:02<00:00, 18.17it/s, loss=0.346, v_num=]
Epoch 478:   0%|          | 0/47 [00:00<?, ?it/s, loss=0.346, v_num=]         
Epoch 479:   0%|          | 0/47 [00:00<?, ?it/s, loss=0.346, v_num=]
Epoch 479:  43%|████▎     | 20/47 [00:01<00:01, 16.04it/s, loss=0.346, v_num=]
Epoch 479:  43%|████▎     | 20/47 [00:01<00:01, 16.03it/s, loss=0.352, v_num=]
Epoch 479:  85%|████████▌ | 40/47 [00:02<00:00, 18.40it/s, loss=0.352, v_num=]
Epoch 479:  85%|████████▌ | 40/47 [00:02<00:00, 18.40it/s, loss=0.347, v_num=]
Epoch 479: 100%|██████████| 47/47 [00:02<00:00, 17.89it/s, loss=0.35, v_num=] 
Epoch 479:   0%|          | 0/47 [00:00<?, ?it/s, loss=0.35, v_num=]         
Epoch 480:   0%|          | 0/47 [00:00<?, ?it/s, loss=0.35, v_num=]
Epoch 480:  43%|████▎     | 20/47 [00:01<00:01, 15.90it/s, loss=0.35, v_num=]
Epoch 480:  43%|████▎     | 20/47 [00:01<00:01, 15.89it/s, loss=0.352, v_num=]
Epoch 480:  85%|████████▌ | 40/47 [00:02<00:00, 18.37it/s, loss=0.352, v_num=]
Epoch 480:  85%|████████▌ | 40/47 [00:02<00:00, 18.37it/s, loss=0.354, v_num=]
Epoch 480: 100%|██████████| 47/47 [00:02<00:00, 17.70it/s, loss=0.354, v_num=]Evaluating...
NMI : 0.6379550030113786, ARI: 0.4119687683172452, ACC: 0.4065, current K: 10
Epoch 480 | NMI: 0.6380, ARI: 0.4120, ACC: 0.4065, current K: 10
Confusion Matrix:
[[  2  18   1 241   2   6   0   0  27   3   0   0   0   0   0   0   0   0
    0   0]
 [  0   2   3   1  10   0   3 277   2   2   0   0   0   0   0   0   0   0
    0   0]
 [  0  11   0  10   1   3   1   0 273   1   0   0   0   0   0   0   0   0
    0   0]
 [  4   2 260   2   1   7   1  22   1   0   0   0   0   0   0   0   0   0
    0   0]
 [  0   3   5  17 260   2   0  13   0   0   0   0   0   0   0   0   0   0
    0   0]
 [  4  86   0   0   0   0 202   0   7   1   0   0   0   0   0   0   0   0
    0   0]
 [  0   0  12   0   1 271   0   6   9   1   0   0   0   0   0   0   0   0
    0   0]
 [197  98   1   0   0   0   3   0   1   0   0   0   0   0   0   0   0   0
    0   0]
 [  0  44   1   0   1   4   0   0  18 232   0   0   0   0   0   0   0   0
    0   0]
 [  1   2 268   0   0  22   2   5   0   0   0   0   0   0   0   0   0   0
    0   0]
 [  0  88   0  11   1   3   0   0   0 197   0   0   0   0   0   0   0   0
    0   0]
 [  0   5   3   0  19   0   0 271   2   0   0   0   0   0   0   0   0   0
    0   0]
 [  0   2   0  93 199   0   0   4   2   0   0   0   0   0   0   0   0   0
    0   0]
 [  0   9   2   0   0   0 250  19  20   0   0   0   0   0   0   0   0   0
    0   0]
 [  0   7   8   0   0 271   0   0  14   0   0   0   0   0   0   0   0   0
    0   0]
 [266  25   4   1   2   0   0   1   1   0   0   0   0   0   0   0   0   0
    0   0]
 [  0   4   0  31 250   0   0   4   1  10   0   0   0   0   0   0   0   0
    0   0]
 [  0  54   6   0   0   0 235   1   3   1   0   0   0   0   0   0   0   0
    0   0]
 [  0   1  10   1   0 274   0   0   2  12   0   0   0   0   0   0   0   0
    0   0]
 [217  70   0   1   0   0   0  12   0   0   0   0   0   0   0   0   0   0
    0   0]]

Epoch 480:   0%|          | 0/47 [00:00<?, ?it/s, loss=0.354, v_num=]         
Epoch 481:   0%|          | 0/47 [00:00<?, ?it/s, loss=0.354, v_num=]/usr/local/lib/python3.13/dist-packages/torch/utils/data/dataloader.py:432: UserWarning: This DataLoader will create 6 worker processes in total. Our suggested max number of worker in current system is 2, which is smaller than what this DataLoader is going to create. Please be aware that excessive worker creation might get DataLoader running slow or even freeze, lower the worker number to avoid potential slowness/freeze if necessary.
  self.check_worker_number_rationality()

Epoch 481:  43%|████▎     | 20/47 [00:01<00:01, 14.65it/s, loss=0.354, v_num=]
Epoch 481:  43%|████▎     | 20/47 [00:01<00:01, 14.64it/s, loss=0.348, v_num=]
Epoch 481:  85%|████████▌ | 40/47 [00:02<00:00, 15.24it/s, loss=0.348, v_num=]
Epoch 481:  85%|████████▌ | 40/47 [00:02<00:00, 15.24it/s, loss=0.349, v_num=]
Epoch 481: 100%|██████████| 47/47 [00:03<00:00, 14.30it/s, loss=0.348, v_num=]
Epoch 481:   0%|          | 0/47 [00:00<?, ?it/s, loss=0.348, v_num=]         
Epoch 482:   0%|          | 0/47 [00:00<?, ?it/s, loss=0.348, v_num=]
Epoch 482:  43%|████▎     | 20/47 [00:01<00:02, 11.85it/s, loss=0.348, v_num=]
Epoch 482:  43%|████▎     | 20/47 [00:01<00:02, 11.84it/s, loss=0.348, v_num=]
Epoch 482:  85%|████████▌ | 40/47 [00:02<00:00, 15.44it/s, loss=0.348, v_num=]
Epoch 482:  85%|████████▌ | 40/47 [00:02<00:00, 15.44it/s, loss=0.349, v_num=]
Epoch 482: 100%|██████████| 47/47 [00:03<00:00, 15.50it/s, loss=0.352, v_num=]
Epoch 482:   0%|          | 0/47 [00:00<?, ?it/s, loss=0.352, v_num=]         
Epoch 483:   0%|          | 0/47 [00:00<?, ?it/s, loss=0.352, v_num=]
Epoch 483:  43%|████▎     | 20/47 [00:01<00:01, 16.26it/s, loss=0.352, v_num=]
Epoch 483:  43%|████▎     | 20/47 [00:01<00:01, 16.25it/s, loss=0.354, v_num=]
Epoch 483:  85%|████████▌ | 40/47 [00:02<00:00, 18.73it/s, loss=0.354, v_num=]
Epoch 483:  85%|████████▌ | 40/47 [00:02<00:00, 18.73it/s, loss=0.352, v_num=]
Epoch 483: 100%|██████████| 47/47 [00:02<00:00, 18.13it/s, loss=0.35, v_num=] 
Epoch 483:   0%|          | 0/47 [00:00<?, ?it/s, loss=0.35, v_num=]         
Epoch 484:   0%|          | 0/47 [00:00<?, ?it/s, loss=0.35, v_num=]
Epoch 484:  43%|████▎     | 20/47 [00:01<00:01, 16.38it/s, loss=0.35, v_num=]
Epoch 484:  43%|████▎     | 20/47 [00:01<00:01, 16.37it/s, loss=0.345, v_num=]
Epoch 484:  85%|████████▌ | 40/47 [00:02<00:00, 18.48it/s, loss=0.345, v_num=]
Epoch 484:  85%|████████▌ | 40/47 [00:02<00:00, 18.48it/s, loss=0.354, v_num=]
Epoch 484: 100%|██████████| 47/47 [00:02<00:00, 17.89it/s, loss=0.35, v_num=] 
Epoch 484:   0%|          | 0/47 [00:00<?, ?it/s, loss=0.35, v_num=]         
Epoch 485:   0%|          | 0/47 [00:00<?, ?it/s, loss=0.35, v_num=]
Epoch 485:  43%|████▎     | 20/47 [00:01<00:01, 16.03it/s, loss=0.35, v_num=]
Epoch 485:  43%|████▎     | 20/47 [00:01<00:01, 16.02it/s, loss=0.35, v_num=]
Epoch 485:  85%|████████▌ | 40/47 [00:02<00:00, 18.52it/s, loss=0.35, v_num=]
Epoch 485:  85%|████████▌ | 40/47 [00:02<00:00, 18.51it/s, loss=0.349, v_num=]
Epoch 485: 100%|██████████| 47/47 [00:02<00:00, 18.00it/s, loss=0.357, v_num=]Evaluating...
NMI : 0.6378573740887116, ARI: 0.4119135078888218, ACC: 0.40667, current K: 10

Epoch 485:   0%|          | 0/47 [00:00<?, ?it/s, loss=0.357, v_num=]         
Epoch 486:   0%|          | 0/47 [00:00<?, ?it/s, loss=0.357, v_num=]/usr/local/lib/python3.13/dist-packages/torch/utils/data/dataloader.py:432: UserWarning: This DataLoader will create 6 worker processes in total. Our suggested max number of worker in current system is 2, which is smaller than what this DataLoader is going to create. Please be aware that excessive worker creation might get DataLoader running slow or even freeze, lower the worker number to avoid potential slowness/freeze if necessary.
  self.check_worker_number_rationality()

Epoch 486:  43%|████▎     | 20/47 [00:01<00:02, 13.47it/s, loss=0.357, v_num=]
Epoch 486:  43%|████▎     | 20/47 [00:01<00:02, 13.46it/s, loss=0.354, v_num=]
Epoch 486:  85%|████████▌ | 40/47 [00:02<00:00, 15.06it/s, loss=0.354, v_num=]
Epoch 486:  85%|████████▌ | 40/47 [00:02<00:00, 15.06it/s, loss=0.346, v_num=]
Epoch 486: 100%|██████████| 47/47 [00:03<00:00, 14.30it/s, loss=0.357, v_num=]
Epoch 486:   0%|          | 0/47 [00:00<?, ?it/s, loss=0.357, v_num=]         
Epoch 487:   0%|          | 0/47 [00:00<?, ?it/s, loss=0.357, v_num=]
Epoch 487:  43%|████▎     | 20/47 [00:01<00:01, 15.75it/s, loss=0.357, v_num=]
Epoch 487:  43%|████▎     | 20/47 [00:01<00:01, 15.74it/s, loss=0.356, v_num=]
Epoch 487:  85%|████████▌ | 40/47 [00:02<00:00, 18.21it/s, loss=0.356, v_num=]
Epoch 487:  85%|████████▌ | 40/47 [00:02<00:00, 18.21it/s, loss=0.352, v_num=]
Epoch 487: 100%|██████████| 47/47 [00:02<00:00, 17.80it/s, loss=0.349, v_num=]
Epoch 487:   0%|          | 0/47 [00:00<?, ?it/s, loss=0.349, v_num=]         
Epoch 488:   0%|          | 0/47 [00:00<?, ?it/s, loss=0.349, v_num=]
Epoch 488:  43%|████▎     | 20/47 [00:01<00:01, 15.99it/s, loss=0.349, v_num=]
Epoch 488:  43%|████▎     | 20/47 [00:01<00:01, 15.98it/s, loss=0.345, v_num=]
Epoch 488:  85%|████████▌ | 40/47 [00:02<00:00, 18.11it/s, loss=0.345, v_num=]
Epoch 488:  85%|████████▌ | 40/47 [00:02<00:00, 18.10it/s, loss=0.351, v_num=]
Epoch 488: 100%|██████████| 47/47 [00:02<00:00, 17.67it/s, loss=0.35, v_num=] 
Epoch 488:   0%|          | 0/47 [00:00<?, ?it/s, loss=0.35, v_num=]         
Epoch 489:   0%|          | 0/47 [00:00<?, ?it/s, loss=0.35, v_num=]
Epoch 489:  43%|████▎     | 20/47 [00:01<00:01, 16.25it/s, loss=0.35, v_num=]
Epoch 489:  43%|████▎     | 20/47 [00:01<00:01, 16.24it/s, loss=0.349, v_num=]
Epoch 489:  85%|████████▌ | 40/47 [00:02<00:00, 18.53it/s, loss=0.349, v_num=]
Epoch 489:  85%|████████▌ | 40/47 [00:02<00:00, 18.53it/s, loss=0.35, v_num=] 
Epoch 489: 100%|██████████| 47/47 [00:02<00:00, 18.00it/s, loss=0.348, v_num=]
Epoch 489:   0%|          | 0/47 [00:00<?, ?it/s, loss=0.348, v_num=]         
Epoch 490:   0%|          | 0/47 [00:00<?, ?it/s, loss=0.348, v_num=]
Epoch 490:  43%|████▎     | 20/47 [00:01<00:01, 16.45it/s, loss=0.348, v_num=]
Epoch 490:  43%|████▎     | 20/47 [00:01<00:01, 16.44it/s, loss=0.351, v_num=]
Epoch 490:  85%|████████▌ | 40/47 [00:02<00:00, 18.26it/s, loss=0.351, v_num=]
Epoch 490:  85%|████████▌ | 40/47 [00:02<00:00, 18.26it/s, loss=0.35, v_num=] 
Epoch 490: 100%|██████████| 47/47 [00:02<00:00, 16.44it/s, loss=0.345, v_num=]Evaluating...
NMI : 0.6373341708015384, ARI: 0.411462083002447, ACC: 0.406, current K: 10
Epoch 490 | NMI: 0.6373, ARI: 0.4115, ACC: 0.4060, current K: 10
Confusion Matrix:
[[  2  18   1 241   2   6   0   0  27   3   0   0   0   0   0   0   0   0
    0   0]
 [  0   2   4   1  10   0   2 277   2   2   0   0   0   0   0   0   0   0
    0   0]
 [  0  11   0  10   1   3   1   0 273   1   0   0   0   0   0   0   0   0
    0   0]
 [  4   2 260   2   1   7   1  22   1   0   0   0   0   0   0   0   0   0
    0   0]
 [  0   3   5  17 258   4   0  13   0   0   0   0   0   0   0   0   0   0
    0   0]
 [  4  86   0   0   0   0 202   0   7   1   0   0   0   0   0   0   0   0
    0   0]
 [  0   0  12   0   1 271   0   6   9   1   0   0   0   0   0   0   0   0
    0   0]
 [197  98   1   0   0   0   3   0   1   0   0   0   0   0   0   0   0   0
    0   0]
 [  0  44   1   0   1   4   0   0  18 232   0   0   0   0   0   0   0   0
    0   0]
 [  1   2 268   0   0  22   2   5   0   0   0   0   0   0   0   0   0   0
    0   0]
 [  0  88   0  11   1   3   0   0   0 197   0   0   0   0   0   0   0   0
    0   0]
 [  0   5   3   0  19   0   0 271   2   0   0   0   0   0   0   0   0   0
    0   0]
 [  0   2   0  94 198   0   0   4   2   0   0   0   0   0   0   0   0   0
    0   0]
 [  0   9   2   0   0   0 249  19  21   0   0   0   0   0   0   0   0   0
    0   0]
 [  0   8   8   0   0 270   0   0  14   0   0   0   0   0   0   0   0   0
    0   0]
 [266  25   4   1   2   0   0   1   1   0   0   0   0   0   0   0   0   0
    0   0]
 [  0   4   0  31 250   0   0   4   1  10   0   0   0   0   0   0   0   0
    0   0]
 [  0  55   6   0   0   0 234   1   3   1   0   0   0   0   0   0   0   0
    0   0]
 [  0   1  10   1   0 274   0   0   2  12   0   0   0   0   0   0   0   0
    0   0]
 [219  70   0   1   0   0   0  10   0   0   0   0   0   0   0   0   0   0
    0   0]]

Epoch 490:   0%|          | 0/47 [00:00<?, ?it/s, loss=0.345, v_num=]         
Epoch 491:   0%|          | 0/47 [00:00<?, ?it/s, loss=0.345, v_num=]/usr/local/lib/python3.13/dist-packages/torch/utils/data/dataloader.py:432: UserWarning: This DataLoader will create 6 worker processes in total. Our suggested max number of worker in current system is 2, which is smaller than what this DataLoader is going to create. Please be aware that excessive worker creation might get DataLoader running slow or even freeze, lower the worker number to avoid potential slowness/freeze if necessary.
  self.check_worker_number_rationality()

Epoch 491:  43%|████▎     | 20/47 [00:01<00:02, 11.63it/s, loss=0.345, v_num=]
Epoch 491:  43%|████▎     | 20/47 [00:01<00:02, 11.63it/s, loss=0.355, v_num=]
Epoch 491:  85%|████████▌ | 40/47 [00:02<00:00, 14.22it/s, loss=0.355, v_num=]
Epoch 491:  85%|████████▌ | 40/47 [00:02<00:00, 14.22it/s, loss=0.354, v_num=]
Epoch 491: 100%|██████████| 47/47 [00:03<00:00, 14.34it/s, loss=0.352, v_num=]
Epoch 491:   0%|          | 0/47 [00:00<?, ?it/s, loss=0.352, v_num=]         
Epoch 492:   0%|          | 0/47 [00:00<?, ?it/s, loss=0.352, v_num=]
Epoch 492:  43%|████▎     | 20/47 [00:01<00:01, 14.54it/s, loss=0.352, v_num=]
Epoch 492:  43%|████▎     | 20/47 [00:01<00:01, 14.53it/s, loss=0.351, v_num=]
Epoch 492:  85%|████████▌ | 40/47 [00:02<00:00, 17.41it/s, loss=0.351, v_num=]
Epoch 492:  85%|████████▌ | 40/47 [00:02<00:00, 17.41it/s, loss=0.345, v_num=]
Epoch 492: 100%|██████████| 47/47 [00:02<00:00, 17.03it/s, loss=0.358, v_num=]
Epoch 492:   0%|          | 0/47 [00:00<?, ?it/s, loss=0.358, v_num=]         
Epoch 493:   0%|          | 0/47 [00:00<?, ?it/s, loss=0.358, v_num=]
Epoch 493:  43%|████▎     | 20/47 [00:01<00:01, 16.07it/s, loss=0.358, v_num=]
Epoch 493:  43%|████▎     | 20/47 [00:01<00:01, 16.06it/s, loss=0.352, v_num=]
Epoch 493:  85%|████████▌ | 40/47 [00:02<00:00, 18.44it/s, loss=0.352, v_num=]
Epoch 493:  85%|████████▌ | 40/47 [00:02<00:00, 18.43it/s, loss=0.345, v_num=]
Epoch 493: 100%|██████████| 47/47 [00:02<00:00, 17.87it/s, loss=0.344, v_num=]
Epoch 493:   0%|          | 0/47 [00:00<?, ?it/s, loss=0.344, v_num=]         
Epoch 494:   0%|          | 0/47 [00:00<?, ?it/s, loss=0.344, v_num=]
Epoch 494:  43%|████▎     | 20/47 [00:01<00:01, 16.00it/s, loss=0.344, v_num=]
Epoch 494:  43%|████▎     | 20/47 [00:01<00:01, 15.99it/s, loss=0.349, v_num=]
Epoch 494:  85%|████████▌ | 40/47 [00:02<00:00, 18.37it/s, loss=0.349, v_num=]
Epoch 494:  85%|████████▌ | 40/47 [00:02<00:00, 18.37it/s, loss=0.348, v_num=]
Epoch 494: 100%|██████████| 47/47 [00:02<00:00, 17.90it/s, loss=0.35, v_num=] 
Epoch 494:   0%|          | 0/47 [00:00<?, ?it/s, loss=0.35, v_num=]         
Epoch 495:   0%|          | 0/47 [00:00<?, ?it/s, loss=0.35, v_num=]
Epoch 495:  43%|████▎     | 20/47 [00:01<00:01, 13.87it/s, loss=0.35, v_num=]
Epoch 495:  43%|████▎     | 20/47 [00:01<00:01, 13.86it/s, loss=0.356, v_num=]
Epoch 495:  85%|████████▌ | 40/47 [00:02<00:00, 15.11it/s, loss=0.356, v_num=]
Epoch 495:  85%|████████▌ | 40/47 [00:02<00:00, 15.11it/s, loss=0.349, v_num=]
Epoch 495: 100%|██████████| 47/47 [00:03<00:00, 14.05it/s, loss=0.346, v_num=]Evaluating...
NMI : 0.6373959846535091, ARI: 0.41153825287048634, ACC: 0.40633, current K: 10

Epoch 495:   0%|          | 0/47 [00:00<?, ?it/s, loss=0.346, v_num=]         
Epoch 496:   0%|          | 0/47 [00:00<?, ?it/s, loss=0.346, v_num=]/usr/local/lib/python3.13/dist-packages/torch/utils/data/dataloader.py:432: UserWarning: This DataLoader will create 6 worker processes in total. Our suggested max number of worker in current system is 2, which is smaller than what this DataLoader is going to create. Please be aware that excessive worker creation might get DataLoader running slow or even freeze, lower the worker number to avoid potential slowness/freeze if necessary.
  self.check_worker_number_rationality()

Epoch 496:  43%|████▎     | 20/47 [00:01<00:01, 14.61it/s, loss=0.346, v_num=]
Epoch 496:  43%|████▎     | 20/47 [00:01<00:01, 14.60it/s, loss=0.344, v_num=]
Epoch 496:  85%|████████▌ | 40/47 [00:02<00:00, 17.54it/s, loss=0.344, v_num=]
Epoch 496:  85%|████████▌ | 40/47 [00:02<00:00, 17.53it/s, loss=0.353, v_num=]
Epoch 496: 100%|██████████| 47/47 [00:02<00:00, 17.21it/s, loss=0.356, v_num=]
Epoch 496:   0%|          | 0/47 [00:00<?, ?it/s, loss=0.356, v_num=]         
Epoch 497:   0%|          | 0/47 [00:00<?, ?it/s, loss=0.356, v_num=]
Epoch 497:  43%|████▎     | 20/47 [00:01<00:01, 15.93it/s, loss=0.356, v_num=]
Epoch 497:  43%|████▎     | 20/47 [00:01<00:01, 15.92it/s, loss=0.352, v_num=]
Epoch 497:  85%|████████▌ | 40/47 [00:02<00:00, 18.51it/s, loss=0.352, v_num=]
Epoch 497:  85%|████████▌ | 40/47 [00:02<00:00, 18.51it/s, loss=0.347, v_num=]
Epoch 497: 100%|██████████| 47/47 [00:02<00:00, 17.98it/s, loss=0.35, v_num=] 
Epoch 497:   0%|          | 0/47 [00:00<?, ?it/s, loss=0.35, v_num=]         
Epoch 498:   0%|          | 0/47 [00:00<?, ?it/s, loss=0.35, v_num=]
Epoch 498:  43%|████▎     | 20/47 [00:01<00:01, 16.10it/s, loss=0.35, v_num=]
Epoch 498:  43%|████▎     | 20/47 [00:01<00:01, 16.09it/s, loss=0.352, v_num=]
Epoch 498:  85%|████████▌ | 40/47 [00:02<00:00, 18.50it/s, loss=0.352, v_num=]
Epoch 498:  85%|████████▌ | 40/47 [00:02<00:00, 18.49it/s, loss=0.344, v_num=]
Epoch 498: 100%|██████████| 47/47 [00:02<00:00, 17.86it/s, loss=0.351, v_num=]
Epoch 498:   0%|          | 0/47 [00:00<?, ?it/s, loss=0.351, v_num=]         
Epoch 499:   0%|          | 0/47 [00:00<?, ?it/s, loss=0.351, v_num=]
Epoch 499:  43%|████▎     | 20/47 [00:01<00:01, 15.72it/s, loss=0.351, v_num=]
Epoch 499:  43%|████▎     | 20/47 [00:01<00:01, 15.71it/s, loss=0.353, v_num=]
Epoch 499:  85%|████████▌ | 40/47 [00:02<00:00, 18.05it/s, loss=0.353, v_num=]
Epoch 499:  85%|████████▌ | 40/47 [00:02<00:00, 18.05it/s, loss=0.353, v_num=]
Epoch 499: 100%|██████████| 47/47 [00:02<00:00, 17.01it/s, loss=0.348, v_num=]
Epoch 499: 100%|██████████| 47/47 [00:02<00:00, 16.64it/s, loss=0.348, v_num=]
Finished training!
Training history plot saved to: logs/mnist24579_full_info_split_merge_40_s45_treatment/training_history.png
Metrics history plot saved to: logs/mnist24579_full_info_split_merge_40_s45_treatment/metrics_history.png
Confusion matrix plot saved to: logs/mnist24579_full_info_split_merge_40_s45_treatment/confusion_matrix.png
NMI: 0.6376, ARI: 0.41165, acc: 0.40583, final K: 10
