/usr/local/lib/python3.13/dist-packages/torch/utils/data/dataloader.py:424: UserWarning: This DataLoader will create 6 worker processes in total. Our suggested max number of worker in current system is 2, which is smaller than what this DataLoader is going to create. Please be aware that excessive worker creation might get DataLoader running slow or even freeze, lower the worker number to avoid potential slowness/freeze if necessary.
  self.check_worker_number_rationality()
Global seed set to 47
Global seed set to 47
GPU available: True, used: True
TPU available: False, using: 0 TPU cores
/usr/local/lib/python3.13/dist-packages/pytorch_lightning/utilities/distributed.py:68: UserWarning: you defined a validation_step but have no val_dataloader. Skipping validation loop
  warnings.warn(*args, **kwargs)
LOCAL_RANK: 0 - CUDA_VISIBLE_DEVICES: [0]

  | Name              | Type              | Params
--------------------------------------------------------
0 | cluster_net       | MLP_Classifier    | 601   
1 | subclustering_net | Subclustering_net | 652   
--------------------------------------------------------
1.3 K     Trainable params
0         Non-trainable params
1.3 K     Total params
0.005     Total estimated model params size (MB)
Test data not found! running only with train data
Sequential()

Training: 0it [00:00, ?it/s]
Training:   0%|          | 0/47 [00:00<?, ?it/s]
Epoch 0:   0%|          | 0/47 [00:00<?, ?it/s] /usr/local/lib/python3.13/dist-packages/torch/utils/data/dataloader.py:432: UserWarning: This DataLoader will create 6 worker processes in total. Our suggested max number of worker in current system is 2, which is smaller than what this DataLoader is going to create. Please be aware that excessive worker creation might get DataLoader running slow or even freeze, lower the worker number to avoid potential slowness/freeze if necessary.
  self.check_worker_number_rationality()
/usr/local/lib/python3.13/dist-packages/pytorch_lightning/utilities/distributed.py:68: UserWarning: training_step returned None if it was on purpose, ignore this warning...
  warnings.warn(*args, **kwargs)

Epoch 0:  43%|████▎     | 20/47 [00:00<00:00, 47.89it/s]
Epoch 0:  43%|████▎     | 20/47 [00:00<00:00, 47.81it/s, loss=nan, v_num=]
Epoch 0:  85%|████████▌ | 40/47 [00:00<00:00, 74.77it/s, loss=nan, v_num=]
Epoch 0:  85%|████████▌ | 40/47 [00:00<00:00, 74.72it/s, loss=nan, v_num=]
Epoch 0: 100%|██████████| 47/47 [00:00<00:00, 69.84it/s, loss=nan, v_num=]Initializing clusters params using Kmeans...

Epoch 0:   0%|          | 0/47 [00:00<?, ?it/s, loss=nan, v_num=]         
Epoch 1:   0%|          | 0/47 [00:00<?, ?it/s, loss=nan, v_num=]/usr/local/lib/python3.13/dist-packages/torch/utils/data/dataloader.py:432: UserWarning: This DataLoader will create 6 worker processes in total. Our suggested max number of worker in current system is 2, which is smaller than what this DataLoader is going to create. Please be aware that excessive worker creation might get DataLoader running slow or even freeze, lower the worker number to avoid potential slowness/freeze if necessary.
  self.check_worker_number_rationality()

Epoch 1:  43%|████▎     | 20/47 [00:01<00:01, 19.01it/s, loss=nan, v_num=]
Epoch 1:  43%|████▎     | 20/47 [00:01<00:01, 18.99it/s, loss=0, v_num=]  
Epoch 1:  85%|████████▌ | 40/47 [00:01<00:00, 29.57it/s, loss=0, v_num=]
Epoch 1:  85%|████████▌ | 40/47 [00:01<00:00, 29.56it/s, loss=0, v_num=]
Epoch 1: 100%|██████████| 47/47 [00:01<00:00, 29.31it/s, loss=0, v_num=]
Epoch 1:   0%|          | 0/47 [00:00<?, ?it/s, loss=0, v_num=]         
Epoch 2:   0%|          | 0/47 [00:00<?, ?it/s, loss=0, v_num=]
Epoch 2:  43%|████▎     | 20/47 [00:00<00:00, 44.74it/s, loss=0, v_num=]
Epoch 2:  43%|████▎     | 20/47 [00:00<00:00, 44.67it/s, loss=0, v_num=]
Epoch 2:  85%|████████▌ | 40/47 [00:00<00:00, 60.13it/s, loss=0, v_num=]
Epoch 2:  85%|████████▌ | 40/47 [00:00<00:00, 60.10it/s, loss=0, v_num=]
Epoch 2: 100%|██████████| 47/47 [00:00<00:00, 55.92it/s, loss=0, v_num=]
Epoch 2:   0%|          | 0/47 [00:00<?, ?it/s, loss=0, v_num=]         
Epoch 3:   0%|          | 0/47 [00:00<?, ?it/s, loss=0, v_num=]
Epoch 3:  43%|████▎     | 20/47 [00:00<00:00, 45.98it/s, loss=0, v_num=]
Epoch 3:  43%|████▎     | 20/47 [00:00<00:00, 45.91it/s, loss=0, v_num=]
Epoch 3:  85%|████████▌ | 40/47 [00:00<00:00, 60.86it/s, loss=0, v_num=]
Epoch 3:  85%|████████▌ | 40/47 [00:00<00:00, 60.83it/s, loss=0, v_num=]
Epoch 3: 100%|██████████| 47/47 [00:00<00:00, 56.28it/s, loss=0, v_num=]
Epoch 3:   0%|          | 0/47 [00:00<?, ?it/s, loss=0, v_num=]         
Epoch 4:   0%|          | 0/47 [00:00<?, ?it/s, loss=0, v_num=]
Epoch 4:  43%|████▎     | 20/47 [00:00<00:00, 44.86it/s, loss=0, v_num=]
Epoch 4:  43%|████▎     | 20/47 [00:00<00:00, 44.79it/s, loss=0, v_num=]
Epoch 4:  85%|████████▌ | 40/47 [00:00<00:00, 58.52it/s, loss=0, v_num=]
Epoch 4:  85%|████████▌ | 40/47 [00:00<00:00, 58.49it/s, loss=0, v_num=]
Epoch 4: 100%|██████████| 47/47 [00:00<00:00, 54.32it/s, loss=0, v_num=]
Epoch 4:   0%|          | 0/47 [00:00<?, ?it/s, loss=0, v_num=]         
Epoch 5:   0%|          | 0/47 [00:00<?, ?it/s, loss=0, v_num=]
Epoch 5:  43%|████▎     | 20/47 [00:00<00:00, 48.41it/s, loss=0, v_num=]
Epoch 5:  43%|████▎     | 20/47 [00:00<00:00, 48.33it/s, loss=0, v_num=]
Epoch 5:  85%|████████▌ | 40/47 [00:00<00:00, 63.44it/s, loss=0, v_num=]
Epoch 5:  85%|████████▌ | 40/47 [00:00<00:00, 63.41it/s, loss=0, v_num=]
Epoch 5: 100%|██████████| 47/47 [00:00<00:00, 57.24it/s, loss=0, v_num=]Evaluating...
NMI : 0.0, ARI: 0.0, ACC: 0.05, current K: 1

Epoch 5:   0%|          | 0/47 [00:00<?, ?it/s, loss=0, v_num=]         
Epoch 6:   0%|          | 0/47 [00:00<?, ?it/s, loss=0, v_num=]/usr/local/lib/python3.13/dist-packages/torch/utils/data/dataloader.py:432: UserWarning: This DataLoader will create 6 worker processes in total. Our suggested max number of worker in current system is 2, which is smaller than what this DataLoader is going to create. Please be aware that excessive worker creation might get DataLoader running slow or even freeze, lower the worker number to avoid potential slowness/freeze if necessary.
  self.check_worker_number_rationality()

Epoch 6:  43%|████▎     | 20/47 [00:00<00:00, 47.18it/s, loss=0, v_num=]
Epoch 6:  43%|████▎     | 20/47 [00:00<00:00, 47.11it/s, loss=0, v_num=]
Epoch 6:  85%|████████▌ | 40/47 [00:00<00:00, 61.51it/s, loss=0, v_num=]
Epoch 6:  85%|████████▌ | 40/47 [00:00<00:00, 61.48it/s, loss=0, v_num=]
Epoch 6: 100%|██████████| 47/47 [00:00<00:00, 57.09it/s, loss=0, v_num=]
Epoch 6:   0%|          | 0/47 [00:00<?, ?it/s, loss=0, v_num=]         
Epoch 7:   0%|          | 0/47 [00:00<?, ?it/s, loss=0, v_num=]
Epoch 7:  43%|████▎     | 20/47 [00:00<00:00, 44.30it/s, loss=0, v_num=]
Epoch 7:  43%|████▎     | 20/47 [00:00<00:00, 44.23it/s, loss=0, v_num=]
Epoch 7:  85%|████████▌ | 40/47 [00:00<00:00, 59.31it/s, loss=0, v_num=]
Epoch 7:  85%|████████▌ | 40/47 [00:00<00:00, 59.28it/s, loss=0, v_num=]
Epoch 7: 100%|██████████| 47/47 [00:00<00:00, 55.40it/s, loss=0, v_num=]
Epoch 7:   0%|          | 0/47 [00:00<?, ?it/s, loss=0, v_num=]         
Epoch 8:   0%|          | 0/47 [00:00<?, ?it/s, loss=0, v_num=]
Epoch 8:  43%|████▎     | 20/47 [00:00<00:00, 44.63it/s, loss=0, v_num=]
Epoch 8:  43%|████▎     | 20/47 [00:00<00:00, 44.57it/s, loss=0, v_num=]
Epoch 8:  85%|████████▌ | 40/47 [00:00<00:00, 59.55it/s, loss=0, v_num=]
Epoch 8:  85%|████████▌ | 40/47 [00:00<00:00, 59.52it/s, loss=0, v_num=]
Epoch 8: 100%|██████████| 47/47 [00:00<00:00, 55.48it/s, loss=0, v_num=]
Epoch 8:   0%|          | 0/47 [00:00<?, ?it/s, loss=0, v_num=]         
Epoch 9:   0%|          | 0/47 [00:00<?, ?it/s, loss=0, v_num=]
Epoch 9:  43%|████▎     | 20/47 [00:00<00:00, 45.36it/s, loss=0, v_num=]
Epoch 9:  43%|████▎     | 20/47 [00:00<00:00, 45.29it/s, loss=0, v_num=]
Epoch 9:  85%|████████▌ | 40/47 [00:00<00:00, 59.98it/s, loss=0, v_num=]
Epoch 9:  85%|████████▌ | 40/47 [00:00<00:00, 59.95it/s, loss=0, v_num=]
Epoch 9: 100%|██████████| 47/47 [00:00<00:00, 56.05it/s, loss=0, v_num=]
Epoch 9:   0%|          | 0/47 [00:00<?, ?it/s, loss=0, v_num=]         
Epoch 10:   0%|          | 0/47 [00:00<?, ?it/s, loss=0, v_num=]
Epoch 10:  43%|████▎     | 20/47 [00:00<00:00, 46.94it/s, loss=0, v_num=]
Epoch 10:  43%|████▎     | 20/47 [00:00<00:00, 46.86it/s, loss=0, v_num=]
Epoch 10:  85%|████████▌ | 40/47 [00:00<00:00, 59.82it/s, loss=0, v_num=]
Epoch 10:  85%|████████▌ | 40/47 [00:00<00:00, 59.79it/s, loss=0, v_num=]
Epoch 10: 100%|██████████| 47/47 [00:00<00:00, 55.27it/s, loss=0, v_num=]Evaluating...
NMI : 0.0, ARI: 0.0, ACC: 0.05, current K: 1

Epoch 10:   0%|          | 0/47 [00:00<?, ?it/s, loss=0, v_num=]         
Epoch 11:   0%|          | 0/47 [00:00<?, ?it/s, loss=0, v_num=]/usr/local/lib/python3.13/dist-packages/torch/utils/data/dataloader.py:432: UserWarning: This DataLoader will create 6 worker processes in total. Our suggested max number of worker in current system is 2, which is smaller than what this DataLoader is going to create. Please be aware that excessive worker creation might get DataLoader running slow or even freeze, lower the worker number to avoid potential slowness/freeze if necessary.
  self.check_worker_number_rationality()

Epoch 11:  43%|████▎     | 20/47 [00:00<00:00, 46.07it/s, loss=0, v_num=]
Epoch 11:  43%|████▎     | 20/47 [00:00<00:00, 46.00it/s, loss=0, v_num=]
Epoch 11:  85%|████████▌ | 40/47 [00:00<00:00, 60.56it/s, loss=0, v_num=]
Epoch 11:  85%|████████▌ | 40/47 [00:00<00:00, 60.53it/s, loss=0, v_num=]
Epoch 11: 100%|██████████| 47/47 [00:00<00:00, 54.42it/s, loss=0, v_num=]
Epoch 11:   0%|          | 0/47 [00:00<?, ?it/s, loss=0, v_num=]         
Epoch 12:   0%|          | 0/47 [00:00<?, ?it/s, loss=0, v_num=]
Epoch 12:  43%|████▎     | 20/47 [00:00<00:00, 45.43it/s, loss=0, v_num=]
Epoch 12:  43%|████▎     | 20/47 [00:00<00:00, 45.36it/s, loss=0, v_num=]
Epoch 12:  85%|████████▌ | 40/47 [00:00<00:00, 59.64it/s, loss=0, v_num=]
Epoch 12:  85%|████████▌ | 40/47 [00:00<00:00, 59.61it/s, loss=0, v_num=]
Epoch 12: 100%|██████████| 47/47 [00:00<00:00, 55.22it/s, loss=0, v_num=]
Epoch 12:   0%|          | 0/47 [00:00<?, ?it/s, loss=0, v_num=]         
Epoch 13:   0%|          | 0/47 [00:00<?, ?it/s, loss=0, v_num=]
Epoch 13:  43%|████▎     | 20/47 [00:00<00:00, 42.61it/s, loss=0, v_num=]
Epoch 13:  43%|████▎     | 20/47 [00:00<00:00, 42.53it/s, loss=0, v_num=]
Epoch 13:  85%|████████▌ | 40/47 [00:00<00:00, 51.77it/s, loss=0, v_num=]
Epoch 13:  85%|████████▌ | 40/47 [00:00<00:00, 51.74it/s, loss=0, v_num=]
Epoch 13: 100%|██████████| 47/47 [00:01<00:00, 44.23it/s, loss=0, v_num=]
Epoch 13:   0%|          | 0/47 [00:00<?, ?it/s, loss=0, v_num=]         
Epoch 14:   0%|          | 0/47 [00:00<?, ?it/s, loss=0, v_num=]
Epoch 14:  43%|████▎     | 20/47 [00:00<00:00, 32.14it/s, loss=0, v_num=]
Epoch 14:  43%|████▎     | 20/47 [00:00<00:00, 32.10it/s, loss=0, v_num=]
Epoch 14:  85%|████████▌ | 40/47 [00:00<00:00, 43.82it/s, loss=0, v_num=]
Epoch 14:  85%|████████▌ | 40/47 [00:00<00:00, 43.80it/s, loss=0, v_num=]
Epoch 14: 100%|██████████| 47/47 [00:01<00:00, 39.28it/s, loss=0, v_num=]
Epoch 14:   0%|          | 0/47 [00:00<?, ?it/s, loss=0, v_num=]         
Epoch 15:   0%|          | 0/47 [00:00<?, ?it/s, loss=0, v_num=]
Epoch 15:  43%|████▎     | 20/47 [00:00<00:00, 28.08it/s, loss=0, v_num=]
Epoch 15:  43%|████▎     | 20/47 [00:00<00:00, 28.05it/s, loss=0, v_num=]
Epoch 15:  85%|████████▌ | 40/47 [00:01<00:00, 37.22it/s, loss=0, v_num=]
Epoch 15:  85%|████████▌ | 40/47 [00:01<00:00, 37.20it/s, loss=0, v_num=]
Epoch 15: 100%|██████████| 47/47 [00:01<00:00, 36.74it/s, loss=0, v_num=]Evaluating...
NMI : 0.0, ARI: 0.0, ACC: 0.05, current K: 1

Epoch 15:   0%|          | 0/47 [00:00<?, ?it/s, loss=0, v_num=]         
Epoch 16:   0%|          | 0/47 [00:00<?, ?it/s, loss=0, v_num=]/usr/local/lib/python3.13/dist-packages/torch/utils/data/dataloader.py:432: UserWarning: This DataLoader will create 6 worker processes in total. Our suggested max number of worker in current system is 2, which is smaller than what this DataLoader is going to create. Please be aware that excessive worker creation might get DataLoader running slow or even freeze, lower the worker number to avoid potential slowness/freeze if necessary.
  self.check_worker_number_rationality()

Epoch 16:  43%|████▎     | 20/47 [00:00<00:00, 45.11it/s, loss=0, v_num=]
Epoch 16:  43%|████▎     | 20/47 [00:00<00:00, 45.05it/s, loss=0, v_num=]
Epoch 16:  85%|████████▌ | 40/47 [00:00<00:00, 59.98it/s, loss=0, v_num=]
Epoch 16:  85%|████████▌ | 40/47 [00:00<00:00, 59.95it/s, loss=0, v_num=]
Epoch 16: 100%|██████████| 47/47 [00:00<00:00, 54.91it/s, loss=0, v_num=]
Epoch 16:   0%|          | 0/47 [00:00<?, ?it/s, loss=0, v_num=]         
Epoch 17:   0%|          | 0/47 [00:00<?, ?it/s, loss=0, v_num=]
Epoch 17:  43%|████▎     | 20/47 [00:00<00:00, 46.55it/s, loss=0, v_num=]
Epoch 17:  43%|████▎     | 20/47 [00:00<00:00, 46.48it/s, loss=0, v_num=]
Epoch 17:  85%|████████▌ | 40/47 [00:00<00:00, 61.05it/s, loss=0, v_num=]
Epoch 17:  85%|████████▌ | 40/47 [00:00<00:00, 61.02it/s, loss=0, v_num=]
Epoch 17: 100%|██████████| 47/47 [00:00<00:00, 56.01it/s, loss=0, v_num=]
Epoch 17:   0%|          | 0/47 [00:00<?, ?it/s, loss=0, v_num=]         
Epoch 18:   0%|          | 0/47 [00:00<?, ?it/s, loss=0, v_num=]
Epoch 18:  43%|████▎     | 20/47 [00:00<00:00, 44.77it/s, loss=0, v_num=]
Epoch 18:  43%|████▎     | 20/47 [00:00<00:00, 44.71it/s, loss=0, v_num=]
Epoch 18:  85%|████████▌ | 40/47 [00:00<00:00, 59.40it/s, loss=0, v_num=]
Epoch 18:  85%|████████▌ | 40/47 [00:00<00:00, 59.37it/s, loss=0, v_num=]
Epoch 18: 100%|██████████| 47/47 [00:00<00:00, 55.14it/s, loss=0, v_num=]
Epoch 18:   0%|          | 0/47 [00:00<?, ?it/s, loss=0, v_num=]         
Epoch 19:   0%|          | 0/47 [00:00<?, ?it/s, loss=0, v_num=]
Epoch 19:  43%|████▎     | 20/47 [00:00<00:00, 46.13it/s, loss=0, v_num=]
Epoch 19:  43%|████▎     | 20/47 [00:00<00:00, 46.06it/s, loss=0, v_num=]
Epoch 19:  85%|████████▌ | 40/47 [00:00<00:00, 60.63it/s, loss=0, v_num=]
Epoch 19:  85%|████████▌ | 40/47 [00:00<00:00, 60.60it/s, loss=0, v_num=]
Epoch 19: 100%|██████████| 47/47 [00:00<00:00, 56.06it/s, loss=0, v_num=]
Epoch 19:   0%|          | 0/47 [00:00<?, ?it/s, loss=0, v_num=]         
Epoch 20:   0%|          | 0/47 [00:00<?, ?it/s, loss=0, v_num=]
Epoch 20:  43%|████▎     | 20/47 [00:00<00:00, 44.99it/s, loss=0, v_num=]
Epoch 20:  43%|████▎     | 20/47 [00:00<00:00, 44.93it/s, loss=0, v_num=]
Epoch 20:  85%|████████▌ | 40/47 [00:00<00:00, 59.40it/s, loss=0, v_num=]
Epoch 20:  85%|████████▌ | 40/47 [00:00<00:00, 59.37it/s, loss=0, v_num=]
Epoch 20: 100%|██████████| 47/47 [00:00<00:00, 55.33it/s, loss=0, v_num=]Evaluating...
NMI : 0.0, ARI: 0.0, ACC: 0.05, current K: 1

Epoch 20:   0%|          | 0/47 [00:00<?, ?it/s, loss=0, v_num=]         
Epoch 21:   0%|          | 0/47 [00:00<?, ?it/s, loss=0, v_num=]/usr/local/lib/python3.13/dist-packages/torch/utils/data/dataloader.py:432: UserWarning: This DataLoader will create 6 worker processes in total. Our suggested max number of worker in current system is 2, which is smaller than what this DataLoader is going to create. Please be aware that excessive worker creation might get DataLoader running slow or even freeze, lower the worker number to avoid potential slowness/freeze if necessary.
  self.check_worker_number_rationality()

Epoch 21:  43%|████▎     | 20/47 [00:00<00:00, 45.63it/s, loss=0, v_num=]
Epoch 21:  43%|████▎     | 20/47 [00:00<00:00, 45.56it/s, loss=0, v_num=]
Epoch 21:  85%|████████▌ | 40/47 [00:00<00:00, 58.72it/s, loss=0, v_num=]
Epoch 21:  85%|████████▌ | 40/47 [00:00<00:00, 58.69it/s, loss=0, v_num=]
Epoch 21: 100%|██████████| 47/47 [00:00<00:00, 55.19it/s, loss=0, v_num=]
Epoch 21:   0%|          | 0/47 [00:00<?, ?it/s, loss=0, v_num=]         
Epoch 22:   0%|          | 0/47 [00:00<?, ?it/s, loss=0, v_num=]
Epoch 22:  43%|████▎     | 20/47 [00:00<00:00, 45.78it/s, loss=0, v_num=]
Epoch 22:  43%|████▎     | 20/47 [00:00<00:00, 45.70it/s, loss=0, v_num=]
Epoch 22:  85%|████████▌ | 40/47 [00:00<00:00, 60.46it/s, loss=0, v_num=]
Epoch 22:  85%|████████▌ | 40/47 [00:00<00:00, 60.43it/s, loss=0, v_num=]
Epoch 22: 100%|██████████| 47/47 [00:00<00:00, 54.17it/s, loss=0, v_num=]
Epoch 22:   0%|          | 0/47 [00:00<?, ?it/s, loss=0, v_num=]         
Epoch 23:   0%|          | 0/47 [00:00<?, ?it/s, loss=0, v_num=]
Epoch 23:  43%|████▎     | 20/47 [00:00<00:00, 45.14it/s, loss=0, v_num=]
Epoch 23:  43%|████▎     | 20/47 [00:00<00:00, 45.07it/s, loss=0, v_num=]
Epoch 23:  85%|████████▌ | 40/47 [00:00<00:00, 59.88it/s, loss=0, v_num=]
Epoch 23:  85%|████████▌ | 40/47 [00:00<00:00, 59.85it/s, loss=0, v_num=]
Epoch 23: 100%|██████████| 47/47 [00:00<00:00, 54.78it/s, loss=0, v_num=]
Epoch 23:   0%|          | 0/47 [00:00<?, ?it/s, loss=0, v_num=]         
Epoch 24:   0%|          | 0/47 [00:00<?, ?it/s, loss=0, v_num=]
Epoch 24:  43%|████▎     | 20/47 [00:00<00:00, 45.53it/s, loss=0, v_num=]
Epoch 24:  43%|████▎     | 20/47 [00:00<00:00, 45.46it/s, loss=0, v_num=]
Epoch 24:  85%|████████▌ | 40/47 [00:00<00:00, 60.01it/s, loss=0, v_num=]
Epoch 24:  85%|████████▌ | 40/47 [00:00<00:00, 59.98it/s, loss=0, v_num=]
Epoch 24: 100%|██████████| 47/47 [00:00<00:00, 55.96it/s, loss=0, v_num=]
Epoch 24:   0%|          | 0/47 [00:00<?, ?it/s, loss=0, v_num=]         
Epoch 25:   0%|          | 0/47 [00:00<?, ?it/s, loss=0, v_num=]
Epoch 25:  43%|████▎     | 20/47 [00:00<00:00, 44.88it/s, loss=0, v_num=]
Epoch 25:  43%|████▎     | 20/47 [00:00<00:00, 44.82it/s, loss=0, v_num=]
Epoch 25:  85%|████████▌ | 40/47 [00:00<00:00, 59.65it/s, loss=0, v_num=]
Epoch 25:  85%|████████▌ | 40/47 [00:00<00:00, 59.62it/s, loss=0, v_num=]
Epoch 25: 100%|██████████| 47/47 [00:00<00:00, 55.65it/s, loss=0, v_num=]Evaluating...
NMI : 0.0, ARI: 0.0, ACC: 0.05, current K: 1

Epoch 25:   0%|          | 0/47 [00:00<?, ?it/s, loss=0, v_num=]         
Epoch 26:   0%|          | 0/47 [00:00<?, ?it/s, loss=0, v_num=]/usr/local/lib/python3.13/dist-packages/torch/utils/data/dataloader.py:432: UserWarning: This DataLoader will create 6 worker processes in total. Our suggested max number of worker in current system is 2, which is smaller than what this DataLoader is going to create. Please be aware that excessive worker creation might get DataLoader running slow or even freeze, lower the worker number to avoid potential slowness/freeze if necessary.
  self.check_worker_number_rationality()

Epoch 26:  43%|████▎     | 20/47 [00:00<00:00, 45.02it/s, loss=0, v_num=]
Epoch 26:  43%|████▎     | 20/47 [00:00<00:00, 44.95it/s, loss=0, v_num=]
Epoch 26:  85%|████████▌ | 40/47 [00:00<00:00, 59.25it/s, loss=0, v_num=]
Epoch 26:  85%|████████▌ | 40/47 [00:00<00:00, 59.22it/s, loss=0, v_num=]
Epoch 26: 100%|██████████| 47/47 [00:00<00:00, 55.14it/s, loss=0, v_num=]
Epoch 26:   0%|          | 0/47 [00:00<?, ?it/s, loss=0, v_num=]         
Epoch 27:   0%|          | 0/47 [00:00<?, ?it/s, loss=0, v_num=]
Epoch 27:  43%|████▎     | 20/47 [00:00<00:00, 34.68it/s, loss=0, v_num=]
Epoch 27:  43%|████▎     | 20/47 [00:00<00:00, 34.64it/s, loss=0, v_num=]
Epoch 27:  85%|████████▌ | 40/47 [00:00<00:00, 45.92it/s, loss=0, v_num=]
Epoch 27:  85%|████████▌ | 40/47 [00:00<00:00, 45.89it/s, loss=0, v_num=]
Epoch 27: 100%|██████████| 47/47 [00:01<00:00, 40.79it/s, loss=0, v_num=]
Epoch 27:   0%|          | 0/47 [00:00<?, ?it/s, loss=0, v_num=]         
Epoch 28:   0%|          | 0/47 [00:00<?, ?it/s, loss=0, v_num=]
Epoch 28:  43%|████▎     | 20/47 [00:00<00:00, 28.80it/s, loss=0, v_num=]
Epoch 28:  43%|████▎     | 20/47 [00:00<00:00, 28.77it/s, loss=0, v_num=]
Epoch 28:  85%|████████▌ | 40/47 [00:01<00:00, 39.40it/s, loss=0, v_num=]
Epoch 28:  85%|████████▌ | 40/47 [00:01<00:00, 39.38it/s, loss=0, v_num=]
Epoch 28: 100%|██████████| 47/47 [00:01<00:00, 36.93it/s, loss=0, v_num=]
Epoch 28:   0%|          | 0/47 [00:00<?, ?it/s, loss=0, v_num=]         
Epoch 29:   0%|          | 0/47 [00:00<?, ?it/s, loss=0, v_num=]
Epoch 29:  43%|████▎     | 20/47 [00:00<00:00, 32.63it/s, loss=0, v_num=]
Epoch 29:  43%|████▎     | 20/47 [00:00<00:00, 32.60it/s, loss=0, v_num=]
Epoch 29:  85%|████████▌ | 40/47 [00:00<00:00, 47.45it/s, loss=0, v_num=]
Epoch 29:  85%|████████▌ | 40/47 [00:00<00:00, 47.43it/s, loss=0, v_num=]
Epoch 29: 100%|██████████| 47/47 [00:01<00:00, 46.06it/s, loss=0, v_num=]
Epoch 29:   0%|          | 0/47 [00:00<?, ?it/s, loss=0, v_num=]         
Epoch 30:   0%|          | 0/47 [00:00<?, ?it/s, loss=0, v_num=]
Epoch 30:  43%|████▎     | 20/47 [00:00<00:00, 42.82it/s, loss=0, v_num=]
Epoch 30:  43%|████▎     | 20/47 [00:00<00:00, 42.73it/s, loss=0, v_num=]
Epoch 30:  85%|████████▌ | 40/47 [00:00<00:00, 57.51it/s, loss=0, v_num=]
Epoch 30:  85%|████████▌ | 40/47 [00:00<00:00, 57.49it/s, loss=0, v_num=]
Epoch 30: 100%|██████████| 47/47 [00:00<00:00, 53.88it/s, loss=0, v_num=]Evaluating...
NMI : 0.0, ARI: 0.0, ACC: 0.05, current K: 1

Epoch 30:   0%|          | 0/47 [00:00<?, ?it/s, loss=0, v_num=]         
Epoch 31:   0%|          | 0/47 [00:00<?, ?it/s, loss=0, v_num=]/usr/local/lib/python3.13/dist-packages/torch/utils/data/dataloader.py:432: UserWarning: This DataLoader will create 6 worker processes in total. Our suggested max number of worker in current system is 2, which is smaller than what this DataLoader is going to create. Please be aware that excessive worker creation might get DataLoader running slow or even freeze, lower the worker number to avoid potential slowness/freeze if necessary.
  self.check_worker_number_rationality()

Epoch 31:  43%|████▎     | 20/47 [00:00<00:00, 44.89it/s, loss=0, v_num=]
Epoch 31:  43%|████▎     | 20/47 [00:00<00:00, 44.82it/s, loss=0, v_num=]
Epoch 31:  85%|████████▌ | 40/47 [00:00<00:00, 59.51it/s, loss=0, v_num=]
Epoch 31:  85%|████████▌ | 40/47 [00:00<00:00, 59.48it/s, loss=0, v_num=]
Epoch 31: 100%|██████████| 47/47 [00:00<00:00, 55.63it/s, loss=0, v_num=]
Epoch 31:   0%|          | 0/47 [00:00<?, ?it/s, loss=0, v_num=]         
Epoch 32:   0%|          | 0/47 [00:00<?, ?it/s, loss=0, v_num=]
Epoch 32:  43%|████▎     | 20/47 [00:00<00:00, 45.96it/s, loss=0, v_num=]
Epoch 32:  43%|████▎     | 20/47 [00:00<00:00, 45.87it/s, loss=0, v_num=]
Epoch 32:  85%|████████▌ | 40/47 [00:00<00:00, 59.93it/s, loss=0, v_num=]
Epoch 32:  85%|████████▌ | 40/47 [00:00<00:00, 59.90it/s, loss=0, v_num=]
Epoch 32: 100%|██████████| 47/47 [00:00<00:00, 55.64it/s, loss=0, v_num=]
Epoch 32:   0%|          | 0/47 [00:00<?, ?it/s, loss=0, v_num=]         
Epoch 33:   0%|          | 0/47 [00:00<?, ?it/s, loss=0, v_num=]
Epoch 33:  43%|████▎     | 20/47 [00:00<00:00, 44.96it/s, loss=0, v_num=]
Epoch 33:  43%|████▎     | 20/47 [00:00<00:00, 44.89it/s, loss=0, v_num=]
Epoch 33:  85%|████████▌ | 40/47 [00:00<00:00, 58.20it/s, loss=0, v_num=]
Epoch 33:  85%|████████▌ | 40/47 [00:00<00:00, 58.17it/s, loss=0, v_num=]
Epoch 33: 100%|██████████| 47/47 [00:00<00:00, 54.06it/s, loss=0, v_num=]
Epoch 33:   0%|          | 0/47 [00:00<?, ?it/s, loss=0, v_num=]         
Epoch 34:   0%|          | 0/47 [00:00<?, ?it/s, loss=0, v_num=]
Epoch 34:  43%|████▎     | 20/47 [00:00<00:00, 44.69it/s, loss=0, v_num=]
Epoch 34:  43%|████▎     | 20/47 [00:00<00:00, 44.62it/s, loss=0, v_num=]
Epoch 34:  85%|████████▌ | 40/47 [00:00<00:00, 59.57it/s, loss=0, v_num=]
Epoch 34:  85%|████████▌ | 40/47 [00:00<00:00, 59.55it/s, loss=0, v_num=]
Epoch 34: 100%|██████████| 47/47 [00:00<00:00, 54.64it/s, loss=0, v_num=]
Epoch 34:   0%|          | 0/47 [00:00<?, ?it/s, loss=0, v_num=]         
Epoch 35:   0%|          | 0/47 [00:00<?, ?it/s, loss=0, v_num=]
Epoch 35:  43%|████▎     | 20/47 [00:00<00:00, 45.64it/s, loss=0, v_num=]
Epoch 35:  43%|████▎     | 20/47 [00:00<00:00, 45.57it/s, loss=0, v_num=]
Epoch 35:  85%|████████▌ | 40/47 [00:00<00:00, 60.36it/s, loss=0, v_num=]
Epoch 35:  85%|████████▌ | 40/47 [00:00<00:00, 60.33it/s, loss=0, v_num=]
Epoch 35: 100%|██████████| 47/47 [00:00<00:00, 55.69it/s, loss=0, v_num=]Evaluating...
NMI : 0.0, ARI: 0.0, ACC: 0.05, current K: 1

Epoch 35:   0%|          | 0/47 [00:00<?, ?it/s, loss=0, v_num=]         
Epoch 36:   0%|          | 0/47 [00:00<?, ?it/s, loss=0, v_num=]/usr/local/lib/python3.13/dist-packages/torch/utils/data/dataloader.py:432: UserWarning: This DataLoader will create 6 worker processes in total. Our suggested max number of worker in current system is 2, which is smaller than what this DataLoader is going to create. Please be aware that excessive worker creation might get DataLoader running slow or even freeze, lower the worker number to avoid potential slowness/freeze if necessary.
  self.check_worker_number_rationality()

Epoch 36:  43%|████▎     | 20/47 [00:00<00:00, 44.77it/s, loss=0, v_num=]
Epoch 36:  43%|████▎     | 20/47 [00:00<00:00, 44.69it/s, loss=0, v_num=]
Epoch 36:  85%|████████▌ | 40/47 [00:00<00:00, 59.41it/s, loss=0, v_num=]
Epoch 36:  85%|████████▌ | 40/47 [00:00<00:00, 59.38it/s, loss=0, v_num=]
Epoch 36: 100%|██████████| 47/47 [00:00<00:00, 54.87it/s, loss=0, v_num=]
Epoch 36:   0%|          | 0/47 [00:00<?, ?it/s, loss=0, v_num=]         
Epoch 37:   0%|          | 0/47 [00:00<?, ?it/s, loss=0, v_num=]
Epoch 37:  43%|████▎     | 20/47 [00:00<00:00, 40.81it/s, loss=0, v_num=]
Epoch 37:  43%|████▎     | 20/47 [00:00<00:00, 40.75it/s, loss=0, v_num=]
Epoch 37:  85%|████████▌ | 40/47 [00:00<00:00, 55.01it/s, loss=0, v_num=]
Epoch 37:  85%|████████▌ | 40/47 [00:00<00:00, 54.98it/s, loss=0, v_num=]
Epoch 37: 100%|██████████| 47/47 [00:00<00:00, 52.32it/s, loss=0, v_num=]
Epoch 37:   0%|          | 0/47 [00:00<?, ?it/s, loss=0, v_num=]         
Epoch 38:   0%|          | 0/47 [00:00<?, ?it/s, loss=0, v_num=]
Epoch 38:  43%|████▎     | 20/47 [00:00<00:00, 44.07it/s, loss=0, v_num=]
Epoch 38:  43%|████▎     | 20/47 [00:00<00:00, 44.01it/s, loss=0, v_num=]
Epoch 38:  85%|████████▌ | 40/47 [00:00<00:00, 58.96it/s, loss=0, v_num=]
Epoch 38:  85%|████████▌ | 40/47 [00:00<00:00, 58.93it/s, loss=0, v_num=]
Epoch 38: 100%|██████████| 47/47 [00:00<00:00, 54.77it/s, loss=0, v_num=]
Epoch 38:   0%|          | 0/47 [00:00<?, ?it/s, loss=0, v_num=]         
Epoch 39:   0%|          | 0/47 [00:00<?, ?it/s, loss=0, v_num=]
Epoch 39:  43%|████▎     | 20/47 [00:00<00:00, 45.23it/s, loss=0, v_num=]
Epoch 39:  43%|████▎     | 20/47 [00:00<00:00, 45.15it/s, loss=0, v_num=]
Epoch 39:  85%|████████▌ | 40/47 [00:00<00:00, 59.50it/s, loss=0, v_num=]
Epoch 39:  85%|████████▌ | 40/47 [00:00<00:00, 59.47it/s, loss=0, v_num=]
Epoch 39: 100%|██████████| 47/47 [00:00<00:00, 55.56it/s, loss=0, v_num=]
Epoch 39:   0%|          | 0/47 [00:00<?, ?it/s, loss=0, v_num=]         
Epoch 40:   0%|          | 0/47 [00:00<?, ?it/s, loss=0, v_num=]
Epoch 40:  43%|████▎     | 20/47 [00:00<00:00, 46.00it/s, loss=0, v_num=]
Epoch 40:  43%|████▎     | 20/47 [00:00<00:00, 45.93it/s, loss=0, v_num=]
Epoch 40:  85%|████████▌ | 40/47 [00:00<00:00, 58.98it/s, loss=0, v_num=]
Epoch 40:  85%|████████▌ | 40/47 [00:00<00:00, 58.95it/s, loss=0, v_num=]
Epoch 40: 100%|██████████| 47/47 [00:00<00:00, 50.19it/s, loss=0, v_num=]Evaluating...
NMI : 0.0, ARI: 0.0, ACC: 0.05, current K: 1

Epoch 40:   0%|          | 0/47 [00:00<?, ?it/s, loss=0, v_num=]         
Epoch 41:   0%|          | 0/47 [00:00<?, ?it/s, loss=0, v_num=]/usr/local/lib/python3.13/dist-packages/torch/utils/data/dataloader.py:432: UserWarning: This DataLoader will create 6 worker processes in total. Our suggested max number of worker in current system is 2, which is smaller than what this DataLoader is going to create. Please be aware that excessive worker creation might get DataLoader running slow or even freeze, lower the worker number to avoid potential slowness/freeze if necessary.
  self.check_worker_number_rationality()

Epoch 41:  43%|████▎     | 20/47 [00:00<00:00, 31.20it/s, loss=0, v_num=]
Epoch 41:  43%|████▎     | 20/47 [00:00<00:00, 31.16it/s, loss=0, v_num=]
Epoch 41:  85%|████████▌ | 40/47 [00:00<00:00, 42.83it/s, loss=0, v_num=]
Epoch 41:  85%|████████▌ | 40/47 [00:00<00:00, 42.78it/s, loss=0, v_num=]
Epoch 41: 100%|██████████| 47/47 [00:01<00:00, 39.29it/s, loss=0, v_num=]
Epoch 41:   0%|          | 0/47 [00:00<?, ?it/s, loss=0, v_num=]         
Epoch 42:   0%|          | 0/47 [00:00<?, ?it/s, loss=0, v_num=]
Epoch 42:  43%|████▎     | 20/47 [00:00<00:00, 30.79it/s, loss=0, v_num=]
Epoch 42:  43%|████▎     | 20/47 [00:00<00:00, 30.75it/s, loss=0, v_num=]
Epoch 42:  85%|████████▌ | 40/47 [00:00<00:00, 41.15it/s, loss=0, v_num=]
Epoch 42:  85%|████████▌ | 40/47 [00:00<00:00, 41.13it/s, loss=0, v_num=]
Epoch 42: 100%|██████████| 47/47 [00:01<00:00, 38.81it/s, loss=0, v_num=]
Epoch 42:   0%|          | 0/47 [00:00<?, ?it/s, loss=0, v_num=]         
Epoch 43:   0%|          | 0/47 [00:00<?, ?it/s, loss=0, v_num=]
Epoch 43:  43%|████▎     | 20/47 [00:00<00:00, 44.05it/s, loss=0, v_num=]
Epoch 43:  43%|████▎     | 20/47 [00:00<00:00, 43.97it/s, loss=0, v_num=]
Epoch 43:  85%|████████▌ | 40/47 [00:00<00:00, 58.40it/s, loss=0, v_num=]
Epoch 43:  85%|████████▌ | 40/47 [00:00<00:00, 58.37it/s, loss=0, v_num=]
Epoch 43: 100%|██████████| 47/47 [00:00<00:00, 54.40it/s, loss=0, v_num=]
Epoch 43:   0%|          | 0/47 [00:00<?, ?it/s, loss=0, v_num=]         
Epoch 44:   0%|          | 0/47 [00:00<?, ?it/s, loss=0, v_num=]
Epoch 44:  43%|████▎     | 20/47 [00:00<00:00, 42.94it/s, loss=0, v_num=]
Epoch 44:  43%|████▎     | 20/47 [00:00<00:00, 42.87it/s, loss=0, v_num=]
Epoch 44:  85%|████████▌ | 40/47 [00:00<00:00, 57.20it/s, loss=0, v_num=]
Epoch 44:  85%|████████▌ | 40/47 [00:00<00:00, 57.17it/s, loss=0, v_num=]
Epoch 44: 100%|██████████| 47/47 [00:00<00:00, 54.01it/s, loss=0, v_num=]
Epoch 44:   0%|          | 0/47 [00:00<?, ?it/s, loss=0, v_num=]         
Epoch 45:   0%|          | 0/47 [00:00<?, ?it/s, loss=0, v_num=]/usr/local/lib/python3.13/dist-packages/torch/utils/data/dataloader.py:432: UserWarning: This DataLoader will create 6 worker processes in total. Our suggested max number of worker in current system is 2, which is smaller than what this DataLoader is going to create. Please be aware that excessive worker creation might get DataLoader running slow or even freeze, lower the worker number to avoid potential slowness/freeze if necessary.
  self.check_worker_number_rationality()

Epoch 45:  43%|████▎     | 20/47 [00:00<00:00, 33.00it/s, loss=0, v_num=]
Epoch 45:  43%|████▎     | 20/47 [00:00<00:00, 32.96it/s, loss=0.539, v_num=]
Epoch 45:  85%|████████▌ | 40/47 [00:00<00:00, 45.48it/s, loss=0.539, v_num=]
Epoch 45:  85%|████████▌ | 40/47 [00:00<00:00, 45.46it/s, loss=0.469, v_num=]
Epoch 45: 100%|██████████| 47/47 [00:01<00:00, 43.78it/s, loss=0.45, v_num=] Evaluating...
NMI : 0.0, ARI: 0.0, ACC: 0.05, current K: 1

Epoch 45:   0%|          | 0/47 [00:00<?, ?it/s, loss=0.45, v_num=]         
Epoch 46:   0%|          | 0/47 [00:00<?, ?it/s, loss=0.45, v_num=]/usr/local/lib/python3.13/dist-packages/torch/utils/data/dataloader.py:432: UserWarning: This DataLoader will create 6 worker processes in total. Our suggested max number of worker in current system is 2, which is smaller than what this DataLoader is going to create. Please be aware that excessive worker creation might get DataLoader running slow or even freeze, lower the worker number to avoid potential slowness/freeze if necessary.
  self.check_worker_number_rationality()

Epoch 46:  43%|████▎     | 20/47 [00:00<00:00, 39.48it/s, loss=0.45, v_num=]
Epoch 46:  43%|████▎     | 20/47 [00:00<00:00, 39.43it/s, loss=0.452, v_num=]
Epoch 46:  85%|████████▌ | 40/47 [00:00<00:00, 50.70it/s, loss=0.452, v_num=]
Epoch 46:  85%|████████▌ | 40/47 [00:00<00:00, 50.68it/s, loss=0.45, v_num=] 
Epoch 46: 100%|██████████| 47/47 [00:00<00:00, 47.37it/s, loss=0.45, v_num=]
Epoch 46:   0%|          | 0/47 [00:00<?, ?it/s, loss=0.45, v_num=]         
Epoch 47:   0%|          | 0/47 [00:00<?, ?it/s, loss=0.45, v_num=]
Epoch 47:  43%|████▎     | 20/47 [00:00<00:00, 36.56it/s, loss=0.45, v_num=]
Epoch 47:  43%|████▎     | 20/47 [00:00<00:00, 36.51it/s, loss=0.422, v_num=]
Epoch 47:  85%|████████▌ | 40/47 [00:00<00:00, 43.29it/s, loss=0.422, v_num=]
Epoch 47:  85%|████████▌ | 40/47 [00:00<00:00, 43.27it/s, loss=0.414, v_num=]
Epoch 47: 100%|██████████| 47/47 [00:01<00:00, 41.65it/s, loss=0.418, v_num=]
Epoch 47:   0%|          | 0/47 [00:00<?, ?it/s, loss=0.418, v_num=]         
Epoch 48:   0%|          | 0/47 [00:00<?, ?it/s, loss=0.418, v_num=]
Epoch 48:  43%|████▎     | 20/47 [00:00<00:00, 39.37it/s, loss=0.418, v_num=]
Epoch 48:  43%|████▎     | 20/47 [00:00<00:00, 39.32it/s, loss=0.412, v_num=]
Epoch 48:  85%|████████▌ | 40/47 [00:00<00:00, 50.99it/s, loss=0.412, v_num=]
Epoch 48:  85%|████████▌ | 40/47 [00:00<00:00, 50.97it/s, loss=0.415, v_num=]
Epoch 48: 100%|██████████| 47/47 [00:00<00:00, 47.69it/s, loss=0.411, v_num=]
Epoch 48:   0%|          | 0/47 [00:00<?, ?it/s, loss=0.411, v_num=]         
Epoch 49:   0%|          | 0/47 [00:00<?, ?it/s, loss=0.411, v_num=]
Epoch 49:  43%|████▎     | 20/47 [00:00<00:00, 38.81it/s, loss=0.411, v_num=]
Epoch 49:  43%|████▎     | 20/47 [00:00<00:00, 38.76it/s, loss=0.415, v_num=]
Epoch 49:  85%|████████▌ | 40/47 [00:00<00:00, 50.38it/s, loss=0.415, v_num=]
Epoch 49:  85%|████████▌ | 40/47 [00:00<00:00, 50.36it/s, loss=0.415, v_num=]
Epoch 49: 100%|██████████| 47/47 [00:00<00:00, 47.39it/s, loss=0.417, v_num=]
Epoch 49:   0%|          | 0/47 [00:00<?, ?it/s, loss=0.417, v_num=]         
Epoch 50:   0%|          | 0/47 [00:00<?, ?it/s, loss=0.417, v_num=]
Epoch 50:  43%|████▎     | 20/47 [00:00<00:00, 39.37it/s, loss=0.417, v_num=]
Epoch 50:  43%|████▎     | 20/47 [00:00<00:00, 39.32it/s, loss=0.414, v_num=]
Epoch 50:  85%|████████▌ | 40/47 [00:00<00:00, 50.56it/s, loss=0.414, v_num=]
Epoch 50:  85%|████████▌ | 40/47 [00:00<00:00, 50.53it/s, loss=0.417, v_num=]
Epoch 50: 100%|██████████| 47/47 [00:00<00:00, 47.25it/s, loss=0.418, v_num=]Evaluating...
NMI : 0.0, ARI: 0.0, ACC: 0.05, current K: 1
Epoch 50 | NMI: 0.0000, ARI: 0.0000, ACC: 0.0500, current K: 1
Confusion Matrix:
[[300   0   0   0   0   0   0   0   0   0   0   0   0   0   0   0   0   0
    0   0]
 [300   0   0   0   0   0   0   0   0   0   0   0   0   0   0   0   0   0
    0   0]
 [300   0   0   0   0   0   0   0   0   0   0   0   0   0   0   0   0   0
    0   0]
 [300   0   0   0   0   0   0   0   0   0   0   0   0   0   0   0   0   0
    0   0]
 [300   0   0   0   0   0   0   0   0   0   0   0   0   0   0   0   0   0
    0   0]
 [300   0   0   0   0   0   0   0   0   0   0   0   0   0   0   0   0   0
    0   0]
 [300   0   0   0   0   0   0   0   0   0   0   0   0   0   0   0   0   0
    0   0]
 [300   0   0   0   0   0   0   0   0   0   0   0   0   0   0   0   0   0
    0   0]
 [300   0   0   0   0   0   0   0   0   0   0   0   0   0   0   0   0   0
    0   0]
 [300   0   0   0   0   0   0   0   0   0   0   0   0   0   0   0   0   0
    0   0]
 [300   0   0   0   0   0   0   0   0   0   0   0   0   0   0   0   0   0
    0   0]
 [300   0   0   0   0   0   0   0   0   0   0   0   0   0   0   0   0   0
    0   0]
 [300   0   0   0   0   0   0   0   0   0   0   0   0   0   0   0   0   0
    0   0]
 [300   0   0   0   0   0   0   0   0   0   0   0   0   0   0   0   0   0
    0   0]
 [300   0   0   0   0   0   0   0   0   0   0   0   0   0   0   0   0   0
    0   0]
 [300   0   0   0   0   0   0   0   0   0   0   0   0   0   0   0   0   0
    0   0]
 [300   0   0   0   0   0   0   0   0   0   0   0   0   0   0   0   0   0
    0   0]
 [300   0   0   0   0   0   0   0   0   0   0   0   0   0   0   0   0   0
    0   0]
 [300   0   0   0   0   0   0   0   0   0   0   0   0   0   0   0   0   0
    0   0]
 [300   0   0   0   0   0   0   0   0   0   0   0   0   0   0   0   0   0
    0   0]]

Epoch 50:   0%|          | 0/47 [00:00<?, ?it/s, loss=0.418, v_num=]         
Epoch 51:   0%|          | 0/47 [00:00<?, ?it/s, loss=0.418, v_num=]/usr/local/lib/python3.13/dist-packages/torch/utils/data/dataloader.py:432: UserWarning: This DataLoader will create 6 worker processes in total. Our suggested max number of worker in current system is 2, which is smaller than what this DataLoader is going to create. Please be aware that excessive worker creation might get DataLoader running slow or even freeze, lower the worker number to avoid potential slowness/freeze if necessary.
  self.check_worker_number_rationality()

Epoch 51:  43%|████▎     | 20/47 [00:00<00:00, 38.80it/s, loss=0.418, v_num=]
Epoch 51:  43%|████▎     | 20/47 [00:00<00:00, 38.75it/s, loss=0.418, v_num=]
Epoch 51:  85%|████████▌ | 40/47 [00:00<00:00, 50.21it/s, loss=0.418, v_num=]
Epoch 51:  85%|████████▌ | 40/47 [00:00<00:00, 50.19it/s, loss=0.412, v_num=]
Epoch 51: 100%|██████████| 47/47 [00:01<00:00, 46.77it/s, loss=0.413, v_num=]
Epoch 51:   0%|          | 0/47 [00:00<?, ?it/s, loss=0.413, v_num=]         
Epoch 52:   0%|          | 0/47 [00:00<?, ?it/s, loss=0.413, v_num=]
Epoch 52:  43%|████▎     | 20/47 [00:00<00:00, 38.77it/s, loss=0.413, v_num=]
Epoch 52:  43%|████▎     | 20/47 [00:00<00:00, 38.72it/s, loss=0.417, v_num=]
Epoch 52:  85%|████████▌ | 40/47 [00:00<00:00, 49.35it/s, loss=0.417, v_num=]
Epoch 52:  85%|████████▌ | 40/47 [00:00<00:00, 49.31it/s, loss=0.417, v_num=]
Epoch 52: 100%|██████████| 47/47 [00:01<00:00, 41.27it/s, loss=0.413, v_num=]
Epoch 52:   0%|          | 0/47 [00:00<?, ?it/s, loss=0.413, v_num=]         
Epoch 53:   0%|          | 0/47 [00:00<?, ?it/s, loss=0.413, v_num=]
Epoch 53:  43%|████▎     | 20/47 [00:00<00:00, 27.52it/s, loss=0.413, v_num=]
Epoch 53:  43%|████▎     | 20/47 [00:00<00:00, 27.50it/s, loss=0.413, v_num=]
Epoch 53:  85%|████████▌ | 40/47 [00:01<00:00, 37.33it/s, loss=0.413, v_num=]
Epoch 53:  85%|████████▌ | 40/47 [00:01<00:00, 37.31it/s, loss=0.416, v_num=]
Epoch 53: 100%|██████████| 47/47 [00:01<00:00, 33.54it/s, loss=0.412, v_num=]
Epoch 53:   0%|          | 0/47 [00:00<?, ?it/s, loss=0.412, v_num=]         
Epoch 54:   0%|          | 0/47 [00:00<?, ?it/s, loss=0.412, v_num=]
Epoch 54:  43%|████▎     | 20/47 [00:00<00:01, 26.13it/s, loss=0.412, v_num=]
Epoch 54:  43%|████▎     | 20/47 [00:00<00:01, 26.11it/s, loss=0.41, v_num=] 
Epoch 54:  85%|████████▌ | 40/47 [00:01<00:00, 36.19it/s, loss=0.41, v_num=]
Epoch 54:  85%|████████▌ | 40/47 [00:01<00:00, 36.18it/s, loss=0.418, v_num=]
Epoch 54: 100%|██████████| 47/47 [00:01<00:00, 36.06it/s, loss=0.412, v_num=]
Epoch 54:   0%|          | 0/47 [00:00<?, ?it/s, loss=0.412, v_num=]         
Epoch 55:   0%|          | 0/47 [00:00<?, ?it/s, loss=0.412, v_num=]
Epoch 55:  43%|████▎     | 20/47 [00:00<00:00, 39.70it/s, loss=0.412, v_num=]
Epoch 55:  43%|████▎     | 20/47 [00:00<00:00, 39.65it/s, loss=0.412, v_num=]
Epoch 55:  85%|████████▌ | 40/47 [00:00<00:00, 50.29it/s, loss=0.412, v_num=]
Epoch 55:  85%|████████▌ | 40/47 [00:00<00:00, 50.27it/s, loss=0.417, v_num=]
Epoch 55: 100%|██████████| 47/47 [00:01<00:00, 46.95it/s, loss=0.418, v_num=]/content/DeepDPM-New/src/clustering_models/clusternet_modules/clusternetasmodel.py:682: UserWarning: To copy construct from a tensor, it is recommended to use sourceTensor.detach().clone() or sourceTensor.detach().clone().requires_grad_(True), rather than torch.tensor(sourceTensor).
  mus_ind_to_split = torch.nonzero(torch.tensor(split_decisions), as_tuple=False)
Splitting clusters [0]
Evaluating...
NMI : 0.0, ARI: 0.0, ACC: 0.05, current K: 1
[Split] K updated → 2 clusters
  [Epoch 55] losses at split → cluster_loss=0.0000, subcluster_loss=0.8289

Epoch 55:   0%|          | 0/47 [00:00<?, ?it/s, loss=0.418, v_num=]         
Epoch 56:   0%|          | 0/47 [00:00<?, ?it/s, loss=0.418, v_num=]/usr/local/lib/python3.13/dist-packages/torch/utils/data/dataloader.py:432: UserWarning: This DataLoader will create 6 worker processes in total. Our suggested max number of worker in current system is 2, which is smaller than what this DataLoader is going to create. Please be aware that excessive worker creation might get DataLoader running slow or even freeze, lower the worker number to avoid potential slowness/freeze if necessary.
  self.check_worker_number_rationality()

Epoch 56:  43%|████▎     | 20/47 [00:00<00:00, 34.16it/s, loss=0.418, v_num=]
Epoch 56:  43%|████▎     | 20/47 [00:00<00:00, 34.12it/s, loss=0.791, v_num=]
Epoch 56:  85%|████████▌ | 40/47 [00:00<00:00, 43.22it/s, loss=0.791, v_num=]
Epoch 56:  85%|████████▌ | 40/47 [00:00<00:00, 43.21it/s, loss=0.738, v_num=]
Epoch 56: 100%|██████████| 47/47 [00:01<00:00, 41.06it/s, loss=0.714, v_num=]
Epoch 56:   0%|          | 0/47 [00:00<?, ?it/s, loss=0.714, v_num=]         
Epoch 57:   0%|          | 0/47 [00:00<?, ?it/s, loss=0.714, v_num=]
Epoch 57:  43%|████▎     | 20/47 [00:00<00:00, 35.67it/s, loss=0.714, v_num=]
Epoch 57:  43%|████▎     | 20/47 [00:00<00:00, 35.63it/s, loss=0.58, v_num=] 
Epoch 57:  85%|████████▌ | 40/47 [00:00<00:00, 44.60it/s, loss=0.58, v_num=]
Epoch 57:  85%|████████▌ | 40/47 [00:00<00:00, 44.58it/s, loss=0.489, v_num=]
Epoch 57: 100%|██████████| 47/47 [00:01<00:00, 42.01it/s, loss=0.466, v_num=]
Epoch 57:   0%|          | 0/47 [00:00<?, ?it/s, loss=0.466, v_num=]         
Epoch 58:   0%|          | 0/47 [00:00<?, ?it/s, loss=0.466, v_num=]
Epoch 58:  43%|████▎     | 20/47 [00:00<00:00, 35.56it/s, loss=0.466, v_num=]
Epoch 58:  43%|████▎     | 20/47 [00:00<00:00, 35.52it/s, loss=0.434, v_num=]
Epoch 58:  85%|████████▌ | 40/47 [00:00<00:00, 44.72it/s, loss=0.434, v_num=]
Epoch 58:  85%|████████▌ | 40/47 [00:00<00:00, 44.70it/s, loss=0.414, v_num=]
Epoch 58: 100%|██████████| 47/47 [00:01<00:00, 42.03it/s, loss=0.404, v_num=]
Epoch 58:   0%|          | 0/47 [00:00<?, ?it/s, loss=0.404, v_num=]         
Epoch 59:   0%|          | 0/47 [00:00<?, ?it/s, loss=0.404, v_num=]
Epoch 59:  43%|████▎     | 20/47 [00:00<00:00, 35.15it/s, loss=0.404, v_num=]
Epoch 59:  43%|████▎     | 20/47 [00:00<00:00, 35.11it/s, loss=0.391, v_num=]
Epoch 59:  85%|████████▌ | 40/47 [00:00<00:00, 44.38it/s, loss=0.391, v_num=]
Epoch 59:  85%|████████▌ | 40/47 [00:00<00:00, 44.36it/s, loss=0.391, v_num=]
Epoch 59: 100%|██████████| 47/47 [00:01<00:00, 41.75it/s, loss=0.383, v_num=]
Epoch 59:   0%|          | 0/47 [00:00<?, ?it/s, loss=0.383, v_num=]         
Epoch 60:   0%|          | 0/47 [00:00<?, ?it/s, loss=0.383, v_num=]
Epoch 60:  43%|████▎     | 20/47 [00:00<00:00, 35.30it/s, loss=0.383, v_num=]
Epoch 60:  43%|████▎     | 20/47 [00:00<00:00, 35.25it/s, loss=0.374, v_num=]
Epoch 60:  85%|████████▌ | 40/47 [00:00<00:00, 44.42it/s, loss=0.374, v_num=]
Epoch 60:  85%|████████▌ | 40/47 [00:00<00:00, 44.41it/s, loss=0.363, v_num=]
Epoch 60: 100%|██████████| 47/47 [00:01<00:00, 41.78it/s, loss=0.362, v_num=]Evaluating...
NMI : 0.26784994456790323, ARI: 0.046077918616983876, ACC: 0.0995, current K: 2
Epoch 60 | NMI: 0.2678, ARI: 0.0461, ACC: 0.0995, current K: 2
Confusion Matrix:
[[  1 299   0   0   0   0   0   0   0   0   0   0   0   0   0   0   0   0
    0   0]
 [  0 300   0   0   0   0   0   0   0   0   0   0   0   0   0   0   0   0
    0   0]
 [  2 298   0   0   0   0   0   0   0   0   0   0   0   0   0   0   0   0
    0   0]
 [  0 300   0   0   0   0   0   0   0   0   0   0   0   0   0   0   0   0
    0   0]
 [  6 294   0   0   0   0   0   0   0   0   0   0   0   0   0   0   0   0
    0   0]
 [  1 299   0   0   0   0   0   0   0   0   0   0   0   0   0   0   0   0
    0   0]
 [  0 300   0   0   0   0   0   0   0   0   0   0   0   0   0   0   0   0
    0   0]
 [  1 299   0   0   0   0   0   0   0   0   0   0   0   0   0   0   0   0
    0   0]
 [296   4   0   0   0   0   0   0   0   0   0   0   0   0   0   0   0   0
    0   0]
 [295   5   0   0   0   0   0   0   0   0   0   0   0   0   0   0   0   0
    0   0]
 [290  10   0   0   0   0   0   0   0   0   0   0   0   0   0   0   0   0
    0   0]
 [297   3   0   0   0   0   0   0   0   0   0   0   0   0   0   0   0   0
    0   0]
 [  1 299   0   0   0   0   0   0   0   0   0   0   0   0   0   0   0   0
    0   0]
 [  0 300   0   0   0   0   0   0   0   0   0   0   0   0   0   0   0   0
    0   0]
 [  0 300   0   0   0   0   0   0   0   0   0   0   0   0   0   0   0   0
    0   0]
 [  0 300   0   0   0   0   0   0   0   0   0   0   0   0   0   0   0   0
    0   0]
 [  1 299   0   0   0   0   0   0   0   0   0   0   0   0   0   0   0   0
    0   0]
 [  0 300   0   0   0   0   0   0   0   0   0   0   0   0   0   0   0   0
    0   0]
 [  0 300   0   0   0   0   0   0   0   0   0   0   0   0   0   0   0   0
    0   0]
 [  0 300   0   0   0   0   0   0   0   0   0   0   0   0   0   0   0   0
    0   0]]

Epoch 60:   0%|          | 0/47 [00:00<?, ?it/s, loss=0.362, v_num=]         
Epoch 61:   0%|          | 0/47 [00:00<?, ?it/s, loss=0.362, v_num=]/usr/local/lib/python3.13/dist-packages/torch/utils/data/dataloader.py:432: UserWarning: This DataLoader will create 6 worker processes in total. Our suggested max number of worker in current system is 2, which is smaller than what this DataLoader is going to create. Please be aware that excessive worker creation might get DataLoader running slow or even freeze, lower the worker number to avoid potential slowness/freeze if necessary.
  self.check_worker_number_rationality()

Epoch 61:  43%|████▎     | 20/47 [00:00<00:00, 34.29it/s, loss=0.362, v_num=]
Epoch 61:  43%|████▎     | 20/47 [00:00<00:00, 34.25it/s, loss=0.356, v_num=]
Epoch 61:  85%|████████▌ | 40/47 [00:00<00:00, 43.43it/s, loss=0.356, v_num=]
Epoch 61:  85%|████████▌ | 40/47 [00:00<00:00, 43.42it/s, loss=0.353, v_num=]
Epoch 61: 100%|██████████| 47/47 [00:01<00:00, 40.34it/s, loss=0.351, v_num=]
Epoch 61:   0%|          | 0/47 [00:00<?, ?it/s, loss=0.351, v_num=]         
Epoch 62:   0%|          | 0/47 [00:00<?, ?it/s, loss=0.351, v_num=]
Epoch 62:  43%|████▎     | 20/47 [00:00<00:00, 35.28it/s, loss=0.351, v_num=]
Epoch 62:  43%|████▎     | 20/47 [00:00<00:00, 35.24it/s, loss=0.349, v_num=]
Epoch 62:  85%|████████▌ | 40/47 [00:00<00:00, 44.57it/s, loss=0.349, v_num=]
Epoch 62:  85%|████████▌ | 40/47 [00:00<00:00, 44.55it/s, loss=0.34, v_num=] 
Epoch 62: 100%|██████████| 47/47 [00:01<00:00, 41.58it/s, loss=0.34, v_num=]
Epoch 62:   0%|          | 0/47 [00:00<?, ?it/s, loss=0.34, v_num=]         
Epoch 63:   0%|          | 0/47 [00:00<?, ?it/s, loss=0.34, v_num=]
Epoch 63:  43%|████▎     | 20/47 [00:00<00:00, 31.55it/s, loss=0.34, v_num=]
Epoch 63:  43%|████▎     | 20/47 [00:00<00:00, 31.51it/s, loss=0.334, v_num=]
Epoch 63:  85%|████████▌ | 40/47 [00:01<00:00, 35.66it/s, loss=0.334, v_num=]
Epoch 63:  85%|████████▌ | 40/47 [00:01<00:00, 35.64it/s, loss=0.333, v_num=]
Epoch 63: 100%|██████████| 47/47 [00:01<00:00, 31.24it/s, loss=0.335, v_num=]
Epoch 63:   0%|          | 0/47 [00:00<?, ?it/s, loss=0.335, v_num=]         
Epoch 64:   0%|          | 0/47 [00:00<?, ?it/s, loss=0.335, v_num=]
Epoch 64:  43%|████▎     | 20/47 [00:00<00:01, 24.42it/s, loss=0.335, v_num=]
Epoch 64:  43%|████▎     | 20/47 [00:00<00:01, 24.39it/s, loss=0.329, v_num=]
Epoch 64:  85%|████████▌ | 40/47 [00:01<00:00, 30.96it/s, loss=0.329, v_num=]
Epoch 64:  85%|████████▌ | 40/47 [00:01<00:00, 30.95it/s, loss=0.335, v_num=]
Epoch 64: 100%|██████████| 47/47 [00:01<00:00, 28.45it/s, loss=0.333, v_num=]
Epoch 64:   0%|          | 0/47 [00:00<?, ?it/s, loss=0.333, v_num=]         
Epoch 65:   0%|          | 0/47 [00:00<?, ?it/s, loss=0.333, v_num=]
Epoch 65:  43%|████▎     | 20/47 [00:00<00:00, 31.31it/s, loss=0.333, v_num=]
Epoch 65:  43%|████▎     | 20/47 [00:00<00:00, 31.27it/s, loss=0.326, v_num=]
Epoch 65:  85%|████████▌ | 40/47 [00:00<00:00, 40.58it/s, loss=0.326, v_num=]
Epoch 65:  85%|████████▌ | 40/47 [00:00<00:00, 40.56it/s, loss=0.331, v_num=]
Epoch 65: 100%|██████████| 47/47 [00:01<00:00, 38.97it/s, loss=0.329, v_num=]Evaluating...
NMI : 0.271092533311168, ARI: 0.047127183213212555, ACC: 0.09983, current K: 2

Epoch 65:   0%|          | 0/47 [00:00<?, ?it/s, loss=0.329, v_num=]         
Epoch 66:   0%|          | 0/47 [00:00<?, ?it/s, loss=0.329, v_num=]/usr/local/lib/python3.13/dist-packages/torch/utils/data/dataloader.py:432: UserWarning: This DataLoader will create 6 worker processes in total. Our suggested max number of worker in current system is 2, which is smaller than what this DataLoader is going to create. Please be aware that excessive worker creation might get DataLoader running slow or even freeze, lower the worker number to avoid potential slowness/freeze if necessary.
  self.check_worker_number_rationality()

Epoch 66:  43%|████▎     | 20/47 [00:00<00:00, 35.10it/s, loss=0.329, v_num=]
Epoch 66:  43%|████▎     | 20/47 [00:00<00:00, 35.06it/s, loss=0.331, v_num=]
Epoch 66:  85%|████████▌ | 40/47 [00:00<00:00, 44.02it/s, loss=0.331, v_num=]
Epoch 66:  85%|████████▌ | 40/47 [00:00<00:00, 44.00it/s, loss=0.328, v_num=]
Epoch 66: 100%|██████████| 47/47 [00:01<00:00, 41.74it/s, loss=0.331, v_num=]
Epoch 66:   0%|          | 0/47 [00:00<?, ?it/s, loss=0.331, v_num=]         
Epoch 67:   0%|          | 0/47 [00:00<?, ?it/s, loss=0.331, v_num=]
Epoch 67:  43%|████▎     | 20/47 [00:00<00:00, 35.36it/s, loss=0.331, v_num=]
Epoch 67:  43%|████▎     | 20/47 [00:00<00:00, 35.32it/s, loss=0.325, v_num=]
Epoch 67:  85%|████████▌ | 40/47 [00:00<00:00, 44.97it/s, loss=0.325, v_num=]
Epoch 67:  85%|████████▌ | 40/47 [00:00<00:00, 44.95it/s, loss=0.332, v_num=]
Epoch 67: 100%|██████████| 47/47 [00:01<00:00, 42.54it/s, loss=0.334, v_num=]
Epoch 67:   0%|          | 0/47 [00:00<?, ?it/s, loss=0.334, v_num=]         
Epoch 68:   0%|          | 0/47 [00:00<?, ?it/s, loss=0.334, v_num=]
Epoch 68:  43%|████▎     | 20/47 [00:00<00:00, 35.42it/s, loss=0.334, v_num=]
Epoch 68:  43%|████▎     | 20/47 [00:00<00:00, 35.38it/s, loss=0.329, v_num=]
Epoch 68:  85%|████████▌ | 40/47 [00:00<00:00, 44.82it/s, loss=0.329, v_num=]
Epoch 68:  85%|████████▌ | 40/47 [00:00<00:00, 44.80it/s, loss=0.325, v_num=]
Epoch 68: 100%|██████████| 47/47 [00:01<00:00, 41.60it/s, loss=0.332, v_num=]
Epoch 68:   0%|          | 0/47 [00:00<?, ?it/s, loss=0.332, v_num=]         
Epoch 69:   0%|          | 0/47 [00:00<?, ?it/s, loss=0.332, v_num=]
Epoch 69:  43%|████▎     | 20/47 [00:00<00:00, 35.15it/s, loss=0.332, v_num=]
Epoch 69:  43%|████▎     | 20/47 [00:00<00:00, 35.11it/s, loss=0.324, v_num=]
Epoch 69:  85%|████████▌ | 40/47 [00:00<00:00, 44.07it/s, loss=0.324, v_num=]
Epoch 69:  85%|████████▌ | 40/47 [00:00<00:00, 44.05it/s, loss=0.324, v_num=]
Epoch 69: 100%|██████████| 47/47 [00:01<00:00, 41.26it/s, loss=0.322, v_num=]
Epoch 69:   0%|          | 0/47 [00:00<?, ?it/s, loss=0.322, v_num=]         
Epoch 70:   0%|          | 0/47 [00:00<?, ?it/s, loss=0.322, v_num=]
Epoch 70:  43%|████▎     | 20/47 [00:00<00:00, 33.77it/s, loss=0.322, v_num=]
Epoch 70:  43%|████▎     | 20/47 [00:00<00:00, 33.73it/s, loss=0.323, v_num=]
Epoch 70:  85%|████████▌ | 40/47 [00:00<00:00, 42.15it/s, loss=0.323, v_num=]
Epoch 70:  85%|████████▌ | 40/47 [00:00<00:00, 42.14it/s, loss=0.327, v_num=]
Epoch 70: 100%|██████████| 47/47 [00:01<00:00, 40.11it/s, loss=0.319, v_num=]Evaluating...
NMI : 0.271092533311168, ARI: 0.047127183213212555, ACC: 0.09983, current K: 2
Epoch 70 | NMI: 0.2711, ARI: 0.0471, ACC: 0.0998, current K: 2
Confusion Matrix:
[[  1 299   0   0   0   0   0   0   0   0   0   0   0   0   0   0   0   0
    0   0]
 [  0 300   0   0   0   0   0   0   0   0   0   0   0   0   0   0   0   0
    0   0]
 [  2 298   0   0   0   0   0   0   0   0   0   0   0   0   0   0   0   0
    0   0]
 [  2 298   0   0   0   0   0   0   0   0   0   0   0   0   0   0   0   0
    0   0]
 [  7 293   0   0   0   0   0   0   0   0   0   0   0   0   0   0   0   0
    0   0]
 [  1 299   0   0   0   0   0   0   0   0   0   0   0   0   0   0   0   0
    0   0]
 [  0 300   0   0   0   0   0   0   0   0   0   0   0   0   0   0   0   0
    0   0]
 [  3 297   0   0   0   0   0   0   0   0   0   0   0   0   0   0   0   0
    0   0]
 [299   1   0   0   0   0   0   0   0   0   0   0   0   0   0   0   0   0
    0   0]
 [296   4   0   0   0   0   0   0   0   0   0   0   0   0   0   0   0   0
    0   0]
 [297   3   0   0   0   0   0   0   0   0   0   0   0   0   0   0   0   0
    0   0]
 [298   2   0   0   0   0   0   0   0   0   0   0   0   0   0   0   0   0
    0   0]
 [  1 299   0   0   0   0   0   0   0   0   0   0   0   0   0   0   0   0
    0   0]
 [  0 300   0   0   0   0   0   0   0   0   0   0   0   0   0   0   0   0
    0   0]
 [  1 299   0   0   0   0   0   0   0   0   0   0   0   0   0   0   0   0
    0   0]
 [  0 300   0   0   0   0   0   0   0   0   0   0   0   0   0   0   0   0
    0   0]
 [  1 299   0   0   0   0   0   0   0   0   0   0   0   0   0   0   0   0
    0   0]
 [  1 299   0   0   0   0   0   0   0   0   0   0   0   0   0   0   0   0
    0   0]
 [  0 300   0   0   0   0   0   0   0   0   0   0   0   0   0   0   0   0
    0   0]
 [  0 300   0   0   0   0   0   0   0   0   0   0   0   0   0   0   0   0
    0   0]]

Epoch 70:   0%|          | 0/47 [00:00<?, ?it/s, loss=0.319, v_num=]         
Epoch 71:   0%|          | 0/47 [00:00<?, ?it/s, loss=0.319, v_num=]/usr/local/lib/python3.13/dist-packages/torch/utils/data/dataloader.py:432: UserWarning: This DataLoader will create 6 worker processes in total. Our suggested max number of worker in current system is 2, which is smaller than what this DataLoader is going to create. Please be aware that excessive worker creation might get DataLoader running slow or even freeze, lower the worker number to avoid potential slowness/freeze if necessary.
  self.check_worker_number_rationality()

Epoch 71:  43%|████▎     | 20/47 [00:00<00:00, 35.56it/s, loss=0.319, v_num=]
Epoch 71:  43%|████▎     | 20/47 [00:00<00:00, 35.52it/s, loss=0.315, v_num=]
Epoch 71:  85%|████████▌ | 40/47 [00:00<00:00, 44.27it/s, loss=0.315, v_num=]
Epoch 71:  85%|████████▌ | 40/47 [00:00<00:00, 44.26it/s, loss=0.328, v_num=]
Epoch 71: 100%|██████████| 47/47 [00:01<00:00, 41.37it/s, loss=0.325, v_num=]
Epoch 71:   0%|          | 0/47 [00:00<?, ?it/s, loss=0.325, v_num=]         
Epoch 72:   0%|          | 0/47 [00:00<?, ?it/s, loss=0.325, v_num=]
Epoch 72:  43%|████▎     | 20/47 [00:00<00:00, 34.11it/s, loss=0.325, v_num=]
Epoch 72:  43%|████▎     | 20/47 [00:00<00:00, 34.07it/s, loss=0.323, v_num=]
Epoch 72:  85%|████████▌ | 40/47 [00:00<00:00, 42.67it/s, loss=0.323, v_num=]
Epoch 72:  85%|████████▌ | 40/47 [00:00<00:00, 42.66it/s, loss=0.319, v_num=]
Epoch 72: 100%|██████████| 47/47 [00:01<00:00, 38.77it/s, loss=0.32, v_num=] 
Epoch 72:   0%|          | 0/47 [00:00<?, ?it/s, loss=0.32, v_num=]         
Epoch 73:   0%|          | 0/47 [00:00<?, ?it/s, loss=0.32, v_num=]
Epoch 73:  43%|████▎     | 20/47 [00:00<00:00, 34.57it/s, loss=0.32, v_num=]
Epoch 73:  43%|████▎     | 20/47 [00:00<00:00, 34.54it/s, loss=0.32, v_num=]
Epoch 73:  85%|████████▌ | 40/47 [00:01<00:00, 39.91it/s, loss=0.32, v_num=]
Epoch 73:  85%|████████▌ | 40/47 [00:01<00:00, 39.90it/s, loss=0.321, v_num=]
Epoch 73: 100%|██████████| 47/47 [00:01<00:00, 32.20it/s, loss=0.321, v_num=]
Epoch 73:   0%|          | 0/47 [00:00<?, ?it/s, loss=0.321, v_num=]         
Epoch 74:   0%|          | 0/47 [00:00<?, ?it/s, loss=0.321, v_num=]
Epoch 74:  43%|████▎     | 20/47 [00:01<00:02, 13.04it/s, loss=0.321, v_num=]
Epoch 74:  43%|████▎     | 20/47 [00:01<00:02, 13.03it/s, loss=0.321, v_num=]
Epoch 74:  85%|████████▌ | 40/47 [00:02<00:00, 19.87it/s, loss=0.321, v_num=]
Epoch 74:  85%|████████▌ | 40/47 [00:02<00:00, 19.87it/s, loss=0.322, v_num=]
Epoch 74: 100%|██████████| 47/47 [00:02<00:00, 20.81it/s, loss=0.319, v_num=]
Epoch 74:   0%|          | 0/47 [00:00<?, ?it/s, loss=0.319, v_num=]         
Epoch 75:   0%|          | 0/47 [00:00<?, ?it/s, loss=0.319, v_num=]
Epoch 75:  43%|████▎     | 20/47 [00:00<00:00, 36.29it/s, loss=0.319, v_num=]
Epoch 75:  43%|████▎     | 20/47 [00:00<00:00, 36.24it/s, loss=0.317, v_num=]
Epoch 75:  85%|████████▌ | 40/47 [00:00<00:00, 44.69it/s, loss=0.317, v_num=]
Epoch 75:  85%|████████▌ | 40/47 [00:00<00:00, 44.68it/s, loss=0.328, v_num=]
Epoch 75: 100%|██████████| 47/47 [00:01<00:00, 42.26it/s, loss=0.326, v_num=]Evaluating...
NMI : 0.271092533311168, ARI: 0.047127183213212555, ACC: 0.09983, current K: 2

Epoch 75:   0%|          | 0/47 [00:00<?, ?it/s, loss=0.326, v_num=]         
Epoch 76:   0%|          | 0/47 [00:00<?, ?it/s, loss=0.326, v_num=]/usr/local/lib/python3.13/dist-packages/torch/utils/data/dataloader.py:432: UserWarning: This DataLoader will create 6 worker processes in total. Our suggested max number of worker in current system is 2, which is smaller than what this DataLoader is going to create. Please be aware that excessive worker creation might get DataLoader running slow or even freeze, lower the worker number to avoid potential slowness/freeze if necessary.
  self.check_worker_number_rationality()

Epoch 76:  43%|████▎     | 20/47 [00:00<00:00, 36.03it/s, loss=0.326, v_num=]
Epoch 76:  43%|████▎     | 20/47 [00:00<00:00, 35.99it/s, loss=0.323, v_num=]
Epoch 76:  85%|████████▌ | 40/47 [00:00<00:00, 44.58it/s, loss=0.323, v_num=]
Epoch 76:  85%|████████▌ | 40/47 [00:00<00:00, 44.56it/s, loss=0.322, v_num=]
Epoch 76: 100%|██████████| 47/47 [00:01<00:00, 41.92it/s, loss=0.321, v_num=]
Epoch 76:   0%|          | 0/47 [00:00<?, ?it/s, loss=0.321, v_num=]         
Epoch 77:   0%|          | 0/47 [00:00<?, ?it/s, loss=0.321, v_num=]
Epoch 77:  43%|████▎     | 20/47 [00:00<00:00, 35.77it/s, loss=0.321, v_num=]
Epoch 77:  43%|████▎     | 20/47 [00:00<00:00, 35.73it/s, loss=0.32, v_num=] 
Epoch 77:  85%|████████▌ | 40/47 [00:00<00:00, 43.80it/s, loss=0.32, v_num=]
Epoch 77:  85%|████████▌ | 40/47 [00:00<00:00, 43.78it/s, loss=0.322, v_num=]
Epoch 77: 100%|██████████| 47/47 [00:01<00:00, 41.34it/s, loss=0.319, v_num=]
Epoch 77:   0%|          | 0/47 [00:00<?, ?it/s, loss=0.319, v_num=]         
Epoch 78:   0%|          | 0/47 [00:00<?, ?it/s, loss=0.319, v_num=]
Epoch 78:  43%|████▎     | 20/47 [00:00<00:00, 33.77it/s, loss=0.319, v_num=]
Epoch 78:  43%|████▎     | 20/47 [00:00<00:00, 33.72it/s, loss=0.321, v_num=]
Epoch 78:  85%|████████▌ | 40/47 [00:00<00:00, 42.74it/s, loss=0.321, v_num=]
Epoch 78:  85%|████████▌ | 40/47 [00:00<00:00, 42.72it/s, loss=0.321, v_num=]
Epoch 78: 100%|██████████| 47/47 [00:01<00:00, 40.49it/s, loss=0.327, v_num=]
Epoch 78:   0%|          | 0/47 [00:00<?, ?it/s, loss=0.327, v_num=]         
Epoch 79:   0%|          | 0/47 [00:00<?, ?it/s, loss=0.327, v_num=]
Epoch 79:  43%|████▎     | 20/47 [00:00<00:00, 32.93it/s, loss=0.327, v_num=]
Epoch 79:  43%|████▎     | 20/47 [00:00<00:00, 32.89it/s, loss=0.325, v_num=]
Epoch 79:  85%|████████▌ | 40/47 [00:00<00:00, 42.61it/s, loss=0.325, v_num=]
Epoch 79:  85%|████████▌ | 40/47 [00:00<00:00, 42.59it/s, loss=0.325, v_num=]
Epoch 79: 100%|██████████| 47/47 [00:01<00:00, 40.07it/s, loss=0.324, v_num=]
Epoch 79:   0%|          | 0/47 [00:00<?, ?it/s, loss=0.324, v_num=]         
Epoch 80:   0%|          | 0/47 [00:00<?, ?it/s, loss=0.324, v_num=]
Epoch 80:  43%|████▎     | 20/47 [00:00<00:00, 33.11it/s, loss=0.324, v_num=]
Epoch 80:  43%|████▎     | 20/47 [00:00<00:00, 33.08it/s, loss=0.325, v_num=]
Epoch 80:  85%|████████▌ | 40/47 [00:00<00:00, 42.37it/s, loss=0.325, v_num=]
Epoch 80:  85%|████████▌ | 40/47 [00:00<00:00, 42.35it/s, loss=0.316, v_num=]
Epoch 80: 100%|██████████| 47/47 [00:01<00:00, 40.22it/s, loss=0.325, v_num=]Evaluating...
NMI : 0.2722602743307547, ARI: 0.047147233690904, ACC: 0.09983, current K: 2
Epoch 80 | NMI: 0.2723, ARI: 0.0471, ACC: 0.0998, current K: 2
Confusion Matrix:
[[  1 299   0   0   0   0   0   0   0   0   0   0   0   0   0   0   0   0
    0   0]
 [  0 300   0   0   0   0   0   0   0   0   0   0   0   0   0   0   0   0
    0   0]
 [  2 298   0   0   0   0   0   0   0   0   0   0   0   0   0   0   0   0
    0   0]
 [  0 300   0   0   0   0   0   0   0   0   0   0   0   0   0   0   0   0
    0   0]
 [  6 294   0   0   0   0   0   0   0   0   0   0   0   0   0   0   0   0
    0   0]
 [  1 299   0   0   0   0   0   0   0   0   0   0   0   0   0   0   0   0
    0   0]
 [  0 300   0   0   0   0   0   0   0   0   0   0   0   0   0   0   0   0
    0   0]
 [  3 297   0   0   0   0   0   0   0   0   0   0   0   0   0   0   0   0
    0   0]
 [299   1   0   0   0   0   0   0   0   0   0   0   0   0   0   0   0   0
    0   0]
 [296   4   0   0   0   0   0   0   0   0   0   0   0   0   0   0   0   0
    0   0]
 [297   3   0   0   0   0   0   0   0   0   0   0   0   0   0   0   0   0
    0   0]
 [298   2   0   0   0   0   0   0   0   0   0   0   0   0   0   0   0   0
    0   0]
 [  1 299   0   0   0   0   0   0   0   0   0   0   0   0   0   0   0   0
    0   0]
 [  0 300   0   0   0   0   0   0   0   0   0   0   0   0   0   0   0   0
    0   0]
 [  1 299   0   0   0   0   0   0   0   0   0   0   0   0   0   0   0   0
    0   0]
 [  0 300   0   0   0   0   0   0   0   0   0   0   0   0   0   0   0   0
    0   0]
 [  1 299   0   0   0   0   0   0   0   0   0   0   0   0   0   0   0   0
    0   0]
 [  1 299   0   0   0   0   0   0   0   0   0   0   0   0   0   0   0   0
    0   0]
 [  0 300   0   0   0   0   0   0   0   0   0   0   0   0   0   0   0   0
    0   0]
 [  0 300   0   0   0   0   0   0   0   0   0   0   0   0   0   0   0   0
    0   0]]

Epoch 80:   0%|          | 0/47 [00:00<?, ?it/s, loss=0.325, v_num=]         
Epoch 81:   0%|          | 0/47 [00:00<?, ?it/s, loss=0.325, v_num=]/usr/local/lib/python3.13/dist-packages/torch/utils/data/dataloader.py:432: UserWarning: This DataLoader will create 6 worker processes in total. Our suggested max number of worker in current system is 2, which is smaller than what this DataLoader is going to create. Please be aware that excessive worker creation might get DataLoader running slow or even freeze, lower the worker number to avoid potential slowness/freeze if necessary.
  self.check_worker_number_rationality()

Epoch 81:  43%|████▎     | 20/47 [00:00<00:00, 35.23it/s, loss=0.325, v_num=]
Epoch 81:  43%|████▎     | 20/47 [00:00<00:00, 35.19it/s, loss=0.32, v_num=] 
Epoch 81:  85%|████████▌ | 40/47 [00:00<00:00, 44.18it/s, loss=0.32, v_num=]
Epoch 81:  85%|████████▌ | 40/47 [00:00<00:00, 44.17it/s, loss=0.324, v_num=]
Epoch 81: 100%|██████████| 47/47 [00:01<00:00, 41.04it/s, loss=0.321, v_num=]
Epoch 81:   0%|          | 0/47 [00:00<?, ?it/s, loss=0.321, v_num=]         
Epoch 82:   0%|          | 0/47 [00:00<?, ?it/s, loss=0.321, v_num=]
Epoch 82:  43%|████▎     | 20/47 [00:00<00:00, 34.40it/s, loss=0.321, v_num=]
Epoch 82:  43%|████▎     | 20/47 [00:00<00:00, 34.36it/s, loss=0.324, v_num=]
Epoch 82:  85%|████████▌ | 40/47 [00:00<00:00, 42.33it/s, loss=0.324, v_num=]
Epoch 82:  85%|████████▌ | 40/47 [00:00<00:00, 42.31it/s, loss=0.324, v_num=]
Epoch 82: 100%|██████████| 47/47 [00:01<00:00, 40.15it/s, loss=0.32, v_num=] 
Epoch 82:   0%|          | 0/47 [00:00<?, ?it/s, loss=0.32, v_num=]         
Epoch 83:   0%|          | 0/47 [00:00<?, ?it/s, loss=0.32, v_num=]
Epoch 83:  43%|████▎     | 20/47 [00:00<00:00, 28.28it/s, loss=0.32, v_num=]
Epoch 83:  43%|████▎     | 20/47 [00:00<00:00, 28.26it/s, loss=0.318, v_num=]
Epoch 83:  85%|████████▌ | 40/47 [00:01<00:00, 35.48it/s, loss=0.318, v_num=]
Epoch 83:  85%|████████▌ | 40/47 [00:01<00:00, 35.47it/s, loss=0.325, v_num=]
Epoch 83: 100%|██████████| 47/47 [00:01<00:00, 31.67it/s, loss=0.321, v_num=]
Epoch 83:   0%|          | 0/47 [00:00<?, ?it/s, loss=0.321, v_num=]         
Epoch 84:   0%|          | 0/47 [00:00<?, ?it/s, loss=0.321, v_num=]
Epoch 84:  43%|████▎     | 20/47 [00:00<00:01, 24.42it/s, loss=0.321, v_num=]
Epoch 84:  43%|████▎     | 20/47 [00:00<00:01, 24.39it/s, loss=0.318, v_num=]
Epoch 84:  85%|████████▌ | 40/47 [00:01<00:00, 30.38it/s, loss=0.318, v_num=]
Epoch 84:  85%|████████▌ | 40/47 [00:01<00:00, 30.36it/s, loss=0.318, v_num=]
Epoch 84: 100%|██████████| 47/47 [00:01<00:00, 29.31it/s, loss=0.322, v_num=]
Epoch 84:   0%|          | 0/47 [00:00<?, ?it/s, loss=0.322, v_num=]         
Epoch 85:   0%|          | 0/47 [00:00<?, ?it/s, loss=0.322, v_num=]
Epoch 85:  43%|████▎     | 20/47 [00:00<00:00, 35.28it/s, loss=0.322, v_num=]
Epoch 85:  43%|████▎     | 20/47 [00:00<00:00, 35.24it/s, loss=0.316, v_num=]
Epoch 85:  85%|████████▌ | 40/47 [00:00<00:00, 43.90it/s, loss=0.316, v_num=]
Epoch 85:  85%|████████▌ | 40/47 [00:00<00:00, 43.88it/s, loss=0.325, v_num=]
Epoch 85: 100%|██████████| 47/47 [00:01<00:00, 41.62it/s, loss=0.328, v_num=]Evaluating...
NMI : 0.27110322922625735, ARI: 0.04696233442575767, ACC: 0.09967, current K: 2

Epoch 85:   0%|          | 0/47 [00:00<?, ?it/s, loss=0.328, v_num=]         
Epoch 86:   0%|          | 0/47 [00:00<?, ?it/s, loss=0.328, v_num=]/usr/local/lib/python3.13/dist-packages/torch/utils/data/dataloader.py:432: UserWarning: This DataLoader will create 6 worker processes in total. Our suggested max number of worker in current system is 2, which is smaller than what this DataLoader is going to create. Please be aware that excessive worker creation might get DataLoader running slow or even freeze, lower the worker number to avoid potential slowness/freeze if necessary.
  self.check_worker_number_rationality()

Epoch 86:  43%|████▎     | 20/47 [00:00<00:00, 35.39it/s, loss=0.328, v_num=]
Epoch 86:  43%|████▎     | 20/47 [00:00<00:00, 35.34it/s, loss=0.322, v_num=]
Epoch 86:  85%|████████▌ | 40/47 [00:00<00:00, 43.27it/s, loss=0.322, v_num=]
Epoch 86:  85%|████████▌ | 40/47 [00:00<00:00, 43.25it/s, loss=0.321, v_num=]
Epoch 86: 100%|██████████| 47/47 [00:01<00:00, 40.03it/s, loss=0.319, v_num=]
Epoch 86:   0%|          | 0/47 [00:00<?, ?it/s, loss=0.319, v_num=]         
Epoch 87:   0%|          | 0/47 [00:00<?, ?it/s, loss=0.319, v_num=]
Epoch 87:  43%|████▎     | 20/47 [00:00<00:00, 34.07it/s, loss=0.319, v_num=]
Epoch 87:  43%|████▎     | 20/47 [00:00<00:00, 34.03it/s, loss=0.324, v_num=]
Epoch 87:  85%|████████▌ | 40/47 [00:00<00:00, 42.99it/s, loss=0.324, v_num=]
Epoch 87:  85%|████████▌ | 40/47 [00:00<00:00, 42.98it/s, loss=0.325, v_num=]
Epoch 87: 100%|██████████| 47/47 [00:01<00:00, 40.33it/s, loss=0.323, v_num=]
Epoch 87:   0%|          | 0/47 [00:00<?, ?it/s, loss=0.323, v_num=]         
Epoch 88:   0%|          | 0/47 [00:00<?, ?it/s, loss=0.323, v_num=]
Epoch 88:  43%|████▎     | 20/47 [00:00<00:00, 33.05it/s, loss=0.323, v_num=]
Epoch 88:  43%|████▎     | 20/47 [00:00<00:00, 33.01it/s, loss=0.327, v_num=]
Epoch 88:  85%|████████▌ | 40/47 [00:00<00:00, 42.40it/s, loss=0.327, v_num=]
Epoch 88:  85%|████████▌ | 40/47 [00:00<00:00, 42.38it/s, loss=0.323, v_num=]
Epoch 88: 100%|██████████| 47/47 [00:01<00:00, 39.75it/s, loss=0.32, v_num=] 
Epoch 88:   0%|          | 0/47 [00:00<?, ?it/s, loss=0.32, v_num=]         
Epoch 89:   0%|          | 0/47 [00:00<?, ?it/s, loss=0.32, v_num=]
Epoch 89:  43%|████▎     | 20/47 [00:00<00:00, 33.83it/s, loss=0.32, v_num=]
Epoch 89:  43%|████▎     | 20/47 [00:00<00:00, 33.79it/s, loss=0.327, v_num=]
Epoch 89:  85%|████████▌ | 40/47 [00:00<00:00, 42.62it/s, loss=0.327, v_num=]
Epoch 89:  85%|████████▌ | 40/47 [00:00<00:00, 42.60it/s, loss=0.323, v_num=]
Epoch 89: 100%|██████████| 47/47 [00:01<00:00, 40.13it/s, loss=0.327, v_num=]
Epoch 89:   0%|          | 0/47 [00:00<?, ?it/s, loss=0.327, v_num=]         
Epoch 90:   0%|          | 0/47 [00:00<?, ?it/s, loss=0.327, v_num=]
Epoch 90:  43%|████▎     | 20/47 [00:00<00:00, 34.64it/s, loss=0.327, v_num=]
Epoch 90:  43%|████▎     | 20/47 [00:00<00:00, 34.60it/s, loss=0.324, v_num=]
Epoch 90:  85%|████████▌ | 40/47 [00:00<00:00, 43.76it/s, loss=0.324, v_num=]
Epoch 90:  85%|████████▌ | 40/47 [00:00<00:00, 43.74it/s, loss=0.32, v_num=] 
Epoch 90: 100%|██████████| 47/47 [00:01<00:00, 40.85it/s, loss=0.322, v_num=]Evaluating...
NMI : 0.2704194083400545, ARI: 0.04678562244642689, ACC: 0.09967, current K: 2
Epoch 90 | NMI: 0.2704, ARI: 0.0468, ACC: 0.0997, current K: 2
Confusion Matrix:
[[  1 299   0   0   0   0   0   0   0   0   0   0   0   0   0   0   0   0
    0   0]
 [  0 300   0   0   0   0   0   0   0   0   0   0   0   0   0   0   0   0
    0   0]
 [  2 298   0   0   0   0   0   0   0   0   0   0   0   0   0   0   0   0
    0   0]
 [  0 300   0   0   0   0   0   0   0   0   0   0   0   0   0   0   0   0
    0   0]
 [  6 294   0   0   0   0   0   0   0   0   0   0   0   0   0   0   0   0
    0   0]
 [  1 299   0   0   0   0   0   0   0   0   0   0   0   0   0   0   0   0
    0   0]
 [  0 300   0   0   0   0   0   0   0   0   0   0   0   0   0   0   0   0
    0   0]
 [  2 298   0   0   0   0   0   0   0   0   0   0   0   0   0   0   0   0
    0   0]
 [298   2   0   0   0   0   0   0   0   0   0   0   0   0   0   0   0   0
    0   0]
 [295   5   0   0   0   0   0   0   0   0   0   0   0   0   0   0   0   0
    0   0]
 [295   5   0   0   0   0   0   0   0   0   0   0   0   0   0   0   0   0
    0   0]
 [298   2   0   0   0   0   0   0   0   0   0   0   0   0   0   0   0   0
    0   0]
 [  1 299   0   0   0   0   0   0   0   0   0   0   0   0   0   0   0   0
    0   0]
 [  0 300   0   0   0   0   0   0   0   0   0   0   0   0   0   0   0   0
    0   0]
 [  1 299   0   0   0   0   0   0   0   0   0   0   0   0   0   0   0   0
    0   0]
 [  0 300   0   0   0   0   0   0   0   0   0   0   0   0   0   0   0   0
    0   0]
 [  1 299   0   0   0   0   0   0   0   0   0   0   0   0   0   0   0   0
    0   0]
 [  1 299   0   0   0   0   0   0   0   0   0   0   0   0   0   0   0   0
    0   0]
 [  0 300   0   0   0   0   0   0   0   0   0   0   0   0   0   0   0   0
    0   0]
 [  0 300   0   0   0   0   0   0   0   0   0   0   0   0   0   0   0   0
    0   0]]

Epoch 90:   0%|          | 0/47 [00:00<?, ?it/s, loss=0.322, v_num=]         
Epoch 91:   0%|          | 0/47 [00:00<?, ?it/s, loss=0.322, v_num=]/usr/local/lib/python3.13/dist-packages/torch/utils/data/dataloader.py:432: UserWarning: This DataLoader will create 6 worker processes in total. Our suggested max number of worker in current system is 2, which is smaller than what this DataLoader is going to create. Please be aware that excessive worker creation might get DataLoader running slow or even freeze, lower the worker number to avoid potential slowness/freeze if necessary.
  self.check_worker_number_rationality()

Epoch 91:  43%|████▎     | 20/47 [00:00<00:00, 34.25it/s, loss=0.322, v_num=]
Epoch 91:  43%|████▎     | 20/47 [00:00<00:00, 34.21it/s, loss=0.323, v_num=]
Epoch 91:  85%|████████▌ | 40/47 [00:00<00:00, 42.62it/s, loss=0.323, v_num=]
Epoch 91:  85%|████████▌ | 40/47 [00:00<00:00, 42.60it/s, loss=0.322, v_num=]
Epoch 91: 100%|██████████| 47/47 [00:01<00:00, 40.07it/s, loss=0.326, v_num=]
Epoch 91:   0%|          | 0/47 [00:00<?, ?it/s, loss=0.326, v_num=]         
Epoch 92:   0%|          | 0/47 [00:00<?, ?it/s, loss=0.326, v_num=]
Epoch 92:  43%|████▎     | 20/47 [00:00<00:00, 34.80it/s, loss=0.326, v_num=]
Epoch 92:  43%|████▎     | 20/47 [00:00<00:00, 34.76it/s, loss=0.314, v_num=]
Epoch 92:  85%|████████▌ | 40/47 [00:00<00:00, 43.30it/s, loss=0.314, v_num=]
Epoch 92:  85%|████████▌ | 40/47 [00:00<00:00, 43.28it/s, loss=0.322, v_num=]
Epoch 92: 100%|██████████| 47/47 [00:01<00:00, 40.68it/s, loss=0.325, v_num=]
Epoch 92:   0%|          | 0/47 [00:00<?, ?it/s, loss=0.325, v_num=]         
Epoch 93:   0%|          | 0/47 [00:00<?, ?it/s, loss=0.325, v_num=]
Epoch 93:  43%|████▎     | 20/47 [00:00<00:00, 28.05it/s, loss=0.325, v_num=]
Epoch 93:  43%|████▎     | 20/47 [00:00<00:00, 28.02it/s, loss=0.314, v_num=]
Epoch 93:  85%|████████▌ | 40/47 [00:01<00:00, 20.01it/s, loss=0.314, v_num=]
Epoch 93:  85%|████████▌ | 40/47 [00:02<00:00, 19.99it/s, loss=0.323, v_num=]
Epoch 93: 100%|██████████| 47/47 [00:02<00:00, 17.90it/s, loss=0.324, v_num=]
Epoch 93:   0%|          | 0/47 [00:00<?, ?it/s, loss=0.324, v_num=]         
Epoch 94:   0%|          | 0/47 [00:00<?, ?it/s, loss=0.324, v_num=]
Epoch 94:  43%|████▎     | 20/47 [00:01<00:02, 11.87it/s, loss=0.324, v_num=]
Epoch 94:  43%|████▎     | 20/47 [00:01<00:02, 11.87it/s, loss=0.322, v_num=]
Epoch 94:  85%|████████▌ | 40/47 [00:02<00:00, 19.41it/s, loss=0.322, v_num=]
Epoch 94:  85%|████████▌ | 40/47 [00:02<00:00, 19.41it/s, loss=0.322, v_num=]
Epoch 94: 100%|██████████| 47/47 [00:02<00:00, 20.45it/s, loss=0.332, v_num=]
Epoch 94:   0%|          | 0/47 [00:00<?, ?it/s, loss=0.332, v_num=]         
Epoch 95:   0%|          | 0/47 [00:00<?, ?it/s, loss=0.332, v_num=]
Epoch 95:  43%|████▎     | 20/47 [00:00<00:00, 32.56it/s, loss=0.332, v_num=]
Epoch 95:  43%|████▎     | 20/47 [00:00<00:00, 32.52it/s, loss=0.32, v_num=] 
Epoch 95:  85%|████████▌ | 40/47 [00:00<00:00, 41.78it/s, loss=0.32, v_num=]
Epoch 95:  85%|████████▌ | 40/47 [00:00<00:00, 41.77it/s, loss=0.33, v_num=]
Epoch 95: 100%|██████████| 47/47 [00:01<00:00, 39.76it/s, loss=0.32, v_num=]Evaluating...
NMI : 0.26980298783784434, ARI: 0.04660831303722113, ACC: 0.0995, current K: 2

Epoch 95:   0%|          | 0/47 [00:00<?, ?it/s, loss=0.32, v_num=]         
Epoch 96:   0%|          | 0/47 [00:00<?, ?it/s, loss=0.32, v_num=]/usr/local/lib/python3.13/dist-packages/torch/utils/data/dataloader.py:432: UserWarning: This DataLoader will create 6 worker processes in total. Our suggested max number of worker in current system is 2, which is smaller than what this DataLoader is going to create. Please be aware that excessive worker creation might get DataLoader running slow or even freeze, lower the worker number to avoid potential slowness/freeze if necessary.
  self.check_worker_number_rationality()

Epoch 96:  43%|████▎     | 20/47 [00:00<00:00, 33.74it/s, loss=0.32, v_num=]
Epoch 96:  43%|████▎     | 20/47 [00:00<00:00, 33.70it/s, loss=0.325, v_num=]
Epoch 96:  85%|████████▌ | 40/47 [00:00<00:00, 42.72it/s, loss=0.325, v_num=]
Epoch 96:  85%|████████▌ | 40/47 [00:00<00:00, 42.70it/s, loss=0.312, v_num=]
Epoch 96: 100%|██████████| 47/47 [00:01<00:00, 39.67it/s, loss=0.321, v_num=]
Epoch 96:   0%|          | 0/47 [00:00<?, ?it/s, loss=0.321, v_num=]         
Epoch 97:   0%|          | 0/47 [00:00<?, ?it/s, loss=0.321, v_num=]
Epoch 97:  43%|████▎     | 20/47 [00:00<00:00, 35.08it/s, loss=0.321, v_num=]
Epoch 97:  43%|████▎     | 20/47 [00:00<00:00, 35.04it/s, loss=0.316, v_num=]
Epoch 97:  85%|████████▌ | 40/47 [00:00<00:00, 44.14it/s, loss=0.316, v_num=]
Epoch 97:  85%|████████▌ | 40/47 [00:00<00:00, 44.12it/s, loss=0.315, v_num=]
Epoch 97: 100%|██████████| 47/47 [00:01<00:00, 41.16it/s, loss=0.32, v_num=] 
Epoch 97:   0%|          | 0/47 [00:00<?, ?it/s, loss=0.32, v_num=]         
Epoch 98:   0%|          | 0/47 [00:00<?, ?it/s, loss=0.32, v_num=]
Epoch 98:  43%|████▎     | 20/47 [00:00<00:00, 34.86it/s, loss=0.32, v_num=]
Epoch 98:  43%|████▎     | 20/47 [00:00<00:00, 34.82it/s, loss=0.325, v_num=]
Epoch 98:  85%|████████▌ | 40/47 [00:00<00:00, 43.36it/s, loss=0.325, v_num=]
Epoch 98:  85%|████████▌ | 40/47 [00:00<00:00, 43.34it/s, loss=0.323, v_num=]
Epoch 98: 100%|██████████| 47/47 [00:01<00:00, 41.08it/s, loss=0.326, v_num=]
Epoch 98:   0%|          | 0/47 [00:00<?, ?it/s, loss=0.326, v_num=]         
Epoch 99:   0%|          | 0/47 [00:00<?, ?it/s, loss=0.326, v_num=]
Epoch 99:  43%|████▎     | 20/47 [00:00<00:00, 34.40it/s, loss=0.326, v_num=]
Epoch 99:  43%|████▎     | 20/47 [00:00<00:00, 34.35it/s, loss=0.322, v_num=]
Epoch 99:  85%|████████▌ | 40/47 [00:00<00:00, 43.03it/s, loss=0.322, v_num=]
Epoch 99:  85%|████████▌ | 40/47 [00:00<00:00, 43.01it/s, loss=0.321, v_num=]
Epoch 99: 100%|██████████| 47/47 [00:01<00:00, 40.46it/s, loss=0.322, v_num=]
Epoch 99:   0%|          | 0/47 [00:00<?, ?it/s, loss=0.322, v_num=]         
Epoch 100:   0%|          | 0/47 [00:00<?, ?it/s, loss=0.322, v_num=]
Epoch 100:  43%|████▎     | 20/47 [00:00<00:00, 35.04it/s, loss=0.322, v_num=]
Epoch 100:  43%|████▎     | 20/47 [00:00<00:00, 35.00it/s, loss=0.324, v_num=]
Epoch 100:  85%|████████▌ | 40/47 [00:00<00:00, 43.88it/s, loss=0.324, v_num=]
Epoch 100:  85%|████████▌ | 40/47 [00:00<00:00, 43.86it/s, loss=0.317, v_num=]
Epoch 100: 100%|██████████| 47/47 [00:01<00:00, 41.42it/s, loss=0.32, v_num=] Evaluating...
NMI : 0.2692084488005898, ARI: 0.046348495149119075, ACC: 0.0995, current K: 2
Epoch 100 | NMI: 0.2692, ARI: 0.0463, ACC: 0.0995, current K: 2
Confusion Matrix:
[[  1 299   0   0   0   0   0   0   0   0   0   0   0   0   0   0   0   0
    0   0]
 [  0 300   0   0   0   0   0   0   0   0   0   0   0   0   0   0   0   0
    0   0]
 [  2 298   0   0   0   0   0   0   0   0   0   0   0   0   0   0   0   0
    0   0]
 [  0 300   0   0   0   0   0   0   0   0   0   0   0   0   0   0   0   0
    0   0]
 [  6 294   0   0   0   0   0   0   0   0   0   0   0   0   0   0   0   0
    0   0]
 [  1 299   0   0   0   0   0   0   0   0   0   0   0   0   0   0   0   0
    0   0]
 [  0 300   0   0   0   0   0   0   0   0   0   0   0   0   0   0   0   0
    0   0]
 [  1 299   0   0   0   0   0   0   0   0   0   0   0   0   0   0   0   0
    0   0]
 [296   4   0   0   0   0   0   0   0   0   0   0   0   0   0   0   0   0
    0   0]
 [293   7   0   0   0   0   0   0   0   0   0   0   0   0   0   0   0   0
    0   0]
 [295   5   0   0   0   0   0   0   0   0   0   0   0   0   0   0   0   0
    0   0]
 [297   3   0   0   0   0   0   0   0   0   0   0   0   0   0   0   0   0
    0   0]
 [  1 299   0   0   0   0   0   0   0   0   0   0   0   0   0   0   0   0
    0   0]
 [  0 300   0   0   0   0   0   0   0   0   0   0   0   0   0   0   0   0
    0   0]
 [  0 300   0   0   0   0   0   0   0   0   0   0   0   0   0   0   0   0
    0   0]
 [  0 300   0   0   0   0   0   0   0   0   0   0   0   0   0   0   0   0
    0   0]
 [  1 299   0   0   0   0   0   0   0   0   0   0   0   0   0   0   0   0
    0   0]
 [  0 300   0   0   0   0   0   0   0   0   0   0   0   0   0   0   0   0
    0   0]
 [  0 300   0   0   0   0   0   0   0   0   0   0   0   0   0   0   0   0
    0   0]
 [  0 300   0   0   0   0   0   0   0   0   0   0   0   0   0   0   0   0
    0   0]]

Epoch 100:   0%|          | 0/47 [00:00<?, ?it/s, loss=0.32, v_num=]         
Epoch 101:   0%|          | 0/47 [00:00<?, ?it/s, loss=0.32, v_num=]/usr/local/lib/python3.13/dist-packages/torch/utils/data/dataloader.py:432: UserWarning: This DataLoader will create 6 worker processes in total. Our suggested max number of worker in current system is 2, which is smaller than what this DataLoader is going to create. Please be aware that excessive worker creation might get DataLoader running slow or even freeze, lower the worker number to avoid potential slowness/freeze if necessary.
  self.check_worker_number_rationality()

Epoch 101:  43%|████▎     | 20/47 [00:00<00:00, 34.27it/s, loss=0.32, v_num=]
Epoch 101:  43%|████▎     | 20/47 [00:00<00:00, 34.23it/s, loss=0.322, v_num=]
Epoch 101:  85%|████████▌ | 40/47 [00:00<00:00, 42.19it/s, loss=0.322, v_num=]
Epoch 101:  85%|████████▌ | 40/47 [00:00<00:00, 42.17it/s, loss=0.322, v_num=]
Epoch 101: 100%|██████████| 47/47 [00:01<00:00, 40.08it/s, loss=0.311, v_num=]
Epoch 101:   0%|          | 0/47 [00:00<?, ?it/s, loss=0.311, v_num=]         
Epoch 102:   0%|          | 0/47 [00:00<?, ?it/s, loss=0.311, v_num=]
Epoch 102:  43%|████▎     | 20/47 [00:00<00:00, 34.64it/s, loss=0.311, v_num=]
Epoch 102:  43%|████▎     | 20/47 [00:00<00:00, 34.60it/s, loss=0.32, v_num=] 
Epoch 102:  85%|████████▌ | 40/47 [00:01<00:00, 39.09it/s, loss=0.32, v_num=]
Epoch 102:  85%|████████▌ | 40/47 [00:01<00:00, 39.08it/s, loss=0.315, v_num=]
Epoch 102: 100%|██████████| 47/47 [00:01<00:00, 34.06it/s, loss=0.328, v_num=]
Epoch 102:   0%|          | 0/47 [00:00<?, ?it/s, loss=0.328, v_num=]         
Epoch 103:   0%|          | 0/47 [00:00<?, ?it/s, loss=0.328, v_num=]
Epoch 103:  43%|████▎     | 20/47 [00:00<00:01, 26.89it/s, loss=0.328, v_num=]
Epoch 103:  43%|████▎     | 20/47 [00:00<00:01, 26.86it/s, loss=0.319, v_num=]
Epoch 103:  85%|████████▌ | 40/47 [00:01<00:00, 32.93it/s, loss=0.319, v_num=]
Epoch 103:  85%|████████▌ | 40/47 [00:01<00:00, 32.92it/s, loss=0.323, v_num=]
Epoch 103: 100%|██████████| 47/47 [00:01<00:00, 30.29it/s, loss=0.321, v_num=]
Epoch 103:   0%|          | 0/47 [00:00<?, ?it/s, loss=0.321, v_num=]         
Epoch 104:   0%|          | 0/47 [00:00<?, ?it/s, loss=0.321, v_num=]
Epoch 104:  43%|████▎     | 20/47 [00:00<00:01, 23.73it/s, loss=0.321, v_num=]
Epoch 104:  43%|████▎     | 20/47 [00:00<00:01, 23.71it/s, loss=0.321, v_num=]
Epoch 104:  85%|████████▌ | 40/47 [00:01<00:00, 33.70it/s, loss=0.321, v_num=]
Epoch 104:  85%|████████▌ | 40/47 [00:01<00:00, 33.69it/s, loss=0.324, v_num=]
Epoch 104: 100%|██████████| 47/47 [00:01<00:00, 33.28it/s, loss=0.324, v_num=]
Epoch 104:   0%|          | 0/47 [00:00<?, ?it/s, loss=0.324, v_num=]         
Epoch 105:   0%|          | 0/47 [00:00<?, ?it/s, loss=0.324, v_num=]
Epoch 105:  43%|████▎     | 20/47 [00:00<00:00, 35.24it/s, loss=0.324, v_num=]
Epoch 105:  43%|████▎     | 20/47 [00:00<00:00, 35.20it/s, loss=0.322, v_num=]
Epoch 105:  85%|████████▌ | 40/47 [00:00<00:00, 43.87it/s, loss=0.322, v_num=]
Epoch 105:  85%|████████▌ | 40/47 [00:00<00:00, 43.85it/s, loss=0.317, v_num=]
Epoch 105: 100%|██████████| 47/47 [00:01<00:00, 40.55it/s, loss=0.317, v_num=]Evaluating...
NMI : 0.26798481876137026, ARI: 0.046080522939823725, ACC: 0.0995, current K: 2

Epoch 105:   0%|          | 0/47 [00:00<?, ?it/s, loss=0.317, v_num=]         
Epoch 106:   0%|          | 0/47 [00:00<?, ?it/s, loss=0.317, v_num=]/usr/local/lib/python3.13/dist-packages/torch/utils/data/dataloader.py:432: UserWarning: This DataLoader will create 6 worker processes in total. Our suggested max number of worker in current system is 2, which is smaller than what this DataLoader is going to create. Please be aware that excessive worker creation might get DataLoader running slow or even freeze, lower the worker number to avoid potential slowness/freeze if necessary.
  self.check_worker_number_rationality()

Epoch 106:  43%|████▎     | 20/47 [00:00<00:00, 35.54it/s, loss=0.317, v_num=]
Epoch 106:  43%|████▎     | 20/47 [00:00<00:00, 35.50it/s, loss=0.316, v_num=]
Epoch 106:  85%|████████▌ | 40/47 [00:00<00:00, 41.16it/s, loss=0.316, v_num=]
Epoch 106:  85%|████████▌ | 40/47 [00:00<00:00, 41.15it/s, loss=0.323, v_num=]
Epoch 106: 100%|██████████| 47/47 [00:01<00:00, 37.72it/s, loss=0.322, v_num=]
Epoch 106:   0%|          | 0/47 [00:00<?, ?it/s, loss=0.322, v_num=]         
Epoch 107:   0%|          | 0/47 [00:00<?, ?it/s, loss=0.322, v_num=]
Epoch 107:  43%|████▎     | 20/47 [00:00<00:00, 34.87it/s, loss=0.322, v_num=]
Epoch 107:  43%|████▎     | 20/47 [00:00<00:00, 34.82it/s, loss=0.319, v_num=]
Epoch 107:  85%|████████▌ | 40/47 [00:00<00:00, 43.80it/s, loss=0.319, v_num=]
Epoch 107:  85%|████████▌ | 40/47 [00:00<00:00, 43.78it/s, loss=0.316, v_num=]
Epoch 107: 100%|██████████| 47/47 [00:01<00:00, 41.55it/s, loss=0.323, v_num=]
Epoch 107:   0%|          | 0/47 [00:00<?, ?it/s, loss=0.323, v_num=]         
Epoch 108:   0%|          | 0/47 [00:00<?, ?it/s, loss=0.323, v_num=]
Epoch 108:  43%|████▎     | 20/47 [00:00<00:00, 34.55it/s, loss=0.323, v_num=]
Epoch 108:  43%|████▎     | 20/47 [00:00<00:00, 34.51it/s, loss=0.326, v_num=]
Epoch 108:  85%|████████▌ | 40/47 [00:00<00:00, 43.92it/s, loss=0.326, v_num=]
Epoch 108:  85%|████████▌ | 40/47 [00:00<00:00, 43.90it/s, loss=0.317, v_num=]
Epoch 108: 100%|██████████| 47/47 [00:01<00:00, 41.52it/s, loss=0.32, v_num=] 
Epoch 108:   0%|          | 0/47 [00:00<?, ?it/s, loss=0.32, v_num=]         
Epoch 109:   0%|          | 0/47 [00:00<?, ?it/s, loss=0.32, v_num=]
Epoch 109:  43%|████▎     | 20/47 [00:00<00:00, 33.94it/s, loss=0.32, v_num=]
Epoch 109:  43%|████▎     | 20/47 [00:00<00:00, 33.90it/s, loss=0.324, v_num=]
Epoch 109:  85%|████████▌ | 40/47 [00:00<00:00, 43.11it/s, loss=0.324, v_num=]
Epoch 109:  85%|████████▌ | 40/47 [00:00<00:00, 43.10it/s, loss=0.323, v_num=]
Epoch 109: 100%|██████████| 47/47 [00:01<00:00, 40.34it/s, loss=0.322, v_num=]
Epoch 109:   0%|          | 0/47 [00:00<?, ?it/s, loss=0.322, v_num=]         
Epoch 110:   0%|          | 0/47 [00:00<?, ?it/s, loss=0.322, v_num=]
Epoch 110:  43%|████▎     | 20/47 [00:00<00:00, 34.17it/s, loss=0.322, v_num=]
Epoch 110:  43%|████▎     | 20/47 [00:00<00:00, 34.13it/s, loss=0.322, v_num=]
Epoch 110:  85%|████████▌ | 40/47 [00:00<00:00, 42.57it/s, loss=0.322, v_num=]
Epoch 110:  85%|████████▌ | 40/47 [00:00<00:00, 42.55it/s, loss=0.321, v_num=]
Epoch 110: 100%|██████████| 47/47 [00:01<00:00, 39.68it/s, loss=0.324, v_num=]Evaluating...
NMI : 0.26798481876137026, ARI: 0.046080522939823725, ACC: 0.0995, current K: 2
Epoch 110 | NMI: 0.2680, ARI: 0.0461, ACC: 0.0995, current K: 2
Confusion Matrix:
[[  1 299   0   0   0   0   0   0   0   0   0   0   0   0   0   0   0   0
    0   0]
 [  0 300   0   0   0   0   0   0   0   0   0   0   0   0   0   0   0   0
    0   0]
 [  2 298   0   0   0   0   0   0   0   0   0   0   0   0   0   0   0   0
    0   0]
 [  0 300   0   0   0   0   0   0   0   0   0   0   0   0   0   0   0   0
    0   0]
 [  5 295   0   0   0   0   0   0   0   0   0   0   0   0   0   0   0   0
    0   0]
 [  1 299   0   0   0   0   0   0   0   0   0   0   0   0   0   0   0   0
    0   0]
 [  0 300   0   0   0   0   0   0   0   0   0   0   0   0   0   0   0   0
    0   0]
 [  1 299   0   0   0   0   0   0   0   0   0   0   0   0   0   0   0   0
    0   0]
 [295   5   0   0   0   0   0   0   0   0   0   0   0   0   0   0   0   0
    0   0]
 [293   7   0   0   0   0   0   0   0   0   0   0   0   0   0   0   0   0
    0   0]
 [293   7   0   0   0   0   0   0   0   0   0   0   0   0   0   0   0   0
    0   0]
 [297   3   0   0   0   0   0   0   0   0   0   0   0   0   0   0   0   0
    0   0]
 [  1 299   0   0   0   0   0   0   0   0   0   0   0   0   0   0   0   0
    0   0]
 [  0 300   0   0   0   0   0   0   0   0   0   0   0   0   0   0   0   0
    0   0]
 [  0 300   0   0   0   0   0   0   0   0   0   0   0   0   0   0   0   0
    0   0]
 [  0 300   0   0   0   0   0   0   0   0   0   0   0   0   0   0   0   0
    0   0]
 [  1 299   0   0   0   0   0   0   0   0   0   0   0   0   0   0   0   0
    0   0]
 [  0 300   0   0   0   0   0   0   0   0   0   0   0   0   0   0   0   0
    0   0]
 [  0 300   0   0   0   0   0   0   0   0   0   0   0   0   0   0   0   0
    0   0]
 [  0 300   0   0   0   0   0   0   0   0   0   0   0   0   0   0   0   0
    0   0]]

Epoch 110:   0%|          | 0/47 [00:00<?, ?it/s, loss=0.324, v_num=]         
Epoch 111:   0%|          | 0/47 [00:00<?, ?it/s, loss=0.324, v_num=]/usr/local/lib/python3.13/dist-packages/torch/utils/data/dataloader.py:432: UserWarning: This DataLoader will create 6 worker processes in total. Our suggested max number of worker in current system is 2, which is smaller than what this DataLoader is going to create. Please be aware that excessive worker creation might get DataLoader running slow or even freeze, lower the worker number to avoid potential slowness/freeze if necessary.
  self.check_worker_number_rationality()

Epoch 111:  43%|████▎     | 20/47 [00:00<00:00, 34.98it/s, loss=0.324, v_num=]
Epoch 111:  43%|████▎     | 20/47 [00:00<00:00, 34.94it/s, loss=0.32, v_num=] 
Epoch 111:  85%|████████▌ | 40/47 [00:00<00:00, 43.28it/s, loss=0.32, v_num=]
Epoch 111:  85%|████████▌ | 40/47 [00:00<00:00, 43.26it/s, loss=0.321, v_num=]
Epoch 111: 100%|██████████| 47/47 [00:01<00:00, 40.39it/s, loss=0.323, v_num=]
Epoch 111:   0%|          | 0/47 [00:00<?, ?it/s, loss=0.323, v_num=]         
Epoch 112:   0%|          | 0/47 [00:00<?, ?it/s, loss=0.323, v_num=]
Epoch 112:  43%|████▎     | 20/47 [00:00<00:00, 34.64it/s, loss=0.323, v_num=]
Epoch 112:  43%|████▎     | 20/47 [00:00<00:00, 34.60it/s, loss=0.318, v_num=]
Epoch 112:  85%|████████▌ | 40/47 [00:00<00:00, 41.12it/s, loss=0.318, v_num=]
Epoch 112:  85%|████████▌ | 40/47 [00:00<00:00, 41.10it/s, loss=0.322, v_num=]
Epoch 112: 100%|██████████| 47/47 [00:01<00:00, 36.95it/s, loss=0.318, v_num=]
Epoch 112:   0%|          | 0/47 [00:00<?, ?it/s, loss=0.318, v_num=]         
Epoch 113:   0%|          | 0/47 [00:00<?, ?it/s, loss=0.318, v_num=]
Epoch 113:  43%|████▎     | 20/47 [00:00<00:01, 24.10it/s, loss=0.318, v_num=]
Epoch 113:  43%|████▎     | 20/47 [00:00<00:01, 24.07it/s, loss=0.319, v_num=]
Epoch 113:  85%|████████▌ | 40/47 [00:01<00:00, 31.14it/s, loss=0.319, v_num=]
Epoch 113:  85%|████████▌ | 40/47 [00:01<00:00, 31.13it/s, loss=0.315, v_num=]
Epoch 113: 100%|██████████| 47/47 [00:01<00:00, 28.45it/s, loss=0.318, v_num=]
Epoch 113:   0%|          | 0/47 [00:00<?, ?it/s, loss=0.318, v_num=]         
Epoch 114:   0%|          | 0/47 [00:00<?, ?it/s, loss=0.318, v_num=]
Epoch 114:  43%|████▎     | 20/47 [00:00<00:01, 23.54it/s, loss=0.318, v_num=]
Epoch 114:  43%|████▎     | 20/47 [00:00<00:01, 23.53it/s, loss=0.323, v_num=]
Epoch 114:  85%|████████▌ | 40/47 [00:01<00:00, 33.56it/s, loss=0.323, v_num=]
Epoch 114:  85%|████████▌ | 40/47 [00:01<00:00, 33.55it/s, loss=0.32, v_num=] 
Epoch 114: 100%|██████████| 47/47 [00:01<00:00, 33.31it/s, loss=0.321, v_num=]
Epoch 114:   0%|          | 0/47 [00:00<?, ?it/s, loss=0.321, v_num=]         
Epoch 115:   0%|          | 0/47 [00:00<?, ?it/s, loss=0.321, v_num=]
Epoch 115:  43%|████▎     | 20/47 [00:00<00:00, 35.45it/s, loss=0.321, v_num=]
Epoch 115:  43%|████▎     | 20/47 [00:00<00:00, 35.41it/s, loss=0.323, v_num=]
Epoch 115:  85%|████████▌ | 40/47 [00:00<00:00, 43.67it/s, loss=0.323, v_num=]
Epoch 115:  85%|████████▌ | 40/47 [00:00<00:00, 43.66it/s, loss=0.323, v_num=]
Epoch 115: 100%|██████████| 47/47 [00:01<00:00, 41.02it/s, loss=0.321, v_num=]Evaluating...
NMI : 0.26801336871736403, ARI: 0.045996642634400224, ACC: 0.0995, current K: 2

Epoch 115:   0%|          | 0/47 [00:00<?, ?it/s, loss=0.321, v_num=]         
Epoch 116:   0%|          | 0/47 [00:00<?, ?it/s, loss=0.321, v_num=]/usr/local/lib/python3.13/dist-packages/torch/utils/data/dataloader.py:432: UserWarning: This DataLoader will create 6 worker processes in total. Our suggested max number of worker in current system is 2, which is smaller than what this DataLoader is going to create. Please be aware that excessive worker creation might get DataLoader running slow or even freeze, lower the worker number to avoid potential slowness/freeze if necessary.
  self.check_worker_number_rationality()

Epoch 116:  43%|████▎     | 20/47 [00:00<00:00, 34.95it/s, loss=0.321, v_num=]
Epoch 116:  43%|████▎     | 20/47 [00:00<00:00, 34.91it/s, loss=0.322, v_num=]
Epoch 116:  85%|████████▌ | 40/47 [00:00<00:00, 43.88it/s, loss=0.322, v_num=]
Epoch 116:  85%|████████▌ | 40/47 [00:00<00:00, 43.87it/s, loss=0.321, v_num=]
Epoch 116: 100%|██████████| 47/47 [00:01<00:00, 41.39it/s, loss=0.321, v_num=]
Epoch 116:   0%|          | 0/47 [00:00<?, ?it/s, loss=0.321, v_num=]         
Epoch 117:   0%|          | 0/47 [00:00<?, ?it/s, loss=0.321, v_num=]
Epoch 117:  43%|████▎     | 20/47 [00:00<00:00, 33.23it/s, loss=0.321, v_num=]
Epoch 117:  43%|████▎     | 20/47 [00:00<00:00, 33.19it/s, loss=0.316, v_num=]
Epoch 117:  85%|████████▌ | 40/47 [00:00<00:00, 41.88it/s, loss=0.316, v_num=]
Epoch 117:  85%|████████▌ | 40/47 [00:00<00:00, 41.86it/s, loss=0.327, v_num=]
Epoch 117: 100%|██████████| 47/47 [00:01<00:00, 40.03it/s, loss=0.317, v_num=]
Epoch 117:   0%|          | 0/47 [00:00<?, ?it/s, loss=0.317, v_num=]         
Epoch 118:   0%|          | 0/47 [00:00<?, ?it/s, loss=0.317, v_num=]
Epoch 118:  43%|████▎     | 20/47 [00:00<00:00, 29.37it/s, loss=0.317, v_num=]
Epoch 118:  43%|████▎     | 20/47 [00:00<00:00, 29.34it/s, loss=0.321, v_num=]
Epoch 118:  85%|████████▌ | 40/47 [00:01<00:00, 38.89it/s, loss=0.321, v_num=]
Epoch 118:  85%|████████▌ | 40/47 [00:01<00:00, 38.88it/s, loss=0.32, v_num=] 
Epoch 118: 100%|██████████| 47/47 [00:01<00:00, 37.53it/s, loss=0.32, v_num=]
Epoch 118:   0%|          | 0/47 [00:00<?, ?it/s, loss=0.32, v_num=]         
Epoch 119:   0%|          | 0/47 [00:00<?, ?it/s, loss=0.32, v_num=]
Epoch 119:  43%|████▎     | 20/47 [00:00<00:00, 33.97it/s, loss=0.32, v_num=]
Epoch 119:  43%|████▎     | 20/47 [00:00<00:00, 33.94it/s, loss=0.319, v_num=]
Epoch 119:  85%|████████▌ | 40/47 [00:00<00:00, 43.49it/s, loss=0.319, v_num=]
Epoch 119:  85%|████████▌ | 40/47 [00:00<00:00, 43.48it/s, loss=0.313, v_num=]
Epoch 119: 100%|██████████| 47/47 [00:01<00:00, 40.77it/s, loss=0.321, v_num=]
Epoch 119:   0%|          | 0/47 [00:00<?, ?it/s, loss=0.321, v_num=]         
Epoch 120:   0%|          | 0/47 [00:00<?, ?it/s, loss=0.321, v_num=]
Epoch 120:  43%|████▎     | 20/47 [00:00<00:00, 36.06it/s, loss=0.321, v_num=]
Epoch 120:  43%|████▎     | 20/47 [00:00<00:00, 36.02it/s, loss=0.323, v_num=]
Epoch 120:  85%|████████▌ | 40/47 [00:00<00:00, 45.07it/s, loss=0.323, v_num=]
Epoch 120:  85%|████████▌ | 40/47 [00:00<00:00, 45.06it/s, loss=0.319, v_num=]
Epoch 120: 100%|██████████| 47/47 [00:01<00:00, 41.94it/s, loss=0.318, v_num=]Evaluating...
NMI : 0.2673522693694636, ARI: 0.045821330954744895, ACC: 0.0995, current K: 2
Epoch 120 | NMI: 0.2674, ARI: 0.0458, ACC: 0.0995, current K: 2
Confusion Matrix:
[[  1 299   0   0   0   0   0   0   0   0   0   0   0   0   0   0   0   0
    0   0]
 [  0 300   0   0   0   0   0   0   0   0   0   0   0   0   0   0   0   0
    0   0]
 [  2 298   0   0   0   0   0   0   0   0   0   0   0   0   0   0   0   0
    0   0]
 [  0 300   0   0   0   0   0   0   0   0   0   0   0   0   0   0   0   0
    0   0]
 [  4 296   0   0   0   0   0   0   0   0   0   0   0   0   0   0   0   0
    0   0]
 [  0 300   0   0   0   0   0   0   0   0   0   0   0   0   0   0   0   0
    0   0]
 [  0 300   0   0   0   0   0   0   0   0   0   0   0   0   0   0   0   0
    0   0]
 [  1 299   0   0   0   0   0   0   0   0   0   0   0   0   0   0   0   0
    0   0]
 [293   7   0   0   0   0   0   0   0   0   0   0   0   0   0   0   0   0
    0   0]
 [293   7   0   0   0   0   0   0   0   0   0   0   0   0   0   0   0   0
    0   0]
 [292   8   0   0   0   0   0   0   0   0   0   0   0   0   0   0   0   0
    0   0]
 [297   3   0   0   0   0   0   0   0   0   0   0   0   0   0   0   0   0
    0   0]
 [  1 299   0   0   0   0   0   0   0   0   0   0   0   0   0   0   0   0
    0   0]
 [  0 300   0   0   0   0   0   0   0   0   0   0   0   0   0   0   0   0
    0   0]
 [  0 300   0   0   0   0   0   0   0   0   0   0   0   0   0   0   0   0
    0   0]
 [  0 300   0   0   0   0   0   0   0   0   0   0   0   0   0   0   0   0
    0   0]
 [  1 299   0   0   0   0   0   0   0   0   0   0   0   0   0   0   0   0
    0   0]
 [  0 300   0   0   0   0   0   0   0   0   0   0   0   0   0   0   0   0
    0   0]
 [  0 300   0   0   0   0   0   0   0   0   0   0   0   0   0   0   0   0
    0   0]
 [  0 300   0   0   0   0   0   0   0   0   0   0   0   0   0   0   0   0
    0   0]]

Epoch 120:   0%|          | 0/47 [00:00<?, ?it/s, loss=0.318, v_num=]         
Epoch 121:   0%|          | 0/47 [00:00<?, ?it/s, loss=0.318, v_num=]/usr/local/lib/python3.13/dist-packages/torch/utils/data/dataloader.py:432: UserWarning: This DataLoader will create 6 worker processes in total. Our suggested max number of worker in current system is 2, which is smaller than what this DataLoader is going to create. Please be aware that excessive worker creation might get DataLoader running slow or even freeze, lower the worker number to avoid potential slowness/freeze if necessary.
  self.check_worker_number_rationality()

Epoch 121:  43%|████▎     | 20/47 [00:00<00:00, 35.87it/s, loss=0.318, v_num=]
Epoch 121:  43%|████▎     | 20/47 [00:00<00:00, 35.83it/s, loss=0.326, v_num=]
Epoch 121:  85%|████████▌ | 40/47 [00:00<00:00, 43.74it/s, loss=0.326, v_num=]
Epoch 121:  85%|████████▌ | 40/47 [00:00<00:00, 43.72it/s, loss=0.322, v_num=]
Epoch 121: 100%|██████████| 47/47 [00:01<00:00, 41.39it/s, loss=0.311, v_num=]
Epoch 121:   0%|          | 0/47 [00:00<?, ?it/s, loss=0.311, v_num=]         
Epoch 122:   0%|          | 0/47 [00:00<?, ?it/s, loss=0.311, v_num=]
Epoch 122:  43%|████▎     | 20/47 [00:00<00:00, 36.01it/s, loss=0.311, v_num=]
Epoch 122:  43%|████▎     | 20/47 [00:00<00:00, 35.97it/s, loss=0.324, v_num=]
Epoch 122:  85%|████████▌ | 40/47 [00:00<00:00, 44.31it/s, loss=0.324, v_num=]
Epoch 122:  85%|████████▌ | 40/47 [00:00<00:00, 44.28it/s, loss=0.319, v_num=]
Epoch 122: 100%|██████████| 47/47 [00:01<00:00, 39.43it/s, loss=0.324, v_num=]
Epoch 122:   0%|          | 0/47 [00:00<?, ?it/s, loss=0.324, v_num=]         
Epoch 123:   0%|          | 0/47 [00:00<?, ?it/s, loss=0.324, v_num=]
Epoch 123:  43%|████▎     | 20/47 [00:00<00:01, 24.43it/s, loss=0.324, v_num=]
Epoch 123:  43%|████▎     | 20/47 [00:00<00:01, 24.41it/s, loss=0.322, v_num=]
Epoch 123:  85%|████████▌ | 40/47 [00:01<00:00, 32.54it/s, loss=0.322, v_num=]
Epoch 123:  85%|████████▌ | 40/47 [00:01<00:00, 32.52it/s, loss=0.32, v_num=] 
Epoch 123: 100%|██████████| 47/47 [00:01<00:00, 30.54it/s, loss=0.319, v_num=]
Epoch 123:   0%|          | 0/47 [00:00<?, ?it/s, loss=0.319, v_num=]         
Epoch 124:   0%|          | 0/47 [00:00<?, ?it/s, loss=0.319, v_num=]
Epoch 124:  43%|████▎     | 20/47 [00:00<00:01, 24.06it/s, loss=0.319, v_num=]
Epoch 124:  43%|████▎     | 20/47 [00:00<00:01, 24.02it/s, loss=0.325, v_num=]
Epoch 124:  85%|████████▌ | 40/47 [00:01<00:00, 31.46it/s, loss=0.325, v_num=]
Epoch 124:  85%|████████▌ | 40/47 [00:01<00:00, 31.45it/s, loss=0.315, v_num=]
Epoch 124: 100%|██████████| 47/47 [00:01<00:00, 31.42it/s, loss=0.317, v_num=]
Epoch 124:   0%|          | 0/47 [00:00<?, ?it/s, loss=0.317, v_num=]         
Epoch 125:   0%|          | 0/47 [00:00<?, ?it/s, loss=0.317, v_num=]
Epoch 125:  43%|████▎     | 20/47 [00:00<00:00, 34.11it/s, loss=0.317, v_num=]
Epoch 125:  43%|████▎     | 20/47 [00:00<00:00, 34.07it/s, loss=0.31, v_num=] 
Epoch 125:  85%|████████▌ | 40/47 [00:00<00:00, 42.67it/s, loss=0.31, v_num=]
Epoch 125:  85%|████████▌ | 40/47 [00:00<00:00, 42.66it/s, loss=0.326, v_num=]
Epoch 125: 100%|██████████| 47/47 [00:01<00:00, 40.30it/s, loss=0.326, v_num=]Evaluating...
NMI : 0.2678178282207945, ARI: 0.04591175611567747, ACC: 0.0995, current K: 2

Epoch 125:   0%|          | 0/47 [00:00<?, ?it/s, loss=0.326, v_num=]         
Epoch 126:   0%|          | 0/47 [00:00<?, ?it/s, loss=0.326, v_num=]/usr/local/lib/python3.13/dist-packages/torch/utils/data/dataloader.py:432: UserWarning: This DataLoader will create 6 worker processes in total. Our suggested max number of worker in current system is 2, which is smaller than what this DataLoader is going to create. Please be aware that excessive worker creation might get DataLoader running slow or even freeze, lower the worker number to avoid potential slowness/freeze if necessary.
  self.check_worker_number_rationality()

Epoch 126:  43%|████▎     | 20/47 [00:00<00:00, 33.55it/s, loss=0.326, v_num=]
Epoch 126:  43%|████▎     | 20/47 [00:00<00:00, 33.51it/s, loss=0.327, v_num=]
Epoch 126:  85%|████████▌ | 40/47 [00:00<00:00, 42.57it/s, loss=0.327, v_num=]
Epoch 126:  85%|████████▌ | 40/47 [00:00<00:00, 42.56it/s, loss=0.326, v_num=]
Epoch 126: 100%|██████████| 47/47 [00:01<00:00, 40.18it/s, loss=0.318, v_num=]
Epoch 126:   0%|          | 0/47 [00:00<?, ?it/s, loss=0.318, v_num=]         
Epoch 127:   0%|          | 0/47 [00:00<?, ?it/s, loss=0.318, v_num=]
Epoch 127:  43%|████▎     | 20/47 [00:00<00:00, 34.87it/s, loss=0.318, v_num=]
Epoch 127:  43%|████▎     | 20/47 [00:00<00:00, 34.83it/s, loss=0.322, v_num=]
Epoch 127:  85%|████████▌ | 40/47 [00:00<00:00, 43.11it/s, loss=0.322, v_num=]
Epoch 127:  85%|████████▌ | 40/47 [00:00<00:00, 43.09it/s, loss=0.325, v_num=]
Epoch 127: 100%|██████████| 47/47 [00:01<00:00, 40.83it/s, loss=0.32, v_num=] 
Epoch 127:   0%|          | 0/47 [00:00<?, ?it/s, loss=0.32, v_num=]         
Epoch 128:   0%|          | 0/47 [00:00<?, ?it/s, loss=0.32, v_num=]
Epoch 128:  43%|████▎     | 20/47 [00:00<00:00, 34.57it/s, loss=0.32, v_num=]
Epoch 128:  43%|████▎     | 20/47 [00:00<00:00, 34.53it/s, loss=0.322, v_num=]
Epoch 128:  85%|████████▌ | 40/47 [00:00<00:00, 43.55it/s, loss=0.322, v_num=]
Epoch 128:  85%|████████▌ | 40/47 [00:00<00:00, 43.54it/s, loss=0.318, v_num=]
Epoch 128: 100%|██████████| 47/47 [00:01<00:00, 41.38it/s, loss=0.317, v_num=]
Epoch 128:   0%|          | 0/47 [00:00<?, ?it/s, loss=0.317, v_num=]         
Epoch 129:   0%|          | 0/47 [00:00<?, ?it/s, loss=0.317, v_num=]
Epoch 129:  43%|████▎     | 20/47 [00:00<00:00, 34.48it/s, loss=0.317, v_num=]
Epoch 129:  43%|████▎     | 20/47 [00:00<00:00, 34.44it/s, loss=0.316, v_num=]
Epoch 129:  85%|████████▌ | 40/47 [00:00<00:00, 43.84it/s, loss=0.316, v_num=]
Epoch 129:  85%|████████▌ | 40/47 [00:00<00:00, 43.82it/s, loss=0.324, v_num=]
Epoch 129: 100%|██████████| 47/47 [00:01<00:00, 41.46it/s, loss=0.32, v_num=] 
Epoch 129:   0%|          | 0/47 [00:00<?, ?it/s, loss=0.32, v_num=]         
Epoch 130:   0%|          | 0/47 [00:00<?, ?it/s, loss=0.32, v_num=]
Epoch 130:  43%|████▎     | 20/47 [00:00<00:00, 34.85it/s, loss=0.32, v_num=]
Epoch 130:  43%|████▎     | 20/47 [00:00<00:00, 34.80it/s, loss=0.321, v_num=]
Epoch 130:  85%|████████▌ | 40/47 [00:00<00:00, 44.36it/s, loss=0.321, v_num=]
Epoch 130:  85%|████████▌ | 40/47 [00:00<00:00, 44.34it/s, loss=0.323, v_num=]
Epoch 130: 100%|██████████| 47/47 [00:01<00:00, 41.10it/s, loss=0.321, v_num=]Evaluating...
NMI : 0.2678178282207945, ARI: 0.04591175611567747, ACC: 0.0995, current K: 2
Epoch 130 | NMI: 0.2678, ARI: 0.0459, ACC: 0.0995, current K: 2
Confusion Matrix:
[[  1 299   0   0   0   0   0   0   0   0   0   0   0   0   0   0   0   0
    0   0]
 [  0 300   0   0   0   0   0   0   0   0   0   0   0   0   0   0   0   0
    0   0]
 [  2 298   0   0   0   0   0   0   0   0   0   0   0   0   0   0   0   0
    0   0]
 [  0 300   0   0   0   0   0   0   0   0   0   0   0   0   0   0   0   0
    0   0]
 [  4 296   0   0   0   0   0   0   0   0   0   0   0   0   0   0   0   0
    0   0]
 [  0 300   0   0   0   0   0   0   0   0   0   0   0   0   0   0   0   0
    0   0]
 [  0 300   0   0   0   0   0   0   0   0   0   0   0   0   0   0   0   0
    0   0]
 [  1 299   0   0   0   0   0   0   0   0   0   0   0   0   0   0   0   0
    0   0]
 [293   7   0   0   0   0   0   0   0   0   0   0   0   0   0   0   0   0
    0   0]
 [293   7   0   0   0   0   0   0   0   0   0   0   0   0   0   0   0   0
    0   0]
 [293   7   0   0   0   0   0   0   0   0   0   0   0   0   0   0   0   0
    0   0]
 [297   3   0   0   0   0   0   0   0   0   0   0   0   0   0   0   0   0
    0   0]
 [  1 299   0   0   0   0   0   0   0   0   0   0   0   0   0   0   0   0
    0   0]
 [  0 300   0   0   0   0   0   0   0   0   0   0   0   0   0   0   0   0
    0   0]
 [  0 300   0   0   0   0   0   0   0   0   0   0   0   0   0   0   0   0
    0   0]
 [  0 300   0   0   0   0   0   0   0   0   0   0   0   0   0   0   0   0
    0   0]
 [  1 299   0   0   0   0   0   0   0   0   0   0   0   0   0   0   0   0
    0   0]
 [  0 300   0   0   0   0   0   0   0   0   0   0   0   0   0   0   0   0
    0   0]
 [  0 300   0   0   0   0   0   0   0   0   0   0   0   0   0   0   0   0
    0   0]
 [  0 300   0   0   0   0   0   0   0   0   0   0   0   0   0   0   0   0
    0   0]]

Epoch 130:   0%|          | 0/47 [00:00<?, ?it/s, loss=0.321, v_num=]         
Epoch 131:   0%|          | 0/47 [00:00<?, ?it/s, loss=0.321, v_num=]/usr/local/lib/python3.13/dist-packages/torch/utils/data/dataloader.py:432: UserWarning: This DataLoader will create 6 worker processes in total. Our suggested max number of worker in current system is 2, which is smaller than what this DataLoader is going to create. Please be aware that excessive worker creation might get DataLoader running slow or even freeze, lower the worker number to avoid potential slowness/freeze if necessary.
  self.check_worker_number_rationality()

Epoch 131:  43%|████▎     | 20/47 [00:00<00:00, 35.03it/s, loss=0.321, v_num=]
Epoch 131:  43%|████▎     | 20/47 [00:00<00:00, 34.99it/s, loss=0.32, v_num=] 
Epoch 131:  85%|████████▌ | 40/47 [00:00<00:00, 43.60it/s, loss=0.32, v_num=]
Epoch 131:  85%|████████▌ | 40/47 [00:00<00:00, 43.59it/s, loss=0.321, v_num=]
Epoch 131: 100%|██████████| 47/47 [00:01<00:00, 41.13it/s, loss=0.322, v_num=]
Epoch 131:   0%|          | 0/47 [00:00<?, ?it/s, loss=0.322, v_num=]         
Epoch 132:   0%|          | 0/47 [00:00<?, ?it/s, loss=0.322, v_num=]
Epoch 132:  43%|████▎     | 20/47 [00:00<00:00, 34.85it/s, loss=0.322, v_num=]
Epoch 132:  43%|████▎     | 20/47 [00:00<00:00, 34.81it/s, loss=0.317, v_num=]
Epoch 132:  85%|████████▌ | 40/47 [00:00<00:00, 41.70it/s, loss=0.317, v_num=]
Epoch 132:  85%|████████▌ | 40/47 [00:00<00:00, 41.68it/s, loss=0.324, v_num=]
Epoch 132: 100%|██████████| 47/47 [00:01<00:00, 38.18it/s, loss=0.325, v_num=]
Epoch 132:   0%|          | 0/47 [00:00<?, ?it/s, loss=0.325, v_num=]         
Epoch 133:   0%|          | 0/47 [00:00<?, ?it/s, loss=0.325, v_num=]
Epoch 133:  43%|████▎     | 20/47 [00:00<00:01, 25.04it/s, loss=0.325, v_num=]
Epoch 133:  43%|████▎     | 20/47 [00:00<00:01, 24.98it/s, loss=0.328, v_num=]
Epoch 133:  85%|████████▌ | 40/47 [00:01<00:00, 32.34it/s, loss=0.328, v_num=]
Epoch 133:  85%|████████▌ | 40/47 [00:01<00:00, 32.33it/s, loss=0.323, v_num=]
Epoch 133: 100%|██████████| 47/47 [00:01<00:00, 29.44it/s, loss=0.318, v_num=]
Epoch 133:   0%|          | 0/47 [00:00<?, ?it/s, loss=0.318, v_num=]         
Epoch 134:   0%|          | 0/47 [00:00<?, ?it/s, loss=0.318, v_num=]
Epoch 134:  43%|████▎     | 20/47 [00:00<00:01, 25.32it/s, loss=0.318, v_num=]
Epoch 134:  43%|████▎     | 20/47 [00:00<00:01, 25.22it/s, loss=0.326, v_num=]
Epoch 134:  85%|████████▌ | 40/47 [00:01<00:00, 30.57it/s, loss=0.326, v_num=]
Epoch 134:  85%|████████▌ | 40/47 [00:01<00:00, 30.56it/s, loss=0.321, v_num=]
Epoch 134: 100%|██████████| 47/47 [00:01<00:00, 30.43it/s, loss=0.314, v_num=]
Epoch 134:   0%|          | 0/47 [00:00<?, ?it/s, loss=0.314, v_num=]         
Epoch 135:   0%|          | 0/47 [00:00<?, ?it/s, loss=0.314, v_num=]
Epoch 135:  43%|████▎     | 20/47 [00:00<00:00, 34.10it/s, loss=0.314, v_num=]
Epoch 135:  43%|████▎     | 20/47 [00:00<00:00, 34.06it/s, loss=0.326, v_num=]
Epoch 135:  85%|████████▌ | 40/47 [00:00<00:00, 43.26it/s, loss=0.326, v_num=]
Epoch 135:  85%|████████▌ | 40/47 [00:00<00:00, 43.25it/s, loss=0.319, v_num=]
Epoch 135: 100%|██████████| 47/47 [00:01<00:00, 40.96it/s, loss=0.328, v_num=]Evaluating...
NMI : 0.2678178282207945, ARI: 0.04591175611567747, ACC: 0.0995, current K: 2

Epoch 135:   0%|          | 0/47 [00:00<?, ?it/s, loss=0.328, v_num=]         
Epoch 136:   0%|          | 0/47 [00:00<?, ?it/s, loss=0.328, v_num=]/usr/local/lib/python3.13/dist-packages/torch/utils/data/dataloader.py:432: UserWarning: This DataLoader will create 6 worker processes in total. Our suggested max number of worker in current system is 2, which is smaller than what this DataLoader is going to create. Please be aware that excessive worker creation might get DataLoader running slow or even freeze, lower the worker number to avoid potential slowness/freeze if necessary.
  self.check_worker_number_rationality()

Epoch 136:  43%|████▎     | 20/47 [00:00<00:00, 34.98it/s, loss=0.328, v_num=]
Epoch 136:  43%|████▎     | 20/47 [00:00<00:00, 34.94it/s, loss=0.317, v_num=]
Epoch 136:  85%|████████▌ | 40/47 [00:00<00:00, 44.00it/s, loss=0.317, v_num=]
Epoch 136:  85%|████████▌ | 40/47 [00:00<00:00, 43.98it/s, loss=0.325, v_num=]
Epoch 136: 100%|██████████| 47/47 [00:01<00:00, 41.35it/s, loss=0.321, v_num=]
Epoch 136:   0%|          | 0/47 [00:00<?, ?it/s, loss=0.321, v_num=]         
Epoch 137:   0%|          | 0/47 [00:00<?, ?it/s, loss=0.321, v_num=]
Epoch 137:  43%|████▎     | 20/47 [00:00<00:00, 33.95it/s, loss=0.321, v_num=]
Epoch 137:  43%|████▎     | 20/47 [00:00<00:00, 33.92it/s, loss=0.321, v_num=]
Epoch 137:  85%|████████▌ | 40/47 [00:00<00:00, 43.24it/s, loss=0.321, v_num=]
Epoch 137:  85%|████████▌ | 40/47 [00:00<00:00, 43.23it/s, loss=0.326, v_num=]
Epoch 137: 100%|██████████| 47/47 [00:01<00:00, 41.02it/s, loss=0.322, v_num=]
Epoch 137:   0%|          | 0/47 [00:00<?, ?it/s, loss=0.322, v_num=]         
Epoch 138:   0%|          | 0/47 [00:00<?, ?it/s, loss=0.322, v_num=]
Epoch 138:  43%|████▎     | 20/47 [00:00<00:00, 34.75it/s, loss=0.322, v_num=]
Epoch 138:  43%|████▎     | 20/47 [00:00<00:00, 34.71it/s, loss=0.315, v_num=]
Epoch 138:  85%|████████▌ | 40/47 [00:00<00:00, 43.92it/s, loss=0.315, v_num=]
Epoch 138:  85%|████████▌ | 40/47 [00:00<00:00, 43.90it/s, loss=0.319, v_num=]
Epoch 138: 100%|██████████| 47/47 [00:01<00:00, 40.70it/s, loss=0.318, v_num=]
Epoch 138:   0%|          | 0/47 [00:00<?, ?it/s, loss=0.318, v_num=]         
Epoch 139:   0%|          | 0/47 [00:00<?, ?it/s, loss=0.318, v_num=]
Epoch 139:  43%|████▎     | 20/47 [00:00<00:00, 35.27it/s, loss=0.318, v_num=]
Epoch 139:  43%|████▎     | 20/47 [00:00<00:00, 35.23it/s, loss=0.323, v_num=]
Epoch 139:  85%|████████▌ | 40/47 [00:00<00:00, 43.87it/s, loss=0.323, v_num=]
Epoch 139:  85%|████████▌ | 40/47 [00:00<00:00, 43.85it/s, loss=0.325, v_num=]
Epoch 139: 100%|██████████| 47/47 [00:01<00:00, 40.95it/s, loss=0.321, v_num=]
Epoch 139:   0%|          | 0/47 [00:00<?, ?it/s, loss=0.321, v_num=]         
Epoch 140:   0%|          | 0/47 [00:00<?, ?it/s, loss=0.321, v_num=]
Epoch 140:  43%|████▎     | 20/47 [00:00<00:00, 35.85it/s, loss=0.321, v_num=]
Epoch 140:  43%|████▎     | 20/47 [00:00<00:00, 35.81it/s, loss=0.32, v_num=] 
Epoch 140:  85%|████████▌ | 40/47 [00:00<00:00, 44.03it/s, loss=0.32, v_num=]
Epoch 140:  85%|████████▌ | 40/47 [00:00<00:00, 44.02it/s, loss=0.325, v_num=]
Epoch 140: 100%|██████████| 47/47 [00:01<00:00, 41.76it/s, loss=0.313, v_num=]Evaluating...
NMI : 0.2678178282207945, ARI: 0.04591175611567747, ACC: 0.0995, current K: 2
Epoch 140 | NMI: 0.2678, ARI: 0.0459, ACC: 0.0995, current K: 2
Confusion Matrix:
[[  1 299   0   0   0   0   0   0   0   0   0   0   0   0   0   0   0   0
    0   0]
 [  0 300   0   0   0   0   0   0   0   0   0   0   0   0   0   0   0   0
    0   0]
 [  2 298   0   0   0   0   0   0   0   0   0   0   0   0   0   0   0   0
    0   0]
 [  0 300   0   0   0   0   0   0   0   0   0   0   0   0   0   0   0   0
    0   0]
 [  4 296   0   0   0   0   0   0   0   0   0   0   0   0   0   0   0   0
    0   0]
 [  0 300   0   0   0   0   0   0   0   0   0   0   0   0   0   0   0   0
    0   0]
 [  0 300   0   0   0   0   0   0   0   0   0   0   0   0   0   0   0   0
    0   0]
 [  1 299   0   0   0   0   0   0   0   0   0   0   0   0   0   0   0   0
    0   0]
 [293   7   0   0   0   0   0   0   0   0   0   0   0   0   0   0   0   0
    0   0]
 [293   7   0   0   0   0   0   0   0   0   0   0   0   0   0   0   0   0
    0   0]
 [293   7   0   0   0   0   0   0   0   0   0   0   0   0   0   0   0   0
    0   0]
 [297   3   0   0   0   0   0   0   0   0   0   0   0   0   0   0   0   0
    0   0]
 [  1 299   0   0   0   0   0   0   0   0   0   0   0   0   0   0   0   0
    0   0]
 [  0 300   0   0   0   0   0   0   0   0   0   0   0   0   0   0   0   0
    0   0]
 [  0 300   0   0   0   0   0   0   0   0   0   0   0   0   0   0   0   0
    0   0]
 [  0 300   0   0   0   0   0   0   0   0   0   0   0   0   0   0   0   0
    0   0]
 [  1 299   0   0   0   0   0   0   0   0   0   0   0   0   0   0   0   0
    0   0]
 [  0 300   0   0   0   0   0   0   0   0   0   0   0   0   0   0   0   0
    0   0]
 [  0 300   0   0   0   0   0   0   0   0   0   0   0   0   0   0   0   0
    0   0]
 [  0 300   0   0   0   0   0   0   0   0   0   0   0   0   0   0   0   0
    0   0]]

Epoch 140:   0%|          | 0/47 [00:00<?, ?it/s, loss=0.313, v_num=]         
Epoch 141:   0%|          | 0/47 [00:00<?, ?it/s, loss=0.313, v_num=]/usr/local/lib/python3.13/dist-packages/torch/utils/data/dataloader.py:432: UserWarning: This DataLoader will create 6 worker processes in total. Our suggested max number of worker in current system is 2, which is smaller than what this DataLoader is going to create. Please be aware that excessive worker creation might get DataLoader running slow or even freeze, lower the worker number to avoid potential slowness/freeze if necessary.
  self.check_worker_number_rationality()

Epoch 141:  43%|████▎     | 20/47 [00:00<00:00, 33.91it/s, loss=0.313, v_num=]
Epoch 141:  43%|████▎     | 20/47 [00:00<00:00, 33.87it/s, loss=0.316, v_num=]
Epoch 141:  85%|████████▌ | 40/47 [00:00<00:00, 42.38it/s, loss=0.316, v_num=]
Epoch 141:  85%|████████▌ | 40/47 [00:00<00:00, 42.36it/s, loss=0.326, v_num=]
Epoch 141: 100%|██████████| 47/47 [00:01<00:00, 39.74it/s, loss=0.331, v_num=]
Epoch 141:   0%|          | 0/47 [00:00<?, ?it/s, loss=0.331, v_num=]         
Epoch 142:   0%|          | 0/47 [00:00<?, ?it/s, loss=0.331, v_num=]
Epoch 142:  43%|████▎     | 20/47 [00:00<00:00, 27.91it/s, loss=0.331, v_num=]
Epoch 142:  43%|████▎     | 20/47 [00:00<00:00, 27.89it/s, loss=0.322, v_num=]
Epoch 142:  85%|████████▌ | 40/47 [00:01<00:00, 37.52it/s, loss=0.322, v_num=]
Epoch 142:  85%|████████▌ | 40/47 [00:01<00:00, 37.50it/s, loss=0.319, v_num=]
Epoch 142: 100%|██████████| 47/47 [00:01<00:00, 36.30it/s, loss=0.321, v_num=]
Epoch 142:   0%|          | 0/47 [00:00<?, ?it/s, loss=0.321, v_num=]         
Epoch 143:   0%|          | 0/47 [00:00<?, ?it/s, loss=0.321, v_num=]
Epoch 143:  43%|████▎     | 20/47 [00:00<00:00, 27.86it/s, loss=0.321, v_num=]
Epoch 143:  43%|████▎     | 20/47 [00:00<00:00, 27.83it/s, loss=0.321, v_num=]
Epoch 143:  85%|████████▌ | 40/47 [00:04<00:00,  8.57it/s, loss=0.321, v_num=]
Epoch 143:  85%|████████▌ | 40/47 [00:04<00:00,  8.57it/s, loss=0.321, v_num=]
Epoch 143: 100%|██████████| 47/47 [00:04<00:00,  9.50it/s, loss=0.312, v_num=]
Epoch 143:   0%|          | 0/47 [00:00<?, ?it/s, loss=0.312, v_num=]         
Epoch 144:   0%|          | 0/47 [00:00<?, ?it/s, loss=0.312, v_num=]
Epoch 144:  43%|████▎     | 20/47 [00:00<00:00, 33.86it/s, loss=0.312, v_num=]
Epoch 144:  43%|████▎     | 20/47 [00:00<00:00, 33.82it/s, loss=0.325, v_num=]
Epoch 144:  85%|████████▌ | 40/47 [00:00<00:00, 42.26it/s, loss=0.325, v_num=]
Epoch 144:  85%|████████▌ | 40/47 [00:00<00:00, 42.25it/s, loss=0.321, v_num=]
Epoch 144: 100%|██████████| 47/47 [00:01<00:00, 40.11it/s, loss=0.319, v_num=]
Epoch 144:   0%|          | 0/47 [00:00<?, ?it/s, loss=0.319, v_num=]         
Epoch 145:   0%|          | 0/47 [00:00<?, ?it/s, loss=0.319, v_num=]
Epoch 145:  43%|████▎     | 20/47 [00:00<00:00, 33.77it/s, loss=0.319, v_num=]
Epoch 145:  43%|████▎     | 20/47 [00:00<00:00, 33.73it/s, loss=0.323, v_num=]
Epoch 145:  85%|████████▌ | 40/47 [00:00<00:00, 42.64it/s, loss=0.323, v_num=]
Epoch 145:  85%|████████▌ | 40/47 [00:00<00:00, 42.63it/s, loss=0.315, v_num=]
Epoch 145: 100%|██████████| 47/47 [00:01<00:00, 39.72it/s, loss=0.321, v_num=]Evaluating...
NMI : 0.26688656127020355, ARI: 0.04573093163077621, ACC: 0.0995, current K: 2

Epoch 145:   0%|          | 0/47 [00:00<?, ?it/s, loss=0.321, v_num=]         
Epoch 146:   0%|          | 0/47 [00:00<?, ?it/s, loss=0.321, v_num=]/usr/local/lib/python3.13/dist-packages/torch/utils/data/dataloader.py:432: UserWarning: This DataLoader will create 6 worker processes in total. Our suggested max number of worker in current system is 2, which is smaller than what this DataLoader is going to create. Please be aware that excessive worker creation might get DataLoader running slow or even freeze, lower the worker number to avoid potential slowness/freeze if necessary.
  self.check_worker_number_rationality()

Epoch 146:  43%|████▎     | 20/47 [00:00<00:00, 32.99it/s, loss=0.321, v_num=]
Epoch 146:  43%|████▎     | 20/47 [00:00<00:00, 32.95it/s, loss=0.318, v_num=]
Epoch 146:  85%|████████▌ | 40/47 [00:00<00:00, 42.41it/s, loss=0.318, v_num=]
Epoch 146:  85%|████████▌ | 40/47 [00:00<00:00, 42.40it/s, loss=0.316, v_num=]
Epoch 146: 100%|██████████| 47/47 [00:01<00:00, 40.31it/s, loss=0.323, v_num=]
Epoch 146:   0%|          | 0/47 [00:00<?, ?it/s, loss=0.323, v_num=]         
Epoch 147:   0%|          | 0/47 [00:00<?, ?it/s, loss=0.323, v_num=]
Epoch 147:  43%|████▎     | 20/47 [00:00<00:00, 32.54it/s, loss=0.323, v_num=]
Epoch 147:  43%|████▎     | 20/47 [00:00<00:00, 32.50it/s, loss=0.323, v_num=]
Epoch 147:  85%|████████▌ | 40/47 [00:00<00:00, 41.36it/s, loss=0.323, v_num=]
Epoch 147:  85%|████████▌ | 40/47 [00:00<00:00, 41.35it/s, loss=0.32, v_num=] 
Epoch 147: 100%|██████████| 47/47 [00:01<00:00, 37.96it/s, loss=0.317, v_num=]
Epoch 147:   0%|          | 0/47 [00:00<?, ?it/s, loss=0.317, v_num=]         
Epoch 148:   0%|          | 0/47 [00:00<?, ?it/s, loss=0.317, v_num=]
Epoch 148:  43%|████▎     | 20/47 [00:00<00:00, 33.72it/s, loss=0.317, v_num=]
Epoch 148:  43%|████▎     | 20/47 [00:00<00:00, 33.68it/s, loss=0.323, v_num=]
Epoch 148:  85%|████████▌ | 40/47 [00:00<00:00, 41.94it/s, loss=0.323, v_num=]
Epoch 148:  85%|████████▌ | 40/47 [00:00<00:00, 41.93it/s, loss=0.323, v_num=]
Epoch 148: 100%|██████████| 47/47 [00:01<00:00, 39.29it/s, loss=0.321, v_num=]
Epoch 148:   0%|          | 0/47 [00:00<?, ?it/s, loss=0.321, v_num=]         
Epoch 149:   0%|          | 0/47 [00:00<?, ?it/s, loss=0.321, v_num=]
Epoch 149:  43%|████▎     | 20/47 [00:00<00:00, 33.98it/s, loss=0.321, v_num=]
Epoch 149:  43%|████▎     | 20/47 [00:00<00:00, 33.94it/s, loss=0.321, v_num=]
Epoch 149:  85%|████████▌ | 40/47 [00:00<00:00, 42.70it/s, loss=0.321, v_num=]
Epoch 149:  85%|████████▌ | 40/47 [00:00<00:00, 42.68it/s, loss=0.326, v_num=]
Epoch 149: 100%|██████████| 47/47 [00:01<00:00, 40.44it/s, loss=0.32, v_num=] 
Epoch 149:   0%|          | 0/47 [00:00<?, ?it/s, loss=0.32, v_num=]         
Epoch 150:   0%|          | 0/47 [00:00<?, ?it/s, loss=0.32, v_num=]
Epoch 150:  43%|████▎     | 20/47 [00:00<00:00, 33.83it/s, loss=0.32, v_num=]
Epoch 150:  43%|████▎     | 20/47 [00:00<00:00, 33.79it/s, loss=0.317, v_num=]
Epoch 150:  85%|████████▌ | 40/47 [00:00<00:00, 42.83it/s, loss=0.317, v_num=]
Epoch 150:  85%|████████▌ | 40/47 [00:00<00:00, 42.82it/s, loss=0.328, v_num=]
Epoch 150: 100%|██████████| 47/47 [00:01<00:00, 40.38it/s, loss=0.318, v_num=]Evaluating...
NMI : 0.2673522693694636, ARI: 0.045821330954744895, ACC: 0.0995, current K: 2
Epoch 150 | NMI: 0.2674, ARI: 0.0458, ACC: 0.0995, current K: 2
Confusion Matrix:
[[  1 299   0   0   0   0   0   0   0   0   0   0   0   0   0   0   0   0
    0   0]
 [  0 300   0   0   0   0   0   0   0   0   0   0   0   0   0   0   0   0
    0   0]
 [  2 298   0   0   0   0   0   0   0   0   0   0   0   0   0   0   0   0
    0   0]
 [  0 300   0   0   0   0   0   0   0   0   0   0   0   0   0   0   0   0
    0   0]
 [  4 296   0   0   0   0   0   0   0   0   0   0   0   0   0   0   0   0
    0   0]
 [  0 300   0   0   0   0   0   0   0   0   0   0   0   0   0   0   0   0
    0   0]
 [  0 300   0   0   0   0   0   0   0   0   0   0   0   0   0   0   0   0
    0   0]
 [  1 299   0   0   0   0   0   0   0   0   0   0   0   0   0   0   0   0
    0   0]
 [293   7   0   0   0   0   0   0   0   0   0   0   0   0   0   0   0   0
    0   0]
 [293   7   0   0   0   0   0   0   0   0   0   0   0   0   0   0   0   0
    0   0]
 [292   8   0   0   0   0   0   0   0   0   0   0   0   0   0   0   0   0
    0   0]
 [297   3   0   0   0   0   0   0   0   0   0   0   0   0   0   0   0   0
    0   0]
 [  1 299   0   0   0   0   0   0   0   0   0   0   0   0   0   0   0   0
    0   0]
 [  0 300   0   0   0   0   0   0   0   0   0   0   0   0   0   0   0   0
    0   0]
 [  0 300   0   0   0   0   0   0   0   0   0   0   0   0   0   0   0   0
    0   0]
 [  0 300   0   0   0   0   0   0   0   0   0   0   0   0   0   0   0   0
    0   0]
 [  1 299   0   0   0   0   0   0   0   0   0   0   0   0   0   0   0   0
    0   0]
 [  0 300   0   0   0   0   0   0   0   0   0   0   0   0   0   0   0   0
    0   0]
 [  0 300   0   0   0   0   0   0   0   0   0   0   0   0   0   0   0   0
    0   0]
 [  0 300   0   0   0   0   0   0   0   0   0   0   0   0   0   0   0   0
    0   0]]

Epoch 150:   0%|          | 0/47 [00:00<?, ?it/s, loss=0.318, v_num=]         
Epoch 151:   0%|          | 0/47 [00:00<?, ?it/s, loss=0.318, v_num=]/usr/local/lib/python3.13/dist-packages/torch/utils/data/dataloader.py:432: UserWarning: This DataLoader will create 6 worker processes in total. Our suggested max number of worker in current system is 2, which is smaller than what this DataLoader is going to create. Please be aware that excessive worker creation might get DataLoader running slow or even freeze, lower the worker number to avoid potential slowness/freeze if necessary.
  self.check_worker_number_rationality()

Epoch 151:  43%|████▎     | 20/47 [00:00<00:01, 24.52it/s, loss=0.318, v_num=]
Epoch 151:  43%|████▎     | 20/47 [00:00<00:01, 24.50it/s, loss=0.32, v_num=] 
Epoch 151:  85%|████████▌ | 40/47 [00:01<00:00, 32.26it/s, loss=0.32, v_num=]
Epoch 151:  85%|████████▌ | 40/47 [00:01<00:00, 32.25it/s, loss=0.316, v_num=]
Epoch 151: 100%|██████████| 47/47 [00:01<00:00, 29.80it/s, loss=0.323, v_num=]
Epoch 151:   0%|          | 0/47 [00:00<?, ?it/s, loss=0.323, v_num=]         
Epoch 152:   0%|          | 0/47 [00:00<?, ?it/s, loss=0.323, v_num=]
Epoch 152:  43%|████▎     | 20/47 [00:00<00:01, 24.04it/s, loss=0.323, v_num=]
Epoch 152:  43%|████▎     | 20/47 [00:00<00:01, 24.02it/s, loss=0.323, v_num=]
Epoch 152:  85%|████████▌ | 40/47 [00:01<00:00, 30.23it/s, loss=0.323, v_num=]
Epoch 152:  85%|████████▌ | 40/47 [00:01<00:00, 30.22it/s, loss=0.321, v_num=]
Epoch 152: 100%|██████████| 47/47 [00:01<00:00, 30.16it/s, loss=0.316, v_num=]
Epoch 152:   0%|          | 0/47 [00:00<?, ?it/s, loss=0.316, v_num=]         
Epoch 153:   0%|          | 0/47 [00:00<?, ?it/s, loss=0.316, v_num=]
Epoch 153:  43%|████▎     | 20/47 [00:00<00:00, 32.60it/s, loss=0.316, v_num=]
Epoch 153:  43%|████▎     | 20/47 [00:00<00:00, 32.57it/s, loss=0.322, v_num=]
Epoch 153:  85%|████████▌ | 40/47 [00:00<00:00, 41.93it/s, loss=0.322, v_num=]
Epoch 153:  85%|████████▌ | 40/47 [00:00<00:00, 41.92it/s, loss=0.317, v_num=]
Epoch 153: 100%|██████████| 47/47 [00:01<00:00, 39.84it/s, loss=0.323, v_num=]
Epoch 153:   0%|          | 0/47 [00:00<?, ?it/s, loss=0.323, v_num=]         
Epoch 154:   0%|          | 0/47 [00:00<?, ?it/s, loss=0.323, v_num=]
Epoch 154:  43%|████▎     | 20/47 [00:00<00:00, 32.99it/s, loss=0.323, v_num=]
Epoch 154:  43%|████▎     | 20/47 [00:00<00:00, 32.95it/s, loss=0.32, v_num=] 
Epoch 154:  85%|████████▌ | 40/47 [00:00<00:00, 42.43it/s, loss=0.32, v_num=]
Epoch 154:  85%|████████▌ | 40/47 [00:00<00:00, 42.42it/s, loss=0.318, v_num=]
Epoch 154: 100%|██████████| 47/47 [00:01<00:00, 39.89it/s, loss=0.32, v_num=] 
Epoch 154:   0%|          | 0/47 [00:00<?, ?it/s, loss=0.32, v_num=]         
Epoch 155:   0%|          | 0/47 [00:00<?, ?it/s, loss=0.32, v_num=]
Epoch 155:  43%|████▎     | 20/47 [00:00<00:00, 33.68it/s, loss=0.32, v_num=]
Epoch 155:  43%|████▎     | 20/47 [00:00<00:00, 33.65it/s, loss=0.32, v_num=]
Epoch 155:  85%|████████▌ | 40/47 [00:00<00:00, 42.86it/s, loss=0.32, v_num=]
Epoch 155:  85%|████████▌ | 40/47 [00:00<00:00, 42.85it/s, loss=0.322, v_num=]
Epoch 155: 100%|██████████| 47/47 [00:01<00:00, 39.57it/s, loss=0.325, v_num=]/content/DeepDPM-New/src/clustering_models/clusternet_modules/clusternetasmodel.py:682: UserWarning: To copy construct from a tensor, it is recommended to use sourceTensor.detach().clone() or sourceTensor.detach().clone().requires_grad_(True), rather than torch.tensor(sourceTensor).
  mus_ind_to_split = torch.nonzero(torch.tensor(split_decisions), as_tuple=False)
Splitting clusters [0 1]
Evaluating...
NMI : 0.26688656127020355, ARI: 0.04573093163077621, ACC: 0.0995, current K: 2
[Split] K updated → 4 clusters
  [Epoch 155] losses at split → cluster_loss=0.0022, subcluster_loss=0.6381

Epoch 155:   0%|          | 0/47 [00:00<?, ?it/s, loss=0.325, v_num=]         
Epoch 156:   0%|          | 0/47 [00:00<?, ?it/s, loss=0.325, v_num=]/usr/local/lib/python3.13/dist-packages/torch/utils/data/dataloader.py:432: UserWarning: This DataLoader will create 6 worker processes in total. Our suggested max number of worker in current system is 2, which is smaller than what this DataLoader is going to create. Please be aware that excessive worker creation might get DataLoader running slow or even freeze, lower the worker number to avoid potential slowness/freeze if necessary.
  self.check_worker_number_rationality()

Epoch 156:  43%|████▎     | 20/47 [00:00<00:00, 28.25it/s, loss=0.325, v_num=]
Epoch 156:  43%|████▎     | 20/47 [00:00<00:00, 28.22it/s, loss=0.721, v_num=]
Epoch 156:  85%|████████▌ | 40/47 [00:01<00:00, 34.18it/s, loss=0.721, v_num=]
Epoch 156:  85%|████████▌ | 40/47 [00:01<00:00, 34.17it/s, loss=0.651, v_num=]
Epoch 156: 100%|██████████| 47/47 [00:01<00:00, 32.65it/s, loss=0.624, v_num=]
Epoch 156:   0%|          | 0/47 [00:00<?, ?it/s, loss=0.624, v_num=]         
Epoch 157:   0%|          | 0/47 [00:00<?, ?it/s, loss=0.624, v_num=]
Epoch 157:  43%|████▎     | 20/47 [00:00<00:00, 27.67it/s, loss=0.624, v_num=]
Epoch 157:  43%|████▎     | 20/47 [00:00<00:00, 27.64it/s, loss=0.584, v_num=]
Epoch 157:  85%|████████▌ | 40/47 [00:01<00:00, 34.27it/s, loss=0.584, v_num=]
Epoch 157:  85%|████████▌ | 40/47 [00:01<00:00, 34.26it/s, loss=0.467, v_num=]
Epoch 157: 100%|██████████| 47/47 [00:01<00:00, 32.88it/s, loss=0.422, v_num=]
Epoch 157:   0%|          | 0/47 [00:00<?, ?it/s, loss=0.422, v_num=]         
Epoch 158:   0%|          | 0/47 [00:00<?, ?it/s, loss=0.422, v_num=]
Epoch 158:  43%|████▎     | 20/47 [00:00<00:00, 27.71it/s, loss=0.422, v_num=]
Epoch 158:  43%|████▎     | 20/47 [00:00<00:00, 27.68it/s, loss=0.4, v_num=]  
Epoch 158:  85%|████████▌ | 40/47 [00:01<00:00, 33.74it/s, loss=0.4, v_num=]
Epoch 158:  85%|████████▌ | 40/47 [00:01<00:00, 33.74it/s, loss=0.359, v_num=]
Epoch 158: 100%|██████████| 47/47 [00:01<00:00, 31.83it/s, loss=0.355, v_num=]
Epoch 158:   0%|          | 0/47 [00:00<?, ?it/s, loss=0.355, v_num=]         
Epoch 159:   0%|          | 0/47 [00:00<?, ?it/s, loss=0.355, v_num=]
Epoch 159:  43%|████▎     | 20/47 [00:00<00:00, 27.44it/s, loss=0.355, v_num=]
Epoch 159:  43%|████▎     | 20/47 [00:00<00:00, 27.41it/s, loss=0.347, v_num=]
Epoch 159:  85%|████████▌ | 40/47 [00:01<00:00, 33.71it/s, loss=0.347, v_num=]
Epoch 159:  85%|████████▌ | 40/47 [00:01<00:00, 33.70it/s, loss=0.33, v_num=] 
Epoch 159: 100%|██████████| 47/47 [00:01<00:00, 32.34it/s, loss=0.33, v_num=]
Epoch 159:   0%|          | 0/47 [00:00<?, ?it/s, loss=0.33, v_num=]         
Epoch 160:   0%|          | 0/47 [00:00<?, ?it/s, loss=0.33, v_num=]
Epoch 160:  43%|████▎     | 20/47 [00:00<00:01, 22.22it/s, loss=0.33, v_num=]
Epoch 160:  43%|████▎     | 20/47 [00:00<00:01, 22.20it/s, loss=0.322, v_num=]
Epoch 160:  85%|████████▌ | 40/47 [00:01<00:00, 27.00it/s, loss=0.322, v_num=]
Epoch 160:  85%|████████▌ | 40/47 [00:01<00:00, 26.99it/s, loss=0.312, v_num=]
Epoch 160: 100%|██████████| 47/47 [00:01<00:00, 24.78it/s, loss=0.31, v_num=] Evaluating...
NMI : 0.4924120817889466, ARI: 0.1257804393005493, ACC: 0.1925, current K: 4
Epoch 160 | NMI: 0.4924, ARI: 0.1258, ACC: 0.1925, current K: 4
Confusion Matrix:
[[  0   0   0 300   0   0   0   0   0   0   0   0   0   0   0   0   0   0
    0   0]
 [  0   0   1 299   0   0   0   0   0   0   0   0   0   0   0   0   0   0
    0   0]
 [  0   2   2 296   0   0   0   0   0   0   0   0   0   0   0   0   0   0
    0   0]
 [  0   0   2 298   0   0   0   0   0   0   0   0   0   0   0   0   0   0
    0   0]
 [  3   0 296   1   0   0   0   0   0   0   0   0   0   0   0   0   0   0
    0   0]
 [  0   0 300   0   0   0   0   0   0   0   0   0   0   0   0   0   0   0
    0   0]
 [  0   0 300   0   0   0   0   0   0   0   0   0   0   0   0   0   0   0
    0   0]
 [  1   0 298   1   0   0   0   0   0   0   0   0   0   0   0   0   0   0
    0   0]
 [ 30 261   5   4   0   0   0   0   0   0   0   0   0   0   0   0   0   0
    0   0]
 [290   0   9   1   0   0   0   0   0   0   0   0   0   0   0   0   0   0
    0   0]
 [ 32 261   3   4   0   0   0   0   0   0   0   0   0   0   0   0   0   0
    0   0]
 [294   3   2   1   0   0   0   0   0   0   0   0   0   0   0   0   0   0
    0   0]
 [  0   0 300   0   0   0   0   0   0   0   0   0   0   0   0   0   0   0
    0   0]
 [  0   0 299   1   0   0   0   0   0   0   0   0   0   0   0   0   0   0
    0   0]
 [  0   0 300   0   0   0   0   0   0   0   0   0   0   0   0   0   0   0
    0   0]
 [  0   0 300   0   0   0   0   0   0   0   0   0   0   0   0   0   0   0
    0   0]
 [  1   0 298   1   0   0   0   0   0   0   0   0   0   0   0   0   0   0
    0   0]
 [  0   0 299   1   0   0   0   0   0   0   0   0   0   0   0   0   0   0
    0   0]
 [  0   0 300   0   0   0   0   0   0   0   0   0   0   0   0   0   0   0
    0   0]
 [  0   0 300   0   0   0   0   0   0   0   0   0   0   0   0   0   0   0
    0   0]]

Epoch 160:   0%|          | 0/47 [00:00<?, ?it/s, loss=0.31, v_num=]         
Epoch 161:   0%|          | 0/47 [00:00<?, ?it/s, loss=0.31, v_num=]/usr/local/lib/python3.13/dist-packages/torch/utils/data/dataloader.py:432: UserWarning: This DataLoader will create 6 worker processes in total. Our suggested max number of worker in current system is 2, which is smaller than what this DataLoader is going to create. Please be aware that excessive worker creation might get DataLoader running slow or even freeze, lower the worker number to avoid potential slowness/freeze if necessary.
  self.check_worker_number_rationality()

Epoch 161:  43%|████▎     | 20/47 [00:01<00:01, 18.27it/s, loss=0.31, v_num=]
Epoch 161:  43%|████▎     | 20/47 [00:01<00:01, 18.25it/s, loss=0.306, v_num=]
Epoch 161:  85%|████████▌ | 40/47 [00:01<00:00, 23.32it/s, loss=0.306, v_num=]
Epoch 161:  85%|████████▌ | 40/47 [00:01<00:00, 23.32it/s, loss=0.304, v_num=]
Epoch 161: 100%|██████████| 47/47 [00:01<00:00, 23.51it/s, loss=0.299, v_num=]
Epoch 161:   0%|          | 0/47 [00:00<?, ?it/s, loss=0.299, v_num=]         
Epoch 162:   0%|          | 0/47 [00:00<?, ?it/s, loss=0.299, v_num=]
Epoch 162:  43%|████▎     | 20/47 [00:00<00:00, 27.84it/s, loss=0.299, v_num=]
Epoch 162:  43%|████▎     | 20/47 [00:00<00:00, 27.82it/s, loss=0.234, v_num=]
Epoch 162:  85%|████████▌ | 40/47 [00:01<00:00, 34.23it/s, loss=0.234, v_num=]
Epoch 162:  85%|████████▌ | 40/47 [00:01<00:00, 34.22it/s, loss=0.234, v_num=]
Epoch 162: 100%|██████████| 47/47 [00:01<00:00, 32.48it/s, loss=0.237, v_num=]
Epoch 162:   0%|          | 0/47 [00:00<?, ?it/s, loss=0.237, v_num=]         
Epoch 163:   0%|          | 0/47 [00:00<?, ?it/s, loss=0.237, v_num=]
Epoch 163:  43%|████▎     | 20/47 [00:00<00:00, 27.03it/s, loss=0.237, v_num=]
Epoch 163:  43%|████▎     | 20/47 [00:00<00:00, 27.01it/s, loss=0.234, v_num=]
Epoch 163:  85%|████████▌ | 40/47 [00:01<00:00, 32.96it/s, loss=0.234, v_num=]
Epoch 163:  85%|████████▌ | 40/47 [00:01<00:00, 32.95it/s, loss=0.237, v_num=]
Epoch 163: 100%|██████████| 47/47 [00:01<00:00, 31.82it/s, loss=0.24, v_num=] 
Epoch 163:   0%|          | 0/47 [00:00<?, ?it/s, loss=0.24, v_num=]         
Epoch 164:   0%|          | 0/47 [00:00<?, ?it/s, loss=0.24, v_num=]
Epoch 164:  43%|████▎     | 20/47 [00:00<00:00, 27.62it/s, loss=0.24, v_num=]
Epoch 164:  43%|████▎     | 20/47 [00:00<00:00, 27.59it/s, loss=0.228, v_num=]
Epoch 164:  85%|████████▌ | 40/47 [00:01<00:00, 34.34it/s, loss=0.228, v_num=]
Epoch 164:  85%|████████▌ | 40/47 [00:01<00:00, 34.33it/s, loss=0.237, v_num=]
Epoch 164: 100%|██████████| 47/47 [00:01<00:00, 32.89it/s, loss=0.234, v_num=]
Epoch 164:   0%|          | 0/47 [00:00<?, ?it/s, loss=0.234, v_num=]         
Epoch 165:   0%|          | 0/47 [00:00<?, ?it/s, loss=0.234, v_num=]
Epoch 165:  43%|████▎     | 20/47 [00:00<00:00, 28.58it/s, loss=0.234, v_num=]
Epoch 165:  43%|████▎     | 20/47 [00:00<00:00, 28.56it/s, loss=0.233, v_num=]
Epoch 165:  85%|████████▌ | 40/47 [00:01<00:00, 34.86it/s, loss=0.233, v_num=]
Epoch 165:  85%|████████▌ | 40/47 [00:01<00:00, 34.85it/s, loss=0.225, v_num=]
Epoch 165: 100%|██████████| 47/47 [00:01<00:00, 32.95it/s, loss=0.23, v_num=] Evaluating...
NMI : 0.4977852137933977, ARI: 0.1276718871980808, ACC: 0.196, current K: 4

Epoch 165:   0%|          | 0/47 [00:00<?, ?it/s, loss=0.23, v_num=]         
Epoch 166:   0%|          | 0/47 [00:00<?, ?it/s, loss=0.23, v_num=]/usr/local/lib/python3.13/dist-packages/torch/utils/data/dataloader.py:432: UserWarning: This DataLoader will create 6 worker processes in total. Our suggested max number of worker in current system is 2, which is smaller than what this DataLoader is going to create. Please be aware that excessive worker creation might get DataLoader running slow or even freeze, lower the worker number to avoid potential slowness/freeze if necessary.
  self.check_worker_number_rationality()

Epoch 166:  43%|████▎     | 20/47 [00:00<00:00, 28.66it/s, loss=0.23, v_num=]
Epoch 166:  43%|████▎     | 20/47 [00:00<00:00, 28.63it/s, loss=0.236, v_num=]
Epoch 166:  85%|████████▌ | 40/47 [00:01<00:00, 34.71it/s, loss=0.236, v_num=]
Epoch 166:  85%|████████▌ | 40/47 [00:01<00:00, 34.70it/s, loss=0.233, v_num=]
Epoch 166: 100%|██████████| 47/47 [00:01<00:00, 32.92it/s, loss=0.231, v_num=]
Epoch 166:   0%|          | 0/47 [00:00<?, ?it/s, loss=0.231, v_num=]         
Epoch 167:   0%|          | 0/47 [00:00<?, ?it/s, loss=0.231, v_num=]
Epoch 167:  43%|████▎     | 20/47 [00:00<00:00, 28.32it/s, loss=0.231, v_num=]
Epoch 167:  43%|████▎     | 20/47 [00:00<00:00, 28.29it/s, loss=0.228, v_num=]
Epoch 167:  85%|████████▌ | 40/47 [00:01<00:00, 34.73it/s, loss=0.228, v_num=]
Epoch 167:  85%|████████▌ | 40/47 [00:01<00:00, 34.72it/s, loss=0.232, v_num=]
Epoch 167: 100%|██████████| 47/47 [00:01<00:00, 33.08it/s, loss=0.23, v_num=] 
Epoch 167:   0%|          | 0/47 [00:00<?, ?it/s, loss=0.23, v_num=]         
Epoch 168:   0%|          | 0/47 [00:00<?, ?it/s, loss=0.23, v_num=]
Epoch 168:  43%|████▎     | 20/47 [00:00<00:01, 22.82it/s, loss=0.23, v_num=]
Epoch 168:  43%|████▎     | 20/47 [00:00<00:01, 22.81it/s, loss=0.23, v_num=]
Epoch 168:  85%|████████▌ | 40/47 [00:01<00:00, 26.71it/s, loss=0.23, v_num=]
Epoch 168:  85%|████████▌ | 40/47 [00:01<00:00, 26.71it/s, loss=0.229, v_num=]
Epoch 168: 100%|██████████| 47/47 [00:01<00:00, 25.25it/s, loss=0.228, v_num=]
Epoch 168:   0%|          | 0/47 [00:00<?, ?it/s, loss=0.228, v_num=]         
Epoch 169:   0%|          | 0/47 [00:00<?, ?it/s, loss=0.228, v_num=]
Epoch 169:  43%|████▎     | 20/47 [00:01<00:01, 19.81it/s, loss=0.228, v_num=]
Epoch 169:  43%|████▎     | 20/47 [00:01<00:01, 19.79it/s, loss=0.226, v_num=]
Epoch 169:  85%|████████▌ | 40/47 [00:01<00:00, 25.79it/s, loss=0.226, v_num=]
Epoch 169:  85%|████████▌ | 40/47 [00:01<00:00, 25.78it/s, loss=0.23, v_num=] 
Epoch 169: 100%|██████████| 47/47 [00:01<00:00, 25.80it/s, loss=0.232, v_num=]
Epoch 169:   0%|          | 0/47 [00:00<?, ?it/s, loss=0.232, v_num=]         
Epoch 170:   0%|          | 0/47 [00:00<?, ?it/s, loss=0.232, v_num=]
Epoch 170:  43%|████▎     | 20/47 [00:00<00:00, 27.94it/s, loss=0.232, v_num=]
Epoch 170:  43%|████▎     | 20/47 [00:00<00:00, 27.91it/s, loss=0.229, v_num=]
Epoch 170:  85%|████████▌ | 40/47 [00:01<00:00, 34.33it/s, loss=0.229, v_num=]
Epoch 170:  85%|████████▌ | 40/47 [00:01<00:00, 34.32it/s, loss=0.23, v_num=] 
Epoch 170: 100%|██████████| 47/47 [00:01<00:00, 32.59it/s, loss=0.228, v_num=]Evaluating...
NMI : 0.5007283435469717, ARI: 0.1286882809728975, ACC: 0.19683, current K: 4
Epoch 170 | NMI: 0.5007, ARI: 0.1287, ACC: 0.1968, current K: 4
Confusion Matrix:
[[  0   0   0 300   0   0   0   0   0   0   0   0   0   0   0   0   0   0
    0   0]
 [  0   0   1 299   0   0   0   0   0   0   0   0   0   0   0   0   0   0
    0   0]
 [  0   2   2 296   0   0   0   0   0   0   0   0   0   0   0   0   0   0
    0   0]
 [  2   0   2 296   0   0   0   0   0   0   0   0   0   0   0   0   0   0
    0   0]
 [  5   0 295   0   0   0   0   0   0   0   0   0   0   0   0   0   0   0
    0   0]
 [  0   0 300   0   0   0   0   0   0   0   0   0   0   0   0   0   0   0
    0   0]
 [  0   0 300   0   0   0   0   0   0   0   0   0   0   0   0   0   0   0
    0   0]
 [  2   0 298   0   0   0   0   0   0   0   0   0   0   0   0   0   0   0
    0   0]
 [  7 286   5   2   0   0   0   0   0   0   0   0   0   0   0   0   0   0
    0   0]
 [285   6   7   2   0   0   0   0   0   0   0   0   0   0   0   0   0   0
    0   0]
 [ 10 282   3   5   0   0   0   0   0   0   0   0   0   0   0   0   0   0
    0   0]
 [295   2   2   1   0   0   0   0   0   0   0   0   0   0   0   0   0   0
    0   0]
 [  0   0 300   0   0   0   0   0   0   0   0   0   0   0   0   0   0   0
    0   0]
 [  0   0 299   1   0   0   0   0   0   0   0   0   0   0   0   0   0   0
    0   0]
 [  0   0 300   0   0   0   0   0   0   0   0   0   0   0   0   0   0   0
    0   0]
 [  0   0 300   0   0   0   0   0   0   0   0   0   0   0   0   0   0   0
    0   0]
 [  1   0 298   1   0   0   0   0   0   0   0   0   0   0   0   0   0   0
    0   0]
 [  0   0 299   1   0   0   0   0   0   0   0   0   0   0   0   0   0   0
    0   0]
 [  0   0 300   0   0   0   0   0   0   0   0   0   0   0   0   0   0   0
    0   0]
 [  0   0 300   0   0   0   0   0   0   0   0   0   0   0   0   0   0   0
    0   0]]

Epoch 170:   0%|          | 0/47 [00:00<?, ?it/s, loss=0.228, v_num=]         
Epoch 171:   0%|          | 0/47 [00:00<?, ?it/s, loss=0.228, v_num=]/usr/local/lib/python3.13/dist-packages/torch/utils/data/dataloader.py:432: UserWarning: This DataLoader will create 6 worker processes in total. Our suggested max number of worker in current system is 2, which is smaller than what this DataLoader is going to create. Please be aware that excessive worker creation might get DataLoader running slow or even freeze, lower the worker number to avoid potential slowness/freeze if necessary.
  self.check_worker_number_rationality()

Epoch 171:  43%|████▎     | 20/47 [00:00<00:00, 27.62it/s, loss=0.228, v_num=]
Epoch 171:  43%|████▎     | 20/47 [00:00<00:00, 27.59it/s, loss=0.232, v_num=]
Epoch 171:  85%|████████▌ | 40/47 [00:01<00:00, 33.62it/s, loss=0.232, v_num=]
Epoch 171:  85%|████████▌ | 40/47 [00:01<00:00, 33.61it/s, loss=0.233, v_num=]
Epoch 171: 100%|██████████| 47/47 [00:01<00:00, 32.27it/s, loss=0.225, v_num=]
Epoch 171:   0%|          | 0/47 [00:00<?, ?it/s, loss=0.225, v_num=]         
Epoch 172:   0%|          | 0/47 [00:00<?, ?it/s, loss=0.225, v_num=]
Epoch 172:  43%|████▎     | 20/47 [00:00<00:00, 28.52it/s, loss=0.225, v_num=]
Epoch 172:  43%|████▎     | 20/47 [00:00<00:00, 28.49it/s, loss=0.229, v_num=]
Epoch 172:  85%|████████▌ | 40/47 [00:01<00:00, 34.92it/s, loss=0.229, v_num=]
Epoch 172:  85%|████████▌ | 40/47 [00:01<00:00, 34.90it/s, loss=0.228, v_num=]
Epoch 172: 100%|██████████| 47/47 [00:01<00:00, 33.30it/s, loss=0.228, v_num=]
Epoch 172:   0%|          | 0/47 [00:00<?, ?it/s, loss=0.228, v_num=]         
Epoch 173:   0%|          | 0/47 [00:00<?, ?it/s, loss=0.228, v_num=]
Epoch 173:  43%|████▎     | 20/47 [00:00<00:00, 28.44it/s, loss=0.228, v_num=]
Epoch 173:  43%|████▎     | 20/47 [00:00<00:00, 28.41it/s, loss=0.223, v_num=]
Epoch 173:  85%|████████▌ | 40/47 [00:01<00:00, 34.96it/s, loss=0.223, v_num=]
Epoch 173:  85%|████████▌ | 40/47 [00:01<00:00, 34.95it/s, loss=0.226, v_num=]
Epoch 173: 100%|██████████| 47/47 [00:01<00:00, 32.93it/s, loss=0.231, v_num=]
Epoch 173:   0%|          | 0/47 [00:00<?, ?it/s, loss=0.231, v_num=]         
Epoch 174:   0%|          | 0/47 [00:00<?, ?it/s, loss=0.231, v_num=]
Epoch 174:  43%|████▎     | 20/47 [00:00<00:00, 28.60it/s, loss=0.231, v_num=]
Epoch 174:  43%|████▎     | 20/47 [00:00<00:00, 28.57it/s, loss=0.222, v_num=]
Epoch 174:  85%|████████▌ | 40/47 [00:01<00:00, 34.02it/s, loss=0.222, v_num=]
Epoch 174:  85%|████████▌ | 40/47 [00:01<00:00, 34.01it/s, loss=0.231, v_num=]
Epoch 174: 100%|██████████| 47/47 [00:01<00:00, 32.66it/s, loss=0.233, v_num=]
Epoch 174:   0%|          | 0/47 [00:00<?, ?it/s, loss=0.233, v_num=]         
Epoch 175:   0%|          | 0/47 [00:00<?, ?it/s, loss=0.233, v_num=]
Epoch 175:  43%|████▎     | 20/47 [00:00<00:00, 27.80it/s, loss=0.233, v_num=]
Epoch 175:  43%|████▎     | 20/47 [00:00<00:00, 27.77it/s, loss=0.226, v_num=]
Epoch 175:  85%|████████▌ | 40/47 [00:01<00:00, 34.52it/s, loss=0.226, v_num=]
Epoch 175:  85%|████████▌ | 40/47 [00:01<00:00, 34.51it/s, loss=0.228, v_num=]
Epoch 175: 100%|██████████| 47/47 [00:01<00:00, 32.89it/s, loss=0.225, v_num=]Evaluating...
NMI : 0.5022919983531601, ARI: 0.1294364413026961, ACC: 0.197, current K: 4

Epoch 175:   0%|          | 0/47 [00:00<?, ?it/s, loss=0.225, v_num=]         
Epoch 176:   0%|          | 0/47 [00:00<?, ?it/s, loss=0.225, v_num=]/usr/local/lib/python3.13/dist-packages/torch/utils/data/dataloader.py:432: UserWarning: This DataLoader will create 6 worker processes in total. Our suggested max number of worker in current system is 2, which is smaller than what this DataLoader is going to create. Please be aware that excessive worker creation might get DataLoader running slow or even freeze, lower the worker number to avoid potential slowness/freeze if necessary.
  self.check_worker_number_rationality()

Epoch 176:  43%|████▎     | 20/47 [00:00<00:01, 26.47it/s, loss=0.225, v_num=]
Epoch 176:  43%|████▎     | 20/47 [00:00<00:01, 26.44it/s, loss=0.222, v_num=]
Epoch 176:  85%|████████▌ | 40/47 [00:01<00:00, 29.86it/s, loss=0.222, v_num=]
Epoch 176:  85%|████████▌ | 40/47 [00:01<00:00, 29.85it/s, loss=0.227, v_num=]
Epoch 176: 100%|██████████| 47/47 [00:01<00:00, 27.14it/s, loss=0.23, v_num=] 
Epoch 176:   0%|          | 0/47 [00:00<?, ?it/s, loss=0.23, v_num=]         
Epoch 177:   0%|          | 0/47 [00:00<?, ?it/s, loss=0.23, v_num=]
Epoch 177:  43%|████▎     | 20/47 [00:01<00:01, 19.64it/s, loss=0.23, v_num=]
Epoch 177:  43%|████▎     | 20/47 [00:01<00:01, 19.63it/s, loss=0.232, v_num=]
Epoch 177:  85%|████████▌ | 40/47 [00:01<00:00, 24.34it/s, loss=0.232, v_num=]
Epoch 177:  85%|████████▌ | 40/47 [00:01<00:00, 24.34it/s, loss=0.224, v_num=]
Epoch 177: 100%|██████████| 47/47 [00:01<00:00, 24.66it/s, loss=0.224, v_num=]
Epoch 177:   0%|          | 0/47 [00:00<?, ?it/s, loss=0.224, v_num=]         
Epoch 178:   0%|          | 0/47 [00:00<?, ?it/s, loss=0.224, v_num=]
Epoch 178:  43%|████▎     | 20/47 [00:00<00:00, 27.71it/s, loss=0.224, v_num=]
Epoch 178:  43%|████▎     | 20/47 [00:00<00:00, 27.68it/s, loss=0.227, v_num=]
Epoch 178:  85%|████████▌ | 40/47 [00:01<00:00, 34.15it/s, loss=0.227, v_num=]
Epoch 178:  85%|████████▌ | 40/47 [00:01<00:00, 34.14it/s, loss=0.221, v_num=]
Epoch 178: 100%|██████████| 47/47 [00:01<00:00, 32.63it/s, loss=0.221, v_num=]
Epoch 178:   0%|          | 0/47 [00:00<?, ?it/s, loss=0.221, v_num=]         
Epoch 179:   0%|          | 0/47 [00:00<?, ?it/s, loss=0.221, v_num=]
Epoch 179:  43%|████▎     | 20/47 [00:00<00:00, 28.19it/s, loss=0.221, v_num=]
Epoch 179:  43%|████▎     | 20/47 [00:00<00:00, 28.16it/s, loss=0.223, v_num=]
Epoch 179:  85%|████████▌ | 40/47 [00:01<00:00, 34.68it/s, loss=0.223, v_num=]
Epoch 179:  85%|████████▌ | 40/47 [00:01<00:00, 34.67it/s, loss=0.226, v_num=]
Epoch 179: 100%|██████████| 47/47 [00:01<00:00, 32.83it/s, loss=0.229, v_num=]
Epoch 179:   0%|          | 0/47 [00:00<?, ?it/s, loss=0.229, v_num=]         
Epoch 180:   0%|          | 0/47 [00:00<?, ?it/s, loss=0.229, v_num=]
Epoch 180:  43%|████▎     | 20/47 [00:00<00:00, 28.92it/s, loss=0.229, v_num=]
Epoch 180:  43%|████▎     | 20/47 [00:00<00:00, 28.89it/s, loss=0.227, v_num=]
Epoch 180:  85%|████████▌ | 40/47 [00:01<00:00, 34.99it/s, loss=0.227, v_num=]
Epoch 180:  85%|████████▌ | 40/47 [00:01<00:00, 34.98it/s, loss=0.22, v_num=] 
Epoch 180: 100%|██████████| 47/47 [00:01<00:00, 33.45it/s, loss=0.224, v_num=]Evaluating...
NMI : 0.5029643268546743, ARI: 0.1297450746081595, ACC: 0.19717, current K: 4
Epoch 180 | NMI: 0.5030, ARI: 0.1297, ACC: 0.1972, current K: 4
Confusion Matrix:
[[  0   0   0 300   0   0   0   0   0   0   0   0   0   0   0   0   0   0
    0   0]
 [  0   0   1 299   0   0   0   0   0   0   0   0   0   0   0   0   0   0
    0   0]
 [  0   2   1 297   0   0   0   0   0   0   0   0   0   0   0   0   0   0
    0   0]
 [  2   0   2 296   0   0   0   0   0   0   0   0   0   0   0   0   0   0
    0   0]
 [  5   0 295   0   0   0   0   0   0   0   0   0   0   0   0   0   0   0
    0   0]
 [  2   0 298   0   0   0   0   0   0   0   0   0   0   0   0   0   0   0
    0   0]
 [  0   0 300   0   0   0   0   0   0   0   0   0   0   0   0   0   0   0
    0   0]
 [  3   0 297   0   0   0   0   0   0   0   0   0   0   0   0   0   0   0
    0   0]
 [  7 286   5   2   0   0   0   0   0   0   0   0   0   0   0   0   0   0
    0   0]
 [289   5   5   1   0   0   0   0   0   0   0   0   0   0   0   0   0   0
    0   0]
 [ 11 283   2   4   0   0   0   0   0   0   0   0   0   0   0   0   0   0
    0   0]
 [297   1   1   1   0   0   0   0   0   0   0   0   0   0   0   0   0   0
    0   0]
 [  1   0 299   0   0   0   0   0   0   0   0   0   0   0   0   0   0   0
    0   0]
 [  0   0 299   1   0   0   0   0   0   0   0   0   0   0   0   0   0   0
    0   0]
 [  0   0 300   0   0   0   0   0   0   0   0   0   0   0   0   0   0   0
    0   0]
 [  0   0 300   0   0   0   0   0   0   0   0   0   0   0   0   0   0   0
    0   0]
 [  1   0 298   1   0   0   0   0   0   0   0   0   0   0   0   0   0   0
    0   0]
 [  0   0 299   1   0   0   0   0   0   0   0   0   0   0   0   0   0   0
    0   0]
 [  0   0 300   0   0   0   0   0   0   0   0   0   0   0   0   0   0   0
    0   0]
 [  0   0 300   0   0   0   0   0   0   0   0   0   0   0   0   0   0   0
    0   0]]

Epoch 180:   0%|          | 0/47 [00:00<?, ?it/s, loss=0.224, v_num=]         
Epoch 181:   0%|          | 0/47 [00:00<?, ?it/s, loss=0.224, v_num=]/usr/local/lib/python3.13/dist-packages/torch/utils/data/dataloader.py:432: UserWarning: This DataLoader will create 6 worker processes in total. Our suggested max number of worker in current system is 2, which is smaller than what this DataLoader is going to create. Please be aware that excessive worker creation might get DataLoader running slow or even freeze, lower the worker number to avoid potential slowness/freeze if necessary.
  self.check_worker_number_rationality()

Epoch 181:  43%|████▎     | 20/47 [00:00<00:01, 26.48it/s, loss=0.224, v_num=]
Epoch 181:  43%|████▎     | 20/47 [00:00<00:01, 26.46it/s, loss=0.227, v_num=]
Epoch 181:  85%|████████▌ | 40/47 [00:01<00:00, 33.12it/s, loss=0.227, v_num=]
Epoch 181:  85%|████████▌ | 40/47 [00:01<00:00, 33.11it/s, loss=0.217, v_num=]
Epoch 181: 100%|██████████| 47/47 [00:01<00:00, 31.66it/s, loss=0.228, v_num=]
Epoch 181:   0%|          | 0/47 [00:00<?, ?it/s, loss=0.228, v_num=]         
Epoch 182:   0%|          | 0/47 [00:00<?, ?it/s, loss=0.228, v_num=]
Epoch 182:  43%|████▎     | 20/47 [00:00<00:00, 28.41it/s, loss=0.228, v_num=]
Epoch 182:  43%|████▎     | 20/47 [00:00<00:00, 28.38it/s, loss=0.228, v_num=]
Epoch 182:  85%|████████▌ | 40/47 [00:01<00:00, 34.44it/s, loss=0.228, v_num=]
Epoch 182:  85%|████████▌ | 40/47 [00:01<00:00, 34.42it/s, loss=0.217, v_num=]
Epoch 182: 100%|██████████| 47/47 [00:01<00:00, 32.88it/s, loss=0.22, v_num=] 
Epoch 182:   0%|          | 0/47 [00:00<?, ?it/s, loss=0.22, v_num=]         
Epoch 183:   0%|          | 0/47 [00:00<?, ?it/s, loss=0.22, v_num=]
Epoch 183:  43%|████▎     | 20/47 [00:00<00:00, 28.70it/s, loss=0.22, v_num=]
Epoch 183:  43%|████▎     | 20/47 [00:00<00:00, 28.67it/s, loss=0.225, v_num=]
Epoch 183:  85%|████████▌ | 40/47 [00:01<00:00, 35.09it/s, loss=0.225, v_num=]
Epoch 183:  85%|████████▌ | 40/47 [00:01<00:00, 35.08it/s, loss=0.222, v_num=]
Epoch 183: 100%|██████████| 47/47 [00:01<00:00, 33.54it/s, loss=0.216, v_num=]
Epoch 183:   0%|          | 0/47 [00:00<?, ?it/s, loss=0.216, v_num=]         
Epoch 184:   0%|          | 0/47 [00:00<?, ?it/s, loss=0.216, v_num=]
Epoch 184:  43%|████▎     | 20/47 [00:00<00:00, 28.28it/s, loss=0.216, v_num=]
Epoch 184:  43%|████▎     | 20/47 [00:00<00:00, 28.25it/s, loss=0.225, v_num=]
Epoch 184:  85%|████████▌ | 40/47 [00:01<00:00, 30.96it/s, loss=0.225, v_num=]
Epoch 184:  85%|████████▌ | 40/47 [00:01<00:00, 30.95it/s, loss=0.22, v_num=] 
Epoch 184: 100%|██████████| 47/47 [00:01<00:00, 27.74it/s, loss=0.224, v_num=]
Epoch 184:   0%|          | 0/47 [00:00<?, ?it/s, loss=0.224, v_num=]         
Epoch 185:   0%|          | 0/47 [00:00<?, ?it/s, loss=0.224, v_num=]
Epoch 185:  43%|████▎     | 20/47 [00:00<00:01, 20.12it/s, loss=0.224, v_num=]
Epoch 185:  43%|████▎     | 20/47 [00:00<00:01, 20.10it/s, loss=0.221, v_num=]
Epoch 185:  85%|████████▌ | 40/47 [00:01<00:00, 24.17it/s, loss=0.221, v_num=]
Epoch 185:  85%|████████▌ | 40/47 [00:01<00:00, 24.16it/s, loss=0.224, v_num=]
Epoch 185: 100%|██████████| 47/47 [00:02<00:00, 23.27it/s, loss=0.223, v_num=]Evaluating...
NMI : 0.503507269607263, ARI: 0.12985193582992385, ACC: 0.19717, current K: 4

Epoch 185:   0%|          | 0/47 [00:00<?, ?it/s, loss=0.223, v_num=]         
Epoch 186:   0%|          | 0/47 [00:00<?, ?it/s, loss=0.223, v_num=]/usr/local/lib/python3.13/dist-packages/torch/utils/data/dataloader.py:432: UserWarning: This DataLoader will create 6 worker processes in total. Our suggested max number of worker in current system is 2, which is smaller than what this DataLoader is going to create. Please be aware that excessive worker creation might get DataLoader running slow or even freeze, lower the worker number to avoid potential slowness/freeze if necessary.
  self.check_worker_number_rationality()

Epoch 186:  43%|████▎     | 20/47 [00:00<00:00, 27.19it/s, loss=0.223, v_num=]
Epoch 186:  43%|████▎     | 20/47 [00:00<00:00, 27.17it/s, loss=0.224, v_num=]
Epoch 186:  85%|████████▌ | 40/47 [00:01<00:00, 34.03it/s, loss=0.224, v_num=]
Epoch 186:  85%|████████▌ | 40/47 [00:01<00:00, 34.02it/s, loss=0.221, v_num=]
Epoch 186: 100%|██████████| 47/47 [00:01<00:00, 32.34it/s, loss=0.226, v_num=]
Epoch 186:   0%|          | 0/47 [00:00<?, ?it/s, loss=0.226, v_num=]         
Epoch 187:   0%|          | 0/47 [00:00<?, ?it/s, loss=0.226, v_num=]
Epoch 187:  43%|████▎     | 20/47 [00:00<00:00, 27.85it/s, loss=0.226, v_num=]
Epoch 187:  43%|████▎     | 20/47 [00:00<00:00, 27.82it/s, loss=0.221, v_num=]
Epoch 187:  85%|████████▌ | 40/47 [00:01<00:00, 33.43it/s, loss=0.221, v_num=]
Epoch 187:  85%|████████▌ | 40/47 [00:01<00:00, 33.42it/s, loss=0.224, v_num=]
Epoch 187: 100%|██████████| 47/47 [00:01<00:00, 31.85it/s, loss=0.225, v_num=]
Epoch 187:   0%|          | 0/47 [00:00<?, ?it/s, loss=0.225, v_num=]         
Epoch 188:   0%|          | 0/47 [00:00<?, ?it/s, loss=0.225, v_num=]
Epoch 188:  43%|████▎     | 20/47 [00:00<00:00, 27.65it/s, loss=0.225, v_num=]
Epoch 188:  43%|████▎     | 20/47 [00:00<00:00, 27.62it/s, loss=0.219, v_num=]
Epoch 188:  85%|████████▌ | 40/47 [00:01<00:00, 34.30it/s, loss=0.219, v_num=]
Epoch 188:  85%|████████▌ | 40/47 [00:01<00:00, 34.29it/s, loss=0.221, v_num=]
Epoch 188: 100%|██████████| 47/47 [00:01<00:00, 32.79it/s, loss=0.222, v_num=]
Epoch 188:   0%|          | 0/47 [00:00<?, ?it/s, loss=0.222, v_num=]         
Epoch 189:   0%|          | 0/47 [00:00<?, ?it/s, loss=0.222, v_num=]
Epoch 189:  43%|████▎     | 20/47 [00:00<00:00, 27.67it/s, loss=0.222, v_num=]
Epoch 189:  43%|████▎     | 20/47 [00:00<00:00, 27.65it/s, loss=0.221, v_num=]
Epoch 189:  85%|████████▌ | 40/47 [00:01<00:00, 33.93it/s, loss=0.221, v_num=]
Epoch 189:  85%|████████▌ | 40/47 [00:01<00:00, 33.92it/s, loss=0.226, v_num=]
Epoch 189: 100%|██████████| 47/47 [00:01<00:00, 32.43it/s, loss=0.226, v_num=]
Epoch 189:   0%|          | 0/47 [00:00<?, ?it/s, loss=0.226, v_num=]         
Epoch 190:   0%|          | 0/47 [00:00<?, ?it/s, loss=0.226, v_num=]
Epoch 190:  43%|████▎     | 20/47 [00:00<00:00, 28.43it/s, loss=0.226, v_num=]
Epoch 190:  43%|████▎     | 20/47 [00:00<00:00, 28.40it/s, loss=0.231, v_num=]
Epoch 190:  85%|████████▌ | 40/47 [00:01<00:00, 34.78it/s, loss=0.231, v_num=]
Epoch 190:  85%|████████▌ | 40/47 [00:01<00:00, 34.77it/s, loss=0.222, v_num=]
Epoch 190: 100%|██████████| 47/47 [00:01<00:00, 33.16it/s, loss=0.219, v_num=]Evaluating...
NMI : 0.5043972418368914, ARI: 0.1301003141838777, ACC: 0.19717, current K: 4
Epoch 190 | NMI: 0.5044, ARI: 0.1301, ACC: 0.1972, current K: 4
Confusion Matrix:
[[  0   0   0 300   0   0   0   0   0   0   0   0   0   0   0   0   0   0
    0   0]
 [  0   0   1 299   0   0   0   0   0   0   0   0   0   0   0   0   0   0
    0   0]
 [  0   2   1 297   0   0   0   0   0   0   0   0   0   0   0   0   0   0
    0   0]
 [  2   0   2 296   0   0   0   0   0   0   0   0   0   0   0   0   0   0
    0   0]
 [  6   0 294   0   0   0   0   0   0   0   0   0   0   0   0   0   0   0
    0   0]
 [  2   0 298   0   0   0   0   0   0   0   0   0   0   0   0   0   0   0
    0   0]
 [  0   0 300   0   0   0   0   0   0   0   0   0   0   0   0   0   0   0
    0   0]
 [  3   0 297   0   0   0   0   0   0   0   0   0   0   0   0   0   0   0
    0   0]
 [  7 287   5   1   0   0   0   0   0   0   0   0   0   0   0   0   0   0
    0   0]
 [290   5   4   1   0   0   0   0   0   0   0   0   0   0   0   0   0   0
    0   0]
 [ 10 285   2   3   0   0   0   0   0   0   0   0   0   0   0   0   0   0
    0   0]
 [296   2   1   1   0   0   0   0   0   0   0   0   0   0   0   0   0   0
    0   0]
 [  1   0 299   0   0   0   0   0   0   0   0   0   0   0   0   0   0   0
    0   0]
 [  0   0 299   1   0   0   0   0   0   0   0   0   0   0   0   0   0   0
    0   0]
 [  0   0 300   0   0   0   0   0   0   0   0   0   0   0   0   0   0   0
    0   0]
 [  0   0 300   0   0   0   0   0   0   0   0   0   0   0   0   0   0   0
    0   0]
 [  1   0 298   1   0   0   0   0   0   0   0   0   0   0   0   0   0   0
    0   0]
 [  0   0 300   0   0   0   0   0   0   0   0   0   0   0   0   0   0   0
    0   0]
 [  0   0 300   0   0   0   0   0   0   0   0   0   0   0   0   0   0   0
    0   0]
 [  0   0 300   0   0   0   0   0   0   0   0   0   0   0   0   0   0   0
    0   0]]

Epoch 190:   0%|          | 0/47 [00:00<?, ?it/s, loss=0.219, v_num=]         
Epoch 191:   0%|          | 0/47 [00:00<?, ?it/s, loss=0.219, v_num=]/usr/local/lib/python3.13/dist-packages/torch/utils/data/dataloader.py:432: UserWarning: This DataLoader will create 6 worker processes in total. Our suggested max number of worker in current system is 2, which is smaller than what this DataLoader is going to create. Please be aware that excessive worker creation might get DataLoader running slow or even freeze, lower the worker number to avoid potential slowness/freeze if necessary.
  self.check_worker_number_rationality()

Epoch 191:  43%|████▎     | 20/47 [00:00<00:00, 28.19it/s, loss=0.219, v_num=]
Epoch 191:  43%|████▎     | 20/47 [00:00<00:00, 28.16it/s, loss=0.228, v_num=]
Epoch 191:  85%|████████▌ | 40/47 [00:01<00:00, 34.46it/s, loss=0.228, v_num=]
Epoch 191:  85%|████████▌ | 40/47 [00:01<00:00, 34.45it/s, loss=0.224, v_num=]
Epoch 191: 100%|██████████| 47/47 [00:01<00:00, 32.68it/s, loss=0.217, v_num=]
Epoch 191:   0%|          | 0/47 [00:00<?, ?it/s, loss=0.217, v_num=]         
Epoch 192:   0%|          | 0/47 [00:00<?, ?it/s, loss=0.217, v_num=]
Epoch 192:  43%|████▎     | 20/47 [00:00<00:01, 25.69it/s, loss=0.217, v_num=]
Epoch 192:  43%|████▎     | 20/47 [00:00<00:01, 25.67it/s, loss=0.221, v_num=]
Epoch 192:  85%|████████▌ | 40/47 [00:01<00:00, 29.80it/s, loss=0.221, v_num=]
Epoch 192:  85%|████████▌ | 40/47 [00:01<00:00, 29.79it/s, loss=0.228, v_num=]
Epoch 192: 100%|██████████| 47/47 [00:01<00:00, 26.80it/s, loss=0.219, v_num=]
Epoch 192:   0%|          | 0/47 [00:00<?, ?it/s, loss=0.219, v_num=]         
Epoch 193:   0%|          | 0/47 [00:00<?, ?it/s, loss=0.219, v_num=]
Epoch 193:  43%|████▎     | 20/47 [00:01<00:01, 19.14it/s, loss=0.219, v_num=]
Epoch 193:  43%|████▎     | 20/47 [00:01<00:01, 19.13it/s, loss=0.223, v_num=]
Epoch 193:  85%|████████▌ | 40/47 [00:01<00:00, 23.76it/s, loss=0.223, v_num=]
Epoch 193:  85%|████████▌ | 40/47 [00:01<00:00, 23.75it/s, loss=0.221, v_num=]
Epoch 193: 100%|██████████| 47/47 [00:02<00:00, 22.90it/s, loss=0.226, v_num=]
Epoch 193:   0%|          | 0/47 [00:00<?, ?it/s, loss=0.226, v_num=]         
Epoch 194:   0%|          | 0/47 [00:00<?, ?it/s, loss=0.226, v_num=]
Epoch 194:  43%|████▎     | 20/47 [00:00<00:01, 26.84it/s, loss=0.226, v_num=]
Epoch 194:  43%|████▎     | 20/47 [00:00<00:01, 26.81it/s, loss=0.224, v_num=]
Epoch 194:  85%|████████▌ | 40/47 [00:01<00:00, 33.84it/s, loss=0.224, v_num=]
Epoch 194:  85%|████████▌ | 40/47 [00:01<00:00, 33.83it/s, loss=0.224, v_num=]
Epoch 194: 100%|██████████| 47/47 [00:01<00:00, 32.28it/s, loss=0.226, v_num=]
Epoch 194:   0%|          | 0/47 [00:00<?, ?it/s, loss=0.226, v_num=]         
Epoch 195:   0%|          | 0/47 [00:00<?, ?it/s, loss=0.226, v_num=]
Epoch 195:  43%|████▎     | 20/47 [00:00<00:00, 28.62it/s, loss=0.226, v_num=]
Epoch 195:  43%|████▎     | 20/47 [00:00<00:00, 28.59it/s, loss=0.22, v_num=] 
Epoch 195:  85%|████████▌ | 40/47 [00:01<00:00, 34.69it/s, loss=0.22, v_num=]
Epoch 195:  85%|████████▌ | 40/47 [00:01<00:00, 34.68it/s, loss=0.219, v_num=]
Epoch 195: 100%|██████████| 47/47 [00:01<00:00, 33.04it/s, loss=0.218, v_num=]Evaluating...
NMI : 0.5044821233069846, ARI: 0.13013193333462733, ACC: 0.19717, current K: 4

Epoch 195:   0%|          | 0/47 [00:00<?, ?it/s, loss=0.218, v_num=]         
Epoch 196:   0%|          | 0/47 [00:00<?, ?it/s, loss=0.218, v_num=]/usr/local/lib/python3.13/dist-packages/torch/utils/data/dataloader.py:432: UserWarning: This DataLoader will create 6 worker processes in total. Our suggested max number of worker in current system is 2, which is smaller than what this DataLoader is going to create. Please be aware that excessive worker creation might get DataLoader running slow or even freeze, lower the worker number to avoid potential slowness/freeze if necessary.
  self.check_worker_number_rationality()

Epoch 196:  43%|████▎     | 20/47 [00:00<00:00, 28.18it/s, loss=0.218, v_num=]
Epoch 196:  43%|████▎     | 20/47 [00:00<00:00, 28.15it/s, loss=0.219, v_num=]
Epoch 196:  85%|████████▌ | 40/47 [00:01<00:00, 34.36it/s, loss=0.219, v_num=]
Epoch 196:  85%|████████▌ | 40/47 [00:01<00:00, 34.35it/s, loss=0.216, v_num=]
Epoch 196: 100%|██████████| 47/47 [00:01<00:00, 32.49it/s, loss=0.217, v_num=]
Epoch 196:   0%|          | 0/47 [00:00<?, ?it/s, loss=0.217, v_num=]         
Epoch 197:   0%|          | 0/47 [00:00<?, ?it/s, loss=0.217, v_num=]
Epoch 197:  43%|████▎     | 20/47 [00:00<00:00, 28.37it/s, loss=0.217, v_num=]
Epoch 197:  43%|████▎     | 20/47 [00:00<00:00, 28.35it/s, loss=0.219, v_num=]
Epoch 197:  85%|████████▌ | 40/47 [00:01<00:00, 34.34it/s, loss=0.219, v_num=]
Epoch 197:  85%|████████▌ | 40/47 [00:01<00:00, 34.33it/s, loss=0.217, v_num=]
Epoch 197: 100%|██████████| 47/47 [00:01<00:00, 32.73it/s, loss=0.22, v_num=] 
Epoch 197:   0%|          | 0/47 [00:00<?, ?it/s, loss=0.22, v_num=]         
Epoch 198:   0%|          | 0/47 [00:00<?, ?it/s, loss=0.22, v_num=]
Epoch 198:  43%|████▎     | 20/47 [00:00<00:00, 28.75it/s, loss=0.22, v_num=]
Epoch 198:  43%|████▎     | 20/47 [00:00<00:00, 28.72it/s, loss=0.213, v_num=]
Epoch 198:  85%|████████▌ | 40/47 [00:01<00:00, 35.01it/s, loss=0.213, v_num=]
Epoch 198:  85%|████████▌ | 40/47 [00:01<00:00, 35.00it/s, loss=0.227, v_num=]
Epoch 198: 100%|██████████| 47/47 [00:01<00:00, 33.46it/s, loss=0.228, v_num=]
Epoch 198:   0%|          | 0/47 [00:00<?, ?it/s, loss=0.228, v_num=]         
Epoch 199:   0%|          | 0/47 [00:00<?, ?it/s, loss=0.228, v_num=]
Epoch 199:  43%|████▎     | 20/47 [00:00<00:00, 28.14it/s, loss=0.228, v_num=]
Epoch 199:  43%|████▎     | 20/47 [00:00<00:00, 28.11it/s, loss=0.215, v_num=]
Epoch 199:  85%|████████▌ | 40/47 [00:01<00:00, 34.70it/s, loss=0.215, v_num=]
Epoch 199:  85%|████████▌ | 40/47 [00:01<00:00, 34.69it/s, loss=0.224, v_num=]
Epoch 199: 100%|██████████| 47/47 [00:01<00:00, 32.86it/s, loss=0.225, v_num=]
Epoch 199:   0%|          | 0/47 [00:00<?, ?it/s, loss=0.225, v_num=]         
Epoch 200:   0%|          | 0/47 [00:00<?, ?it/s, loss=0.225, v_num=]
Epoch 200:  43%|████▎     | 20/47 [00:00<00:01, 24.70it/s, loss=0.225, v_num=]
Epoch 200:  43%|████▎     | 20/47 [00:00<00:01, 24.67it/s, loss=0.221, v_num=]
Epoch 200:  85%|████████▌ | 40/47 [00:01<00:00, 29.90it/s, loss=0.221, v_num=]
Epoch 200:  85%|████████▌ | 40/47 [00:01<00:00, 29.89it/s, loss=0.224, v_num=]
Epoch 200: 100%|██████████| 47/47 [00:01<00:00, 27.19it/s, loss=0.221, v_num=]Evaluating...
NMI : 0.5042631256606362, ARI: 0.1300602995774602, ACC: 0.19717, current K: 4
Epoch 200 | NMI: 0.5043, ARI: 0.1301, ACC: 0.1972, current K: 4
Confusion Matrix:
[[  0   1   0 299   0   0   0   0   0   0   0   0   0   0   0   0   0   0
    0   0]
 [  0   0   1 299   0   0   0   0   0   0   0   0   0   0   0   0   0   0
    0   0]
 [  0   2   2 296   0   0   0   0   0   0   0   0   0   0   0   0   0   0
    0   0]
 [  2   0   2 296   0   0   0   0   0   0   0   0   0   0   0   0   0   0
    0   0]
 [  6   0 294   0   0   0   0   0   0   0   0   0   0   0   0   0   0   0
    0   0]
 [  2   0 298   0   0   0   0   0   0   0   0   0   0   0   0   0   0   0
    0   0]
 [  0   0 300   0   0   0   0   0   0   0   0   0   0   0   0   0   0   0
    0   0]
 [  3   0 297   0   0   0   0   0   0   0   0   0   0   0   0   0   0   0
    0   0]
 [  7 288   5   0   0   0   0   0   0   0   0   0   0   0   0   0   0   0
    0   0]
 [290   5   4   1   0   0   0   0   0   0   0   0   0   0   0   0   0   0
    0   0]
 [  9 286   2   3   0   0   0   0   0   0   0   0   0   0   0   0   0   0
    0   0]
 [296   2   1   1   0   0   0   0   0   0   0   0   0   0   0   0   0   0
    0   0]
 [  1   0 299   0   0   0   0   0   0   0   0   0   0   0   0   0   0   0
    0   0]
 [  0   0 299   1   0   0   0   0   0   0   0   0   0   0   0   0   0   0
    0   0]
 [  0   0 300   0   0   0   0   0   0   0   0   0   0   0   0   0   0   0
    0   0]
 [  0   0 300   0   0   0   0   0   0   0   0   0   0   0   0   0   0   0
    0   0]
 [  1   0 298   1   0   0   0   0   0   0   0   0   0   0   0   0   0   0
    0   0]
 [  0   0 300   0   0   0   0   0   0   0   0   0   0   0   0   0   0   0
    0   0]
 [  0   0 300   0   0   0   0   0   0   0   0   0   0   0   0   0   0   0
    0   0]
 [  0   0 300   0   0   0   0   0   0   0   0   0   0   0   0   0   0   0
    0   0]]

Epoch 200:   0%|          | 0/47 [00:00<?, ?it/s, loss=0.221, v_num=]         
Epoch 201:   0%|          | 0/47 [00:00<?, ?it/s, loss=0.221, v_num=]/usr/local/lib/python3.13/dist-packages/torch/utils/data/dataloader.py:432: UserWarning: This DataLoader will create 6 worker processes in total. Our suggested max number of worker in current system is 2, which is smaller than what this DataLoader is going to create. Please be aware that excessive worker creation might get DataLoader running slow or even freeze, lower the worker number to avoid potential slowness/freeze if necessary.
  self.check_worker_number_rationality()

Epoch 201:  43%|████▎     | 20/47 [00:00<00:01, 20.66it/s, loss=0.221, v_num=]
Epoch 201:  43%|████▎     | 20/47 [00:00<00:01, 20.64it/s, loss=0.218, v_num=]
Epoch 201:  85%|████████▌ | 40/47 [00:01<00:00, 25.33it/s, loss=0.218, v_num=]
Epoch 201:  85%|████████▌ | 40/47 [00:01<00:00, 25.32it/s, loss=0.225, v_num=]
Epoch 201: 100%|██████████| 47/47 [00:01<00:00, 23.98it/s, loss=0.226, v_num=]
Epoch 201:   0%|          | 0/47 [00:00<?, ?it/s, loss=0.226, v_num=]         
Epoch 202:   0%|          | 0/47 [00:00<?, ?it/s, loss=0.226, v_num=]
Epoch 202:  43%|████▎     | 20/47 [00:00<00:01, 25.88it/s, loss=0.226, v_num=]
Epoch 202:  43%|████▎     | 20/47 [00:00<00:01, 25.86it/s, loss=0.222, v_num=]
Epoch 202:  85%|████████▌ | 40/47 [00:01<00:00, 32.36it/s, loss=0.222, v_num=]
Epoch 202:  85%|████████▌ | 40/47 [00:01<00:00, 32.35it/s, loss=0.227, v_num=]
Epoch 202: 100%|██████████| 47/47 [00:01<00:00, 31.23it/s, loss=0.22, v_num=] 
Epoch 202:   0%|          | 0/47 [00:00<?, ?it/s, loss=0.22, v_num=]         
Epoch 203:   0%|          | 0/47 [00:00<?, ?it/s, loss=0.22, v_num=]
Epoch 203:  43%|████▎     | 20/47 [00:00<00:00, 29.03it/s, loss=0.22, v_num=]
Epoch 203:  43%|████▎     | 20/47 [00:00<00:00, 29.00it/s, loss=0.228, v_num=]
Epoch 203:  85%|████████▌ | 40/47 [00:01<00:00, 34.77it/s, loss=0.228, v_num=]
Epoch 203:  85%|████████▌ | 40/47 [00:01<00:00, 34.76it/s, loss=0.225, v_num=]
Epoch 203: 100%|██████████| 47/47 [00:01<00:00, 32.88it/s, loss=0.22, v_num=] 
Epoch 203:   0%|          | 0/47 [00:00<?, ?it/s, loss=0.22, v_num=]         
Epoch 204:   0%|          | 0/47 [00:00<?, ?it/s, loss=0.22, v_num=]
Epoch 204:  43%|████▎     | 20/47 [00:00<00:00, 27.50it/s, loss=0.22, v_num=]
Epoch 204:  43%|████▎     | 20/47 [00:00<00:00, 27.47it/s, loss=0.226, v_num=]
Epoch 204:  85%|████████▌ | 40/47 [00:01<00:00, 33.11it/s, loss=0.226, v_num=]
Epoch 204:  85%|████████▌ | 40/47 [00:01<00:00, 33.10it/s, loss=0.214, v_num=]
Epoch 204: 100%|██████████| 47/47 [00:01<00:00, 31.66it/s, loss=0.218, v_num=]
Epoch 204:   0%|          | 0/47 [00:00<?, ?it/s, loss=0.218, v_num=]         
Epoch 205:   0%|          | 0/47 [00:00<?, ?it/s, loss=0.218, v_num=]
Epoch 205:  43%|████▎     | 20/47 [00:00<00:00, 28.34it/s, loss=0.218, v_num=]
Epoch 205:  43%|████▎     | 20/47 [00:00<00:00, 28.31it/s, loss=0.215, v_num=]
Epoch 205:  85%|████████▌ | 40/47 [00:01<00:00, 34.73it/s, loss=0.215, v_num=]
Epoch 205:  85%|████████▌ | 40/47 [00:01<00:00, 34.71it/s, loss=0.224, v_num=]
Epoch 205: 100%|██████████| 47/47 [00:01<00:00, 33.13it/s, loss=0.222, v_num=]Evaluating...
NMI : 0.5048910017402441, ARI: 0.1300731783124327, ACC: 0.19733, current K: 4

Epoch 205:   0%|          | 0/47 [00:00<?, ?it/s, loss=0.222, v_num=]         
Epoch 206:   0%|          | 0/47 [00:00<?, ?it/s, loss=0.222, v_num=]/usr/local/lib/python3.13/dist-packages/torch/utils/data/dataloader.py:432: UserWarning: This DataLoader will create 6 worker processes in total. Our suggested max number of worker in current system is 2, which is smaller than what this DataLoader is going to create. Please be aware that excessive worker creation might get DataLoader running slow or even freeze, lower the worker number to avoid potential slowness/freeze if necessary.
  self.check_worker_number_rationality()

Epoch 206:  43%|████▎     | 20/47 [00:00<00:00, 27.76it/s, loss=0.222, v_num=]
Epoch 206:  43%|████▎     | 20/47 [00:00<00:00, 27.74it/s, loss=0.222, v_num=]
Epoch 206:  85%|████████▌ | 40/47 [00:01<00:00, 33.60it/s, loss=0.222, v_num=]
Epoch 206:  85%|████████▌ | 40/47 [00:01<00:00, 33.59it/s, loss=0.219, v_num=]
Epoch 206: 100%|██████████| 47/47 [00:01<00:00, 31.85it/s, loss=0.224, v_num=]
Epoch 206:   0%|          | 0/47 [00:00<?, ?it/s, loss=0.224, v_num=]         
Epoch 207:   0%|          | 0/47 [00:00<?, ?it/s, loss=0.224, v_num=]
Epoch 207:  43%|████▎     | 20/47 [00:00<00:00, 27.51it/s, loss=0.224, v_num=]
Epoch 207:  43%|████▎     | 20/47 [00:00<00:00, 27.48it/s, loss=0.212, v_num=]
Epoch 207:  85%|████████▌ | 40/47 [00:01<00:00, 33.80it/s, loss=0.212, v_num=]
Epoch 207:  85%|████████▌ | 40/47 [00:01<00:00, 33.79it/s, loss=0.222, v_num=]
Epoch 207: 100%|██████████| 47/47 [00:01<00:00, 32.31it/s, loss=0.215, v_num=]
Epoch 207:   0%|          | 0/47 [00:00<?, ?it/s, loss=0.215, v_num=]         
Epoch 208:   0%|          | 0/47 [00:00<?, ?it/s, loss=0.215, v_num=]
Epoch 208:  43%|████▎     | 20/47 [00:00<00:00, 27.88it/s, loss=0.215, v_num=]
Epoch 208:  43%|████▎     | 20/47 [00:00<00:00, 27.85it/s, loss=0.22, v_num=] 
Epoch 208:  85%|████████▌ | 40/47 [00:01<00:00, 33.19it/s, loss=0.22, v_num=]
Epoch 208:  85%|████████▌ | 40/47 [00:01<00:00, 33.18it/s, loss=0.22, v_num=]
Epoch 208: 100%|██████████| 47/47 [00:01<00:00, 29.44it/s, loss=0.219, v_num=]
Epoch 208:   0%|          | 0/47 [00:00<?, ?it/s, loss=0.219, v_num=]         
Epoch 209:   0%|          | 0/47 [00:00<?, ?it/s, loss=0.219, v_num=]
Epoch 209:  43%|████▎     | 20/47 [00:00<00:01, 20.92it/s, loss=0.219, v_num=]
Epoch 209:  43%|████▎     | 20/47 [00:00<00:01, 20.91it/s, loss=0.214, v_num=]
Epoch 209:  85%|████████▌ | 40/47 [00:01<00:00, 25.28it/s, loss=0.214, v_num=]
Epoch 209:  85%|████████▌ | 40/47 [00:01<00:00, 25.27it/s, loss=0.222, v_num=]
Epoch 209: 100%|██████████| 47/47 [00:01<00:00, 24.03it/s, loss=0.221, v_num=]
Epoch 209:   0%|          | 0/47 [00:00<?, ?it/s, loss=0.221, v_num=]         
Epoch 210:   0%|          | 0/47 [00:00<?, ?it/s, loss=0.221, v_num=]
Epoch 210:  43%|████▎     | 20/47 [00:00<00:01, 23.33it/s, loss=0.221, v_num=]
Epoch 210:  43%|████▎     | 20/47 [00:00<00:01, 23.31it/s, loss=0.216, v_num=]
Epoch 210:  85%|████████▌ | 40/47 [00:01<00:00, 30.27it/s, loss=0.216, v_num=]
Epoch 210:  85%|████████▌ | 40/47 [00:01<00:00, 30.26it/s, loss=0.217, v_num=]
Epoch 210: 100%|██████████| 47/47 [00:01<00:00, 29.23it/s, loss=0.223, v_num=]Evaluating...
NMI : 0.5041371175518206, ARI: 0.1298961858665084, ACC: 0.19717, current K: 4
Epoch 210 | NMI: 0.5041, ARI: 0.1299, ACC: 0.1972, current K: 4
Confusion Matrix:
[[  0   1   0 299   0   0   0   0   0   0   0   0   0   0   0   0   0   0
    0   0]
 [  0   0   1 299   0   0   0   0   0   0   0   0   0   0   0   0   0   0
    0   0]
 [  0   2   2 296   0   0   0   0   0   0   0   0   0   0   0   0   0   0
    0   0]
 [  2   0   2 296   0   0   0   0   0   0   0   0   0   0   0   0   0   0
    0   0]
 [  6   0 294   0   0   0   0   0   0   0   0   0   0   0   0   0   0   0
    0   0]
 [  2   0 298   0   0   0   0   0   0   0   0   0   0   0   0   0   0   0
    0   0]
 [  0   0 300   0   0   0   0   0   0   0   0   0   0   0   0   0   0   0
    0   0]
 [  3   0 297   0   0   0   0   0   0   0   0   0   0   0   0   0   0   0
    0   0]
 [  7 287   5   1   0   0   0   0   0   0   0   0   0   0   0   0   0   0
    0   0]
 [289   5   5   1   0   0   0   0   0   0   0   0   0   0   0   0   0   0
    0   0]
 [  9 286   2   3   0   0   0   0   0   0   0   0   0   0   0   0   0   0
    0   0]
 [297   1   1   1   0   0   0   0   0   0   0   0   0   0   0   0   0   0
    0   0]
 [  1   0 299   0   0   0   0   0   0   0   0   0   0   0   0   0   0   0
    0   0]
 [  0   0 300   0   0   0   0   0   0   0   0   0   0   0   0   0   0   0
    0   0]
 [  0   0 300   0   0   0   0   0   0   0   0   0   0   0   0   0   0   0
    0   0]
 [  0   0 300   0   0   0   0   0   0   0   0   0   0   0   0   0   0   0
    0   0]
 [  1   0 298   1   0   0   0   0   0   0   0   0   0   0   0   0   0   0
    0   0]
 [  0   0 300   0   0   0   0   0   0   0   0   0   0   0   0   0   0   0
    0   0]
 [  0   0 300   0   0   0   0   0   0   0   0   0   0   0   0   0   0   0
    0   0]
 [  0   0 300   0   0   0   0   0   0   0   0   0   0   0   0   0   0   0
    0   0]]

Epoch 210:   0%|          | 0/47 [00:00<?, ?it/s, loss=0.223, v_num=]         
Epoch 211:   0%|          | 0/47 [00:00<?, ?it/s, loss=0.223, v_num=]/usr/local/lib/python3.13/dist-packages/torch/utils/data/dataloader.py:432: UserWarning: This DataLoader will create 6 worker processes in total. Our suggested max number of worker in current system is 2, which is smaller than what this DataLoader is going to create. Please be aware that excessive worker creation might get DataLoader running slow or even freeze, lower the worker number to avoid potential slowness/freeze if necessary.
  self.check_worker_number_rationality()

Epoch 211:  43%|████▎     | 20/47 [00:00<00:00, 28.21it/s, loss=0.223, v_num=]
Epoch 211:  43%|████▎     | 20/47 [00:00<00:00, 28.18it/s, loss=0.218, v_num=]
Epoch 211:  85%|████████▌ | 40/47 [00:01<00:00, 34.75it/s, loss=0.218, v_num=]
Epoch 211:  85%|████████▌ | 40/47 [00:01<00:00, 34.74it/s, loss=0.221, v_num=]
Epoch 211: 100%|██████████| 47/47 [00:01<00:00, 33.16it/s, loss=0.219, v_num=]
Epoch 211:   0%|          | 0/47 [00:00<?, ?it/s, loss=0.219, v_num=]         
Epoch 212:   0%|          | 0/47 [00:00<?, ?it/s, loss=0.219, v_num=]
Epoch 212:  43%|████▎     | 20/47 [00:00<00:00, 28.15it/s, loss=0.219, v_num=]
Epoch 212:  43%|████▎     | 20/47 [00:00<00:00, 28.12it/s, loss=0.218, v_num=]
Epoch 212:  85%|████████▌ | 40/47 [00:01<00:00, 34.53it/s, loss=0.218, v_num=]
Epoch 212:  85%|████████▌ | 40/47 [00:01<00:00, 34.52it/s, loss=0.225, v_num=]
Epoch 212: 100%|██████████| 47/47 [00:01<00:00, 32.60it/s, loss=0.219, v_num=]
Epoch 212:   0%|          | 0/47 [00:00<?, ?it/s, loss=0.219, v_num=]         
Epoch 213:   0%|          | 0/47 [00:00<?, ?it/s, loss=0.219, v_num=]
Epoch 213:  43%|████▎     | 20/47 [00:00<00:00, 27.84it/s, loss=0.219, v_num=]
Epoch 213:  43%|████▎     | 20/47 [00:00<00:00, 27.81it/s, loss=0.227, v_num=]
Epoch 213:  85%|████████▌ | 40/47 [00:01<00:00, 33.28it/s, loss=0.227, v_num=]
Epoch 213:  85%|████████▌ | 40/47 [00:01<00:00, 33.27it/s, loss=0.217, v_num=]
Epoch 213: 100%|██████████| 47/47 [00:01<00:00, 31.96it/s, loss=0.221, v_num=]
Epoch 213:   0%|          | 0/47 [00:00<?, ?it/s, loss=0.221, v_num=]         
Epoch 214:   0%|          | 0/47 [00:00<?, ?it/s, loss=0.221, v_num=]
Epoch 214:  43%|████▎     | 20/47 [00:00<00:00, 27.99it/s, loss=0.221, v_num=]
Epoch 214:  43%|████▎     | 20/47 [00:00<00:00, 27.96it/s, loss=0.218, v_num=]
Epoch 214:  85%|████████▌ | 40/47 [00:01<00:00, 34.01it/s, loss=0.218, v_num=]
Epoch 214:  85%|████████▌ | 40/47 [00:01<00:00, 34.00it/s, loss=0.224, v_num=]
Epoch 214: 100%|██████████| 47/47 [00:01<00:00, 32.09it/s, loss=0.224, v_num=]
Epoch 214:   0%|          | 0/47 [00:00<?, ?it/s, loss=0.224, v_num=]         
Epoch 215:   0%|          | 0/47 [00:00<?, ?it/s, loss=0.224, v_num=]
Epoch 215:  43%|████▎     | 20/47 [00:00<00:00, 28.23it/s, loss=0.224, v_num=]
Epoch 215:  43%|████▎     | 20/47 [00:00<00:00, 28.20it/s, loss=0.218, v_num=]
Epoch 215:  85%|████████▌ | 40/47 [00:01<00:00, 34.20it/s, loss=0.218, v_num=]
Epoch 215:  85%|████████▌ | 40/47 [00:01<00:00, 34.19it/s, loss=0.213, v_num=]
Epoch 215: 100%|██████████| 47/47 [00:01<00:00, 32.77it/s, loss=0.216, v_num=]Evaluating...
NMI : 0.5049173450648445, ARI: 0.130153745263423, ACC: 0.19733, current K: 4

Epoch 215:   0%|          | 0/47 [00:00<?, ?it/s, loss=0.216, v_num=]         
Epoch 216:   0%|          | 0/47 [00:00<?, ?it/s, loss=0.216, v_num=]/usr/local/lib/python3.13/dist-packages/torch/utils/data/dataloader.py:432: UserWarning: This DataLoader will create 6 worker processes in total. Our suggested max number of worker in current system is 2, which is smaller than what this DataLoader is going to create. Please be aware that excessive worker creation might get DataLoader running slow or even freeze, lower the worker number to avoid potential slowness/freeze if necessary.
  self.check_worker_number_rationality()

Epoch 216:  43%|████▎     | 20/47 [00:00<00:00, 27.74it/s, loss=0.216, v_num=]
Epoch 216:  43%|████▎     | 20/47 [00:00<00:00, 27.72it/s, loss=0.22, v_num=] 
Epoch 216:  85%|████████▌ | 40/47 [00:01<00:00, 34.40it/s, loss=0.22, v_num=]
Epoch 216:  85%|████████▌ | 40/47 [00:01<00:00, 34.39it/s, loss=0.22, v_num=]
Epoch 216: 100%|██████████| 47/47 [00:01<00:00, 31.92it/s, loss=0.224, v_num=]
Epoch 216:   0%|          | 0/47 [00:00<?, ?it/s, loss=0.224, v_num=]         
Epoch 217:   0%|          | 0/47 [00:00<?, ?it/s, loss=0.224, v_num=]
Epoch 217:  43%|████▎     | 20/47 [00:00<00:01, 20.74it/s, loss=0.224, v_num=]
Epoch 217:  43%|████▎     | 20/47 [00:00<00:01, 20.72it/s, loss=0.225, v_num=]
Epoch 217:  85%|████████▌ | 40/47 [00:01<00:00, 26.42it/s, loss=0.225, v_num=]
Epoch 217:  85%|████████▌ | 40/47 [00:01<00:00, 26.42it/s, loss=0.217, v_num=]
Epoch 217: 100%|██████████| 47/47 [00:01<00:00, 24.60it/s, loss=0.215, v_num=]
Epoch 217:   0%|          | 0/47 [00:00<?, ?it/s, loss=0.215, v_num=]         
Epoch 218:   0%|          | 0/47 [00:00<?, ?it/s, loss=0.215, v_num=]
Epoch 218:  43%|████▎     | 20/47 [00:00<00:01, 20.51it/s, loss=0.215, v_num=]
Epoch 218:  43%|████▎     | 20/47 [00:00<00:01, 20.50it/s, loss=0.228, v_num=]
Epoch 218:  85%|████████▌ | 40/47 [00:01<00:00, 27.91it/s, loss=0.228, v_num=]
Epoch 218:  85%|████████▌ | 40/47 [00:01<00:00, 27.91it/s, loss=0.216, v_num=]
Epoch 218: 100%|██████████| 47/47 [00:01<00:00, 27.54it/s, loss=0.219, v_num=]
Epoch 218:   0%|          | 0/47 [00:00<?, ?it/s, loss=0.219, v_num=]         
Epoch 219:   0%|          | 0/47 [00:00<?, ?it/s, loss=0.219, v_num=]
Epoch 219:  43%|████▎     | 20/47 [00:00<00:01, 24.16it/s, loss=0.219, v_num=]
Epoch 219:  43%|████▎     | 20/47 [00:00<00:01, 24.15it/s, loss=0.223, v_num=]
Epoch 219:  85%|████████▌ | 40/47 [00:01<00:00, 31.06it/s, loss=0.223, v_num=]
Epoch 219:  85%|████████▌ | 40/47 [00:01<00:00, 31.05it/s, loss=0.22, v_num=] 
Epoch 219: 100%|██████████| 47/47 [00:01<00:00, 29.99it/s, loss=0.223, v_num=]
Epoch 219:   0%|          | 0/47 [00:00<?, ?it/s, loss=0.223, v_num=]         
Epoch 220:   0%|          | 0/47 [00:00<?, ?it/s, loss=0.223, v_num=]
Epoch 220:  43%|████▎     | 20/47 [00:00<00:00, 27.47it/s, loss=0.223, v_num=]
Epoch 220:  43%|████▎     | 20/47 [00:00<00:00, 27.45it/s, loss=0.217, v_num=]
Epoch 220:  85%|████████▌ | 40/47 [00:01<00:00, 33.48it/s, loss=0.217, v_num=]
Epoch 220:  85%|████████▌ | 40/47 [00:01<00:00, 33.47it/s, loss=0.226, v_num=]
Epoch 220: 100%|██████████| 47/47 [00:01<00:00, 32.18it/s, loss=0.222, v_num=]Evaluating...
NMI : 0.5047247705227299, ARI: 0.12998789106655492, ACC: 0.19733, current K: 4
Epoch 220 | NMI: 0.5047, ARI: 0.1300, ACC: 0.1973, current K: 4
Confusion Matrix:
[[  0   1   0 299   0   0   0   0   0   0   0   0   0   0   0   0   0   0
    0   0]
 [  0   0   1 299   0   0   0   0   0   0   0   0   0   0   0   0   0   0
    0   0]
 [  0   2   2 296   0   0   0   0   0   0   0   0   0   0   0   0   0   0
    0   0]
 [  2   0   2 296   0   0   0   0   0   0   0   0   0   0   0   0   0   0
    0   0]
 [  6   0 294   0   0   0   0   0   0   0   0   0   0   0   0   0   0   0
    0   0]
 [  2   0 298   0   0   0   0   0   0   0   0   0   0   0   0   0   0   0
    0   0]
 [  0   0 300   0   0   0   0   0   0   0   0   0   0   0   0   0   0   0
    0   0]
 [  3   0 297   0   0   0   0   0   0   0   0   0   0   0   0   0   0   0
    0   0]
 [  7 288   5   0   0   0   0   0   0   0   0   0   0   0   0   0   0   0
    0   0]
 [289   5   5   1   0   0   0   0   0   0   0   0   0   0   0   0   0   0
    0   0]
 [  9 286   2   3   0   0   0   0   0   0   0   0   0   0   0   0   0   0
    0   0]
 [297   1   1   1   0   0   0   0   0   0   0   0   0   0   0   0   0   0
    0   0]
 [  1   0 299   0   0   0   0   0   0   0   0   0   0   0   0   0   0   0
    0   0]
 [  0   0 300   0   0   0   0   0   0   0   0   0   0   0   0   0   0   0
    0   0]
 [  0   0 300   0   0   0   0   0   0   0   0   0   0   0   0   0   0   0
    0   0]
 [  0   0 300   0   0   0   0   0   0   0   0   0   0   0   0   0   0   0
    0   0]
 [  1   0 298   1   0   0   0   0   0   0   0   0   0   0   0   0   0   0
    0   0]
 [  0   0 300   0   0   0   0   0   0   0   0   0   0   0   0   0   0   0
    0   0]
 [  0   0 300   0   0   0   0   0   0   0   0   0   0   0   0   0   0   0
    0   0]
 [  0   0 300   0   0   0   0   0   0   0   0   0   0   0   0   0   0   0
    0   0]]

Epoch 220:   0%|          | 0/47 [00:00<?, ?it/s, loss=0.222, v_num=]         
Epoch 221:   0%|          | 0/47 [00:00<?, ?it/s, loss=0.222, v_num=]/usr/local/lib/python3.13/dist-packages/torch/utils/data/dataloader.py:432: UserWarning: This DataLoader will create 6 worker processes in total. Our suggested max number of worker in current system is 2, which is smaller than what this DataLoader is going to create. Please be aware that excessive worker creation might get DataLoader running slow or even freeze, lower the worker number to avoid potential slowness/freeze if necessary.
  self.check_worker_number_rationality()

Epoch 221:  43%|████▎     | 20/47 [00:00<00:00, 28.34it/s, loss=0.222, v_num=]
Epoch 221:  43%|████▎     | 20/47 [00:00<00:00, 28.31it/s, loss=0.225, v_num=]
Epoch 221:  85%|████████▌ | 40/47 [00:01<00:00, 34.65it/s, loss=0.225, v_num=]
Epoch 221:  85%|████████▌ | 40/47 [00:01<00:00, 34.64it/s, loss=0.226, v_num=]
Epoch 221: 100%|██████████| 47/47 [00:01<00:00, 32.88it/s, loss=0.219, v_num=]
Epoch 221:   0%|          | 0/47 [00:00<?, ?it/s, loss=0.219, v_num=]         
Epoch 222:   0%|          | 0/47 [00:00<?, ?it/s, loss=0.219, v_num=]
Epoch 222:  43%|████▎     | 20/47 [00:00<00:00, 27.01it/s, loss=0.219, v_num=]
Epoch 222:  43%|████▎     | 20/47 [00:00<00:01, 26.98it/s, loss=0.221, v_num=]
Epoch 222:  85%|████████▌ | 40/47 [00:01<00:00, 33.32it/s, loss=0.221, v_num=]
Epoch 222:  85%|████████▌ | 40/47 [00:01<00:00, 33.31it/s, loss=0.22, v_num=] 
Epoch 222: 100%|██████████| 47/47 [00:01<00:00, 31.61it/s, loss=0.222, v_num=]
Epoch 222:   0%|          | 0/47 [00:00<?, ?it/s, loss=0.222, v_num=]         
Epoch 223:   0%|          | 0/47 [00:00<?, ?it/s, loss=0.222, v_num=]
Epoch 223:  43%|████▎     | 20/47 [00:00<00:00, 28.41it/s, loss=0.222, v_num=]
Epoch 223:  43%|████▎     | 20/47 [00:00<00:00, 28.39it/s, loss=0.221, v_num=]
Epoch 223:  85%|████████▌ | 40/47 [00:01<00:00, 33.73it/s, loss=0.221, v_num=]
Epoch 223:  85%|████████▌ | 40/47 [00:01<00:00, 33.72it/s, loss=0.226, v_num=]
Epoch 223: 100%|██████████| 47/47 [00:01<00:00, 32.24it/s, loss=0.227, v_num=]
Epoch 223:   0%|          | 0/47 [00:00<?, ?it/s, loss=0.227, v_num=]         
Epoch 224:   0%|          | 0/47 [00:00<?, ?it/s, loss=0.227, v_num=]
Epoch 224:  43%|████▎     | 20/47 [00:00<00:00, 27.55it/s, loss=0.227, v_num=]
Epoch 224:  43%|████▎     | 20/47 [00:00<00:00, 27.52it/s, loss=0.228, v_num=]
Epoch 224:  85%|████████▌ | 40/47 [00:01<00:00, 33.96it/s, loss=0.228, v_num=]
Epoch 224:  85%|████████▌ | 40/47 [00:01<00:00, 33.95it/s, loss=0.213, v_num=]
Epoch 224: 100%|██████████| 47/47 [00:01<00:00, 32.18it/s, loss=0.215, v_num=]
Epoch 224:   0%|          | 0/47 [00:00<?, ?it/s, loss=0.215, v_num=]         
Epoch 225:   0%|          | 0/47 [00:00<?, ?it/s, loss=0.215, v_num=]
Epoch 225:  43%|████▎     | 20/47 [00:00<00:01, 20.17it/s, loss=0.215, v_num=]
Epoch 225:  43%|████▎     | 20/47 [00:00<00:01, 20.16it/s, loss=0.222, v_num=]
Epoch 225:  85%|████████▌ | 40/47 [00:01<00:00, 26.30it/s, loss=0.222, v_num=]
Epoch 225:  85%|████████▌ | 40/47 [00:01<00:00, 26.29it/s, loss=0.221, v_num=]
Epoch 225: 100%|██████████| 47/47 [00:01<00:00, 24.42it/s, loss=0.221, v_num=]Evaluating...
NMI : 0.5042950115535567, ARI: 0.1298172432353533, ACC: 0.19717, current K: 4

Epoch 225:   0%|          | 0/47 [00:00<?, ?it/s, loss=0.221, v_num=]         
Epoch 226:   0%|          | 0/47 [00:00<?, ?it/s, loss=0.221, v_num=]/usr/local/lib/python3.13/dist-packages/torch/utils/data/dataloader.py:432: UserWarning: This DataLoader will create 6 worker processes in total. Our suggested max number of worker in current system is 2, which is smaller than what this DataLoader is going to create. Please be aware that excessive worker creation might get DataLoader running slow or even freeze, lower the worker number to avoid potential slowness/freeze if necessary.
  self.check_worker_number_rationality()

Epoch 226:  43%|████▎     | 20/47 [00:01<00:01, 18.60it/s, loss=0.221, v_num=]
Epoch 226:  43%|████▎     | 20/47 [00:01<00:01, 18.58it/s, loss=0.223, v_num=]
Epoch 226:  85%|████████▌ | 40/47 [00:01<00:00, 26.25it/s, loss=0.223, v_num=]
Epoch 226:  85%|████████▌ | 40/47 [00:01<00:00, 26.24it/s, loss=0.227, v_num=]
Epoch 226: 100%|██████████| 47/47 [00:01<00:00, 26.26it/s, loss=0.224, v_num=]
Epoch 226:   0%|          | 0/47 [00:00<?, ?it/s, loss=0.224, v_num=]         
Epoch 227:   0%|          | 0/47 [00:00<?, ?it/s, loss=0.224, v_num=]
Epoch 227:  43%|████▎     | 20/47 [00:00<00:00, 28.45it/s, loss=0.224, v_num=]
Epoch 227:  43%|████▎     | 20/47 [00:00<00:00, 28.43it/s, loss=0.22, v_num=] 
Epoch 227:  85%|████████▌ | 40/47 [00:01<00:00, 34.70it/s, loss=0.22, v_num=]
Epoch 227:  85%|████████▌ | 40/47 [00:01<00:00, 34.69it/s, loss=0.228, v_num=]
Epoch 227: 100%|██████████| 47/47 [00:01<00:00, 32.80it/s, loss=0.223, v_num=]
Epoch 227:   0%|          | 0/47 [00:00<?, ?it/s, loss=0.223, v_num=]         
Epoch 228:   0%|          | 0/47 [00:00<?, ?it/s, loss=0.223, v_num=]
Epoch 228:  43%|████▎     | 20/47 [00:00<00:00, 28.15it/s, loss=0.223, v_num=]
Epoch 228:  43%|████▎     | 20/47 [00:00<00:00, 28.12it/s, loss=0.216, v_num=]
Epoch 228:  85%|████████▌ | 40/47 [00:01<00:00, 34.21it/s, loss=0.216, v_num=]
Epoch 228:  85%|████████▌ | 40/47 [00:01<00:00, 34.20it/s, loss=0.218, v_num=]
Epoch 228: 100%|██████████| 47/47 [00:01<00:00, 32.64it/s, loss=0.221, v_num=]
Epoch 228:   0%|          | 0/47 [00:00<?, ?it/s, loss=0.221, v_num=]         
Epoch 229:   0%|          | 0/47 [00:00<?, ?it/s, loss=0.221, v_num=]
Epoch 229:  43%|████▎     | 20/47 [00:00<00:00, 27.45it/s, loss=0.221, v_num=]
Epoch 229:  43%|████▎     | 20/47 [00:00<00:00, 27.42it/s, loss=0.219, v_num=]
Epoch 229:  85%|████████▌ | 40/47 [00:01<00:00, 33.54it/s, loss=0.219, v_num=]
Epoch 229:  85%|████████▌ | 40/47 [00:01<00:00, 33.53it/s, loss=0.217, v_num=]
Epoch 229: 100%|██████████| 47/47 [00:01<00:00, 31.96it/s, loss=0.219, v_num=]
Epoch 229:   0%|          | 0/47 [00:00<?, ?it/s, loss=0.219, v_num=]         
Epoch 230:   0%|          | 0/47 [00:00<?, ?it/s, loss=0.219, v_num=]
Epoch 230:  43%|████▎     | 20/47 [00:00<00:00, 28.31it/s, loss=0.219, v_num=]
Epoch 230:  43%|████▎     | 20/47 [00:00<00:00, 28.28it/s, loss=0.223, v_num=]
Epoch 230:  85%|████████▌ | 40/47 [00:01<00:00, 34.42it/s, loss=0.223, v_num=]
Epoch 230:  85%|████████▌ | 40/47 [00:01<00:00, 34.41it/s, loss=0.225, v_num=]
Epoch 230: 100%|██████████| 47/47 [00:01<00:00, 32.81it/s, loss=0.228, v_num=]Evaluating...
NMI : 0.5042950115535567, ARI: 0.1298172432353533, ACC: 0.19717, current K: 4
Epoch 230 | NMI: 0.5043, ARI: 0.1298, ACC: 0.1972, current K: 4
Confusion Matrix:
[[  0   1   0 299   0   0   0   0   0   0   0   0   0   0   0   0   0   0
    0   0]
 [  0   0   1 299   0   0   0   0   0   0   0   0   0   0   0   0   0   0
    0   0]
 [  0   2   2 296   0   0   0   0   0   0   0   0   0   0   0   0   0   0
    0   0]
 [  2   0   2 296   0   0   0   0   0   0   0   0   0   0   0   0   0   0
    0   0]
 [  6   0 294   0   0   0   0   0   0   0   0   0   0   0   0   0   0   0
    0   0]
 [  2   0 298   0   0   0   0   0   0   0   0   0   0   0   0   0   0   0
    0   0]
 [  0   0 300   0   0   0   0   0   0   0   0   0   0   0   0   0   0   0
    0   0]
 [  3   0 297   0   0   0   0   0   0   0   0   0   0   0   0   0   0   0
    0   0]
 [  7 287   5   1   0   0   0   0   0   0   0   0   0   0   0   0   0   0
    0   0]
 [289   5   5   1   0   0   0   0   0   0   0   0   0   0   0   0   0   0
    0   0]
 [ 10 285   2   3   0   0   0   0   0   0   0   0   0   0   0   0   0   0
    0   0]
 [297   1   1   1   0   0   0   0   0   0   0   0   0   0   0   0   0   0
    0   0]
 [  0   0 300   0   0   0   0   0   0   0   0   0   0   0   0   0   0   0
    0   0]
 [  0   0 300   0   0   0   0   0   0   0   0   0   0   0   0   0   0   0
    0   0]
 [  0   0 300   0   0   0   0   0   0   0   0   0   0   0   0   0   0   0
    0   0]
 [  0   0 300   0   0   0   0   0   0   0   0   0   0   0   0   0   0   0
    0   0]
 [  1   0 298   1   0   0   0   0   0   0   0   0   0   0   0   0   0   0
    0   0]
 [  0   0 300   0   0   0   0   0   0   0   0   0   0   0   0   0   0   0
    0   0]
 [  0   0 300   0   0   0   0   0   0   0   0   0   0   0   0   0   0   0
    0   0]
 [  0   0 300   0   0   0   0   0   0   0   0   0   0   0   0   0   0   0
    0   0]]

Epoch 230:   0%|          | 0/47 [00:00<?, ?it/s, loss=0.228, v_num=]         
Epoch 231:   0%|          | 0/47 [00:00<?, ?it/s, loss=0.228, v_num=]/usr/local/lib/python3.13/dist-packages/torch/utils/data/dataloader.py:432: UserWarning: This DataLoader will create 6 worker processes in total. Our suggested max number of worker in current system is 2, which is smaller than what this DataLoader is going to create. Please be aware that excessive worker creation might get DataLoader running slow or even freeze, lower the worker number to avoid potential slowness/freeze if necessary.
  self.check_worker_number_rationality()

Epoch 231:  43%|████▎     | 20/47 [00:00<00:00, 27.92it/s, loss=0.228, v_num=]
Epoch 231:  43%|████▎     | 20/47 [00:00<00:00, 27.89it/s, loss=0.219, v_num=]
Epoch 231:  85%|████████▌ | 40/47 [00:01<00:00, 34.38it/s, loss=0.219, v_num=]
Epoch 231:  85%|████████▌ | 40/47 [00:01<00:00, 34.37it/s, loss=0.222, v_num=]
Epoch 231: 100%|██████████| 47/47 [00:01<00:00, 32.89it/s, loss=0.222, v_num=]
Epoch 231:   0%|          | 0/47 [00:00<?, ?it/s, loss=0.222, v_num=]         
Epoch 232:   0%|          | 0/47 [00:00<?, ?it/s, loss=0.222, v_num=]
Epoch 232:  43%|████▎     | 20/47 [00:00<00:00, 27.64it/s, loss=0.222, v_num=]
Epoch 232:  43%|████▎     | 20/47 [00:00<00:00, 27.61it/s, loss=0.222, v_num=]
Epoch 232:  85%|████████▌ | 40/47 [00:01<00:00, 33.49it/s, loss=0.222, v_num=]
Epoch 232:  85%|████████▌ | 40/47 [00:01<00:00, 33.48it/s, loss=0.22, v_num=] 
Epoch 232: 100%|██████████| 47/47 [00:01<00:00, 31.96it/s, loss=0.218, v_num=]
Epoch 232:   0%|          | 0/47 [00:00<?, ?it/s, loss=0.218, v_num=]         
Epoch 233:   0%|          | 0/47 [00:00<?, ?it/s, loss=0.218, v_num=]
Epoch 233:  43%|████▎     | 20/47 [00:00<00:01, 22.81it/s, loss=0.218, v_num=]
Epoch 233:  43%|████▎     | 20/47 [00:00<00:01, 22.79it/s, loss=0.218, v_num=]
Epoch 233:  85%|████████▌ | 40/47 [00:01<00:00, 27.65it/s, loss=0.218, v_num=]
Epoch 233:  85%|████████▌ | 40/47 [00:01<00:00, 27.64it/s, loss=0.223, v_num=]
Epoch 233: 100%|██████████| 47/47 [00:01<00:00, 25.27it/s, loss=0.228, v_num=]
Epoch 233:   0%|          | 0/47 [00:00<?, ?it/s, loss=0.228, v_num=]         
Epoch 234:   0%|          | 0/47 [00:00<?, ?it/s, loss=0.228, v_num=]
Epoch 234:  43%|████▎     | 20/47 [00:01<00:01, 18.49it/s, loss=0.228, v_num=]
Epoch 234:  43%|████▎     | 20/47 [00:01<00:01, 18.48it/s, loss=0.221, v_num=]
Epoch 234:  85%|████████▌ | 40/47 [00:01<00:00, 25.34it/s, loss=0.221, v_num=]
Epoch 234:  85%|████████▌ | 40/47 [00:01<00:00, 25.33it/s, loss=0.22, v_num=] 
Epoch 234: 100%|██████████| 47/47 [00:01<00:00, 25.55it/s, loss=0.215, v_num=]
Epoch 234:   0%|          | 0/47 [00:00<?, ?it/s, loss=0.215, v_num=]         
Epoch 235:   0%|          | 0/47 [00:00<?, ?it/s, loss=0.215, v_num=]
Epoch 235:  43%|████▎     | 20/47 [00:00<00:00, 28.01it/s, loss=0.215, v_num=]
Epoch 235:  43%|████▎     | 20/47 [00:00<00:00, 27.99it/s, loss=0.215, v_num=]
Epoch 235:  85%|████████▌ | 40/47 [00:01<00:00, 34.49it/s, loss=0.215, v_num=]
Epoch 235:  85%|████████▌ | 40/47 [00:01<00:00, 34.48it/s, loss=0.213, v_num=]
Epoch 235: 100%|██████████| 47/47 [00:01<00:00, 32.58it/s, loss=0.22, v_num=] Evaluating...
NMI : 0.5045764043957808, ARI: 0.12988979479604426, ACC: 0.19717, current K: 4

Epoch 235:   0%|          | 0/47 [00:00<?, ?it/s, loss=0.22, v_num=]         
Epoch 236:   0%|          | 0/47 [00:00<?, ?it/s, loss=0.22, v_num=]/usr/local/lib/python3.13/dist-packages/torch/utils/data/dataloader.py:432: UserWarning: This DataLoader will create 6 worker processes in total. Our suggested max number of worker in current system is 2, which is smaller than what this DataLoader is going to create. Please be aware that excessive worker creation might get DataLoader running slow or even freeze, lower the worker number to avoid potential slowness/freeze if necessary.
  self.check_worker_number_rationality()

Epoch 236:  43%|████▎     | 20/47 [00:00<00:00, 28.54it/s, loss=0.22, v_num=]
Epoch 236:  43%|████▎     | 20/47 [00:00<00:00, 28.52it/s, loss=0.214, v_num=]
Epoch 236:  85%|████████▌ | 40/47 [00:01<00:00, 34.12it/s, loss=0.214, v_num=]
Epoch 236:  85%|████████▌ | 40/47 [00:01<00:00, 34.11it/s, loss=0.221, v_num=]
Epoch 236: 100%|██████████| 47/47 [00:01<00:00, 32.50it/s, loss=0.226, v_num=]
Epoch 236:   0%|          | 0/47 [00:00<?, ?it/s, loss=0.226, v_num=]         
Epoch 237:   0%|          | 0/47 [00:00<?, ?it/s, loss=0.226, v_num=]
Epoch 237:  43%|████▎     | 20/47 [00:00<00:00, 27.80it/s, loss=0.226, v_num=]
Epoch 237:  43%|████▎     | 20/47 [00:00<00:00, 27.77it/s, loss=0.219, v_num=]
Epoch 237:  85%|████████▌ | 40/47 [00:01<00:00, 34.46it/s, loss=0.219, v_num=]
Epoch 237:  85%|████████▌ | 40/47 [00:01<00:00, 34.45it/s, loss=0.219, v_num=]
Epoch 237: 100%|██████████| 47/47 [00:01<00:00, 32.49it/s, loss=0.227, v_num=]
Epoch 237:   0%|          | 0/47 [00:00<?, ?it/s, loss=0.227, v_num=]         
Epoch 238:   0%|          | 0/47 [00:00<?, ?it/s, loss=0.227, v_num=]
Epoch 238:  43%|████▎     | 20/47 [00:00<00:00, 27.30it/s, loss=0.227, v_num=]
Epoch 238:  43%|████▎     | 20/47 [00:00<00:00, 27.28it/s, loss=0.227, v_num=]
Epoch 238:  85%|████████▌ | 40/47 [00:01<00:00, 32.45it/s, loss=0.227, v_num=]
Epoch 238:  85%|████████▌ | 40/47 [00:01<00:00, 32.45it/s, loss=0.217, v_num=]
Epoch 238: 100%|██████████| 47/47 [00:01<00:00, 30.99it/s, loss=0.22, v_num=] 
Epoch 238:   0%|          | 0/47 [00:00<?, ?it/s, loss=0.22, v_num=]         
Epoch 239:   0%|          | 0/47 [00:00<?, ?it/s, loss=0.22, v_num=]
Epoch 239:  43%|████▎     | 20/47 [00:00<00:00, 27.10it/s, loss=0.22, v_num=]
Epoch 239:  43%|████▎     | 20/47 [00:00<00:00, 27.08it/s, loss=0.224, v_num=]
Epoch 239:  85%|████████▌ | 40/47 [00:01<00:00, 33.93it/s, loss=0.224, v_num=]
Epoch 239:  85%|████████▌ | 40/47 [00:01<00:00, 33.92it/s, loss=0.22, v_num=] 
Epoch 239: 100%|██████████| 47/47 [00:01<00:00, 32.01it/s, loss=0.22, v_num=]
Epoch 239:   0%|          | 0/47 [00:00<?, ?it/s, loss=0.22, v_num=]         
Epoch 240:   0%|          | 0/47 [00:00<?, ?it/s, loss=0.22, v_num=]
Epoch 240:  43%|████▎     | 20/47 [00:00<00:00, 28.56it/s, loss=0.22, v_num=]
Epoch 240:  43%|████▎     | 20/47 [00:00<00:00, 28.53it/s, loss=0.221, v_num=]
Epoch 240:  85%|████████▌ | 40/47 [00:01<00:00, 34.47it/s, loss=0.221, v_num=]
Epoch 240:  85%|████████▌ | 40/47 [00:01<00:00, 34.46it/s, loss=0.227, v_num=]
Epoch 240: 100%|██████████| 47/47 [00:01<00:00, 32.86it/s, loss=0.223, v_num=]Evaluating...
NMI : 0.5036808138055926, ARI: 0.12967237156272357, ACC: 0.19717, current K: 4
Epoch 240 | NMI: 0.5037, ARI: 0.1297, ACC: 0.1972, current K: 4
Confusion Matrix:
[[  0   1   1 298   0   0   0   0   0   0   0   0   0   0   0   0   0   0
    0   0]
 [  0   0   1 299   0   0   0   0   0   0   0   0   0   0   0   0   0   0
    0   0]
 [  0   2   2 296   0   0   0   0   0   0   0   0   0   0   0   0   0   0
    0   0]
 [  2   0   2 296   0   0   0   0   0   0   0   0   0   0   0   0   0   0
    0   0]
 [  6   0 294   0   0   0   0   0   0   0   0   0   0   0   0   0   0   0
    0   0]
 [  2   0 298   0   0   0   0   0   0   0   0   0   0   0   0   0   0   0
    0   0]
 [  0   0 300   0   0   0   0   0   0   0   0   0   0   0   0   0   0   0
    0   0]
 [  3   0 297   0   0   0   0   0   0   0   0   0   0   0   0   0   0   0
    0   0]
 [  7 287   5   1   0   0   0   0   0   0   0   0   0   0   0   0   0   0
    0   0]
 [289   5   5   1   0   0   0   0   0   0   0   0   0   0   0   0   0   0
    0   0]
 [ 10 285   2   3   0   0   0   0   0   0   0   0   0   0   0   0   0   0
    0   0]
 [297   1   1   1   0   0   0   0   0   0   0   0   0   0   0   0   0   0
    0   0]
 [  0   0 300   0   0   0   0   0   0   0   0   0   0   0   0   0   0   0
    0   0]
 [  0   0 300   0   0   0   0   0   0   0   0   0   0   0   0   0   0   0
    0   0]
 [  0   0 300   0   0   0   0   0   0   0   0   0   0   0   0   0   0   0
    0   0]
 [  0   0 300   0   0   0   0   0   0   0   0   0   0   0   0   0   0   0
    0   0]
 [  1   0 298   1   0   0   0   0   0   0   0   0   0   0   0   0   0   0
    0   0]
 [  0   0 300   0   0   0   0   0   0   0   0   0   0   0   0   0   0   0
    0   0]
 [  0   0 300   0   0   0   0   0   0   0   0   0   0   0   0   0   0   0
    0   0]
 [  0   0 300   0   0   0   0   0   0   0   0   0   0   0   0   0   0   0
    0   0]]

Epoch 240:   0%|          | 0/47 [00:00<?, ?it/s, loss=0.223, v_num=]         
Epoch 241:   0%|          | 0/47 [00:00<?, ?it/s, loss=0.223, v_num=]/usr/local/lib/python3.13/dist-packages/torch/utils/data/dataloader.py:432: UserWarning: This DataLoader will create 6 worker processes in total. Our suggested max number of worker in current system is 2, which is smaller than what this DataLoader is going to create. Please be aware that excessive worker creation might get DataLoader running slow or even freeze, lower the worker number to avoid potential slowness/freeze if necessary.
  self.check_worker_number_rationality()

Epoch 241:  43%|████▎     | 20/47 [00:00<00:01, 24.06it/s, loss=0.223, v_num=]
Epoch 241:  43%|████▎     | 20/47 [00:00<00:01, 24.04it/s, loss=0.22, v_num=] 
Epoch 241:  85%|████████▌ | 40/47 [00:01<00:00, 28.54it/s, loss=0.22, v_num=]
Epoch 241:  85%|████████▌ | 40/47 [00:01<00:00, 28.53it/s, loss=0.22, v_num=]
Epoch 241: 100%|██████████| 47/47 [00:01<00:00, 26.07it/s, loss=0.22, v_num=]
Epoch 241:   0%|          | 0/47 [00:00<?, ?it/s, loss=0.22, v_num=]         
Epoch 242:   0%|          | 0/47 [00:00<?, ?it/s, loss=0.22, v_num=]
Epoch 242:  43%|████▎     | 20/47 [00:00<00:01, 20.10it/s, loss=0.22, v_num=]
Epoch 242:  43%|████▎     | 20/47 [00:00<00:01, 20.08it/s, loss=0.222, v_num=]
Epoch 242:  85%|████████▌ | 40/47 [00:01<00:00, 25.32it/s, loss=0.222, v_num=]
Epoch 242:  85%|████████▌ | 40/47 [00:01<00:00, 25.32it/s, loss=0.212, v_num=]
Epoch 242: 100%|██████████| 47/47 [00:01<00:00, 25.38it/s, loss=0.224, v_num=]
Epoch 242:   0%|          | 0/47 [00:00<?, ?it/s, loss=0.224, v_num=]         
Epoch 243:   0%|          | 0/47 [00:00<?, ?it/s, loss=0.224, v_num=]
Epoch 243:  43%|████▎     | 20/47 [00:00<00:00, 27.33it/s, loss=0.224, v_num=]
Epoch 243:  43%|████▎     | 20/47 [00:00<00:00, 27.30it/s, loss=0.216, v_num=]
Epoch 243:  85%|████████▌ | 40/47 [00:01<00:00, 33.36it/s, loss=0.216, v_num=]
Epoch 243:  85%|████████▌ | 40/47 [00:01<00:00, 33.35it/s, loss=0.219, v_num=]
Epoch 243: 100%|██████████| 47/47 [00:01<00:00, 31.66it/s, loss=0.222, v_num=]
Epoch 243:   0%|          | 0/47 [00:00<?, ?it/s, loss=0.222, v_num=]         
Epoch 244:   0%|          | 0/47 [00:00<?, ?it/s, loss=0.222, v_num=]
Epoch 244:  43%|████▎     | 20/47 [00:00<00:01, 26.49it/s, loss=0.222, v_num=]
Epoch 244:  43%|████▎     | 20/47 [00:00<00:01, 26.47it/s, loss=0.223, v_num=]
Epoch 244:  85%|████████▌ | 40/47 [00:01<00:00, 32.94it/s, loss=0.223, v_num=]
Epoch 244:  85%|████████▌ | 40/47 [00:01<00:00, 32.93it/s, loss=0.214, v_num=]
Epoch 244: 100%|██████████| 47/47 [00:01<00:00, 31.80it/s, loss=0.214, v_num=]
Epoch 244:   0%|          | 0/47 [00:00<?, ?it/s, loss=0.214, v_num=]         
Epoch 245:   0%|          | 0/47 [00:00<?, ?it/s, loss=0.214, v_num=]
Epoch 245:  43%|████▎     | 20/47 [00:00<00:01, 26.34it/s, loss=0.214, v_num=]
Epoch 245:  43%|████▎     | 20/47 [00:00<00:01, 26.31it/s, loss=0.218, v_num=]
Epoch 245:  85%|████████▌ | 40/47 [00:01<00:00, 32.35it/s, loss=0.218, v_num=]
Epoch 245:  85%|████████▌ | 40/47 [00:01<00:00, 32.34it/s, loss=0.216, v_num=]
Epoch 245: 100%|██████████| 47/47 [00:01<00:00, 31.03it/s, loss=0.218, v_num=]Evaluating...
NMI : 0.5044130376285951, ARI: 0.12990315110706893, ACC: 0.19733, current K: 4

Epoch 245:   0%|          | 0/47 [00:00<?, ?it/s, loss=0.218, v_num=]         
Epoch 246:   0%|          | 0/47 [00:00<?, ?it/s, loss=0.218, v_num=]/usr/local/lib/python3.13/dist-packages/torch/utils/data/dataloader.py:432: UserWarning: This DataLoader will create 6 worker processes in total. Our suggested max number of worker in current system is 2, which is smaller than what this DataLoader is going to create. Please be aware that excessive worker creation might get DataLoader running slow or even freeze, lower the worker number to avoid potential slowness/freeze if necessary.
  self.check_worker_number_rationality()

Epoch 246:  43%|████▎     | 20/47 [00:00<00:00, 28.55it/s, loss=0.218, v_num=]
Epoch 246:  43%|████▎     | 20/47 [00:00<00:00, 28.53it/s, loss=0.215, v_num=]
Epoch 246:  85%|████████▌ | 40/47 [00:01<00:00, 34.59it/s, loss=0.215, v_num=]
Epoch 246:  85%|████████▌ | 40/47 [00:01<00:00, 34.58it/s, loss=0.224, v_num=]
Epoch 246: 100%|██████████| 47/47 [00:01<00:00, 32.84it/s, loss=0.219, v_num=]
Epoch 246:   0%|          | 0/47 [00:00<?, ?it/s, loss=0.219, v_num=]         
Epoch 247:   0%|          | 0/47 [00:00<?, ?it/s, loss=0.219, v_num=]
Epoch 247:  43%|████▎     | 20/47 [00:00<00:00, 27.46it/s, loss=0.219, v_num=]
Epoch 247:  43%|████▎     | 20/47 [00:00<00:00, 27.43it/s, loss=0.223, v_num=]
Epoch 247:  85%|████████▌ | 40/47 [00:01<00:00, 33.96it/s, loss=0.223, v_num=]
Epoch 247:  85%|████████▌ | 40/47 [00:01<00:00, 33.95it/s, loss=0.214, v_num=]
Epoch 247: 100%|██████████| 47/47 [00:01<00:00, 32.21it/s, loss=0.217, v_num=]
Epoch 247:   0%|          | 0/47 [00:00<?, ?it/s, loss=0.217, v_num=]         
Epoch 248:   0%|          | 0/47 [00:00<?, ?it/s, loss=0.217, v_num=]
Epoch 248:  43%|████▎     | 20/47 [00:00<00:00, 28.79it/s, loss=0.217, v_num=]
Epoch 248:  43%|████▎     | 20/47 [00:00<00:00, 28.77it/s, loss=0.217, v_num=]
Epoch 248:  85%|████████▌ | 40/47 [00:01<00:00, 34.08it/s, loss=0.217, v_num=]
Epoch 248:  85%|████████▌ | 40/47 [00:01<00:00, 34.07it/s, loss=0.215, v_num=]
Epoch 248: 100%|██████████| 47/47 [00:01<00:00, 31.46it/s, loss=0.219, v_num=]
Epoch 248:   0%|          | 0/47 [00:00<?, ?it/s, loss=0.219, v_num=]         
Epoch 249:   0%|          | 0/47 [00:00<?, ?it/s, loss=0.219, v_num=]
Epoch 249:  43%|████▎     | 20/47 [00:00<00:01, 23.90it/s, loss=0.219, v_num=]
Epoch 249:  43%|████▎     | 20/47 [00:00<00:01, 23.88it/s, loss=0.223, v_num=]
Epoch 249:  85%|████████▌ | 40/47 [00:01<00:00, 28.33it/s, loss=0.223, v_num=]
Epoch 249:  85%|████████▌ | 40/47 [00:01<00:00, 28.32it/s, loss=0.22, v_num=] 
Epoch 249: 100%|██████████| 47/47 [00:01<00:00, 26.02it/s, loss=0.215, v_num=]
Epoch 249:   0%|          | 0/47 [00:00<?, ?it/s, loss=0.215, v_num=]         
Epoch 250:   0%|          | 0/47 [00:00<?, ?it/s, loss=0.215, v_num=]
Epoch 250:  43%|████▎     | 20/47 [00:01<00:01, 19.77it/s, loss=0.215, v_num=]
Epoch 250:  43%|████▎     | 20/47 [00:01<00:01, 19.75it/s, loss=0.225, v_num=]
Epoch 250:  85%|████████▌ | 40/47 [00:01<00:00, 24.55it/s, loss=0.225, v_num=]
Epoch 250:  85%|████████▌ | 40/47 [00:01<00:00, 24.54it/s, loss=0.218, v_num=]
Epoch 250: 100%|██████████| 47/47 [00:01<00:00, 24.58it/s, loss=0.223, v_num=]Evaluating...
NMI : 0.5042897520475078, ARI: 0.12984892917321433, ACC: 0.19733, current K: 4
Epoch 250 | NMI: 0.5043, ARI: 0.1298, ACC: 0.1973, current K: 4
Confusion Matrix:
[[  0   1   1 298   0   0   0   0   0   0   0   0   0   0   0   0   0   0
    0   0]
 [  0   0   1 299   0   0   0   0   0   0   0   0   0   0   0   0   0   0
    0   0]
 [  0   2   2 296   0   0   0   0   0   0   0   0   0   0   0   0   0   0
    0   0]
 [  2   0   2 296   0   0   0   0   0   0   0   0   0   0   0   0   0   0
    0   0]
 [  6   0 294   0   0   0   0   0   0   0   0   0   0   0   0   0   0   0
    0   0]
 [  2   0 298   0   0   0   0   0   0   0   0   0   0   0   0   0   0   0
    0   0]
 [  0   0 300   0   0   0   0   0   0   0   0   0   0   0   0   0   0   0
    0   0]
 [  3   0 297   0   0   0   0   0   0   0   0   0   0   0   0   0   0   0
    0   0]
 [  7 288   4   1   0   0   0   0   0   0   0   0   0   0   0   0   0   0
    0   0]
 [289   5   5   1   0   0   0   0   0   0   0   0   0   0   0   0   0   0
    0   0]
 [ 11 285   2   2   0   0   0   0   0   0   0   0   0   0   0   0   0   0
    0   0]
 [297   1   1   1   0   0   0   0   0   0   0   0   0   0   0   0   0   0
    0   0]
 [  0   0 300   0   0   0   0   0   0   0   0   0   0   0   0   0   0   0
    0   0]
 [  0   0 300   0   0   0   0   0   0   0   0   0   0   0   0   0   0   0
    0   0]
 [  0   0 300   0   0   0   0   0   0   0   0   0   0   0   0   0   0   0
    0   0]
 [  0   0 300   0   0   0   0   0   0   0   0   0   0   0   0   0   0   0
    0   0]
 [  1   0 298   1   0   0   0   0   0   0   0   0   0   0   0   0   0   0
    0   0]
 [  0   0 300   0   0   0   0   0   0   0   0   0   0   0   0   0   0   0
    0   0]
 [  0   0 300   0   0   0   0   0   0   0   0   0   0   0   0   0   0   0
    0   0]
 [  0   0 300   0   0   0   0   0   0   0   0   0   0   0   0   0   0   0
    0   0]]

Epoch 250:   0%|          | 0/47 [00:00<?, ?it/s, loss=0.223, v_num=]         
Epoch 251:   0%|          | 0/47 [00:00<?, ?it/s, loss=0.223, v_num=]/usr/local/lib/python3.13/dist-packages/torch/utils/data/dataloader.py:432: UserWarning: This DataLoader will create 6 worker processes in total. Our suggested max number of worker in current system is 2, which is smaller than what this DataLoader is going to create. Please be aware that excessive worker creation might get DataLoader running slow or even freeze, lower the worker number to avoid potential slowness/freeze if necessary.
  self.check_worker_number_rationality()

Epoch 251:  43%|████▎     | 20/47 [00:00<00:01, 26.34it/s, loss=0.223, v_num=]
Epoch 251:  43%|████▎     | 20/47 [00:00<00:01, 26.31it/s, loss=0.211, v_num=]
Epoch 251:  85%|████████▌ | 40/47 [00:01<00:00, 32.34it/s, loss=0.211, v_num=]
Epoch 251:  85%|████████▌ | 40/47 [00:01<00:00, 32.33it/s, loss=0.22, v_num=] 
Epoch 251: 100%|██████████| 47/47 [00:01<00:00, 31.30it/s, loss=0.224, v_num=]
Epoch 251:   0%|          | 0/47 [00:00<?, ?it/s, loss=0.224, v_num=]         
Epoch 252:   0%|          | 0/47 [00:00<?, ?it/s, loss=0.224, v_num=]
Epoch 252:  43%|████▎     | 20/47 [00:00<00:00, 28.14it/s, loss=0.224, v_num=]
Epoch 252:  43%|████▎     | 20/47 [00:00<00:00, 28.12it/s, loss=0.227, v_num=]
Epoch 252:  85%|████████▌ | 40/47 [00:01<00:00, 34.39it/s, loss=0.227, v_num=]
Epoch 252:  85%|████████▌ | 40/47 [00:01<00:00, 34.38it/s, loss=0.218, v_num=]
Epoch 252: 100%|██████████| 47/47 [00:01<00:00, 32.59it/s, loss=0.216, v_num=]
Epoch 252:   0%|          | 0/47 [00:00<?, ?it/s, loss=0.216, v_num=]         
Epoch 253:   0%|          | 0/47 [00:00<?, ?it/s, loss=0.216, v_num=]
Epoch 253:  43%|████▎     | 20/47 [00:00<00:00, 28.96it/s, loss=0.216, v_num=]
Epoch 253:  43%|████▎     | 20/47 [00:00<00:00, 28.93it/s, loss=0.227, v_num=]
Epoch 253:  85%|████████▌ | 40/47 [00:01<00:00, 34.78it/s, loss=0.227, v_num=]
Epoch 253:  85%|████████▌ | 40/47 [00:01<00:00, 34.77it/s, loss=0.216, v_num=]
Epoch 253: 100%|██████████| 47/47 [00:01<00:00, 33.27it/s, loss=0.222, v_num=]
Epoch 253:   0%|          | 0/47 [00:00<?, ?it/s, loss=0.222, v_num=]         
Epoch 254:   0%|          | 0/47 [00:00<?, ?it/s, loss=0.222, v_num=]
Epoch 254:  43%|████▎     | 20/47 [00:00<00:00, 28.06it/s, loss=0.222, v_num=]
Epoch 254:  43%|████▎     | 20/47 [00:00<00:00, 28.04it/s, loss=0.219, v_num=]
Epoch 254:  85%|████████▌ | 40/47 [00:01<00:00, 34.20it/s, loss=0.219, v_num=]
Epoch 254:  85%|████████▌ | 40/47 [00:01<00:00, 34.19it/s, loss=0.219, v_num=]
Epoch 254: 100%|██████████| 47/47 [00:01<00:00, 32.19it/s, loss=0.222, v_num=]
Epoch 254:   0%|          | 0/47 [00:00<?, ?it/s, loss=0.222, v_num=]         
Epoch 255:   0%|          | 0/47 [00:00<?, ?it/s, loss=0.222, v_num=]
Epoch 255:  43%|████▎     | 20/47 [00:00<00:00, 28.46it/s, loss=0.222, v_num=]
Epoch 255:  43%|████▎     | 20/47 [00:00<00:00, 28.44it/s, loss=0.222, v_num=]
Epoch 255:  85%|████████▌ | 40/47 [00:01<00:00, 34.39it/s, loss=0.222, v_num=]
Epoch 255:  85%|████████▌ | 40/47 [00:01<00:00, 34.38it/s, loss=0.218, v_num=]
Epoch 255: 100%|██████████| 47/47 [00:01<00:00, 32.56it/s, loss=0.218, v_num=]/content/DeepDPM-New/src/clustering_models/clusternet_modules/clusternetasmodel.py:682: UserWarning: To copy construct from a tensor, it is recommended to use sourceTensor.detach().clone() or sourceTensor.detach().clone().requires_grad_(True), rather than torch.tensor(sourceTensor).
  mus_ind_to_split = torch.nonzero(torch.tensor(split_decisions), as_tuple=False)
Splitting clusters [2 3]
Evaluating...
NMI : 0.5038321880374308, ARI: 0.12970526864651605, ACC: 0.19733, current K: 4
[Split] K updated → 6 clusters
  [Epoch 255] losses at split → cluster_loss=0.0071, subcluster_loss=0.4321

Epoch 255:   0%|          | 0/47 [00:00<?, ?it/s, loss=0.218, v_num=]         
Epoch 256:   0%|          | 0/47 [00:00<?, ?it/s, loss=0.218, v_num=]/usr/local/lib/python3.13/dist-packages/torch/utils/data/dataloader.py:432: UserWarning: This DataLoader will create 6 worker processes in total. Our suggested max number of worker in current system is 2, which is smaller than what this DataLoader is going to create. Please be aware that excessive worker creation might get DataLoader running slow or even freeze, lower the worker number to avoid potential slowness/freeze if necessary.
  self.check_worker_number_rationality()

Epoch 256:  43%|████▎     | 20/47 [00:00<00:01, 23.96it/s, loss=0.218, v_num=]
Epoch 256:  43%|████▎     | 20/47 [00:00<00:01, 23.94it/s, loss=0.601, v_num=]
Epoch 256:  85%|████████▌ | 40/47 [00:01<00:00, 28.77it/s, loss=0.601, v_num=]
Epoch 256:  85%|████████▌ | 40/47 [00:01<00:00, 28.76it/s, loss=0.476, v_num=]
Epoch 256: 100%|██████████| 47/47 [00:01<00:00, 27.58it/s, loss=0.458, v_num=]
Epoch 256:   0%|          | 0/47 [00:00<?, ?it/s, loss=0.458, v_num=]         
Epoch 257:   0%|          | 0/47 [00:00<?, ?it/s, loss=0.458, v_num=]
Epoch 257:  43%|████▎     | 20/47 [00:01<00:01, 18.98it/s, loss=0.458, v_num=]
Epoch 257:  43%|████▎     | 20/47 [00:01<00:01, 18.97it/s, loss=0.342, v_num=]
Epoch 257:  85%|████████▌ | 40/47 [00:01<00:00, 22.08it/s, loss=0.342, v_num=]
Epoch 257:  85%|████████▌ | 40/47 [00:01<00:00, 22.08it/s, loss=0.274, v_num=]
Epoch 257: 100%|██████████| 47/47 [00:02<00:00, 20.66it/s, loss=0.253, v_num=]
Epoch 257:   0%|          | 0/47 [00:00<?, ?it/s, loss=0.253, v_num=]         
Epoch 258:   0%|          | 0/47 [00:00<?, ?it/s, loss=0.253, v_num=]
Epoch 258:  43%|████▎     | 20/47 [00:01<00:01, 16.22it/s, loss=0.253, v_num=]
Epoch 258:  43%|████▎     | 20/47 [00:01<00:01, 16.21it/s, loss=0.234, v_num=]
Epoch 258:  85%|████████▌ | 40/47 [00:01<00:00, 22.21it/s, loss=0.234, v_num=]
Epoch 258:  85%|████████▌ | 40/47 [00:01<00:00, 22.20it/s, loss=0.209, v_num=]
Epoch 258: 100%|██████████| 47/47 [00:02<00:00, 22.37it/s, loss=0.208, v_num=]
Epoch 258:   0%|          | 0/47 [00:00<?, ?it/s, loss=0.208, v_num=]         
Epoch 259:   0%|          | 0/47 [00:00<?, ?it/s, loss=0.208, v_num=]
Epoch 259:  43%|████▎     | 20/47 [00:00<00:01, 24.74it/s, loss=0.208, v_num=]
Epoch 259:  43%|████▎     | 20/47 [00:00<00:01, 24.72it/s, loss=0.187, v_num=]
Epoch 259:  85%|████████▌ | 40/47 [00:01<00:00, 29.41it/s, loss=0.187, v_num=]
Epoch 259:  85%|████████▌ | 40/47 [00:01<00:00, 29.40it/s, loss=0.177, v_num=]
Epoch 259: 100%|██████████| 47/47 [00:01<00:00, 28.12it/s, loss=0.171, v_num=]
Epoch 259:   0%|          | 0/47 [00:00<?, ?it/s, loss=0.171, v_num=]         
Epoch 260:   0%|          | 0/47 [00:00<?, ?it/s, loss=0.171, v_num=]
Epoch 260:  43%|████▎     | 20/47 [00:00<00:01, 24.10it/s, loss=0.171, v_num=]
Epoch 260:  43%|████▎     | 20/47 [00:00<00:01, 24.08it/s, loss=0.171, v_num=]
Epoch 260:  85%|████████▌ | 40/47 [00:01<00:00, 28.19it/s, loss=0.171, v_num=]
Epoch 260:  85%|████████▌ | 40/47 [00:01<00:00, 28.19it/s, loss=0.155, v_num=]
Epoch 260: 100%|██████████| 47/47 [00:01<00:00, 27.27it/s, loss=0.146, v_num=]Evaluating...
NMI : 0.6643223598197968, ARI: 0.2735792224198263, ACC: 0.29667, current K: 6
Epoch 260 | NMI: 0.6643, ARI: 0.2736, ACC: 0.2967, current K: 6
Confusion Matrix:
[[  0   1   1   0   0 298   0   0   0   0   0   0   0   0   0   0   0   0
    0   0]
 [  0   0   1   0 299   0   0   0   0   0   0   0   0   0   0   0   0   0
    0   0]
 [  0   2   1   0   1 296   0   0   0   0   0   0   0   0   0   0   0   0
    0   0]
 [  2   0   1   1 296   0   0   0   0   0   0   0   0   0   0   0   0   0
    0   0]
 [  6   0   7 287   0   0   0   0   0   0   0   0   0   0   0   0   0   0
    0   0]
 [  2   0   1 297   0   0   0   0   0   0   0   0   0   0   0   0   0   0
    0   0]
 [  0   0   3 297   0   0   0   0   0   0   0   0   0   0   0   0   0   0
    0   0]
 [  3   0   0 297   0   0   0   0   0   0   0   0   0   0   0   0   0   0
    0   0]
 [  7 289   3   1   0   0   0   0   0   0   0   0   0   0   0   0   0   0
    0   0]
 [290   5   3   1   1   0   0   0   0   0   0   0   0   0   0   0   0   0
    0   0]
 [ 12 284   1   1   2   0   0   0   0   0   0   0   0   0   0   0   0   0
    0   0]
 [297   1   0   1   1   0   0   0   0   0   0   0   0   0   0   0   0   0
    0   0]
 [  0   0 300   0   0   0   0   0   0   0   0   0   0   0   0   0   0   0
    0   0]
 [  0   0 300   0   0   0   0   0   0   0   0   0   0   0   0   0   0   0
    0   0]
 [  0   0 299   1   0   0   0   0   0   0   0   0   0   0   0   0   0   0
    0   0]
 [  0   0 299   1   0   0   0   0   0   0   0   0   0   0   0   0   0   0
    0   0]
 [  1   0 296   2   0   1   0   0   0   0   0   0   0   0   0   0   0   0
    0   0]
 [  0   0 297   3   0   0   0   0   0   0   0   0   0   0   0   0   0   0
    0   0]
 [  0   0 299   1   0   0   0   0   0   0   0   0   0   0   0   0   0   0
    0   0]
 [  0   0 297   3   0   0   0   0   0   0   0   0   0   0   0   0   0   0
    0   0]]

Epoch 260:   0%|          | 0/47 [00:00<?, ?it/s, loss=0.146, v_num=]         
Epoch 261:   0%|          | 0/47 [00:00<?, ?it/s, loss=0.146, v_num=]/usr/local/lib/python3.13/dist-packages/torch/utils/data/dataloader.py:432: UserWarning: This DataLoader will create 6 worker processes in total. Our suggested max number of worker in current system is 2, which is smaller than what this DataLoader is going to create. Please be aware that excessive worker creation might get DataLoader running slow or even freeze, lower the worker number to avoid potential slowness/freeze if necessary.
  self.check_worker_number_rationality()

Epoch 261:  43%|████▎     | 20/47 [00:00<00:01, 23.82it/s, loss=0.146, v_num=]
Epoch 261:  43%|████▎     | 20/47 [00:00<00:01, 23.80it/s, loss=0.152, v_num=]
Epoch 261:  85%|████████▌ | 40/47 [00:01<00:00, 28.53it/s, loss=0.152, v_num=]
Epoch 261:  85%|████████▌ | 40/47 [00:01<00:00, 28.52it/s, loss=0.143, v_num=]
Epoch 261: 100%|██████████| 47/47 [00:01<00:00, 27.52it/s, loss=0.142, v_num=]
Epoch 261:   0%|          | 0/47 [00:00<?, ?it/s, loss=0.142, v_num=]         
Epoch 262:   0%|          | 0/47 [00:00<?, ?it/s, loss=0.142, v_num=]
Epoch 262:  43%|████▎     | 20/47 [00:00<00:01, 24.18it/s, loss=0.142, v_num=]
Epoch 262:  43%|████▎     | 20/47 [00:00<00:01, 24.16it/s, loss=0.141, v_num=]
Epoch 262:  85%|████████▌ | 40/47 [00:01<00:00, 29.15it/s, loss=0.141, v_num=]
Epoch 262:  85%|████████▌ | 40/47 [00:01<00:00, 29.14it/s, loss=0.135, v_num=]
Epoch 262: 100%|██████████| 47/47 [00:01<00:00, 27.65it/s, loss=0.131, v_num=]
Epoch 262:   0%|          | 0/47 [00:00<?, ?it/s, loss=0.131, v_num=]         
Epoch 263:   0%|          | 0/47 [00:00<?, ?it/s, loss=0.131, v_num=]
Epoch 263:  43%|████▎     | 20/47 [00:00<00:01, 24.51it/s, loss=0.131, v_num=]
Epoch 263:  43%|████▎     | 20/47 [00:00<00:01, 24.49it/s, loss=0.131, v_num=]
Epoch 263:  85%|████████▌ | 40/47 [00:01<00:00, 28.39it/s, loss=0.131, v_num=]
Epoch 263:  85%|████████▌ | 40/47 [00:01<00:00, 28.38it/s, loss=0.128, v_num=]
Epoch 263: 100%|██████████| 47/47 [00:01<00:00, 27.40it/s, loss=0.13, v_num=] 
Epoch 263:   0%|          | 0/47 [00:00<?, ?it/s, loss=0.13, v_num=]         
Epoch 264:   0%|          | 0/47 [00:00<?, ?it/s, loss=0.13, v_num=]
Epoch 264:  43%|████▎     | 20/47 [00:01<00:01, 19.92it/s, loss=0.13, v_num=]
Epoch 264:  43%|████▎     | 20/47 [00:01<00:01, 19.90it/s, loss=0.131, v_num=]
Epoch 264:  85%|████████▌ | 40/47 [00:01<00:00, 23.15it/s, loss=0.131, v_num=]
Epoch 264:  85%|████████▌ | 40/47 [00:01<00:00, 23.14it/s, loss=0.127, v_num=]
Epoch 264: 100%|██████████| 47/47 [00:02<00:00, 21.46it/s, loss=0.127, v_num=]
Epoch 264:   0%|          | 0/47 [00:00<?, ?it/s, loss=0.127, v_num=]         
Epoch 265:   0%|          | 0/47 [00:00<?, ?it/s, loss=0.127, v_num=]
Epoch 265:  43%|████▎     | 20/47 [00:01<00:01, 16.88it/s, loss=0.127, v_num=]
Epoch 265:  43%|████▎     | 20/47 [00:01<00:01, 16.87it/s, loss=0.127, v_num=]
Epoch 265:  85%|████████▌ | 40/47 [00:01<00:00, 22.87it/s, loss=0.127, v_num=]
Epoch 265:  85%|████████▌ | 40/47 [00:01<00:00, 22.87it/s, loss=0.123, v_num=]
Epoch 265: 100%|██████████| 47/47 [00:02<00:00, 22.80it/s, loss=0.128, v_num=]Evaluating...
NMI : 0.66169743191398, ARI: 0.274121975074646, ACC: 0.296, current K: 6

Epoch 265:   0%|          | 0/47 [00:00<?, ?it/s, loss=0.128, v_num=]         
Epoch 266:   0%|          | 0/47 [00:00<?, ?it/s, loss=0.128, v_num=]/usr/local/lib/python3.13/dist-packages/torch/utils/data/dataloader.py:432: UserWarning: This DataLoader will create 6 worker processes in total. Our suggested max number of worker in current system is 2, which is smaller than what this DataLoader is going to create. Please be aware that excessive worker creation might get DataLoader running slow or even freeze, lower the worker number to avoid potential slowness/freeze if necessary.
  self.check_worker_number_rationality()

Epoch 266:  43%|████▎     | 20/47 [00:00<00:01, 24.32it/s, loss=0.128, v_num=]
Epoch 266:  43%|████▎     | 20/47 [00:00<00:01, 24.30it/s, loss=0.125, v_num=]
Epoch 266:  85%|████████▌ | 40/47 [00:01<00:00, 28.96it/s, loss=0.125, v_num=]
Epoch 266:  85%|████████▌ | 40/47 [00:01<00:00, 28.96it/s, loss=0.125, v_num=]
Epoch 266: 100%|██████████| 47/47 [00:01<00:00, 27.90it/s, loss=0.122, v_num=]
Epoch 266:   0%|          | 0/47 [00:00<?, ?it/s, loss=0.122, v_num=]         
Epoch 267:   0%|          | 0/47 [00:00<?, ?it/s, loss=0.122, v_num=]
Epoch 267:  43%|████▎     | 20/47 [00:00<00:01, 24.58it/s, loss=0.122, v_num=]
Epoch 267:  43%|████▎     | 20/47 [00:00<00:01, 24.55it/s, loss=0.126, v_num=]
Epoch 267:  85%|████████▌ | 40/47 [00:01<00:00, 29.13it/s, loss=0.126, v_num=]
Epoch 267:  85%|████████▌ | 40/47 [00:01<00:00, 29.12it/s, loss=0.125, v_num=]
Epoch 267: 100%|██████████| 47/47 [00:01<00:00, 27.80it/s, loss=0.129, v_num=]
Epoch 267:   0%|          | 0/47 [00:00<?, ?it/s, loss=0.129, v_num=]         
Epoch 268:   0%|          | 0/47 [00:00<?, ?it/s, loss=0.129, v_num=]
Epoch 268:  43%|████▎     | 20/47 [00:00<00:01, 24.68it/s, loss=0.129, v_num=]
Epoch 268:  43%|████▎     | 20/47 [00:00<00:01, 24.66it/s, loss=0.126, v_num=]
Epoch 268:  85%|████████▌ | 40/47 [00:01<00:00, 29.04it/s, loss=0.126, v_num=]
Epoch 268:  85%|████████▌ | 40/47 [00:01<00:00, 29.03it/s, loss=0.118, v_num=]
Epoch 268: 100%|██████████| 47/47 [00:01<00:00, 27.91it/s, loss=0.125, v_num=]
Epoch 268:   0%|          | 0/47 [00:00<?, ?it/s, loss=0.125, v_num=]         
Epoch 269:   0%|          | 0/47 [00:00<?, ?it/s, loss=0.125, v_num=]
Epoch 269:  43%|████▎     | 20/47 [00:00<00:01, 24.51it/s, loss=0.125, v_num=]
Epoch 269:  43%|████▎     | 20/47 [00:00<00:01, 24.49it/s, loss=0.117, v_num=]
Epoch 269:  85%|████████▌ | 40/47 [00:01<00:00, 29.07it/s, loss=0.117, v_num=]
Epoch 269:  85%|████████▌ | 40/47 [00:01<00:00, 29.07it/s, loss=0.121, v_num=]
Epoch 269: 100%|██████████| 47/47 [00:01<00:00, 27.92it/s, loss=0.126, v_num=]
Epoch 269:   0%|          | 0/47 [00:00<?, ?it/s, loss=0.126, v_num=]         
Epoch 270:   0%|          | 0/47 [00:00<?, ?it/s, loss=0.126, v_num=]
Epoch 270:  43%|████▎     | 20/47 [00:00<00:01, 24.18it/s, loss=0.126, v_num=]
Epoch 270:  43%|████▎     | 20/47 [00:00<00:01, 24.16it/s, loss=0.12, v_num=] 
Epoch 270:  85%|████████▌ | 40/47 [00:01<00:00, 28.93it/s, loss=0.12, v_num=]
Epoch 270:  85%|████████▌ | 40/47 [00:01<00:00, 28.92it/s, loss=0.119, v_num=]
Epoch 270: 100%|██████████| 47/47 [00:01<00:00, 27.08it/s, loss=0.122, v_num=]Evaluating...
NMI : 0.6627674797172719, ARI: 0.27443220695972853, ACC: 0.296, current K: 6
Epoch 270 | NMI: 0.6628, ARI: 0.2744, ACC: 0.2960, current K: 6
Confusion Matrix:
[[  0   0   1   0   0 299   0   0   0   0   0   0   0   0   0   0   0   0
    0   0]
 [  0   0   1   0 299   0   0   0   0   0   0   0   0   0   0   0   0   0
    0   0]
 [  0   2   1   0   0 297   0   0   0   0   0   0   0   0   0   0   0   0
    0   0]
 [  2   0   1   1 296   0   0   0   0   0   0   0   0   0   0   0   0   0
    0   0]
 [  4   0   2 294   0   0   0   0   0   0   0   0   0   0   0   0   0   0
    0   0]
 [  1   0   1 298   0   0   0   0   0   0   0   0   0   0   0   0   0   0
    0   0]
 [  0   0   1 299   0   0   0   0   0   0   0   0   0   0   0   0   0   0
    0   0]
 [  2   0   0 298   0   0   0   0   0   0   0   0   0   0   0   0   0   0
    0   0]
 [  7 286   4   1   0   2   0   0   0   0   0   0   0   0   0   0   0   0
    0   0]
 [290   5   3   1   1   0   0   0   0   0   0   0   0   0   0   0   0   0
    0   0]
 [  9 284   1   2   1   3   0   0   0   0   0   0   0   0   0   0   0   0
    0   0]
 [295   2   0   2   1   0   0   0   0   0   0   0   0   0   0   0   0   0
    0   0]
 [  0   0 298   2   0   0   0   0   0   0   0   0   0   0   0   0   0   0
    0   0]
 [  0   0 298   2   0   0   0   0   0   0   0   0   0   0   0   0   0   0
    0   0]
 [  0   0 298   2   0   0   0   0   0   0   0   0   0   0   0   0   0   0
    0   0]
 [  0   0 298   2   0   0   0   0   0   0   0   0   0   0   0   0   0   0
    0   0]
 [  1   0 296   2   0   1   0   0   0   0   0   0   0   0   0   0   0   0
    0   0]
 [  0   0 297   2   1   0   0   0   0   0   0   0   0   0   0   0   0   0
    0   0]
 [  0   0 297   3   0   0   0   0   0   0   0   0   0   0   0   0   0   0
    0   0]
 [  0   0 295   5   0   0   0   0   0   0   0   0   0   0   0   0   0   0
    0   0]]

Epoch 270:   0%|          | 0/47 [00:00<?, ?it/s, loss=0.122, v_num=]         
Epoch 271:   0%|          | 0/47 [00:00<?, ?it/s, loss=0.122, v_num=]/usr/local/lib/python3.13/dist-packages/torch/utils/data/dataloader.py:432: UserWarning: This DataLoader will create 6 worker processes in total. Our suggested max number of worker in current system is 2, which is smaller than what this DataLoader is going to create. Please be aware that excessive worker creation might get DataLoader running slow or even freeze, lower the worker number to avoid potential slowness/freeze if necessary.
  self.check_worker_number_rationality()

Epoch 271:  43%|████▎     | 20/47 [00:01<00:01, 18.94it/s, loss=0.122, v_num=]
Epoch 271:  43%|████▎     | 20/47 [00:01<00:01, 18.93it/s, loss=0.121, v_num=]
Epoch 271:  85%|████████▌ | 40/47 [00:01<00:00, 23.28it/s, loss=0.121, v_num=]
Epoch 271:  85%|████████▌ | 40/47 [00:01<00:00, 23.28it/s, loss=0.118, v_num=]
Epoch 271: 100%|██████████| 47/47 [00:02<00:00, 21.38it/s, loss=0.122, v_num=]
Epoch 271:   0%|          | 0/47 [00:00<?, ?it/s, loss=0.122, v_num=]         
Epoch 272:   0%|          | 0/47 [00:00<?, ?it/s, loss=0.122, v_num=]
Epoch 272:  43%|████▎     | 20/47 [00:01<00:01, 17.62it/s, loss=0.122, v_num=]
Epoch 272:  43%|████▎     | 20/47 [00:01<00:01, 17.61it/s, loss=0.121, v_num=]
Epoch 272:  85%|████████▌ | 40/47 [00:01<00:00, 23.72it/s, loss=0.121, v_num=]
Epoch 272:  85%|████████▌ | 40/47 [00:01<00:00, 23.71it/s, loss=0.12, v_num=] 
Epoch 272: 100%|██████████| 47/47 [00:02<00:00, 23.44it/s, loss=0.118, v_num=]
Epoch 272:   0%|          | 0/47 [00:00<?, ?it/s, loss=0.118, v_num=]         
Epoch 273:   0%|          | 0/47 [00:00<?, ?it/s, loss=0.118, v_num=]
Epoch 273:  43%|████▎     | 20/47 [00:00<00:01, 24.59it/s, loss=0.118, v_num=]
Epoch 273:  43%|████▎     | 20/47 [00:00<00:01, 24.56it/s, loss=0.124, v_num=]
Epoch 273:  85%|████████▌ | 40/47 [00:01<00:00, 27.52it/s, loss=0.124, v_num=]
Epoch 273:  85%|████████▌ | 40/47 [00:01<00:00, 27.51it/s, loss=0.119, v_num=]
Epoch 273: 100%|██████████| 47/47 [00:01<00:00, 26.66it/s, loss=0.123, v_num=]
Epoch 273:   0%|          | 0/47 [00:00<?, ?it/s, loss=0.123, v_num=]         
Epoch 274:   0%|          | 0/47 [00:00<?, ?it/s, loss=0.123, v_num=]
Epoch 274:  43%|████▎     | 20/47 [00:00<00:01, 24.69it/s, loss=0.123, v_num=]
Epoch 274:  43%|████▎     | 20/47 [00:00<00:01, 24.67it/s, loss=0.118, v_num=]
Epoch 274:  85%|████████▌ | 40/47 [00:01<00:00, 29.16it/s, loss=0.118, v_num=]
Epoch 274:  85%|████████▌ | 40/47 [00:01<00:00, 29.15it/s, loss=0.118, v_num=]
Epoch 274: 100%|██████████| 47/47 [00:01<00:00, 28.03it/s, loss=0.118, v_num=]
Epoch 274:   0%|          | 0/47 [00:00<?, ?it/s, loss=0.118, v_num=]         
Epoch 275:   0%|          | 0/47 [00:00<?, ?it/s, loss=0.118, v_num=]
Epoch 275:  43%|████▎     | 20/47 [00:00<00:01, 24.51it/s, loss=0.118, v_num=]
Epoch 275:  43%|████▎     | 20/47 [00:00<00:01, 24.49it/s, loss=0.119, v_num=]
Epoch 275:  85%|████████▌ | 40/47 [00:01<00:00, 29.06it/s, loss=0.119, v_num=]
Epoch 275:  85%|████████▌ | 40/47 [00:01<00:00, 29.05it/s, loss=0.119, v_num=]
Epoch 275: 100%|██████████| 47/47 [00:01<00:00, 27.54it/s, loss=0.115, v_num=]Evaluating...
NMI : 0.6636711319175399, ARI: 0.27472599907236256, ACC: 0.29633, current K: 6

Epoch 275:   0%|          | 0/47 [00:00<?, ?it/s, loss=0.115, v_num=]         
Epoch 276:   0%|          | 0/47 [00:00<?, ?it/s, loss=0.115, v_num=]/usr/local/lib/python3.13/dist-packages/torch/utils/data/dataloader.py:432: UserWarning: This DataLoader will create 6 worker processes in total. Our suggested max number of worker in current system is 2, which is smaller than what this DataLoader is going to create. Please be aware that excessive worker creation might get DataLoader running slow or even freeze, lower the worker number to avoid potential slowness/freeze if necessary.
  self.check_worker_number_rationality()

Epoch 276:  43%|████▎     | 20/47 [00:00<00:01, 23.50it/s, loss=0.115, v_num=]
Epoch 276:  43%|████▎     | 20/47 [00:00<00:01, 23.48it/s, loss=0.116, v_num=]
Epoch 276:  85%|████████▌ | 40/47 [00:01<00:00, 28.08it/s, loss=0.116, v_num=]
Epoch 276:  85%|████████▌ | 40/47 [00:01<00:00, 28.07it/s, loss=0.118, v_num=]
Epoch 276: 100%|██████████| 47/47 [00:01<00:00, 27.04it/s, loss=0.116, v_num=]
Epoch 276:   0%|          | 0/47 [00:00<?, ?it/s, loss=0.116, v_num=]         
Epoch 277:   0%|          | 0/47 [00:00<?, ?it/s, loss=0.116, v_num=]
Epoch 277:  43%|████▎     | 20/47 [00:00<00:01, 24.63it/s, loss=0.116, v_num=]
Epoch 277:  43%|████▎     | 20/47 [00:00<00:01, 24.61it/s, loss=0.119, v_num=]
Epoch 277:  85%|████████▌ | 40/47 [00:01<00:00, 28.96it/s, loss=0.119, v_num=]
Epoch 277:  85%|████████▌ | 40/47 [00:01<00:00, 28.95it/s, loss=0.118, v_num=]
Epoch 277: 100%|██████████| 47/47 [00:01<00:00, 27.76it/s, loss=0.119, v_num=]
Epoch 277:   0%|          | 0/47 [00:00<?, ?it/s, loss=0.119, v_num=]         
Epoch 278:   0%|          | 0/47 [00:00<?, ?it/s, loss=0.119, v_num=]
Epoch 278:  43%|████▎     | 20/47 [00:01<00:01, 19.25it/s, loss=0.119, v_num=]
Epoch 278:  43%|████▎     | 20/47 [00:01<00:01, 19.24it/s, loss=0.114, v_num=]
Epoch 278:  85%|████████▌ | 40/47 [00:01<00:00, 23.23it/s, loss=0.114, v_num=]
Epoch 278:  85%|████████▌ | 40/47 [00:01<00:00, 23.22it/s, loss=0.115, v_num=]
Epoch 278: 100%|██████████| 47/47 [00:02<00:00, 21.52it/s, loss=0.117, v_num=]
Epoch 278:   0%|          | 0/47 [00:00<?, ?it/s, loss=0.117, v_num=]         
Epoch 279:   0%|          | 0/47 [00:00<?, ?it/s, loss=0.117, v_num=]
Epoch 279:  43%|████▎     | 20/47 [00:01<00:01, 17.92it/s, loss=0.117, v_num=]
Epoch 279:  43%|████▎     | 20/47 [00:01<00:01, 17.90it/s, loss=0.115, v_num=]
Epoch 279:  85%|████████▌ | 40/47 [00:01<00:00, 23.83it/s, loss=0.115, v_num=]
Epoch 279:  85%|████████▌ | 40/47 [00:01<00:00, 23.83it/s, loss=0.117, v_num=]
Epoch 279: 100%|██████████| 47/47 [00:01<00:00, 23.54it/s, loss=0.117, v_num=]
Epoch 279:   0%|          | 0/47 [00:00<?, ?it/s, loss=0.117, v_num=]         
Epoch 280:   0%|          | 0/47 [00:00<?, ?it/s, loss=0.117, v_num=]
Epoch 280:  43%|████▎     | 20/47 [00:00<00:01, 24.22it/s, loss=0.117, v_num=]
Epoch 280:  43%|████▎     | 20/47 [00:00<00:01, 24.20it/s, loss=0.112, v_num=]
Epoch 280:  85%|████████▌ | 40/47 [00:01<00:00, 29.10it/s, loss=0.112, v_num=]
Epoch 280:  85%|████████▌ | 40/47 [00:01<00:00, 29.10it/s, loss=0.118, v_num=]
Epoch 280: 100%|██████████| 47/47 [00:01<00:00, 27.70it/s, loss=0.116, v_num=]Evaluating...
NMI : 0.663670978572583, ARI: 0.27468328442580425, ACC: 0.29633, current K: 6
Epoch 280 | NMI: 0.6637, ARI: 0.2747, ACC: 0.2963, current K: 6
Confusion Matrix:
[[  0   0   0   0   0 300   0   0   0   0   0   0   0   0   0   0   0   0
    0   0]
 [  0   0   1   0 299   0   0   0   0   0   0   0   0   0   0   0   0   0
    0   0]
 [  0   2   1   0   0 297   0   0   0   0   0   0   0   0   0   0   0   0
    0   0]
 [  2   0   1   1 296   0   0   0   0   0   0   0   0   0   0   0   0   0
    0   0]
 [  4   0   2 294   0   0   0   0   0   0   0   0   0   0   0   0   0   0
    0   0]
 [  1   0   1 298   0   0   0   0   0   0   0   0   0   0   0   0   0   0
    0   0]
 [  0   0   1 299   0   0   0   0   0   0   0   0   0   0   0   0   0   0
    0   0]
 [  2   0   0 298   0   0   0   0   0   0   0   0   0   0   0   0   0   0
    0   0]
 [  7 286   5   0   0   2   0   0   0   0   0   0   0   0   0   0   0   0
    0   0]
 [290   5   3   1   1   0   0   0   0   0   0   0   0   0   0   0   0   0
    0   0]
 [  9 284   1   2   1   3   0   0   0   0   0   0   0   0   0   0   0   0
    0   0]
 [295   2   0   2   1   0   0   0   0   0   0   0   0   0   0   0   0   0
    0   0]
 [  1   0 297   2   0   0   0   0   0   0   0   0   0   0   0   0   0   0
    0   0]
 [  0   0 298   2   0   0   0   0   0   0   0   0   0   0   0   0   0   0
    0   0]
 [  0   0 298   2   0   0   0   0   0   0   0   0   0   0   0   0   0   0
    0   0]
 [  0   0 299   1   0   0   0   0   0   0   0   0   0   0   0   0   0   0
    0   0]
 [  1   0 296   2   0   1   0   0   0   0   0   0   0   0   0   0   0   0
    0   0]
 [  0   0 297   2   1   0   0   0   0   0   0   0   0   0   0   0   0   0
    0   0]
 [  0   0 297   3   0   0   0   0   0   0   0   0   0   0   0   0   0   0
    0   0]
 [  0   0 296   4   0   0   0   0   0   0   0   0   0   0   0   0   0   0
    0   0]]

Epoch 280:   0%|          | 0/47 [00:00<?, ?it/s, loss=0.116, v_num=]         
Epoch 281:   0%|          | 0/47 [00:00<?, ?it/s, loss=0.116, v_num=]/usr/local/lib/python3.13/dist-packages/torch/utils/data/dataloader.py:432: UserWarning: This DataLoader will create 6 worker processes in total. Our suggested max number of worker in current system is 2, which is smaller than what this DataLoader is going to create. Please be aware that excessive worker creation might get DataLoader running slow or even freeze, lower the worker number to avoid potential slowness/freeze if necessary.
  self.check_worker_number_rationality()

Epoch 281:  43%|████▎     | 20/47 [00:00<00:01, 24.36it/s, loss=0.116, v_num=]
Epoch 281:  43%|████▎     | 20/47 [00:00<00:01, 24.33it/s, loss=0.119, v_num=]
Epoch 281:  85%|████████▌ | 40/47 [00:01<00:00, 28.62it/s, loss=0.119, v_num=]
Epoch 281:  85%|████████▌ | 40/47 [00:01<00:00, 28.61it/s, loss=0.118, v_num=]
Epoch 281: 100%|██████████| 47/47 [00:01<00:00, 26.99it/s, loss=0.115, v_num=]
Epoch 281:   0%|          | 0/47 [00:00<?, ?it/s, loss=0.115, v_num=]         
Epoch 282:   0%|          | 0/47 [00:00<?, ?it/s, loss=0.115, v_num=]
Epoch 282:  43%|████▎     | 20/47 [00:00<00:01, 24.97it/s, loss=0.115, v_num=]
Epoch 282:  43%|████▎     | 20/47 [00:00<00:01, 24.95it/s, loss=0.117, v_num=]
Epoch 282:  85%|████████▌ | 40/47 [00:01<00:00, 28.85it/s, loss=0.117, v_num=]
Epoch 282:  85%|████████▌ | 40/47 [00:01<00:00, 28.84it/s, loss=0.119, v_num=]
Epoch 282: 100%|██████████| 47/47 [00:01<00:00, 27.68it/s, loss=0.119, v_num=]
Epoch 282:   0%|          | 0/47 [00:00<?, ?it/s, loss=0.119, v_num=]         
Epoch 283:   0%|          | 0/47 [00:00<?, ?it/s, loss=0.119, v_num=]
Epoch 283:  43%|████▎     | 20/47 [00:00<00:01, 24.30it/s, loss=0.119, v_num=]
Epoch 283:  43%|████▎     | 20/47 [00:00<00:01, 24.28it/s, loss=0.119, v_num=]
Epoch 283:  85%|████████▌ | 40/47 [00:01<00:00, 28.82it/s, loss=0.119, v_num=]
Epoch 283:  85%|████████▌ | 40/47 [00:01<00:00, 28.81it/s, loss=0.118, v_num=]
Epoch 283: 100%|██████████| 47/47 [00:01<00:00, 27.75it/s, loss=0.112, v_num=]
Epoch 283:   0%|          | 0/47 [00:00<?, ?it/s, loss=0.112, v_num=]         
Epoch 284:   0%|          | 0/47 [00:00<?, ?it/s, loss=0.112, v_num=]
Epoch 284:  43%|████▎     | 20/47 [00:00<00:01, 24.49it/s, loss=0.112, v_num=]
Epoch 284:  43%|████▎     | 20/47 [00:00<00:01, 24.47it/s, loss=0.115, v_num=]
Epoch 284:  85%|████████▌ | 40/47 [00:01<00:00, 29.45it/s, loss=0.115, v_num=]
Epoch 284:  85%|████████▌ | 40/47 [00:01<00:00, 29.44it/s, loss=0.12, v_num=] 
Epoch 284: 100%|██████████| 47/47 [00:01<00:00, 28.04it/s, loss=0.115, v_num=]
Epoch 284:   0%|          | 0/47 [00:00<?, ?it/s, loss=0.115, v_num=]         
Epoch 285:   0%|          | 0/47 [00:00<?, ?it/s, loss=0.115, v_num=]
Epoch 285:  43%|████▎     | 20/47 [00:01<00:01, 19.50it/s, loss=0.115, v_num=]
Epoch 285:  43%|████▎     | 20/47 [00:01<00:01, 19.49it/s, loss=0.114, v_num=]
Epoch 285:  85%|████████▌ | 40/47 [00:01<00:00, 23.63it/s, loss=0.114, v_num=]
Epoch 285:  85%|████████▌ | 40/47 [00:01<00:00, 23.63it/s, loss=0.119, v_num=]
Epoch 285: 100%|██████████| 47/47 [00:02<00:00, 21.90it/s, loss=0.117, v_num=]Evaluating...
NMI : 0.6654487459100726, ARI: 0.27496835426503724, ACC: 0.29667, current K: 6

Epoch 285:   0%|          | 0/47 [00:00<?, ?it/s, loss=0.117, v_num=]         
Epoch 286:   0%|          | 0/47 [00:00<?, ?it/s, loss=0.117, v_num=]/usr/local/lib/python3.13/dist-packages/torch/utils/data/dataloader.py:432: UserWarning: This DataLoader will create 6 worker processes in total. Our suggested max number of worker in current system is 2, which is smaller than what this DataLoader is going to create. Please be aware that excessive worker creation might get DataLoader running slow or even freeze, lower the worker number to avoid potential slowness/freeze if necessary.
  self.check_worker_number_rationality()

Epoch 286:  43%|████▎     | 20/47 [00:01<00:01, 18.03it/s, loss=0.117, v_num=]
Epoch 286:  43%|████▎     | 20/47 [00:01<00:01, 18.01it/s, loss=0.113, v_num=]
Epoch 286:  85%|████████▌ | 40/47 [00:01<00:00, 24.20it/s, loss=0.113, v_num=]
Epoch 286:  85%|████████▌ | 40/47 [00:01<00:00, 24.19it/s, loss=0.115, v_num=]
Epoch 286: 100%|██████████| 47/47 [00:02<00:00, 23.47it/s, loss=0.118, v_num=]
Epoch 286:   0%|          | 0/47 [00:00<?, ?it/s, loss=0.118, v_num=]         
Epoch 287:   0%|          | 0/47 [00:00<?, ?it/s, loss=0.118, v_num=]
Epoch 287:  43%|████▎     | 20/47 [00:00<00:01, 23.52it/s, loss=0.118, v_num=]
Epoch 287:  43%|████▎     | 20/47 [00:00<00:01, 23.50it/s, loss=0.117, v_num=]
Epoch 287:  85%|████████▌ | 40/47 [00:01<00:00, 28.26it/s, loss=0.117, v_num=]
Epoch 287:  85%|████████▌ | 40/47 [00:01<00:00, 28.26it/s, loss=0.11, v_num=] 
Epoch 287: 100%|██████████| 47/47 [00:01<00:00, 27.20it/s, loss=0.118, v_num=]
Epoch 287:   0%|          | 0/47 [00:00<?, ?it/s, loss=0.118, v_num=]         
Epoch 288:   0%|          | 0/47 [00:00<?, ?it/s, loss=0.118, v_num=]
Epoch 288:  43%|████▎     | 20/47 [00:00<00:01, 23.93it/s, loss=0.118, v_num=]
Epoch 288:  43%|████▎     | 20/47 [00:00<00:01, 23.91it/s, loss=0.114, v_num=]
Epoch 288:  85%|████████▌ | 40/47 [00:01<00:00, 28.31it/s, loss=0.114, v_num=]
Epoch 288:  85%|████████▌ | 40/47 [00:01<00:00, 28.30it/s, loss=0.111, v_num=]
Epoch 288: 100%|██████████| 47/47 [00:01<00:00, 27.20it/s, loss=0.115, v_num=]
Epoch 288:   0%|          | 0/47 [00:00<?, ?it/s, loss=0.115, v_num=]         
Epoch 289:   0%|          | 0/47 [00:00<?, ?it/s, loss=0.115, v_num=]
Epoch 289:  43%|████▎     | 20/47 [00:00<00:01, 24.38it/s, loss=0.115, v_num=]
Epoch 289:  43%|████▎     | 20/47 [00:00<00:01, 24.36it/s, loss=0.117, v_num=]
Epoch 289:  85%|████████▌ | 40/47 [00:01<00:00, 28.85it/s, loss=0.117, v_num=]
Epoch 289:  85%|████████▌ | 40/47 [00:01<00:00, 28.85it/s, loss=0.113, v_num=]
Epoch 289: 100%|██████████| 47/47 [00:01<00:00, 27.39it/s, loss=0.11, v_num=] 
Epoch 289:   0%|          | 0/47 [00:00<?, ?it/s, loss=0.11, v_num=]         
Epoch 290:   0%|          | 0/47 [00:00<?, ?it/s, loss=0.11, v_num=]
Epoch 290:  43%|████▎     | 20/47 [00:00<00:01, 21.53it/s, loss=0.11, v_num=]
Epoch 290:  43%|████▎     | 20/47 [00:00<00:01, 21.51it/s, loss=0.112, v_num=]
Epoch 290:  85%|████████▌ | 40/47 [00:01<00:00, 26.81it/s, loss=0.112, v_num=]
Epoch 290:  85%|████████▌ | 40/47 [00:01<00:00, 26.80it/s, loss=0.114, v_num=]
Epoch 290: 100%|██████████| 47/47 [00:01<00:00, 26.17it/s, loss=0.111, v_num=]Evaluating...
NMI : 0.6656827909665304, ARI: 0.2749709554776995, ACC: 0.29667, current K: 6
Epoch 290 | NMI: 0.6657, ARI: 0.2750, ACC: 0.2967, current K: 6
Confusion Matrix:
[[  0   0   0   0   0 300   0   0   0   0   0   0   0   0   0   0   0   0
    0   0]
 [  0   0   1   0 299   0   0   0   0   0   0   0   0   0   0   0   0   0
    0   0]
 [  0   2   1   0   0 297   0   0   0   0   0   0   0   0   0   0   0   0
    0   0]
 [  2   0   1   1 296   0   0   0   0   0   0   0   0   0   0   0   0   0
    0   0]
 [  4   0   2 294   0   0   0   0   0   0   0   0   0   0   0   0   0   0
    0   0]
 [  1   0   1 298   0   0   0   0   0   0   0   0   0   0   0   0   0   0
    0   0]
 [  0   0   1 299   0   0   0   0   0   0   0   0   0   0   0   0   0   0
    0   0]
 [  3   0   0 297   0   0   0   0   0   0   0   0   0   0   0   0   0   0
    0   0]
 [  7 286   5   0   0   2   0   0   0   0   0   0   0   0   0   0   0   0
    0   0]
 [290   6   3   0   1   0   0   0   0   0   0   0   0   0   0   0   0   0
    0   0]
 [ 10 284   1   2   0   3   0   0   0   0   0   0   0   0   0   0   0   0
    0   0]
 [296   2   0   1   1   0   0   0   0   0   0   0   0   0   0   0   0   0
    0   0]
 [  1   0 297   2   0   0   0   0   0   0   0   0   0   0   0   0   0   0
    0   0]
 [  0   0 300   0   0   0   0   0   0   0   0   0   0   0   0   0   0   0
    0   0]
 [  0   0 298   2   0   0   0   0   0   0   0   0   0   0   0   0   0   0
    0   0]
 [  0   0 299   1   0   0   0   0   0   0   0   0   0   0   0   0   0   0
    0   0]
 [  1   0 296   2   0   1   0   0   0   0   0   0   0   0   0   0   0   0
    0   0]
 [  0   0 298   1   1   0   0   0   0   0   0   0   0   0   0   0   0   0
    0   0]
 [  0   0 297   3   0   0   0   0   0   0   0   0   0   0   0   0   0   0
    0   0]
 [  0   0 297   3   0   0   0   0   0   0   0   0   0   0   0   0   0   0
    0   0]]

Epoch 290:   0%|          | 0/47 [00:00<?, ?it/s, loss=0.111, v_num=]         
Epoch 291:   0%|          | 0/47 [00:00<?, ?it/s, loss=0.111, v_num=]/usr/local/lib/python3.13/dist-packages/torch/utils/data/dataloader.py:432: UserWarning: This DataLoader will create 6 worker processes in total. Our suggested max number of worker in current system is 2, which is smaller than what this DataLoader is going to create. Please be aware that excessive worker creation might get DataLoader running slow or even freeze, lower the worker number to avoid potential slowness/freeze if necessary.
  self.check_worker_number_rationality()

Epoch 291:  43%|████▎     | 20/47 [00:00<00:01, 23.72it/s, loss=0.111, v_num=]
Epoch 291:  43%|████▎     | 20/47 [00:00<00:01, 23.70it/s, loss=0.114, v_num=]
Epoch 291:  85%|████████▌ | 40/47 [00:01<00:00, 28.24it/s, loss=0.114, v_num=]
Epoch 291:  85%|████████▌ | 40/47 [00:01<00:00, 28.23it/s, loss=0.108, v_num=]
Epoch 291: 100%|██████████| 47/47 [00:01<00:00, 27.16it/s, loss=0.115, v_num=]
Epoch 291:   0%|          | 0/47 [00:00<?, ?it/s, loss=0.115, v_num=]         
Epoch 292:   0%|          | 0/47 [00:00<?, ?it/s, loss=0.115, v_num=]
Epoch 292:  43%|████▎     | 20/47 [00:01<00:01, 18.48it/s, loss=0.115, v_num=]
Epoch 292:  43%|████▎     | 20/47 [00:01<00:01, 18.47it/s, loss=0.114, v_num=]
Epoch 292:  85%|████████▌ | 40/47 [00:01<00:00, 22.09it/s, loss=0.114, v_num=]
Epoch 292:  85%|████████▌ | 40/47 [00:01<00:00, 22.08it/s, loss=0.115, v_num=]
Epoch 292: 100%|██████████| 47/47 [00:02<00:00, 20.86it/s, loss=0.118, v_num=]
Epoch 292:   0%|          | 0/47 [00:00<?, ?it/s, loss=0.118, v_num=]         
Epoch 293:   0%|          | 0/47 [00:00<?, ?it/s, loss=0.118, v_num=]
Epoch 293:  43%|████▎     | 20/47 [00:01<00:01, 19.20it/s, loss=0.118, v_num=]
Epoch 293:  43%|████▎     | 20/47 [00:01<00:01, 19.19it/s, loss=0.124, v_num=]
Epoch 293:  85%|████████▌ | 40/47 [00:01<00:00, 24.63it/s, loss=0.124, v_num=]
Epoch 293:  85%|████████▌ | 40/47 [00:01<00:00, 24.63it/s, loss=0.112, v_num=]
Epoch 293: 100%|██████████| 47/47 [00:01<00:00, 24.30it/s, loss=0.111, v_num=]
Epoch 293:   0%|          | 0/47 [00:00<?, ?it/s, loss=0.111, v_num=]         
Epoch 294:   0%|          | 0/47 [00:00<?, ?it/s, loss=0.111, v_num=]
Epoch 294:  43%|████▎     | 20/47 [00:00<00:01, 24.43it/s, loss=0.111, v_num=]
Epoch 294:  43%|████▎     | 20/47 [00:00<00:01, 24.41it/s, loss=0.115, v_num=]
Epoch 294:  85%|████████▌ | 40/47 [00:01<00:00, 28.90it/s, loss=0.115, v_num=]
Epoch 294:  85%|████████▌ | 40/47 [00:01<00:00, 28.90it/s, loss=0.11, v_num=] 
Epoch 294: 100%|██████████| 47/47 [00:01<00:00, 27.72it/s, loss=0.116, v_num=]
Epoch 294:   0%|          | 0/47 [00:00<?, ?it/s, loss=0.116, v_num=]         
Epoch 295:   0%|          | 0/47 [00:00<?, ?it/s, loss=0.116, v_num=]
Epoch 295:  43%|████▎     | 20/47 [00:00<00:01, 24.00it/s, loss=0.116, v_num=]
Epoch 295:  43%|████▎     | 20/47 [00:00<00:01, 23.98it/s, loss=0.115, v_num=]
Epoch 295:  85%|████████▌ | 40/47 [00:01<00:00, 28.93it/s, loss=0.115, v_num=]
Epoch 295:  85%|████████▌ | 40/47 [00:01<00:00, 28.93it/s, loss=0.112, v_num=]
Epoch 295: 100%|██████████| 47/47 [00:01<00:00, 27.42it/s, loss=0.112, v_num=]Evaluating...
NMI : 0.6656653016346504, ARI: 0.2748595223713499, ACC: 0.29667, current K: 6

Epoch 295:   0%|          | 0/47 [00:00<?, ?it/s, loss=0.112, v_num=]         
Epoch 296:   0%|          | 0/47 [00:00<?, ?it/s, loss=0.112, v_num=]/usr/local/lib/python3.13/dist-packages/torch/utils/data/dataloader.py:432: UserWarning: This DataLoader will create 6 worker processes in total. Our suggested max number of worker in current system is 2, which is smaller than what this DataLoader is going to create. Please be aware that excessive worker creation might get DataLoader running slow or even freeze, lower the worker number to avoid potential slowness/freeze if necessary.
  self.check_worker_number_rationality()

Epoch 296:  43%|████▎     | 20/47 [00:00<00:01, 24.70it/s, loss=0.112, v_num=]
Epoch 296:  43%|████▎     | 20/47 [00:00<00:01, 24.68it/s, loss=0.117, v_num=]
Epoch 296:  85%|████████▌ | 40/47 [00:01<00:00, 29.15it/s, loss=0.117, v_num=]
Epoch 296:  85%|████████▌ | 40/47 [00:01<00:00, 29.15it/s, loss=0.113, v_num=]
Epoch 296: 100%|██████████| 47/47 [00:01<00:00, 27.95it/s, loss=0.115, v_num=]
Epoch 296:   0%|          | 0/47 [00:00<?, ?it/s, loss=0.115, v_num=]         
Epoch 297:   0%|          | 0/47 [00:00<?, ?it/s, loss=0.115, v_num=]
Epoch 297:  43%|████▎     | 20/47 [00:00<00:01, 24.82it/s, loss=0.115, v_num=]
Epoch 297:  43%|████▎     | 20/47 [00:00<00:01, 24.80it/s, loss=0.12, v_num=] 
Epoch 297:  85%|████████▌ | 40/47 [00:01<00:00, 29.07it/s, loss=0.12, v_num=]
Epoch 297:  85%|████████▌ | 40/47 [00:01<00:00, 29.06it/s, loss=0.111, v_num=]
Epoch 297: 100%|██████████| 47/47 [00:01<00:00, 28.09it/s, loss=0.114, v_num=]
Epoch 297:   0%|          | 0/47 [00:00<?, ?it/s, loss=0.114, v_num=]         
Epoch 298:   0%|          | 0/47 [00:00<?, ?it/s, loss=0.114, v_num=]
Epoch 298:  43%|████▎     | 20/47 [00:00<00:01, 24.34it/s, loss=0.114, v_num=]
Epoch 298:  43%|████▎     | 20/47 [00:00<00:01, 24.32it/s, loss=0.113, v_num=]
Epoch 298:  85%|████████▌ | 40/47 [00:01<00:00, 28.92it/s, loss=0.113, v_num=]
Epoch 298:  85%|████████▌ | 40/47 [00:01<00:00, 28.91it/s, loss=0.116, v_num=]
Epoch 298: 100%|██████████| 47/47 [00:01<00:00, 27.17it/s, loss=0.114, v_num=]
Epoch 298:   0%|          | 0/47 [00:00<?, ?it/s, loss=0.114, v_num=]         
Epoch 299:   0%|          | 0/47 [00:00<?, ?it/s, loss=0.114, v_num=]
Epoch 299:  43%|████▎     | 20/47 [00:01<00:01, 17.82it/s, loss=0.114, v_num=]
Epoch 299:  43%|████▎     | 20/47 [00:01<00:01, 17.81it/s, loss=0.112, v_num=]
Epoch 299:  85%|████████▌ | 40/47 [00:01<00:00, 21.36it/s, loss=0.112, v_num=]
Epoch 299:  85%|████████▌ | 40/47 [00:01<00:00, 21.35it/s, loss=0.116, v_num=]
Epoch 299: 100%|██████████| 47/47 [00:02<00:00, 20.30it/s, loss=0.114, v_num=]
Epoch 299:   0%|          | 0/47 [00:00<?, ?it/s, loss=0.114, v_num=]         
Epoch 300:   0%|          | 0/47 [00:00<?, ?it/s, loss=0.114, v_num=]
Epoch 300:  43%|████▎     | 20/47 [00:01<00:01, 19.58it/s, loss=0.114, v_num=]
Epoch 300:  43%|████▎     | 20/47 [00:01<00:01, 19.56it/s, loss=0.111, v_num=]
Epoch 300:  85%|████████▌ | 40/47 [00:01<00:00, 25.29it/s, loss=0.111, v_num=]
Epoch 300:  85%|████████▌ | 40/47 [00:01<00:00, 25.28it/s, loss=0.116, v_num=]
Epoch 300: 100%|██████████| 47/47 [00:01<00:00, 24.69it/s, loss=0.117, v_num=]Evaluating...
NMI : 0.6666491966173494, ARI: 0.2749813396447733, ACC: 0.29667, current K: 6
Epoch 300 | NMI: 0.6666, ARI: 0.2750, ACC: 0.2967, current K: 6
Confusion Matrix:
[[  0   1   0   0   0 299   0   0   0   0   0   0   0   0   0   0   0   0
    0   0]
 [  0   0   1   0 299   0   0   0   0   0   0   0   0   0   0   0   0   0
    0   0]
 [  0   2   1   0   0 297   0   0   0   0   0   0   0   0   0   0   0   0
    0   0]
 [  2   0   2   1 295   0   0   0   0   0   0   0   0   0   0   0   0   0
    0   0]
 [  5   0   2 293   0   0   0   0   0   0   0   0   0   0   0   0   0   0
    0   0]
 [  1   0   1 298   0   0   0   0   0   0   0   0   0   0   0   0   0   0
    0   0]
 [  0   0   1 299   0   0   0   0   0   0   0   0   0   0   0   0   0   0
    0   0]
 [  3   0   0 297   0   0   0   0   0   0   0   0   0   0   0   0   0   0
    0   0]
 [  8 287   3   0   0   2   0   0   0   0   0   0   0   0   0   0   0   0
    0   0]
 [290   6   3   0   1   0   0   0   0   0   0   0   0   0   0   0   0   0
    0   0]
 [ 14 283   1   1   0   1   0   0   0   0   0   0   0   0   0   0   0   0
    0   0]
 [296   2   0   1   1   0   0   0   0   0   0   0   0   0   0   0   0   0
    0   0]
 [  1   0 299   0   0   0   0   0   0   0   0   0   0   0   0   0   0   0
    0   0]
 [  0   0 300   0   0   0   0   0   0   0   0   0   0   0   0   0   0   0
    0   0]
 [  0   0 298   2   0   0   0   0   0   0   0   0   0   0   0   0   0   0
    0   0]
 [  0   0 299   1   0   0   0   0   0   0   0   0   0   0   0   0   0   0
    0   0]
 [  1   0 296   2   0   1   0   0   0   0   0   0   0   0   0   0   0   0
    0   0]
 [  0   0 298   1   1   0   0   0   0   0   0   0   0   0   0   0   0   0
    0   0]
 [  0   0 299   1   0   0   0   0   0   0   0   0   0   0   0   0   0   0
    0   0]
 [  0   0 297   3   0   0   0   0   0   0   0   0   0   0   0   0   0   0
    0   0]]

Epoch 300:   0%|          | 0/47 [00:00<?, ?it/s, loss=0.117, v_num=]         
Epoch 301:   0%|          | 0/47 [00:00<?, ?it/s, loss=0.117, v_num=]/usr/local/lib/python3.13/dist-packages/torch/utils/data/dataloader.py:432: UserWarning: This DataLoader will create 6 worker processes in total. Our suggested max number of worker in current system is 2, which is smaller than what this DataLoader is going to create. Please be aware that excessive worker creation might get DataLoader running slow or even freeze, lower the worker number to avoid potential slowness/freeze if necessary.
  self.check_worker_number_rationality()

Epoch 301:  43%|████▎     | 20/47 [00:00<00:01, 23.76it/s, loss=0.117, v_num=]
Epoch 301:  43%|████▎     | 20/47 [00:00<00:01, 23.74it/s, loss=0.119, v_num=]
Epoch 301:  85%|████████▌ | 40/47 [00:01<00:00, 28.58it/s, loss=0.119, v_num=]
Epoch 301:  85%|████████▌ | 40/47 [00:01<00:00, 28.58it/s, loss=0.113, v_num=]
Epoch 301: 100%|██████████| 47/47 [00:01<00:00, 27.64it/s, loss=0.111, v_num=]
Epoch 301:   0%|          | 0/47 [00:00<?, ?it/s, loss=0.111, v_num=]         
Epoch 302:   0%|          | 0/47 [00:00<?, ?it/s, loss=0.111, v_num=]
Epoch 302:  43%|████▎     | 20/47 [00:00<00:01, 24.63it/s, loss=0.111, v_num=]
Epoch 302:  43%|████▎     | 20/47 [00:00<00:01, 24.60it/s, loss=0.114, v_num=]
Epoch 302:  85%|████████▌ | 40/47 [00:01<00:00, 29.26it/s, loss=0.114, v_num=]
Epoch 302:  85%|████████▌ | 40/47 [00:01<00:00, 29.26it/s, loss=0.117, v_num=]
Epoch 302: 100%|██████████| 47/47 [00:01<00:00, 27.98it/s, loss=0.116, v_num=]
Epoch 302:   0%|          | 0/47 [00:00<?, ?it/s, loss=0.116, v_num=]         
Epoch 303:   0%|          | 0/47 [00:00<?, ?it/s, loss=0.116, v_num=]
Epoch 303:  43%|████▎     | 20/47 [00:00<00:01, 24.96it/s, loss=0.116, v_num=]
Epoch 303:  43%|████▎     | 20/47 [00:00<00:01, 24.94it/s, loss=0.117, v_num=]
Epoch 303:  85%|████████▌ | 40/47 [00:01<00:00, 29.91it/s, loss=0.117, v_num=]
Epoch 303:  85%|████████▌ | 40/47 [00:01<00:00, 29.90it/s, loss=0.11, v_num=] 
Epoch 303: 100%|██████████| 47/47 [00:01<00:00, 28.40it/s, loss=0.114, v_num=]
Epoch 303:   0%|          | 0/47 [00:00<?, ?it/s, loss=0.114, v_num=]         
Epoch 304:   0%|          | 0/47 [00:00<?, ?it/s, loss=0.114, v_num=]
Epoch 304:  43%|████▎     | 20/47 [00:00<00:01, 24.57it/s, loss=0.114, v_num=]
Epoch 304:  43%|████▎     | 20/47 [00:00<00:01, 24.55it/s, loss=0.117, v_num=]
Epoch 304:  85%|████████▌ | 40/47 [00:01<00:00, 28.53it/s, loss=0.117, v_num=]
Epoch 304:  85%|████████▌ | 40/47 [00:01<00:00, 28.53it/s, loss=0.115, v_num=]
Epoch 304: 100%|██████████| 47/47 [00:01<00:00, 27.60it/s, loss=0.113, v_num=]
Epoch 304:   0%|          | 0/47 [00:00<?, ?it/s, loss=0.113, v_num=]         
Epoch 305:   0%|          | 0/47 [00:00<?, ?it/s, loss=0.113, v_num=]
Epoch 305:  43%|████▎     | 20/47 [00:00<00:01, 24.56it/s, loss=0.113, v_num=]
Epoch 305:  43%|████▎     | 20/47 [00:00<00:01, 24.54it/s, loss=0.116, v_num=]
Epoch 305:  85%|████████▌ | 40/47 [00:01<00:00, 29.36it/s, loss=0.116, v_num=]
Epoch 305:  85%|████████▌ | 40/47 [00:01<00:00, 29.36it/s, loss=0.114, v_num=]
Epoch 305: 100%|██████████| 47/47 [00:01<00:00, 27.94it/s, loss=0.113, v_num=]Evaluating...
NMI : 0.6671218416018545, ARI: 0.27505563643469444, ACC: 0.29683, current K: 6

Epoch 305:   0%|          | 0/47 [00:00<?, ?it/s, loss=0.113, v_num=]         
Epoch 306:   0%|          | 0/47 [00:00<?, ?it/s, loss=0.113, v_num=]/usr/local/lib/python3.13/dist-packages/torch/utils/data/dataloader.py:432: UserWarning: This DataLoader will create 6 worker processes in total. Our suggested max number of worker in current system is 2, which is smaller than what this DataLoader is going to create. Please be aware that excessive worker creation might get DataLoader running slow or even freeze, lower the worker number to avoid potential slowness/freeze if necessary.
  self.check_worker_number_rationality()

Epoch 306:  43%|████▎     | 20/47 [00:01<00:01, 17.72it/s, loss=0.113, v_num=]
Epoch 306:  43%|████▎     | 20/47 [00:01<00:01, 17.71it/s, loss=0.117, v_num=]
Epoch 306:  85%|████████▌ | 40/47 [00:01<00:00, 21.51it/s, loss=0.117, v_num=]
Epoch 306:  85%|████████▌ | 40/47 [00:01<00:00, 21.51it/s, loss=0.113, v_num=]
Epoch 306: 100%|██████████| 47/47 [00:02<00:00, 20.57it/s, loss=0.114, v_num=]
Epoch 306:   0%|          | 0/47 [00:00<?, ?it/s, loss=0.114, v_num=]         
Epoch 307:   0%|          | 0/47 [00:00<?, ?it/s, loss=0.114, v_num=]
Epoch 307:  43%|████▎     | 20/47 [00:01<00:01, 17.28it/s, loss=0.114, v_num=]
Epoch 307:  43%|████▎     | 20/47 [00:01<00:01, 17.27it/s, loss=0.105, v_num=]
Epoch 307:  85%|████████▌ | 40/47 [00:01<00:00, 23.43it/s, loss=0.105, v_num=]
Epoch 307:  85%|████████▌ | 40/47 [00:01<00:00, 23.43it/s, loss=0.116, v_num=]
Epoch 307: 100%|██████████| 47/47 [00:02<00:00, 23.44it/s, loss=0.12, v_num=] 
Epoch 307:   0%|          | 0/47 [00:00<?, ?it/s, loss=0.12, v_num=]         
Epoch 308:   0%|          | 0/47 [00:00<?, ?it/s, loss=0.12, v_num=]
Epoch 308:  43%|████▎     | 20/47 [00:00<00:01, 24.55it/s, loss=0.12, v_num=]
Epoch 308:  43%|████▎     | 20/47 [00:00<00:01, 24.53it/s, loss=0.116, v_num=]
Epoch 308:  85%|████████▌ | 40/47 [00:01<00:00, 29.00it/s, loss=0.116, v_num=]
Epoch 308:  85%|████████▌ | 40/47 [00:01<00:00, 28.99it/s, loss=0.116, v_num=]
Epoch 308: 100%|██████████| 47/47 [00:01<00:00, 27.82it/s, loss=0.112, v_num=]
Epoch 308:   0%|          | 0/47 [00:00<?, ?it/s, loss=0.112, v_num=]         
Epoch 309:   0%|          | 0/47 [00:00<?, ?it/s, loss=0.112, v_num=]
Epoch 309:  43%|████▎     | 20/47 [00:00<00:01, 23.93it/s, loss=0.112, v_num=]
Epoch 309:  43%|████▎     | 20/47 [00:00<00:01, 23.90it/s, loss=0.115, v_num=]
Epoch 309:  85%|████████▌ | 40/47 [00:01<00:00, 28.42it/s, loss=0.115, v_num=]
Epoch 309:  85%|████████▌ | 40/47 [00:01<00:00, 28.42it/s, loss=0.116, v_num=]
Epoch 309: 100%|██████████| 47/47 [00:01<00:00, 26.86it/s, loss=0.112, v_num=]
Epoch 309:   0%|          | 0/47 [00:00<?, ?it/s, loss=0.112, v_num=]         
Epoch 310:   0%|          | 0/47 [00:00<?, ?it/s, loss=0.112, v_num=]
Epoch 310:  43%|████▎     | 20/47 [00:00<00:01, 24.36it/s, loss=0.112, v_num=]
Epoch 310:  43%|████▎     | 20/47 [00:00<00:01, 24.34it/s, loss=0.115, v_num=]
Epoch 310:  85%|████████▌ | 40/47 [00:01<00:00, 28.80it/s, loss=0.115, v_num=]
Epoch 310:  85%|████████▌ | 40/47 [00:01<00:00, 28.79it/s, loss=0.112, v_num=]
Epoch 310: 100%|██████████| 47/47 [00:01<00:00, 27.81it/s, loss=0.11, v_num=] Evaluating...
NMI : 0.666569853476477, ARI: 0.2748002906904035, ACC: 0.29667, current K: 6
Epoch 310 | NMI: 0.6666, ARI: 0.2748, ACC: 0.2967, current K: 6
Confusion Matrix:
[[  0   1   1   0   0 298   0   0   0   0   0   0   0   0   0   0   0   0
    0   0]
 [  1   0   1   0 298   0   0   0   0   0   0   0   0   0   0   0   0   0
    0   0]
 [  0   2   1   0   0 297   0   0   0   0   0   0   0   0   0   0   0   0
    0   0]
 [  2   0   2   1 295   0   0   0   0   0   0   0   0   0   0   0   0   0
    0   0]
 [  6   0   2 292   0   0   0   0   0   0   0   0   0   0   0   0   0   0
    0   0]
 [  1   0   1 298   0   0   0   0   0   0   0   0   0   0   0   0   0   0
    0   0]
 [  0   0   1 299   0   0   0   0   0   0   0   0   0   0   0   0   0   0
    0   0]
 [  3   0   0 297   0   0   0   0   0   0   0   0   0   0   0   0   0   0
    0   0]
 [  8 288   3   0   0   1   0   0   0   0   0   0   0   0   0   0   0   0
    0   0]
 [290   6   3   0   1   0   0   0   0   0   0   0   0   0   0   0   0   0
    0   0]
 [ 14 283   1   1   0   1   0   0   0   0   0   0   0   0   0   0   0   0
    0   0]
 [297   1   0   1   1   0   0   0   0   0   0   0   0   0   0   0   0   0
    0   0]
 [  1   0 299   0   0   0   0   0   0   0   0   0   0   0   0   0   0   0
    0   0]
 [  0   0 300   0   0   0   0   0   0   0   0   0   0   0   0   0   0   0
    0   0]
 [  0   0 298   2   0   0   0   0   0   0   0   0   0   0   0   0   0   0
    0   0]
 [  0   0 299   1   0   0   0   0   0   0   0   0   0   0   0   0   0   0
    0   0]
 [  1   0 296   2   0   1   0   0   0   0   0   0   0   0   0   0   0   0
    0   0]
 [  0   0 298   1   1   0   0   0   0   0   0   0   0   0   0   0   0   0
    0   0]
 [  0   0 300   0   0   0   0   0   0   0   0   0   0   0   0   0   0   0
    0   0]
 [  0   0 297   3   0   0   0   0   0   0   0   0   0   0   0   0   0   0
    0   0]]

Epoch 310:   0%|          | 0/47 [00:00<?, ?it/s, loss=0.11, v_num=]         
Epoch 311:   0%|          | 0/47 [00:00<?, ?it/s, loss=0.11, v_num=]/usr/local/lib/python3.13/dist-packages/torch/utils/data/dataloader.py:432: UserWarning: This DataLoader will create 6 worker processes in total. Our suggested max number of worker in current system is 2, which is smaller than what this DataLoader is going to create. Please be aware that excessive worker creation might get DataLoader running slow or even freeze, lower the worker number to avoid potential slowness/freeze if necessary.
  self.check_worker_number_rationality()

Epoch 311:  43%|████▎     | 20/47 [00:00<00:01, 24.75it/s, loss=0.11, v_num=]
Epoch 311:  43%|████▎     | 20/47 [00:00<00:01, 24.73it/s, loss=0.115, v_num=]
Epoch 311:  85%|████████▌ | 40/47 [00:01<00:00, 28.90it/s, loss=0.115, v_num=]
Epoch 311:  85%|████████▌ | 40/47 [00:01<00:00, 28.89it/s, loss=0.117, v_num=]
Epoch 311: 100%|██████████| 47/47 [00:01<00:00, 27.86it/s, loss=0.113, v_num=]
Epoch 311:   0%|          | 0/47 [00:00<?, ?it/s, loss=0.113, v_num=]         
Epoch 312:   0%|          | 0/47 [00:00<?, ?it/s, loss=0.113, v_num=]
Epoch 312:  43%|████▎     | 20/47 [00:00<00:01, 24.35it/s, loss=0.113, v_num=]
Epoch 312:  43%|████▎     | 20/47 [00:00<00:01, 24.33it/s, loss=0.109, v_num=]
Epoch 312:  85%|████████▌ | 40/47 [00:01<00:00, 28.94it/s, loss=0.109, v_num=]
Epoch 312:  85%|████████▌ | 40/47 [00:01<00:00, 28.93it/s, loss=0.119, v_num=]
Epoch 312: 100%|██████████| 47/47 [00:01<00:00, 27.25it/s, loss=0.114, v_num=]
Epoch 312:   0%|          | 0/47 [00:00<?, ?it/s, loss=0.114, v_num=]         
Epoch 313:   0%|          | 0/47 [00:00<?, ?it/s, loss=0.114, v_num=]
Epoch 313:  43%|████▎     | 20/47 [00:01<00:01, 19.81it/s, loss=0.114, v_num=]
Epoch 313:  43%|████▎     | 20/47 [00:01<00:01, 19.80it/s, loss=0.109, v_num=]
Epoch 313:  85%|████████▌ | 40/47 [00:01<00:00, 23.46it/s, loss=0.109, v_num=]
Epoch 313:  85%|████████▌ | 40/47 [00:01<00:00, 23.45it/s, loss=0.118, v_num=]
Epoch 313: 100%|██████████| 47/47 [00:02<00:00, 21.83it/s, loss=0.115, v_num=]
Epoch 313:   0%|          | 0/47 [00:00<?, ?it/s, loss=0.115, v_num=]         
Epoch 314:   0%|          | 0/47 [00:00<?, ?it/s, loss=0.115, v_num=]
Epoch 314:  43%|████▎     | 20/47 [00:01<00:01, 17.48it/s, loss=0.115, v_num=]
Epoch 314:  43%|████▎     | 20/47 [00:01<00:01, 17.47it/s, loss=0.111, v_num=]
Epoch 314:  85%|████████▌ | 40/47 [00:01<00:00, 23.13it/s, loss=0.111, v_num=]
Epoch 314:  85%|████████▌ | 40/47 [00:01<00:00, 23.13it/s, loss=0.118, v_num=]
Epoch 314: 100%|██████████| 47/47 [00:02<00:00, 22.81it/s, loss=0.115, v_num=]
Epoch 314:   0%|          | 0/47 [00:00<?, ?it/s, loss=0.115, v_num=]         
Epoch 315:   0%|          | 0/47 [00:00<?, ?it/s, loss=0.115, v_num=]
Epoch 315:  43%|████▎     | 20/47 [00:00<00:01, 23.78it/s, loss=0.115, v_num=]
Epoch 315:  43%|████▎     | 20/47 [00:00<00:01, 23.76it/s, loss=0.111, v_num=]
Epoch 315:  85%|████████▌ | 40/47 [00:01<00:00, 28.37it/s, loss=0.111, v_num=]
Epoch 315:  85%|████████▌ | 40/47 [00:01<00:00, 28.36it/s, loss=0.113, v_num=]
Epoch 315: 100%|██████████| 47/47 [00:01<00:00, 27.37it/s, loss=0.114, v_num=]Evaluating...
NMI : 0.666987467587932, ARI: 0.27479370551930854, ACC: 0.29667, current K: 6

Epoch 315:   0%|          | 0/47 [00:00<?, ?it/s, loss=0.114, v_num=]         
Epoch 316:   0%|          | 0/47 [00:00<?, ?it/s, loss=0.114, v_num=]/usr/local/lib/python3.13/dist-packages/torch/utils/data/dataloader.py:432: UserWarning: This DataLoader will create 6 worker processes in total. Our suggested max number of worker in current system is 2, which is smaller than what this DataLoader is going to create. Please be aware that excessive worker creation might get DataLoader running slow or even freeze, lower the worker number to avoid potential slowness/freeze if necessary.
  self.check_worker_number_rationality()

Epoch 316:  43%|████▎     | 20/47 [00:00<00:01, 23.28it/s, loss=0.114, v_num=]
Epoch 316:  43%|████▎     | 20/47 [00:00<00:01, 23.27it/s, loss=0.117, v_num=]
Epoch 316:  85%|████████▌ | 40/47 [00:01<00:00, 28.09it/s, loss=0.117, v_num=]
Epoch 316:  85%|████████▌ | 40/47 [00:01<00:00, 28.08it/s, loss=0.115, v_num=]
Epoch 316: 100%|██████████| 47/47 [00:01<00:00, 27.03it/s, loss=0.119, v_num=]
Epoch 316:   0%|          | 0/47 [00:00<?, ?it/s, loss=0.119, v_num=]         
Epoch 317:   0%|          | 0/47 [00:00<?, ?it/s, loss=0.119, v_num=]
Epoch 317:  43%|████▎     | 20/47 [00:00<00:01, 24.27it/s, loss=0.119, v_num=]
Epoch 317:  43%|████▎     | 20/47 [00:00<00:01, 24.25it/s, loss=0.115, v_num=]
Epoch 317:  85%|████████▌ | 40/47 [00:01<00:00, 28.82it/s, loss=0.115, v_num=]
Epoch 317:  85%|████████▌ | 40/47 [00:01<00:00, 28.81it/s, loss=0.109, v_num=]
Epoch 317: 100%|██████████| 47/47 [00:01<00:00, 27.45it/s, loss=0.11, v_num=] 
Epoch 317:   0%|          | 0/47 [00:00<?, ?it/s, loss=0.11, v_num=]         
Epoch 318:   0%|          | 0/47 [00:00<?, ?it/s, loss=0.11, v_num=]
Epoch 318:  43%|████▎     | 20/47 [00:00<00:01, 24.05it/s, loss=0.11, v_num=]
Epoch 318:  43%|████▎     | 20/47 [00:00<00:01, 24.03it/s, loss=0.117, v_num=]
Epoch 318:  85%|████████▌ | 40/47 [00:01<00:00, 28.51it/s, loss=0.117, v_num=]
Epoch 318:  85%|████████▌ | 40/47 [00:01<00:00, 28.51it/s, loss=0.117, v_num=]
Epoch 318: 100%|██████████| 47/47 [00:01<00:00, 27.45it/s, loss=0.113, v_num=]
Epoch 318:   0%|          | 0/47 [00:00<?, ?it/s, loss=0.113, v_num=]         
Epoch 319:   0%|          | 0/47 [00:00<?, ?it/s, loss=0.113, v_num=]
Epoch 319:  43%|████▎     | 20/47 [00:00<00:01, 23.42it/s, loss=0.113, v_num=]
Epoch 319:  43%|████▎     | 20/47 [00:00<00:01, 23.40it/s, loss=0.112, v_num=]
Epoch 319:  85%|████████▌ | 40/47 [00:01<00:00, 27.88it/s, loss=0.112, v_num=]
Epoch 319:  85%|████████▌ | 40/47 [00:01<00:00, 27.88it/s, loss=0.115, v_num=]
Epoch 319: 100%|██████████| 47/47 [00:01<00:00, 26.87it/s, loss=0.119, v_num=]
Epoch 319:   0%|          | 0/47 [00:00<?, ?it/s, loss=0.119, v_num=]         
Epoch 320:   0%|          | 0/47 [00:00<?, ?it/s, loss=0.119, v_num=]
Epoch 320:  43%|████▎     | 20/47 [00:01<00:01, 18.91it/s, loss=0.119, v_num=]
Epoch 320:  43%|████▎     | 20/47 [00:01<00:01, 18.89it/s, loss=0.113, v_num=]
Epoch 320:  85%|████████▌ | 40/47 [00:01<00:00, 22.63it/s, loss=0.113, v_num=]
Epoch 320:  85%|████████▌ | 40/47 [00:01<00:00, 22.63it/s, loss=0.114, v_num=]
Epoch 320: 100%|██████████| 47/47 [00:02<00:00, 21.03it/s, loss=0.115, v_num=]Evaluating...
NMI : 0.6681061026531833, ARI: 0.27506751067234153, ACC: 0.29683, current K: 6
Epoch 320 | NMI: 0.6681, ARI: 0.2751, ACC: 0.2968, current K: 6
Confusion Matrix:
[[  0   1   1   0   0 298   0   0   0   0   0   0   0   0   0   0   0   0
    0   0]
 [  1   0   1   0 298   0   0   0   0   0   0   0   0   0   0   0   0   0
    0   0]
 [  0   2   1   0   0 297   0   0   0   0   0   0   0   0   0   0   0   0
    0   0]
 [  2   0   2   1 295   0   0   0   0   0   0   0   0   0   0   0   0   0
    0   0]
 [  6   0   2 292   0   0   0   0   0   0   0   0   0   0   0   0   0   0
    0   0]
 [  1   0   1 298   0   0   0   0   0   0   0   0   0   0   0   0   0   0
    0   0]
 [  0   0   1 299   0   0   0   0   0   0   0   0   0   0   0   0   0   0
    0   0]
 [  3   0   0 297   0   0   0   0   0   0   0   0   0   0   0   0   0   0
    0   0]
 [  8 289   3   0   0   0   0   0   0   0   0   0   0   0   0   0   0   0
    0   0]
 [291   5   3   0   1   0   0   0   0   0   0   0   0   0   0   0   0   0
    0   0]
 [ 14 283   1   1   0   1   0   0   0   0   0   0   0   0   0   0   0   0
    0   0]
 [297   1   0   1   1   0   0   0   0   0   0   0   0   0   0   0   0   0
    0   0]
 [  1   0 299   0   0   0   0   0   0   0   0   0   0   0   0   0   0   0
    0   0]
 [  0   0 300   0   0   0   0   0   0   0   0   0   0   0   0   0   0   0
    0   0]
 [  0   0 299   1   0   0   0   0   0   0   0   0   0   0   0   0   0   0
    0   0]
 [  0   0 299   1   0   0   0   0   0   0   0   0   0   0   0   0   0   0
    0   0]
 [  1   0 296   2   0   1   0   0   0   0   0   0   0   0   0   0   0   0
    0   0]
 [  0   0 299   1   0   0   0   0   0   0   0   0   0   0   0   0   0   0
    0   0]
 [  0   0 300   0   0   0   0   0   0   0   0   0   0   0   0   0   0   0
    0   0]
 [  0   0 297   3   0   0   0   0   0   0   0   0   0   0   0   0   0   0
    0   0]]

Epoch 320:   0%|          | 0/47 [00:00<?, ?it/s, loss=0.115, v_num=]         
Epoch 321:   0%|          | 0/47 [00:00<?, ?it/s, loss=0.115, v_num=]/usr/local/lib/python3.13/dist-packages/torch/utils/data/dataloader.py:432: UserWarning: This DataLoader will create 6 worker processes in total. Our suggested max number of worker in current system is 2, which is smaller than what this DataLoader is going to create. Please be aware that excessive worker creation might get DataLoader running slow or even freeze, lower the worker number to avoid potential slowness/freeze if necessary.
  self.check_worker_number_rationality()

Epoch 321:  43%|████▎     | 20/47 [00:01<00:01, 16.89it/s, loss=0.115, v_num=]
Epoch 321:  43%|████▎     | 20/47 [00:01<00:01, 16.88it/s, loss=0.115, v_num=]
Epoch 321:  85%|████████▌ | 40/47 [00:01<00:00, 22.83it/s, loss=0.115, v_num=]
Epoch 321:  85%|████████▌ | 40/47 [00:01<00:00, 22.82it/s, loss=0.114, v_num=]
Epoch 321: 100%|██████████| 47/47 [00:02<00:00, 22.84it/s, loss=0.119, v_num=]
Epoch 321:   0%|          | 0/47 [00:00<?, ?it/s, loss=0.119, v_num=]         
Epoch 322:   0%|          | 0/47 [00:00<?, ?it/s, loss=0.119, v_num=]
Epoch 322:  43%|████▎     | 20/47 [00:00<00:01, 24.13it/s, loss=0.119, v_num=]
Epoch 322:  43%|████▎     | 20/47 [00:00<00:01, 24.10it/s, loss=0.112, v_num=]
Epoch 322:  85%|████████▌ | 40/47 [00:01<00:00, 27.10it/s, loss=0.112, v_num=]
Epoch 322:  85%|████████▌ | 40/47 [00:01<00:00, 27.09it/s, loss=0.114, v_num=]
Epoch 322: 100%|██████████| 47/47 [00:01<00:00, 26.05it/s, loss=0.12, v_num=] 
Epoch 322:   0%|          | 0/47 [00:00<?, ?it/s, loss=0.12, v_num=]         
Epoch 323:   0%|          | 0/47 [00:00<?, ?it/s, loss=0.12, v_num=]
Epoch 323:  43%|████▎     | 20/47 [00:00<00:01, 24.40it/s, loss=0.12, v_num=]
Epoch 323:  43%|████▎     | 20/47 [00:00<00:01, 24.38it/s, loss=0.111, v_num=]
Epoch 323:  85%|████████▌ | 40/47 [00:01<00:00, 29.03it/s, loss=0.111, v_num=]
Epoch 323:  85%|████████▌ | 40/47 [00:01<00:00, 29.02it/s, loss=0.115, v_num=]
Epoch 323: 100%|██████████| 47/47 [00:01<00:00, 27.62it/s, loss=0.113, v_num=]
Epoch 323:   0%|          | 0/47 [00:00<?, ?it/s, loss=0.113, v_num=]         
Epoch 324:   0%|          | 0/47 [00:00<?, ?it/s, loss=0.113, v_num=]
Epoch 324:  43%|████▎     | 20/47 [00:00<00:01, 23.34it/s, loss=0.113, v_num=]
Epoch 324:  43%|████▎     | 20/47 [00:00<00:01, 23.32it/s, loss=0.117, v_num=]
Epoch 324:  85%|████████▌ | 40/47 [00:01<00:00, 28.19it/s, loss=0.117, v_num=]
Epoch 324:  85%|████████▌ | 40/47 [00:01<00:00, 28.18it/s, loss=0.116, v_num=]
Epoch 324: 100%|██████████| 47/47 [00:01<00:00, 27.08it/s, loss=0.112, v_num=]
Epoch 324:   0%|          | 0/47 [00:00<?, ?it/s, loss=0.112, v_num=]         
Epoch 325:   0%|          | 0/47 [00:00<?, ?it/s, loss=0.112, v_num=]
Epoch 325:  43%|████▎     | 20/47 [00:00<00:01, 23.46it/s, loss=0.112, v_num=]
Epoch 325:  43%|████▎     | 20/47 [00:00<00:01, 23.44it/s, loss=0.115, v_num=]
Epoch 325:  85%|████████▌ | 40/47 [00:01<00:00, 28.05it/s, loss=0.115, v_num=]
Epoch 325:  85%|████████▌ | 40/47 [00:01<00:00, 28.04it/s, loss=0.112, v_num=]
Epoch 325: 100%|██████████| 47/47 [00:01<00:00, 27.07it/s, loss=0.114, v_num=]Evaluating...
NMI : 0.6685885707258641, ARI: 0.27518674599004395, ACC: 0.29683, current K: 6

Epoch 325:   0%|          | 0/47 [00:00<?, ?it/s, loss=0.114, v_num=]         
Epoch 326:   0%|          | 0/47 [00:00<?, ?it/s, loss=0.114, v_num=]/usr/local/lib/python3.13/dist-packages/torch/utils/data/dataloader.py:432: UserWarning: This DataLoader will create 6 worker processes in total. Our suggested max number of worker in current system is 2, which is smaller than what this DataLoader is going to create. Please be aware that excessive worker creation might get DataLoader running slow or even freeze, lower the worker number to avoid potential slowness/freeze if necessary.
  self.check_worker_number_rationality()

Epoch 326:  43%|████▎     | 20/47 [00:00<00:01, 23.22it/s, loss=0.114, v_num=]
Epoch 326:  43%|████▎     | 20/47 [00:00<00:01, 23.20it/s, loss=0.111, v_num=]
Epoch 326:  85%|████████▌ | 40/47 [00:01<00:00, 27.89it/s, loss=0.111, v_num=]
Epoch 326:  85%|████████▌ | 40/47 [00:01<00:00, 27.88it/s, loss=0.113, v_num=]
Epoch 326: 100%|██████████| 47/47 [00:01<00:00, 26.83it/s, loss=0.114, v_num=]
Epoch 326:   0%|          | 0/47 [00:00<?, ?it/s, loss=0.114, v_num=]         
Epoch 327:   0%|          | 0/47 [00:00<?, ?it/s, loss=0.114, v_num=]
Epoch 327:  43%|████▎     | 20/47 [00:01<00:01, 17.66it/s, loss=0.114, v_num=]
Epoch 327:  43%|████▎     | 20/47 [00:01<00:01, 17.64it/s, loss=0.119, v_num=]
Epoch 327:  85%|████████▌ | 40/47 [00:01<00:00, 21.44it/s, loss=0.119, v_num=]
Epoch 327:  85%|████████▌ | 40/47 [00:01<00:00, 21.43it/s, loss=0.11, v_num=] 
Epoch 327: 100%|██████████| 47/47 [00:02<00:00, 20.70it/s, loss=0.109, v_num=]
Epoch 327:   0%|          | 0/47 [00:00<?, ?it/s, loss=0.109, v_num=]         
Epoch 328:   0%|          | 0/47 [00:00<?, ?it/s, loss=0.109, v_num=]
Epoch 328:  43%|████▎     | 20/47 [00:00<00:01, 20.48it/s, loss=0.109, v_num=]
Epoch 328:  43%|████▎     | 20/47 [00:00<00:01, 20.47it/s, loss=0.115, v_num=]
Epoch 328:  85%|████████▌ | 40/47 [00:01<00:00, 26.16it/s, loss=0.115, v_num=]
Epoch 328:  85%|████████▌ | 40/47 [00:01<00:00, 26.16it/s, loss=0.113, v_num=]
Epoch 328: 100%|██████████| 47/47 [00:01<00:00, 25.32it/s, loss=0.112, v_num=]
Epoch 328:   0%|          | 0/47 [00:00<?, ?it/s, loss=0.112, v_num=]         
Epoch 329:   0%|          | 0/47 [00:00<?, ?it/s, loss=0.112, v_num=]
Epoch 329:  43%|████▎     | 20/47 [00:00<00:01, 24.40it/s, loss=0.112, v_num=]
Epoch 329:  43%|████▎     | 20/47 [00:00<00:01, 24.38it/s, loss=0.119, v_num=]
Epoch 329:  85%|████████▌ | 40/47 [00:01<00:00, 29.08it/s, loss=0.119, v_num=]
Epoch 329:  85%|████████▌ | 40/47 [00:01<00:00, 29.07it/s, loss=0.11, v_num=] 
Epoch 329: 100%|██████████| 47/47 [00:01<00:00, 27.98it/s, loss=0.113, v_num=]
Epoch 329:   0%|          | 0/47 [00:00<?, ?it/s, loss=0.113, v_num=]         
Epoch 330:   0%|          | 0/47 [00:00<?, ?it/s, loss=0.113, v_num=]
Epoch 330:  43%|████▎     | 20/47 [00:00<00:01, 24.34it/s, loss=0.113, v_num=]
Epoch 330:  43%|████▎     | 20/47 [00:00<00:01, 24.32it/s, loss=0.113, v_num=]
Epoch 330:  85%|████████▌ | 40/47 [00:01<00:00, 28.99it/s, loss=0.113, v_num=]
Epoch 330:  85%|████████▌ | 40/47 [00:01<00:00, 28.98it/s, loss=0.109, v_num=]
Epoch 330: 100%|██████████| 47/47 [00:01<00:00, 27.83it/s, loss=0.112, v_num=]Evaluating...
NMI : 0.6691275730907336, ARI: 0.2753269849541755, ACC: 0.29667, current K: 6
Epoch 330 | NMI: 0.6691, ARI: 0.2753, ACC: 0.2967, current K: 6
Confusion Matrix:
[[  0   1   1   0   0 298   0   0   0   0   0   0   0   0   0   0   0   0
    0   0]
 [  1   0   1   0 298   0   0   0   0   0   0   0   0   0   0   0   0   0
    0   0]
 [  0   2   1   0   0 297   0   0   0   0   0   0   0   0   0   0   0   0
    0   0]
 [  2   0   2   1 295   0   0   0   0   0   0   0   0   0   0   0   0   0
    0   0]
 [  6   0   2 292   0   0   0   0   0   0   0   0   0   0   0   0   0   0
    0   0]
 [  1   0   1 298   0   0   0   0   0   0   0   0   0   0   0   0   0   0
    0   0]
 [  0   0   2 298   0   0   0   0   0   0   0   0   0   0   0   0   0   0
    0   0]
 [  3   0   0 297   0   0   0   0   0   0   0   0   0   0   0   0   0   0
    0   0]
 [  8 289   3   0   0   0   0   0   0   0   0   0   0   0   0   0   0   0
    0   0]
 [294   2   3   0   1   0   0   0   0   0   0   0   0   0   0   0   0   0
    0   0]
 [ 14 284   1   1   0   0   0   0   0   0   0   0   0   0   0   0   0   0
    0   0]
 [297   1   0   1   1   0   0   0   0   0   0   0   0   0   0   0   0   0
    0   0]
 [  1   0 299   0   0   0   0   0   0   0   0   0   0   0   0   0   0   0
    0   0]
 [  0   0 300   0   0   0   0   0   0   0   0   0   0   0   0   0   0   0
    0   0]
 [  0   0 299   1   0   0   0   0   0   0   0   0   0   0   0   0   0   0
    0   0]
 [  0   0 299   1   0   0   0   0   0   0   0   0   0   0   0   0   0   0
    0   0]
 [  1   0 296   2   0   1   0   0   0   0   0   0   0   0   0   0   0   0
    0   0]
 [  0   0 299   1   0   0   0   0   0   0   0   0   0   0   0   0   0   0
    0   0]
 [  0   0 300   0   0   0   0   0   0   0   0   0   0   0   0   0   0   0
    0   0]
 [  0   0 297   3   0   0   0   0   0   0   0   0   0   0   0   0   0   0
    0   0]]

Epoch 330:   0%|          | 0/47 [00:00<?, ?it/s, loss=0.112, v_num=]         
Epoch 331:   0%|          | 0/47 [00:00<?, ?it/s, loss=0.112, v_num=]/usr/local/lib/python3.13/dist-packages/torch/utils/data/dataloader.py:432: UserWarning: This DataLoader will create 6 worker processes in total. Our suggested max number of worker in current system is 2, which is smaller than what this DataLoader is going to create. Please be aware that excessive worker creation might get DataLoader running slow or even freeze, lower the worker number to avoid potential slowness/freeze if necessary.
  self.check_worker_number_rationality()

Epoch 331:  43%|████▎     | 20/47 [00:00<00:01, 23.77it/s, loss=0.112, v_num=]
Epoch 331:  43%|████▎     | 20/47 [00:00<00:01, 23.76it/s, loss=0.111, v_num=]
Epoch 331:  85%|████████▌ | 40/47 [00:01<00:00, 27.90it/s, loss=0.111, v_num=]
Epoch 331:  85%|████████▌ | 40/47 [00:01<00:00, 27.90it/s, loss=0.121, v_num=]
Epoch 331: 100%|██████████| 47/47 [00:01<00:00, 26.56it/s, loss=0.118, v_num=]
Epoch 331:   0%|          | 0/47 [00:00<?, ?it/s, loss=0.118, v_num=]         
Epoch 332:   0%|          | 0/47 [00:00<?, ?it/s, loss=0.118, v_num=]
Epoch 332:  43%|████▎     | 20/47 [00:00<00:01, 24.49it/s, loss=0.118, v_num=]
Epoch 332:  43%|████▎     | 20/47 [00:00<00:01, 24.46it/s, loss=0.114, v_num=]
Epoch 332:  85%|████████▌ | 40/47 [00:01<00:00, 28.93it/s, loss=0.114, v_num=]
Epoch 332:  85%|████████▌ | 40/47 [00:01<00:00, 28.92it/s, loss=0.115, v_num=]
Epoch 332: 100%|██████████| 47/47 [00:01<00:00, 27.86it/s, loss=0.11, v_num=] 
Epoch 332:   0%|          | 0/47 [00:00<?, ?it/s, loss=0.11, v_num=]         
Epoch 333:   0%|          | 0/47 [00:00<?, ?it/s, loss=0.11, v_num=]
Epoch 333:  43%|████▎     | 20/47 [00:00<00:01, 24.30it/s, loss=0.11, v_num=]
Epoch 333:  43%|████▎     | 20/47 [00:00<00:01, 24.28it/s, loss=0.113, v_num=]
Epoch 333:  85%|████████▌ | 40/47 [00:01<00:00, 28.45it/s, loss=0.113, v_num=]
Epoch 333:  85%|████████▌ | 40/47 [00:01<00:00, 28.44it/s, loss=0.113, v_num=]
Epoch 333: 100%|██████████| 47/47 [00:01<00:00, 27.24it/s, loss=0.116, v_num=]
Epoch 333:   0%|          | 0/47 [00:00<?, ?it/s, loss=0.116, v_num=]         
Epoch 334:   0%|          | 0/47 [00:00<?, ?it/s, loss=0.116, v_num=]
Epoch 334:  43%|████▎     | 20/47 [00:01<00:01, 18.64it/s, loss=0.116, v_num=]
Epoch 334:  43%|████▎     | 20/47 [00:01<00:01, 18.62it/s, loss=0.119, v_num=]
Epoch 334:  85%|████████▌ | 40/47 [00:01<00:00, 22.24it/s, loss=0.119, v_num=]
Epoch 334:  85%|████████▌ | 40/47 [00:01<00:00, 22.24it/s, loss=0.112, v_num=]
Epoch 334: 100%|██████████| 47/47 [00:02<00:00, 20.88it/s, loss=0.115, v_num=]
Epoch 334:   0%|          | 0/47 [00:00<?, ?it/s, loss=0.115, v_num=]         
Epoch 335:   0%|          | 0/47 [00:00<?, ?it/s, loss=0.115, v_num=]
Epoch 335:  43%|████▎     | 20/47 [00:00<00:01, 20.09it/s, loss=0.115, v_num=]
Epoch 335:  43%|████▎     | 20/47 [00:00<00:01, 20.08it/s, loss=0.111, v_num=]
Epoch 335:  85%|████████▌ | 40/47 [00:01<00:00, 25.54it/s, loss=0.111, v_num=]
Epoch 335:  85%|████████▌ | 40/47 [00:01<00:00, 25.53it/s, loss=0.113, v_num=]
Epoch 335: 100%|██████████| 47/47 [00:01<00:00, 25.12it/s, loss=0.114, v_num=]Evaluating...
NMI : 0.6684689015322649, ARI: 0.27509171984440806, ACC: 0.29667, current K: 6

Epoch 335:   0%|          | 0/47 [00:00<?, ?it/s, loss=0.114, v_num=]         
Epoch 336:   0%|          | 0/47 [00:00<?, ?it/s, loss=0.114, v_num=]/usr/local/lib/python3.13/dist-packages/torch/utils/data/dataloader.py:432: UserWarning: This DataLoader will create 6 worker processes in total. Our suggested max number of worker in current system is 2, which is smaller than what this DataLoader is going to create. Please be aware that excessive worker creation might get DataLoader running slow or even freeze, lower the worker number to avoid potential slowness/freeze if necessary.
  self.check_worker_number_rationality()

Epoch 336:  43%|████▎     | 20/47 [00:00<00:01, 24.56it/s, loss=0.114, v_num=]
Epoch 336:  43%|████▎     | 20/47 [00:00<00:01, 24.54it/s, loss=0.113, v_num=]
Epoch 336:  85%|████████▌ | 40/47 [00:01<00:00, 29.09it/s, loss=0.113, v_num=]
Epoch 336:  85%|████████▌ | 40/47 [00:01<00:00, 29.08it/s, loss=0.113, v_num=]
Epoch 336: 100%|██████████| 47/47 [00:01<00:00, 27.61it/s, loss=0.117, v_num=]
Epoch 336:   0%|          | 0/47 [00:00<?, ?it/s, loss=0.117, v_num=]         
Epoch 337:   0%|          | 0/47 [00:00<?, ?it/s, loss=0.117, v_num=]
Epoch 337:  43%|████▎     | 20/47 [00:00<00:01, 22.54it/s, loss=0.117, v_num=]
Epoch 337:  43%|████▎     | 20/47 [00:00<00:01, 22.52it/s, loss=0.111, v_num=]
Epoch 337:  85%|████████▌ | 40/47 [00:01<00:00, 27.73it/s, loss=0.111, v_num=]
Epoch 337:  85%|████████▌ | 40/47 [00:01<00:00, 27.72it/s, loss=0.114, v_num=]
Epoch 337: 100%|██████████| 47/47 [00:01<00:00, 26.57it/s, loss=0.116, v_num=]
Epoch 337:   0%|          | 0/47 [00:00<?, ?it/s, loss=0.116, v_num=]         
Epoch 338:   0%|          | 0/47 [00:00<?, ?it/s, loss=0.116, v_num=]
Epoch 338:  43%|████▎     | 20/47 [00:00<00:01, 24.45it/s, loss=0.116, v_num=]
Epoch 338:  43%|████▎     | 20/47 [00:00<00:01, 24.43it/s, loss=0.109, v_num=]
Epoch 338:  85%|████████▌ | 40/47 [00:01<00:00, 29.00it/s, loss=0.109, v_num=]
Epoch 338:  85%|████████▌ | 40/47 [00:01<00:00, 29.00it/s, loss=0.117, v_num=]
Epoch 338: 100%|██████████| 47/47 [00:01<00:00, 27.78it/s, loss=0.113, v_num=]
Epoch 338:   0%|          | 0/47 [00:00<?, ?it/s, loss=0.113, v_num=]         
Epoch 339:   0%|          | 0/47 [00:00<?, ?it/s, loss=0.113, v_num=]
Epoch 339:  43%|████▎     | 20/47 [00:00<00:01, 21.42it/s, loss=0.113, v_num=]
Epoch 339:  43%|████▎     | 20/47 [00:00<00:01, 21.40it/s, loss=0.113, v_num=]
Epoch 339:  85%|████████▌ | 40/47 [00:01<00:00, 26.63it/s, loss=0.113, v_num=]
Epoch 339:  85%|████████▌ | 40/47 [00:01<00:00, 26.62it/s, loss=0.114, v_num=]
Epoch 339: 100%|██████████| 47/47 [00:01<00:00, 25.95it/s, loss=0.115, v_num=]
Epoch 339:   0%|          | 0/47 [00:00<?, ?it/s, loss=0.115, v_num=]         
Epoch 340:   0%|          | 0/47 [00:00<?, ?it/s, loss=0.115, v_num=]
Epoch 340:  43%|████▎     | 20/47 [00:00<00:01, 24.41it/s, loss=0.115, v_num=]
Epoch 340:  43%|████▎     | 20/47 [00:00<00:01, 24.39it/s, loss=0.117, v_num=]
Epoch 340:  85%|████████▌ | 40/47 [00:01<00:00, 29.01it/s, loss=0.117, v_num=]
Epoch 340:  85%|████████▌ | 40/47 [00:01<00:00, 29.00it/s, loss=0.109, v_num=]
Epoch 340: 100%|██████████| 47/47 [00:01<00:00, 26.77it/s, loss=0.109, v_num=]Evaluating...
NMI : 0.6691275730907336, ARI: 0.2753269849541755, ACC: 0.29667, current K: 6
Epoch 340 | NMI: 0.6691, ARI: 0.2753, ACC: 0.2967, current K: 6
Confusion Matrix:
[[  0   1   1   0   0 298   0   0   0   0   0   0   0   0   0   0   0   0
    0   0]
 [  1   0   1   0 298   0   0   0   0   0   0   0   0   0   0   0   0   0
    0   0]
 [  0   2   1   0   0 297   0   0   0   0   0   0   0   0   0   0   0   0
    0   0]
 [  2   0   2   1 295   0   0   0   0   0   0   0   0   0   0   0   0   0
    0   0]
 [  6   0   2 292   0   0   0   0   0   0   0   0   0   0   0   0   0   0
    0   0]
 [  1   0   1 298   0   0   0   0   0   0   0   0   0   0   0   0   0   0
    0   0]
 [  0   0   2 298   0   0   0   0   0   0   0   0   0   0   0   0   0   0
    0   0]
 [  3   0   0 297   0   0   0   0   0   0   0   0   0   0   0   0   0   0
    0   0]
 [  8 289   3   0   0   0   0   0   0   0   0   0   0   0   0   0   0   0
    0   0]
 [294   2   3   0   1   0   0   0   0   0   0   0   0   0   0   0   0   0
    0   0]
 [ 14 284   1   1   0   0   0   0   0   0   0   0   0   0   0   0   0   0
    0   0]
 [297   1   0   1   1   0   0   0   0   0   0   0   0   0   0   0   0   0
    0   0]
 [  1   0 299   0   0   0   0   0   0   0   0   0   0   0   0   0   0   0
    0   0]
 [  0   0 300   0   0   0   0   0   0   0   0   0   0   0   0   0   0   0
    0   0]
 [  0   0 299   1   0   0   0   0   0   0   0   0   0   0   0   0   0   0
    0   0]
 [  0   0 299   1   0   0   0   0   0   0   0   0   0   0   0   0   0   0
    0   0]
 [  1   0 296   2   0   1   0   0   0   0   0   0   0   0   0   0   0   0
    0   0]
 [  0   0 299   1   0   0   0   0   0   0   0   0   0   0   0   0   0   0
    0   0]
 [  0   0 300   0   0   0   0   0   0   0   0   0   0   0   0   0   0   0
    0   0]
 [  0   0 297   3   0   0   0   0   0   0   0   0   0   0   0   0   0   0
    0   0]]

Epoch 340:   0%|          | 0/47 [00:00<?, ?it/s, loss=0.109, v_num=]         
Epoch 341:   0%|          | 0/47 [00:00<?, ?it/s, loss=0.109, v_num=]/usr/local/lib/python3.13/dist-packages/torch/utils/data/dataloader.py:432: UserWarning: This DataLoader will create 6 worker processes in total. Our suggested max number of worker in current system is 2, which is smaller than what this DataLoader is going to create. Please be aware that excessive worker creation might get DataLoader running slow or even freeze, lower the worker number to avoid potential slowness/freeze if necessary.
  self.check_worker_number_rationality()

Epoch 341:  43%|████▎     | 20/47 [00:01<00:01, 18.34it/s, loss=0.109, v_num=]
Epoch 341:  43%|████▎     | 20/47 [00:01<00:01, 18.33it/s, loss=0.11, v_num=] 
Epoch 341:  85%|████████▌ | 40/47 [00:01<00:00, 21.92it/s, loss=0.11, v_num=]
Epoch 341:  85%|████████▌ | 40/47 [00:01<00:00, 21.92it/s, loss=0.116, v_num=]
Epoch 341: 100%|██████████| 47/47 [00:02<00:00, 20.80it/s, loss=0.117, v_num=]
Epoch 341:   0%|          | 0/47 [00:00<?, ?it/s, loss=0.117, v_num=]         
Epoch 342:   0%|          | 0/47 [00:00<?, ?it/s, loss=0.117, v_num=]
Epoch 342:  43%|████▎     | 20/47 [00:00<00:01, 20.38it/s, loss=0.117, v_num=]
Epoch 342:  43%|████▎     | 20/47 [00:00<00:01, 20.36it/s, loss=0.117, v_num=]
Epoch 342:  85%|████████▌ | 40/47 [00:01<00:00, 25.66it/s, loss=0.117, v_num=]
Epoch 342:  85%|████████▌ | 40/47 [00:01<00:00, 25.65it/s, loss=0.111, v_num=]
Epoch 342: 100%|██████████| 47/47 [00:01<00:00, 25.03it/s, loss=0.115, v_num=]
Epoch 342:   0%|          | 0/47 [00:00<?, ?it/s, loss=0.115, v_num=]         
Epoch 343:   0%|          | 0/47 [00:00<?, ?it/s, loss=0.115, v_num=]
Epoch 343:  43%|████▎     | 20/47 [00:00<00:01, 23.89it/s, loss=0.115, v_num=]
Epoch 343:  43%|████▎     | 20/47 [00:00<00:01, 23.87it/s, loss=0.117, v_num=]
Epoch 343:  85%|████████▌ | 40/47 [00:01<00:00, 28.38it/s, loss=0.117, v_num=]
Epoch 343:  85%|████████▌ | 40/47 [00:01<00:00, 28.37it/s, loss=0.112, v_num=]
Epoch 343: 100%|██████████| 47/47 [00:01<00:00, 27.26it/s, loss=0.114, v_num=]
Epoch 343:   0%|          | 0/47 [00:00<?, ?it/s, loss=0.114, v_num=]         
Epoch 344:   0%|          | 0/47 [00:00<?, ?it/s, loss=0.114, v_num=]
Epoch 344:  43%|████▎     | 20/47 [00:00<00:01, 24.38it/s, loss=0.114, v_num=]
Epoch 344:  43%|████▎     | 20/47 [00:00<00:01, 24.36it/s, loss=0.114, v_num=]
Epoch 344:  85%|████████▌ | 40/47 [00:01<00:00, 28.55it/s, loss=0.114, v_num=]
Epoch 344:  85%|████████▌ | 40/47 [00:01<00:00, 28.55it/s, loss=0.117, v_num=]
Epoch 344: 100%|██████████| 47/47 [00:01<00:00, 27.37it/s, loss=0.114, v_num=]
Epoch 344:   0%|          | 0/47 [00:00<?, ?it/s, loss=0.114, v_num=]         
Epoch 345:   0%|          | 0/47 [00:00<?, ?it/s, loss=0.114, v_num=]
Epoch 345:  43%|████▎     | 20/47 [00:00<00:01, 24.15it/s, loss=0.114, v_num=]
Epoch 345:  43%|████▎     | 20/47 [00:00<00:01, 24.13it/s, loss=0.115, v_num=]
Epoch 345:  85%|████████▌ | 40/47 [00:01<00:00, 28.41it/s, loss=0.115, v_num=]
Epoch 345:  85%|████████▌ | 40/47 [00:01<00:00, 28.40it/s, loss=0.111, v_num=]
Epoch 345: 100%|██████████| 47/47 [00:01<00:00, 27.32it/s, loss=0.11, v_num=] Evaluating...
NMI : 0.6687451906749516, ARI: 0.27494601513437705, ACC: 0.29667, current K: 6

Epoch 345:   0%|          | 0/47 [00:00<?, ?it/s, loss=0.11, v_num=]         
Epoch 346:   0%|          | 0/47 [00:00<?, ?it/s, loss=0.11, v_num=]/usr/local/lib/python3.13/dist-packages/torch/utils/data/dataloader.py:432: UserWarning: This DataLoader will create 6 worker processes in total. Our suggested max number of worker in current system is 2, which is smaller than what this DataLoader is going to create. Please be aware that excessive worker creation might get DataLoader running slow or even freeze, lower the worker number to avoid potential slowness/freeze if necessary.
  self.check_worker_number_rationality()

Epoch 346:  43%|████▎     | 20/47 [00:00<00:01, 24.58it/s, loss=0.11, v_num=]
Epoch 346:  43%|████▎     | 20/47 [00:00<00:01, 24.56it/s, loss=0.117, v_num=]
Epoch 346:  85%|████████▌ | 40/47 [00:01<00:00, 28.18it/s, loss=0.117, v_num=]
Epoch 346:  85%|████████▌ | 40/47 [00:01<00:00, 28.17it/s, loss=0.114, v_num=]
Epoch 346: 100%|██████████| 47/47 [00:01<00:00, 26.61it/s, loss=0.112, v_num=]
Epoch 346:   0%|          | 0/47 [00:00<?, ?it/s, loss=0.112, v_num=]         
Epoch 347:   0%|          | 0/47 [00:00<?, ?it/s, loss=0.112, v_num=]
Epoch 347:  43%|████▎     | 20/47 [00:00<00:01, 24.51it/s, loss=0.112, v_num=]
Epoch 347:  43%|████▎     | 20/47 [00:00<00:01, 24.49it/s, loss=0.11, v_num=] 
Epoch 347:  85%|████████▌ | 40/47 [00:01<00:00, 28.65it/s, loss=0.11, v_num=]
Epoch 347:  85%|████████▌ | 40/47 [00:01<00:00, 28.64it/s, loss=0.117, v_num=]
Epoch 347: 100%|██████████| 47/47 [00:01<00:00, 25.54it/s, loss=0.111, v_num=]
Epoch 347:   0%|          | 0/47 [00:00<?, ?it/s, loss=0.111, v_num=]         
Epoch 348:   0%|          | 0/47 [00:00<?, ?it/s, loss=0.111, v_num=]
Epoch 348:  43%|████▎     | 20/47 [00:01<00:01, 18.06it/s, loss=0.111, v_num=]
Epoch 348:  43%|████▎     | 20/47 [00:01<00:01, 18.05it/s, loss=0.112, v_num=]
Epoch 348:  85%|████████▌ | 40/47 [00:01<00:00, 21.56it/s, loss=0.112, v_num=]
Epoch 348:  85%|████████▌ | 40/47 [00:01<00:00, 21.55it/s, loss=0.111, v_num=]
Epoch 348: 100%|██████████| 47/47 [00:02<00:00, 20.46it/s, loss=0.11, v_num=] 
Epoch 348:   0%|          | 0/47 [00:00<?, ?it/s, loss=0.11, v_num=]         
Epoch 349:   0%|          | 0/47 [00:00<?, ?it/s, loss=0.11, v_num=]
Epoch 349:  43%|████▎     | 20/47 [00:00<00:01, 22.84it/s, loss=0.11, v_num=]
Epoch 349:  43%|████▎     | 20/47 [00:00<00:01, 22.83it/s, loss=0.114, v_num=]
Epoch 349:  85%|████████▌ | 40/47 [00:01<00:00, 27.81it/s, loss=0.114, v_num=]
Epoch 349:  85%|████████▌ | 40/47 [00:01<00:00, 27.80it/s, loss=0.11, v_num=] 
Epoch 349: 100%|██████████| 47/47 [00:01<00:00, 26.97it/s, loss=0.11, v_num=]
Epoch 349:   0%|          | 0/47 [00:00<?, ?it/s, loss=0.11, v_num=]         
Epoch 350:   0%|          | 0/47 [00:00<?, ?it/s, loss=0.11, v_num=]
Epoch 350:  43%|████▎     | 20/47 [00:00<00:01, 24.27it/s, loss=0.11, v_num=]
Epoch 350:  43%|████▎     | 20/47 [00:00<00:01, 24.25it/s, loss=0.112, v_num=]
Epoch 350:  85%|████████▌ | 40/47 [00:01<00:00, 28.61it/s, loss=0.112, v_num=]
Epoch 350:  85%|████████▌ | 40/47 [00:01<00:00, 28.61it/s, loss=0.113, v_num=]
Epoch 350: 100%|██████████| 47/47 [00:01<00:00, 27.16it/s, loss=0.113, v_num=]Evaluating...
NMI : 0.6686809119161786, ARI: 0.27503855214843154, ACC: 0.29683, current K: 6
Epoch 350 | NMI: 0.6687, ARI: 0.2750, ACC: 0.2968, current K: 6
Confusion Matrix:
[[  0   1   1   0   0 298   0   0   0   0   0   0   0   0   0   0   0   0
    0   0]
 [  1   0   1   0 298   0   0   0   0   0   0   0   0   0   0   0   0   0
    0   0]
 [  0   2   1   0   0 297   0   0   0   0   0   0   0   0   0   0   0   0
    0   0]
 [  2   0   2   1 295   0   0   0   0   0   0   0   0   0   0   0   0   0
    0   0]
 [  6   0   4 290   0   0   0   0   0   0   0   0   0   0   0   0   0   0
    0   0]
 [  1   0   1 298   0   0   0   0   0   0   0   0   0   0   0   0   0   0
    0   0]
 [  0   0   1 299   0   0   0   0   0   0   0   0   0   0   0   0   0   0
    0   0]
 [  3   0   0 297   0   0   0   0   0   0   0   0   0   0   0   0   0   0
    0   0]
 [  8 289   3   0   0   0   0   0   0   0   0   0   0   0   0   0   0   0
    0   0]
 [294   2   3   0   1   0   0   0   0   0   0   0   0   0   0   0   0   0
    0   0]
 [ 14 283   1   1   0   1   0   0   0   0   0   0   0   0   0   0   0   0
    0   0]
 [297   1   0   1   1   0   0   0   0   0   0   0   0   0   0   0   0   0
    0   0]
 [  1   0 299   0   0   0   0   0   0   0   0   0   0   0   0   0   0   0
    0   0]
 [  0   0 300   0   0   0   0   0   0   0   0   0   0   0   0   0   0   0
    0   0]
 [  0   0 299   1   0   0   0   0   0   0   0   0   0   0   0   0   0   0
    0   0]
 [  0   0 299   1   0   0   0   0   0   0   0   0   0   0   0   0   0   0
    0   0]
 [  1   0 297   1   0   1   0   0   0   0   0   0   0   0   0   0   0   0
    0   0]
 [  0   0 299   1   0   0   0   0   0   0   0   0   0   0   0   0   0   0
    0   0]
 [  0   0 300   0   0   0   0   0   0   0   0   0   0   0   0   0   0   0
    0   0]
 [  0   0 297   3   0   0   0   0   0   0   0   0   0   0   0   0   0   0
    0   0]]

Epoch 350:   0%|          | 0/47 [00:00<?, ?it/s, loss=0.113, v_num=]         
Epoch 351:   0%|          | 0/47 [00:00<?, ?it/s, loss=0.113, v_num=]/usr/local/lib/python3.13/dist-packages/torch/utils/data/dataloader.py:432: UserWarning: This DataLoader will create 6 worker processes in total. Our suggested max number of worker in current system is 2, which is smaller than what this DataLoader is going to create. Please be aware that excessive worker creation might get DataLoader running slow or even freeze, lower the worker number to avoid potential slowness/freeze if necessary.
  self.check_worker_number_rationality()

Epoch 351:  43%|████▎     | 20/47 [00:00<00:01, 23.68it/s, loss=0.113, v_num=]
Epoch 351:  43%|████▎     | 20/47 [00:00<00:01, 23.66it/s, loss=0.115, v_num=]
Epoch 351:  85%|████████▌ | 40/47 [00:01<00:00, 28.34it/s, loss=0.115, v_num=]
Epoch 351:  85%|████████▌ | 40/47 [00:01<00:00, 28.33it/s, loss=0.114, v_num=]
Epoch 351: 100%|██████████| 47/47 [00:01<00:00, 27.04it/s, loss=0.112, v_num=]
Epoch 351:   0%|          | 0/47 [00:00<?, ?it/s, loss=0.112, v_num=]         
Epoch 352:   0%|          | 0/47 [00:00<?, ?it/s, loss=0.112, v_num=]
Epoch 352:  43%|████▎     | 20/47 [00:00<00:01, 23.58it/s, loss=0.112, v_num=]
Epoch 352:  43%|████▎     | 20/47 [00:00<00:01, 23.56it/s, loss=0.115, v_num=]
Epoch 352:  85%|████████▌ | 40/47 [00:01<00:00, 28.14it/s, loss=0.115, v_num=]
Epoch 352:  85%|████████▌ | 40/47 [00:01<00:00, 28.13it/s, loss=0.108, v_num=]
Epoch 352: 100%|██████████| 47/47 [00:01<00:00, 27.04it/s, loss=0.114, v_num=]
Epoch 352:   0%|          | 0/47 [00:00<?, ?it/s, loss=0.114, v_num=]         
Epoch 353:   0%|          | 0/47 [00:00<?, ?it/s, loss=0.114, v_num=]
Epoch 353:  43%|████▎     | 20/47 [00:00<00:01, 23.51it/s, loss=0.114, v_num=]
Epoch 353:  43%|████▎     | 20/47 [00:00<00:01, 23.49it/s, loss=0.111, v_num=]
Epoch 353:  85%|████████▌ | 40/47 [00:01<00:00, 27.76it/s, loss=0.111, v_num=]
Epoch 353:  85%|████████▌ | 40/47 [00:01<00:00, 27.75it/s, loss=0.111, v_num=]
Epoch 353: 100%|██████████| 47/47 [00:01<00:00, 26.90it/s, loss=0.11, v_num=] 
Epoch 353:   0%|          | 0/47 [00:00<?, ?it/s, loss=0.11, v_num=]         
Epoch 354:   0%|          | 0/47 [00:00<?, ?it/s, loss=0.11, v_num=]
Epoch 354:  43%|████▎     | 20/47 [00:00<00:01, 23.91it/s, loss=0.11, v_num=]
Epoch 354:  43%|████▎     | 20/47 [00:00<00:01, 23.89it/s, loss=0.11, v_num=]
Epoch 354:  85%|████████▌ | 40/47 [00:01<00:00, 26.76it/s, loss=0.11, v_num=]
Epoch 354:  85%|████████▌ | 40/47 [00:01<00:00, 26.75it/s, loss=0.111, v_num=]
Epoch 354: 100%|██████████| 47/47 [00:01<00:00, 24.27it/s, loss=0.114, v_num=]
Epoch 354:   0%|          | 0/47 [00:00<?, ?it/s, loss=0.114, v_num=]         
Epoch 355:   0%|          | 0/47 [00:00<?, ?it/s, loss=0.114, v_num=]
Epoch 355:  43%|████▎     | 20/47 [00:01<00:01, 16.72it/s, loss=0.114, v_num=]
Epoch 355:  43%|████▎     | 20/47 [00:01<00:01, 16.71it/s, loss=0.112, v_num=]
Epoch 355:  85%|████████▌ | 40/47 [00:02<00:00, 19.85it/s, loss=0.112, v_num=]
Epoch 355:  85%|████████▌ | 40/47 [00:02<00:00, 19.84it/s, loss=0.114, v_num=]
Epoch 355: 100%|██████████| 47/47 [00:02<00:00, 18.78it/s, loss=0.111, v_num=]/content/DeepDPM-New/src/clustering_models/clusternet_modules/clusternetasmodel.py:682: UserWarning: To copy construct from a tensor, it is recommended to use sourceTensor.detach().clone() or sourceTensor.detach().clone().requires_grad_(True), rather than torch.tensor(sourceTensor).
  mus_ind_to_split = torch.nonzero(torch.tensor(split_decisions), as_tuple=False)
Splitting clusters [2 3 4 5]
Evaluating...
NMI : 0.6687451906749516, ARI: 0.27494601513437705, ACC: 0.29667, current K: 6
[Split] K updated → 10 clusters
  [Epoch 355] losses at split → cluster_loss=0.0088, subcluster_loss=0.2164

Epoch 355:   0%|          | 0/47 [00:00<?, ?it/s, loss=0.111, v_num=]         
Epoch 356:   0%|          | 0/47 [00:00<?, ?it/s, loss=0.111, v_num=]/usr/local/lib/python3.13/dist-packages/torch/utils/data/dataloader.py:432: UserWarning: This DataLoader will create 6 worker processes in total. Our suggested max number of worker in current system is 2, which is smaller than what this DataLoader is going to create. Please be aware that excessive worker creation might get DataLoader running slow or even freeze, lower the worker number to avoid potential slowness/freeze if necessary.
  self.check_worker_number_rationality()

Epoch 356:  43%|████▎     | 20/47 [00:01<00:01, 19.14it/s, loss=0.111, v_num=]
Epoch 356:  43%|████▎     | 20/47 [00:01<00:01, 19.13it/s, loss=0.426, v_num=]
Epoch 356:  85%|████████▌ | 40/47 [00:01<00:00, 22.08it/s, loss=0.426, v_num=]
Epoch 356:  85%|████████▌ | 40/47 [00:01<00:00, 22.07it/s, loss=0.372, v_num=]
Epoch 356: 100%|██████████| 47/47 [00:02<00:00, 21.27it/s, loss=0.37, v_num=] 
Epoch 356:   0%|          | 0/47 [00:00<?, ?it/s, loss=0.37, v_num=]         
Epoch 357:   0%|          | 0/47 [00:00<?, ?it/s, loss=0.37, v_num=]
Epoch 357:  43%|████▎     | 20/47 [00:01<00:01, 19.15it/s, loss=0.37, v_num=]
Epoch 357:  43%|████▎     | 20/47 [00:01<00:01, 19.14it/s, loss=0.317, v_num=]
Epoch 357:  85%|████████▌ | 40/47 [00:01<00:00, 21.91it/s, loss=0.317, v_num=]
Epoch 357:  85%|████████▌ | 40/47 [00:01<00:00, 21.91it/s, loss=0.287, v_num=]
Epoch 357: 100%|██████████| 47/47 [00:02<00:00, 21.14it/s, loss=0.272, v_num=]
Epoch 357:   0%|          | 0/47 [00:00<?, ?it/s, loss=0.272, v_num=]         
Epoch 358:   0%|          | 0/47 [00:00<?, ?it/s, loss=0.272, v_num=]
Epoch 358:  43%|████▎     | 20/47 [00:01<00:01, 18.75it/s, loss=0.272, v_num=]
Epoch 358:  43%|████▎     | 20/47 [00:01<00:01, 18.74it/s, loss=0.258, v_num=]
Epoch 358:  85%|████████▌ | 40/47 [00:01<00:00, 21.78it/s, loss=0.258, v_num=]
Epoch 358:  85%|████████▌ | 40/47 [00:01<00:00, 21.77it/s, loss=0.233, v_num=]
Epoch 358: 100%|██████████| 47/47 [00:02<00:00, 21.20it/s, loss=0.219, v_num=]
Epoch 358:   0%|          | 0/47 [00:00<?, ?it/s, loss=0.219, v_num=]         
Epoch 359:   0%|          | 0/47 [00:00<?, ?it/s, loss=0.219, v_num=]
Epoch 359:  43%|████▎     | 20/47 [00:01<00:01, 19.38it/s, loss=0.219, v_num=]
Epoch 359:  43%|████▎     | 20/47 [00:01<00:01, 19.36it/s, loss=0.187, v_num=]
Epoch 359:  85%|████████▌ | 40/47 [00:01<00:00, 22.02it/s, loss=0.187, v_num=]
Epoch 359:  85%|████████▌ | 40/47 [00:01<00:00, 22.02it/s, loss=0.181, v_num=]
Epoch 359: 100%|██████████| 47/47 [00:02<00:00, 21.44it/s, loss=0.179, v_num=]
Epoch 359:   0%|          | 0/47 [00:00<?, ?it/s, loss=0.179, v_num=]         
Epoch 360:   0%|          | 0/47 [00:00<?, ?it/s, loss=0.179, v_num=]
Epoch 360:  43%|████▎     | 20/47 [00:01<00:01, 17.97it/s, loss=0.179, v_num=]
Epoch 360:  43%|████▎     | 20/47 [00:01<00:01, 17.96it/s, loss=0.156, v_num=]
Epoch 360:  85%|████████▌ | 40/47 [00:02<00:00, 19.03it/s, loss=0.156, v_num=]
Epoch 360:  85%|████████▌ | 40/47 [00:02<00:00, 19.02it/s, loss=0.165, v_num=]
Epoch 360: 100%|██████████| 47/47 [00:02<00:00, 17.66it/s, loss=0.162, v_num=]Evaluating...
NMI : 0.7839442102472846, ARI: 0.4860943218355764, ACC: 0.48433, current K: 10
Epoch 360 | NMI: 0.7839, ARI: 0.4861, ACC: 0.4843, current K: 10
Confusion Matrix:
[[  0   1   1   0   0   0   0   0   7 291   0   0   0   0   0   0   0   0
    0   0]
 [  3   0   0   2   0   0   5 290   0   0   0   0   0   0   0   0   0   0
    0   0]
 [  0   2   1   0   0   0   0   0 269  28   0   0   0   0   0   0   0   0
    0   0]
 [  2   0   2   0   0   1 288   7   0   0   0   0   0   0   0   0   0   0
    0   0]
 [  6   0   0   2 289   3   0   0   0   0   0   0   0   0   0   0   0   0
    0   0]
 [  2   0   0   3   2 293   0   0   0   0   0   0   0   0   0   0   0   0
    0   0]
 [  0   0   1   0 292   7   0   0   0   0   0   0   0   0   0   0   0   0
    0   0]
 [  3   0   0   0   4 293   0   0   0   0   0   0   0   0   0   0   0   0
    0   0]
 [  8 289   2   1   0   0   0   0   0   0   0   0   0   0   0   0   0   0
    0   0]
 [294   2   1   2   0   0   0   1   0   0   0   0   0   0   0   0   0   0
    0   0]
 [ 14 284   1   0   1   0   0   0   0   0   0   0   0   0   0   0   0   0
    0   0]
 [297   1   1   0   1   0   0   0   0   0   0   0   0   0   0   0   0   0
    0   0]
 [  1   0 294   4   1   0   0   0   0   0   0   0   0   0   0   0   0   0
    0   0]
 [  0   0 294   6   0   0   0   0   0   0   0   0   0   0   0   0   0   0
    0   0]
 [  0   0 291   7   2   0   0   0   0   0   0   0   0   0   0   0   0   0
    0   0]
 [  0   0 298   2   0   0   0   0   0   0   0   0   0   0   0   0   0   0
    0   0]
 [  1   0   2 295   1   0   0   0   0   1   0   0   0   0   0   0   0   0
    0   0]
 [  0   0   1 298   0   1   0   0   0   0   0   0   0   0   0   0   0   0
    0   0]
 [  0   0   1 299   0   0   0   0   0   0   0   0   0   0   0   0   0   0
    0   0]
 [  0   0   2 295   0   3   0   0   0   0   0   0   0   0   0   0   0   0
    0   0]]

Epoch 360:   0%|          | 0/47 [00:00<?, ?it/s, loss=0.162, v_num=]         
Epoch 361:   0%|          | 0/47 [00:00<?, ?it/s, loss=0.162, v_num=]/usr/local/lib/python3.13/dist-packages/torch/utils/data/dataloader.py:432: UserWarning: This DataLoader will create 6 worker processes in total. Our suggested max number of worker in current system is 2, which is smaller than what this DataLoader is going to create. Please be aware that excessive worker creation might get DataLoader running slow or even freeze, lower the worker number to avoid potential slowness/freeze if necessary.
  self.check_worker_number_rationality()

Epoch 361:  43%|████▎     | 20/47 [00:01<00:01, 14.39it/s, loss=0.162, v_num=]
Epoch 361:  43%|████▎     | 20/47 [00:01<00:01, 14.38it/s, loss=0.148, v_num=]
Epoch 361:  85%|████████▌ | 40/47 [00:02<00:00, 18.52it/s, loss=0.148, v_num=]
Epoch 361:  85%|████████▌ | 40/47 [00:02<00:00, 18.52it/s, loss=0.147, v_num=]
Epoch 361: 100%|██████████| 47/47 [00:02<00:00, 18.53it/s, loss=0.142, v_num=]
Epoch 361:   0%|          | 0/47 [00:00<?, ?it/s, loss=0.142, v_num=]         
Epoch 362:   0%|          | 0/47 [00:00<?, ?it/s, loss=0.142, v_num=]/usr/local/lib/python3.13/dist-packages/torch/utils/data/dataloader.py:432: UserWarning: This DataLoader will create 6 worker processes in total. Our suggested max number of worker in current system is 2, which is smaller than what this DataLoader is going to create. Please be aware that excessive worker creation might get DataLoader running slow or even freeze, lower the worker number to avoid potential slowness/freeze if necessary.
  self.check_worker_number_rationality()

Epoch 362:  43%|████▎     | 20/47 [00:01<00:01, 18.44it/s, loss=0.142, v_num=]
Epoch 362:  43%|████▎     | 20/47 [00:01<00:01, 18.42it/s, loss=0.0894, v_num=]
Epoch 362:  85%|████████▌ | 40/47 [00:01<00:00, 21.23it/s, loss=0.0894, v_num=]
Epoch 362:  85%|████████▌ | 40/47 [00:01<00:00, 21.22it/s, loss=0.0843, v_num=]
Epoch 362: 100%|██████████| 47/47 [00:02<00:00, 20.70it/s, loss=0.092, v_num=] 
Epoch 362:   0%|          | 0/47 [00:00<?, ?it/s, loss=0.092, v_num=]         
Epoch 363:   0%|          | 0/47 [00:00<?, ?it/s, loss=0.092, v_num=]/usr/local/lib/python3.13/dist-packages/torch/utils/data/dataloader.py:432: UserWarning: This DataLoader will create 6 worker processes in total. Our suggested max number of worker in current system is 2, which is smaller than what this DataLoader is going to create. Please be aware that excessive worker creation might get DataLoader running slow or even freeze, lower the worker number to avoid potential slowness/freeze if necessary.
  self.check_worker_number_rationality()

Epoch 363:  43%|████▎     | 20/47 [00:01<00:01, 19.06it/s, loss=0.092, v_num=]
Epoch 363:  43%|████▎     | 20/47 [00:01<00:01, 19.05it/s, loss=0.0904, v_num=]
Epoch 363:  85%|████████▌ | 40/47 [00:01<00:00, 21.95it/s, loss=0.0904, v_num=]
Epoch 363:  85%|████████▌ | 40/47 [00:01<00:00, 21.94it/s, loss=0.0875, v_num=]
Epoch 363: 100%|██████████| 47/47 [00:02<00:00, 21.13it/s, loss=0.0885, v_num=]
Epoch 363:   0%|          | 0/47 [00:00<?, ?it/s, loss=0.0885, v_num=]         
Epoch 364:   0%|          | 0/47 [00:00<?, ?it/s, loss=0.0885, v_num=]/usr/local/lib/python3.13/dist-packages/torch/utils/data/dataloader.py:432: UserWarning: This DataLoader will create 6 worker processes in total. Our suggested max number of worker in current system is 2, which is smaller than what this DataLoader is going to create. Please be aware that excessive worker creation might get DataLoader running slow or even freeze, lower the worker number to avoid potential slowness/freeze if necessary.
  self.check_worker_number_rationality()

Epoch 364:  43%|████▎     | 20/47 [00:01<00:01, 18.73it/s, loss=0.0885, v_num=]
Epoch 364:  43%|████▎     | 20/47 [00:01<00:01, 18.72it/s, loss=0.0905, v_num=]
Epoch 364:  85%|████████▌ | 40/47 [00:01<00:00, 21.65it/s, loss=0.0905, v_num=]
Epoch 364:  85%|████████▌ | 40/47 [00:01<00:00, 21.65it/s, loss=0.0849, v_num=]
Epoch 364: 100%|██████████| 47/47 [00:02<00:00, 21.06it/s, loss=0.0857, v_num=]
Epoch 364:   0%|          | 0/47 [00:00<?, ?it/s, loss=0.0857, v_num=]         
Epoch 365:   0%|          | 0/47 [00:00<?, ?it/s, loss=0.0857, v_num=]/usr/local/lib/python3.13/dist-packages/torch/utils/data/dataloader.py:432: UserWarning: This DataLoader will create 6 worker processes in total. Our suggested max number of worker in current system is 2, which is smaller than what this DataLoader is going to create. Please be aware that excessive worker creation might get DataLoader running slow or even freeze, lower the worker number to avoid potential slowness/freeze if necessary.
  self.check_worker_number_rationality()

Epoch 365:  43%|████▎     | 20/47 [00:01<00:01, 18.93it/s, loss=0.0857, v_num=]
Epoch 365:  43%|████▎     | 20/47 [00:01<00:01, 18.91it/s, loss=0.084, v_num=] 
Epoch 365:  85%|████████▌ | 40/47 [00:01<00:00, 20.83it/s, loss=0.084, v_num=]
Epoch 365:  85%|████████▌ | 40/47 [00:01<00:00, 20.83it/s, loss=0.0857, v_num=]
Epoch 365: 100%|██████████| 47/47 [00:02<00:00, 18.89it/s, loss=0.0871, v_num=]Evaluating...
NMI : 0.7883496752705202, ARI: 0.4895829804684046, ACC: 0.48783, current K: 10

Epoch 365:   0%|          | 0/47 [00:00<?, ?it/s, loss=0.0871, v_num=]         
Epoch 366:   0%|          | 0/47 [00:00<?, ?it/s, loss=0.0871, v_num=]/usr/local/lib/python3.13/dist-packages/torch/utils/data/dataloader.py:432: UserWarning: This DataLoader will create 6 worker processes in total. Our suggested max number of worker in current system is 2, which is smaller than what this DataLoader is going to create. Please be aware that excessive worker creation might get DataLoader running slow or even freeze, lower the worker number to avoid potential slowness/freeze if necessary.
  self.check_worker_number_rationality()

Epoch 366:  43%|████▎     | 20/47 [00:01<00:01, 13.57it/s, loss=0.0871, v_num=]
Epoch 366:  43%|████▎     | 20/47 [00:01<00:01, 13.56it/s, loss=0.0846, v_num=]
Epoch 366:  85%|████████▌ | 40/47 [00:02<00:00, 15.85it/s, loss=0.0846, v_num=]
Epoch 366:  85%|████████▌ | 40/47 [00:02<00:00, 15.84it/s, loss=0.0872, v_num=]
Epoch 366: 100%|██████████| 47/47 [00:02<00:00, 16.16it/s, loss=0.0849, v_num=]
Epoch 366:   0%|          | 0/47 [00:00<?, ?it/s, loss=0.0849, v_num=]         
Epoch 367:   0%|          | 0/47 [00:00<?, ?it/s, loss=0.0849, v_num=]/usr/local/lib/python3.13/dist-packages/torch/utils/data/dataloader.py:432: UserWarning: This DataLoader will create 6 worker processes in total. Our suggested max number of worker in current system is 2, which is smaller than what this DataLoader is going to create. Please be aware that excessive worker creation might get DataLoader running slow or even freeze, lower the worker number to avoid potential slowness/freeze if necessary.
  self.check_worker_number_rationality()

Epoch 367:  43%|████▎     | 20/47 [00:01<00:01, 19.10it/s, loss=0.0849, v_num=]
Epoch 367:  43%|████▎     | 20/47 [00:01<00:01, 19.09it/s, loss=0.0844, v_num=]
Epoch 367:  85%|████████▌ | 40/47 [00:01<00:00, 21.50it/s, loss=0.0844, v_num=]
Epoch 367:  85%|████████▌ | 40/47 [00:01<00:00, 21.49it/s, loss=0.0908, v_num=]
Epoch 367: 100%|██████████| 47/47 [00:02<00:00, 20.38it/s, loss=0.0804, v_num=]
Epoch 367:   0%|          | 0/47 [00:00<?, ?it/s, loss=0.0804, v_num=]         
Epoch 368:   0%|          | 0/47 [00:00<?, ?it/s, loss=0.0804, v_num=]/usr/local/lib/python3.13/dist-packages/torch/utils/data/dataloader.py:432: UserWarning: This DataLoader will create 6 worker processes in total. Our suggested max number of worker in current system is 2, which is smaller than what this DataLoader is going to create. Please be aware that excessive worker creation might get DataLoader running slow or even freeze, lower the worker number to avoid potential slowness/freeze if necessary.
  self.check_worker_number_rationality()

Epoch 368:  43%|████▎     | 20/47 [00:01<00:01, 19.22it/s, loss=0.0804, v_num=]
Epoch 368:  43%|████▎     | 20/47 [00:01<00:01, 19.21it/s, loss=0.085, v_num=] 
Epoch 368:  85%|████████▌ | 40/47 [00:01<00:00, 21.87it/s, loss=0.085, v_num=]
Epoch 368:  85%|████████▌ | 40/47 [00:01<00:00, 21.86it/s, loss=0.0866, v_num=]
Epoch 368: 100%|██████████| 47/47 [00:02<00:00, 21.15it/s, loss=0.0821, v_num=]
Epoch 368:   0%|          | 0/47 [00:00<?, ?it/s, loss=0.0821, v_num=]         
Epoch 369:   0%|          | 0/47 [00:00<?, ?it/s, loss=0.0821, v_num=]/usr/local/lib/python3.13/dist-packages/torch/utils/data/dataloader.py:432: UserWarning: This DataLoader will create 6 worker processes in total. Our suggested max number of worker in current system is 2, which is smaller than what this DataLoader is going to create. Please be aware that excessive worker creation might get DataLoader running slow or even freeze, lower the worker number to avoid potential slowness/freeze if necessary.
  self.check_worker_number_rationality()

Epoch 369:  43%|████▎     | 20/47 [00:01<00:01, 18.92it/s, loss=0.0821, v_num=]
Epoch 369:  43%|████▎     | 20/47 [00:01<00:01, 18.90it/s, loss=0.0803, v_num=]
Epoch 369:  85%|████████▌ | 40/47 [00:01<00:00, 21.83it/s, loss=0.0803, v_num=]
Epoch 369:  85%|████████▌ | 40/47 [00:01<00:00, 21.82it/s, loss=0.0846, v_num=]
Epoch 369: 100%|██████████| 47/47 [00:02<00:00, 21.00it/s, loss=0.0822, v_num=]
Epoch 369:   0%|          | 0/47 [00:00<?, ?it/s, loss=0.0822, v_num=]         
Epoch 370:   0%|          | 0/47 [00:00<?, ?it/s, loss=0.0822, v_num=]/usr/local/lib/python3.13/dist-packages/torch/utils/data/dataloader.py:432: UserWarning: This DataLoader will create 6 worker processes in total. Our suggested max number of worker in current system is 2, which is smaller than what this DataLoader is going to create. Please be aware that excessive worker creation might get DataLoader running slow or even freeze, lower the worker number to avoid potential slowness/freeze if necessary.
  self.check_worker_number_rationality()

Epoch 370:  43%|████▎     | 20/47 [00:01<00:01, 19.16it/s, loss=0.0822, v_num=]
Epoch 370:  43%|████▎     | 20/47 [00:01<00:01, 19.15it/s, loss=0.0784, v_num=]
Epoch 370:  85%|████████▌ | 40/47 [00:01<00:00, 21.74it/s, loss=0.0784, v_num=]
Epoch 370:  85%|████████▌ | 40/47 [00:01<00:00, 21.74it/s, loss=0.0893, v_num=]
Epoch 370: 100%|██████████| 47/47 [00:02<00:00, 21.08it/s, loss=0.0818, v_num=]Evaluating...
NMI : 0.7885982585332745, ARI: 0.48965004061686745, ACC: 0.4865, current K: 10
Epoch 370 | NMI: 0.7886, ARI: 0.4897, ACC: 0.4865, current K: 10
Confusion Matrix:
[[  0   1   1   0   0   0   0   0  13 285   0   0   0   0   0   0   0   0
    0   0]
 [  2   0   0   2   0   0   3 293   0   0   0   0   0   0   0   0   0   0
    0   0]
 [  0   2   1   0   0   0   0   0 280  17   0   0   0   0   0   0   0   0
    0   0]
 [  2   0   2   0   0   1 290   5   0   0   0   0   0   0   0   0   0   0
    0   0]
 [  6   0   1   2 290   1   0   0   0   0   0   0   0   0   0   0   0   0
    0   0]
 [  2   0   0   3   3 292   0   0   0   0   0   0   0   0   0   0   0   0
    0   0]
 [  0   0   1   0 295   4   0   0   0   0   0   0   0   0   0   0   0   0
    0   0]
 [  3   0   0   0   4 293   0   0   0   0   0   0   0   0   0   0   0   0
    0   0]
 [  8 289   2   1   0   0   0   0   0   0   0   0   0   0   0   0   0   0
    0   0]
 [294   2   1   2   0   0   0   1   0   0   0   0   0   0   0   0   0   0
    0   0]
 [ 14 284   1   0   1   0   0   0   0   0   0   0   0   0   0   0   0   0
    0   0]
 [297   1   1   0   1   0   0   0   0   0   0   0   0   0   0   0   0   0
    0   0]
 [  1   0 297   1   1   0   0   0   0   0   0   0   0   0   0   0   0   0
    0   0]
 [  0   0 297   3   0   0   0   0   0   0   0   0   0   0   0   0   0   0
    0   0]
 [  0   0 292   6   2   0   0   0   0   0   0   0   0   0   0   0   0   0
    0   0]
 [  0   0 298   2   0   0   0   0   0   0   0   0   0   0   0   0   0   0
    0   0]
 [  1   0   2 295   1   0   0   0   0   1   0   0   0   0   0   0   0   0
    0   0]
 [  0   0   2 298   0   0   0   0   0   0   0   0   0   0   0   0   0   0
    0   0]
 [  0   0   1 299   0   0   0   0   0   0   0   0   0   0   0   0   0   0
    0   0]
 [  0   0   2 295   0   3   0   0   0   0   0   0   0   0   0   0   0   0
    0   0]]

Epoch 370:   0%|          | 0/47 [00:00<?, ?it/s, loss=0.0818, v_num=]         
Epoch 371:   0%|          | 0/47 [00:00<?, ?it/s, loss=0.0818, v_num=]/usr/local/lib/python3.13/dist-packages/torch/utils/data/dataloader.py:432: UserWarning: This DataLoader will create 6 worker processes in total. Our suggested max number of worker in current system is 2, which is smaller than what this DataLoader is going to create. Please be aware that excessive worker creation might get DataLoader running slow or even freeze, lower the worker number to avoid potential slowness/freeze if necessary.
  self.check_worker_number_rationality()

Epoch 371:  43%|████▎     | 20/47 [00:01<00:01, 14.42it/s, loss=0.0818, v_num=]
Epoch 371:  43%|████▎     | 20/47 [00:01<00:01, 14.42it/s, loss=0.0793, v_num=]
Epoch 371:  85%|████████▌ | 40/47 [00:02<00:00, 16.40it/s, loss=0.0793, v_num=]
Epoch 371:  85%|████████▌ | 40/47 [00:02<00:00, 16.40it/s, loss=0.0842, v_num=]
Epoch 371: 100%|██████████| 47/47 [00:02<00:00, 15.78it/s, loss=0.0844, v_num=]
Epoch 371:   0%|          | 0/47 [00:00<?, ?it/s, loss=0.0844, v_num=]         
Epoch 372:   0%|          | 0/47 [00:00<?, ?it/s, loss=0.0844, v_num=]/usr/local/lib/python3.13/dist-packages/torch/utils/data/dataloader.py:432: UserWarning: This DataLoader will create 6 worker processes in total. Our suggested max number of worker in current system is 2, which is smaller than what this DataLoader is going to create. Please be aware that excessive worker creation might get DataLoader running slow or even freeze, lower the worker number to avoid potential slowness/freeze if necessary.
  self.check_worker_number_rationality()

Epoch 372:  43%|████▎     | 20/47 [00:01<00:01, 18.96it/s, loss=0.0844, v_num=]
Epoch 372:  43%|████▎     | 20/47 [00:01<00:01, 18.94it/s, loss=0.0982, v_num=]
Epoch 372:  85%|████████▌ | 40/47 [00:01<00:00, 21.65it/s, loss=0.0982, v_num=]
Epoch 372:  85%|████████▌ | 40/47 [00:01<00:00, 21.65it/s, loss=0.0901, v_num=]
Epoch 372: 100%|██████████| 47/47 [00:02<00:00, 21.07it/s, loss=0.0958, v_num=]
Epoch 372:   0%|          | 0/47 [00:00<?, ?it/s, loss=0.0958, v_num=]         
Epoch 373:   0%|          | 0/47 [00:00<?, ?it/s, loss=0.0958, v_num=]/usr/local/lib/python3.13/dist-packages/torch/utils/data/dataloader.py:432: UserWarning: This DataLoader will create 6 worker processes in total. Our suggested max number of worker in current system is 2, which is smaller than what this DataLoader is going to create. Please be aware that excessive worker creation might get DataLoader running slow or even freeze, lower the worker number to avoid potential slowness/freeze if necessary.
  self.check_worker_number_rationality()

Epoch 373:  43%|████▎     | 20/47 [00:01<00:01, 19.07it/s, loss=0.0958, v_num=]
Epoch 373:  43%|████▎     | 20/47 [00:01<00:01, 19.06it/s, loss=0.0927, v_num=]
Epoch 373:  85%|████████▌ | 40/47 [00:01<00:00, 21.71it/s, loss=0.0927, v_num=]
Epoch 373:  85%|████████▌ | 40/47 [00:01<00:00, 21.70it/s, loss=0.0955, v_num=]
Epoch 373: 100%|██████████| 47/47 [00:02<00:00, 21.13it/s, loss=0.0975, v_num=]
Epoch 373:   0%|          | 0/47 [00:00<?, ?it/s, loss=0.0975, v_num=]         
Epoch 374:   0%|          | 0/47 [00:00<?, ?it/s, loss=0.0975, v_num=]/usr/local/lib/python3.13/dist-packages/torch/utils/data/dataloader.py:432: UserWarning: This DataLoader will create 6 worker processes in total. Our suggested max number of worker in current system is 2, which is smaller than what this DataLoader is going to create. Please be aware that excessive worker creation might get DataLoader running slow or even freeze, lower the worker number to avoid potential slowness/freeze if necessary.
  self.check_worker_number_rationality()

Epoch 374:  43%|████▎     | 20/47 [00:01<00:01, 18.47it/s, loss=0.0975, v_num=]
Epoch 374:  43%|████▎     | 20/47 [00:01<00:01, 18.46it/s, loss=0.0836, v_num=]
Epoch 374:  85%|████████▌ | 40/47 [00:01<00:00, 21.33it/s, loss=0.0836, v_num=]
Epoch 374:  85%|████████▌ | 40/47 [00:01<00:00, 21.33it/s, loss=0.0825, v_num=]
Epoch 374: 100%|██████████| 47/47 [00:02<00:00, 20.69it/s, loss=0.0825, v_num=]
Epoch 374:   0%|          | 0/47 [00:00<?, ?it/s, loss=0.0825, v_num=]         
Epoch 375:   0%|          | 0/47 [00:00<?, ?it/s, loss=0.0825, v_num=]/usr/local/lib/python3.13/dist-packages/torch/utils/data/dataloader.py:432: UserWarning: This DataLoader will create 6 worker processes in total. Our suggested max number of worker in current system is 2, which is smaller than what this DataLoader is going to create. Please be aware that excessive worker creation might get DataLoader running slow or even freeze, lower the worker number to avoid potential slowness/freeze if necessary.
  self.check_worker_number_rationality()

Epoch 375:  43%|████▎     | 20/47 [00:01<00:01, 18.62it/s, loss=0.0825, v_num=]
Epoch 375:  43%|████▎     | 20/47 [00:01<00:01, 18.61it/s, loss=0.0968, v_num=]
Epoch 375:  85%|████████▌ | 40/47 [00:01<00:00, 21.21it/s, loss=0.0968, v_num=]
Epoch 375:  85%|████████▌ | 40/47 [00:01<00:00, 21.21it/s, loss=0.0934, v_num=]
Epoch 375: 100%|██████████| 47/47 [00:02<00:00, 20.60it/s, loss=0.0912, v_num=]Evaluating...
NMI : 0.7863528539421312, ARI: 0.48760475630639477, ACC: 0.48383, current K: 10

Epoch 375:   0%|          | 0/47 [00:00<?, ?it/s, loss=0.0912, v_num=]         
Epoch 376:   0%|          | 0/47 [00:00<?, ?it/s, loss=0.0912, v_num=]/usr/local/lib/python3.13/dist-packages/torch/utils/data/dataloader.py:432: UserWarning: This DataLoader will create 6 worker processes in total. Our suggested max number of worker in current system is 2, which is smaller than what this DataLoader is going to create. Please be aware that excessive worker creation might get DataLoader running slow or even freeze, lower the worker number to avoid potential slowness/freeze if necessary.
  self.check_worker_number_rationality()

Epoch 376:  43%|████▎     | 20/47 [00:01<00:01, 17.17it/s, loss=0.0912, v_num=]
Epoch 376:  43%|████▎     | 20/47 [00:01<00:01, 17.16it/s, loss=0.0828, v_num=]
Epoch 376:  85%|████████▌ | 40/47 [00:02<00:00, 18.71it/s, loss=0.0828, v_num=]
Epoch 376:  85%|████████▌ | 40/47 [00:02<00:00, 18.71it/s, loss=0.0813, v_num=]
Epoch 376: 100%|██████████| 47/47 [00:02<00:00, 17.48it/s, loss=0.0794, v_num=]
Epoch 376:   0%|          | 0/47 [00:00<?, ?it/s, loss=0.0794, v_num=]         
Epoch 377:   0%|          | 0/47 [00:00<?, ?it/s, loss=0.0794, v_num=]/usr/local/lib/python3.13/dist-packages/torch/utils/data/dataloader.py:432: UserWarning: This DataLoader will create 6 worker processes in total. Our suggested max number of worker in current system is 2, which is smaller than what this DataLoader is going to create. Please be aware that excessive worker creation might get DataLoader running slow or even freeze, lower the worker number to avoid potential slowness/freeze if necessary.
  self.check_worker_number_rationality()

Epoch 377:  43%|████▎     | 20/47 [00:01<00:01, 14.46it/s, loss=0.0794, v_num=]
Epoch 377:  43%|████▎     | 20/47 [00:01<00:01, 14.46it/s, loss=0.0979, v_num=]
Epoch 377:  85%|████████▌ | 40/47 [00:02<00:00, 18.45it/s, loss=0.0979, v_num=]
Epoch 377:  85%|████████▌ | 40/47 [00:02<00:00, 18.45it/s, loss=0.0948, v_num=]
Epoch 377: 100%|██████████| 47/47 [00:02<00:00, 18.33it/s, loss=0.0925, v_num=]
Epoch 377:   0%|          | 0/47 [00:00<?, ?it/s, loss=0.0925, v_num=]         
Epoch 378:   0%|          | 0/47 [00:00<?, ?it/s, loss=0.0925, v_num=]/usr/local/lib/python3.13/dist-packages/torch/utils/data/dataloader.py:432: UserWarning: This DataLoader will create 6 worker processes in total. Our suggested max number of worker in current system is 2, which is smaller than what this DataLoader is going to create. Please be aware that excessive worker creation might get DataLoader running slow or even freeze, lower the worker number to avoid potential slowness/freeze if necessary.
  self.check_worker_number_rationality()

Epoch 378:  43%|████▎     | 20/47 [00:01<00:01, 18.96it/s, loss=0.0925, v_num=]
Epoch 378:  43%|████▎     | 20/47 [00:01<00:01, 18.95it/s, loss=0.0812, v_num=]
Epoch 378:  85%|████████▌ | 40/47 [00:01<00:00, 21.43it/s, loss=0.0812, v_num=]
Epoch 378:  85%|████████▌ | 40/47 [00:01<00:00, 21.43it/s, loss=0.0811, v_num=]
Epoch 378: 100%|██████████| 47/47 [00:02<00:00, 20.61it/s, loss=0.0825, v_num=]
Epoch 378:   0%|          | 0/47 [00:00<?, ?it/s, loss=0.0825, v_num=]         
Epoch 379:   0%|          | 0/47 [00:00<?, ?it/s, loss=0.0825, v_num=]/usr/local/lib/python3.13/dist-packages/torch/utils/data/dataloader.py:432: UserWarning: This DataLoader will create 6 worker processes in total. Our suggested max number of worker in current system is 2, which is smaller than what this DataLoader is going to create. Please be aware that excessive worker creation might get DataLoader running slow or even freeze, lower the worker number to avoid potential slowness/freeze if necessary.
  self.check_worker_number_rationality()

Epoch 379:  43%|████▎     | 20/47 [00:01<00:01, 18.15it/s, loss=0.0825, v_num=]
Epoch 379:  43%|████▎     | 20/47 [00:01<00:01, 18.14it/s, loss=0.0831, v_num=]
Epoch 379:  85%|████████▌ | 40/47 [00:01<00:00, 21.15it/s, loss=0.0831, v_num=]
Epoch 379:  85%|████████▌ | 40/47 [00:01<00:00, 21.14it/s, loss=0.0811, v_num=]
Epoch 379: 100%|██████████| 47/47 [00:02<00:00, 20.65it/s, loss=0.0817, v_num=]
Epoch 379:   0%|          | 0/47 [00:00<?, ?it/s, loss=0.0817, v_num=]         
Epoch 380:   0%|          | 0/47 [00:00<?, ?it/s, loss=0.0817, v_num=]/usr/local/lib/python3.13/dist-packages/torch/utils/data/dataloader.py:432: UserWarning: This DataLoader will create 6 worker processes in total. Our suggested max number of worker in current system is 2, which is smaller than what this DataLoader is going to create. Please be aware that excessive worker creation might get DataLoader running slow or even freeze, lower the worker number to avoid potential slowness/freeze if necessary.
  self.check_worker_number_rationality()

Epoch 380:  43%|████▎     | 20/47 [00:01<00:01, 18.65it/s, loss=0.0817, v_num=]
Epoch 380:  43%|████▎     | 20/47 [00:01<00:01, 18.64it/s, loss=0.0863, v_num=]
Epoch 380:  85%|████████▌ | 40/47 [00:01<00:00, 21.07it/s, loss=0.0863, v_num=]
Epoch 380:  85%|████████▌ | 40/47 [00:01<00:00, 21.07it/s, loss=0.0871, v_num=]
Epoch 380: 100%|██████████| 47/47 [00:02<00:00, 20.41it/s, loss=0.0836, v_num=]Evaluating...
NMI : 0.7834412100443202, ARI: 0.48430105228527187, ACC: 0.48033, current K: 10
Epoch 380 | NMI: 0.7834, ARI: 0.4843, ACC: 0.4803, current K: 10
Confusion Matrix:
[[  0   1   1   0   0   0   0   0  52 246   0   0   0   0   0   0   0   0
    0   0]
 [  2   0   0   2   0   0   3 293   0   0   0   0   0   0   0   0   0   0
    0   0]
 [  0   2   1   0   0   0   0   0 279  18   0   0   0   0   0   0   0   0
    0   0]
 [  2   0   2   0   0   1 293   2   0   0   0   0   0   0   0   0   0   0
    0   0]
 [  6   0   1   2 291   0   0   0   0   0   0   0   0   0   0   0   0   0
    0   0]
 [  2   0   0   2   2 294   0   0   0   0   0   0   0   0   0   0   0   0
    0   0]
 [  0   0   1   0 296   3   0   0   0   0   0   0   0   0   0   0   0   0
    0   0]
 [  3   0   0   0   4 293   0   0   0   0   0   0   0   0   0   0   0   0
    0   0]
 [  7 289   2   1   0   0   0   0   0   1   0   0   0   0   0   0   0   0
    0   0]
 [294   2   1   2   0   0   0   1   0   0   0   0   0   0   0   0   0   0
    0   0]
 [ 14 283   1   0   1   0   0   0   0   1   0   0   0   0   0   0   0   0
    0   0]
 [297   1   0   0   0   1   1   0   0   0   0   0   0   0   0   0   0   0
    0   0]
 [  1   0 297   1   1   0   0   0   0   0   0   0   0   0   0   0   0   0
    0   0]
 [  0   0 297   3   0   0   0   0   0   0   0   0   0   0   0   0   0   0
    0   0]
 [  0   0 293   5   2   0   0   0   0   0   0   0   0   0   0   0   0   0
    0   0]
 [  0   0 297   2   0   1   0   0   0   0   0   0   0   0   0   0   0   0
    0   0]
 [  1   0   2 295   1   0   0   0   1   0   0   0   0   0   0   0   0   0
    0   0]
 [  0   0   4 296   0   0   0   0   0   0   0   0   0   0   0   0   0   0
    0   0]
 [  0   0   2 298   0   0   0   0   0   0   0   0   0   0   0   0   0   0
    0   0]
 [  0   0   2 295   0   3   0   0   0   0   0   0   0   0   0   0   0   0
    0   0]]

Epoch 380:   0%|          | 0/47 [00:00<?, ?it/s, loss=0.0836, v_num=]         
Epoch 381:   0%|          | 0/47 [00:00<?, ?it/s, loss=0.0836, v_num=]/usr/local/lib/python3.13/dist-packages/torch/utils/data/dataloader.py:432: UserWarning: This DataLoader will create 6 worker processes in total. Our suggested max number of worker in current system is 2, which is smaller than what this DataLoader is going to create. Please be aware that excessive worker creation might get DataLoader running slow or even freeze, lower the worker number to avoid potential slowness/freeze if necessary.
  self.check_worker_number_rationality()

Epoch 381:  43%|████▎     | 20/47 [00:01<00:01, 19.30it/s, loss=0.0836, v_num=]
Epoch 381:  43%|████▎     | 20/47 [00:01<00:01, 19.29it/s, loss=0.0914, v_num=]
Epoch 381:  85%|████████▌ | 40/47 [00:02<00:00, 19.62it/s, loss=0.0914, v_num=]
Epoch 381:  85%|████████▌ | 40/47 [00:02<00:00, 19.62it/s, loss=0.0912, v_num=]
Epoch 381: 100%|██████████| 47/47 [00:02<00:00, 18.21it/s, loss=0.0908, v_num=]
Epoch 381:   0%|          | 0/47 [00:00<?, ?it/s, loss=0.0908, v_num=]         
Epoch 382:   0%|          | 0/47 [00:00<?, ?it/s, loss=0.0908, v_num=]/usr/local/lib/python3.13/dist-packages/torch/utils/data/dataloader.py:432: UserWarning: This DataLoader will create 6 worker processes in total. Our suggested max number of worker in current system is 2, which is smaller than what this DataLoader is going to create. Please be aware that excessive worker creation might get DataLoader running slow or even freeze, lower the worker number to avoid potential slowness/freeze if necessary.
  self.check_worker_number_rationality()

Epoch 382:  43%|████▎     | 20/47 [00:01<00:02, 13.09it/s, loss=0.0908, v_num=]
Epoch 382:  43%|████▎     | 20/47 [00:01<00:02, 13.09it/s, loss=0.0934, v_num=]
Epoch 382:  85%|████████▌ | 40/47 [00:02<00:00, 16.71it/s, loss=0.0934, v_num=]
Epoch 382:  85%|████████▌ | 40/47 [00:02<00:00, 16.71it/s, loss=0.0913, v_num=]
Epoch 382: 100%|██████████| 47/47 [00:02<00:00, 16.85it/s, loss=0.0967, v_num=]
Epoch 382:   0%|          | 0/47 [00:00<?, ?it/s, loss=0.0967, v_num=]         
Epoch 383:   0%|          | 0/47 [00:00<?, ?it/s, loss=0.0967, v_num=]/usr/local/lib/python3.13/dist-packages/torch/utils/data/dataloader.py:432: UserWarning: This DataLoader will create 6 worker processes in total. Our suggested max number of worker in current system is 2, which is smaller than what this DataLoader is going to create. Please be aware that excessive worker creation might get DataLoader running slow or even freeze, lower the worker number to avoid potential slowness/freeze if necessary.
  self.check_worker_number_rationality()

Epoch 383:  43%|████▎     | 20/47 [00:01<00:01, 18.24it/s, loss=0.0967, v_num=]
Epoch 383:  43%|████▎     | 20/47 [00:01<00:01, 18.23it/s, loss=0.0977, v_num=]
Epoch 383:  85%|████████▌ | 40/47 [00:01<00:00, 21.24it/s, loss=0.0977, v_num=]
Epoch 383:  85%|████████▌ | 40/47 [00:01<00:00, 21.24it/s, loss=0.0931, v_num=]
Epoch 383: 100%|██████████| 47/47 [00:02<00:00, 20.75it/s, loss=0.0932, v_num=]
Epoch 383:   0%|          | 0/47 [00:00<?, ?it/s, loss=0.0932, v_num=]         
Epoch 384:   0%|          | 0/47 [00:00<?, ?it/s, loss=0.0932, v_num=]/usr/local/lib/python3.13/dist-packages/torch/utils/data/dataloader.py:432: UserWarning: This DataLoader will create 6 worker processes in total. Our suggested max number of worker in current system is 2, which is smaller than what this DataLoader is going to create. Please be aware that excessive worker creation might get DataLoader running slow or even freeze, lower the worker number to avoid potential slowness/freeze if necessary.
  self.check_worker_number_rationality()

Epoch 384:  43%|████▎     | 20/47 [00:01<00:01, 19.07it/s, loss=0.0932, v_num=]
Epoch 384:  43%|████▎     | 20/47 [00:01<00:01, 19.05it/s, loss=0.0933, v_num=]
Epoch 384:  85%|████████▌ | 40/47 [00:01<00:00, 21.76it/s, loss=0.0933, v_num=]
Epoch 384:  85%|████████▌ | 40/47 [00:01<00:00, 21.76it/s, loss=0.0915, v_num=]
Epoch 384: 100%|██████████| 47/47 [00:02<00:00, 21.14it/s, loss=0.0905, v_num=]
Epoch 384:   0%|          | 0/47 [00:00<?, ?it/s, loss=0.0905, v_num=]         
Epoch 385:   0%|          | 0/47 [00:00<?, ?it/s, loss=0.0905, v_num=]/usr/local/lib/python3.13/dist-packages/torch/utils/data/dataloader.py:432: UserWarning: This DataLoader will create 6 worker processes in total. Our suggested max number of worker in current system is 2, which is smaller than what this DataLoader is going to create. Please be aware that excessive worker creation might get DataLoader running slow or even freeze, lower the worker number to avoid potential slowness/freeze if necessary.
  self.check_worker_number_rationality()

Epoch 385:  43%|████▎     | 20/47 [00:01<00:01, 19.27it/s, loss=0.0905, v_num=]
Epoch 385:  43%|████▎     | 20/47 [00:01<00:01, 19.26it/s, loss=0.0817, v_num=]
Epoch 385:  85%|████████▌ | 40/47 [00:01<00:00, 21.76it/s, loss=0.0817, v_num=]
Epoch 385:  85%|████████▌ | 40/47 [00:01<00:00, 21.76it/s, loss=0.0802, v_num=]
Epoch 385: 100%|██████████| 47/47 [00:02<00:00, 21.01it/s, loss=0.0764, v_num=]Evaluating...
NMI : 0.7845036647089986, ARI: 0.484905698516864, ACC: 0.48067, current K: 10

Epoch 385:   0%|          | 0/47 [00:00<?, ?it/s, loss=0.0764, v_num=]         
Epoch 386:   0%|          | 0/47 [00:00<?, ?it/s, loss=0.0764, v_num=]/usr/local/lib/python3.13/dist-packages/torch/utils/data/dataloader.py:432: UserWarning: This DataLoader will create 6 worker processes in total. Our suggested max number of worker in current system is 2, which is smaller than what this DataLoader is going to create. Please be aware that excessive worker creation might get DataLoader running slow or even freeze, lower the worker number to avoid potential slowness/freeze if necessary.
  self.check_worker_number_rationality()

Epoch 386:  43%|████▎     | 20/47 [00:01<00:01, 18.62it/s, loss=0.0764, v_num=]
Epoch 386:  43%|████▎     | 20/47 [00:01<00:01, 18.60it/s, loss=0.0853, v_num=]
Epoch 386:  85%|████████▌ | 40/47 [00:01<00:00, 21.57it/s, loss=0.0853, v_num=]
Epoch 386:  85%|████████▌ | 40/47 [00:01<00:00, 21.56it/s, loss=0.0901, v_num=]
Epoch 386: 100%|██████████| 47/47 [00:02<00:00, 20.37it/s, loss=0.094, v_num=] 
Epoch 386:   0%|          | 0/47 [00:00<?, ?it/s, loss=0.094, v_num=]         
Epoch 387:   0%|          | 0/47 [00:00<?, ?it/s, loss=0.094, v_num=]/usr/local/lib/python3.13/dist-packages/torch/utils/data/dataloader.py:432: UserWarning: This DataLoader will create 6 worker processes in total. Our suggested max number of worker in current system is 2, which is smaller than what this DataLoader is going to create. Please be aware that excessive worker creation might get DataLoader running slow or even freeze, lower the worker number to avoid potential slowness/freeze if necessary.
  self.check_worker_number_rationality()

Epoch 387:  43%|████▎     | 20/47 [00:01<00:01, 13.70it/s, loss=0.094, v_num=]
Epoch 387:  43%|████▎     | 20/47 [00:01<00:01, 13.69it/s, loss=0.0805, v_num=]
Epoch 387:  85%|████████▌ | 40/47 [00:02<00:00, 15.42it/s, loss=0.0805, v_num=]
Epoch 387:  85%|████████▌ | 40/47 [00:02<00:00, 15.42it/s, loss=0.0795, v_num=]
Epoch 387: 100%|██████████| 47/47 [00:03<00:00, 15.55it/s, loss=0.0768, v_num=]
Epoch 387:   0%|          | 0/47 [00:00<?, ?it/s, loss=0.0768, v_num=]         
Epoch 388:   0%|          | 0/47 [00:00<?, ?it/s, loss=0.0768, v_num=]/usr/local/lib/python3.13/dist-packages/torch/utils/data/dataloader.py:432: UserWarning: This DataLoader will create 6 worker processes in total. Our suggested max number of worker in current system is 2, which is smaller than what this DataLoader is going to create. Please be aware that excessive worker creation might get DataLoader running slow or even freeze, lower the worker number to avoid potential slowness/freeze if necessary.
  self.check_worker_number_rationality()

Epoch 388:  43%|████▎     | 20/47 [00:01<00:01, 18.63it/s, loss=0.0768, v_num=]
Epoch 388:  43%|████▎     | 20/47 [00:01<00:01, 18.62it/s, loss=0.0771, v_num=]
Epoch 388:  85%|████████▌ | 40/47 [00:01<00:00, 21.55it/s, loss=0.0771, v_num=]
Epoch 388:  85%|████████▌ | 40/47 [00:01<00:00, 21.55it/s, loss=0.0792, v_num=]
Epoch 388: 100%|██████████| 47/47 [00:02<00:00, 20.88it/s, loss=0.0809, v_num=]
Epoch 388:   0%|          | 0/47 [00:00<?, ?it/s, loss=0.0809, v_num=]         
Epoch 389:   0%|          | 0/47 [00:00<?, ?it/s, loss=0.0809, v_num=]/usr/local/lib/python3.13/dist-packages/torch/utils/data/dataloader.py:432: UserWarning: This DataLoader will create 6 worker processes in total. Our suggested max number of worker in current system is 2, which is smaller than what this DataLoader is going to create. Please be aware that excessive worker creation might get DataLoader running slow or even freeze, lower the worker number to avoid potential slowness/freeze if necessary.
  self.check_worker_number_rationality()

Epoch 389:  43%|████▎     | 20/47 [00:01<00:01, 19.34it/s, loss=0.0809, v_num=]
Epoch 389:  43%|████▎     | 20/47 [00:01<00:01, 19.33it/s, loss=0.0929, v_num=]
Epoch 389:  85%|████████▌ | 40/47 [00:01<00:00, 22.06it/s, loss=0.0929, v_num=]
Epoch 389:  85%|████████▌ | 40/47 [00:01<00:00, 22.06it/s, loss=0.0889, v_num=]
Epoch 389: 100%|██████████| 47/47 [00:02<00:00, 21.39it/s, loss=0.0864, v_num=]
Epoch 389:   0%|          | 0/47 [00:00<?, ?it/s, loss=0.0864, v_num=]         
Epoch 390:   0%|          | 0/47 [00:00<?, ?it/s, loss=0.0864, v_num=]/usr/local/lib/python3.13/dist-packages/torch/utils/data/dataloader.py:432: UserWarning: This DataLoader will create 6 worker processes in total. Our suggested max number of worker in current system is 2, which is smaller than what this DataLoader is going to create. Please be aware that excessive worker creation might get DataLoader running slow or even freeze, lower the worker number to avoid potential slowness/freeze if necessary.
  self.check_worker_number_rationality()

Epoch 390:  43%|████▎     | 20/47 [00:01<00:01, 19.20it/s, loss=0.0864, v_num=]
Epoch 390:  43%|████▎     | 20/47 [00:01<00:01, 19.19it/s, loss=0.0877, v_num=]
Epoch 390:  85%|████████▌ | 40/47 [00:01<00:00, 22.02it/s, loss=0.0877, v_num=]
Epoch 390:  85%|████████▌ | 40/47 [00:01<00:00, 22.02it/s, loss=0.0902, v_num=]
Epoch 390: 100%|██████████| 47/47 [00:02<00:00, 21.33it/s, loss=0.0902, v_num=]Evaluating...
NMI : 0.7869231321605011, ARI: 0.4876823889534626, ACC: 0.48333, current K: 10
Epoch 390 | NMI: 0.7869, ARI: 0.4877, ACC: 0.4833, current K: 10
Confusion Matrix:
[[  0   1   1   0   0   0   0   0  37 261   0   0   0   0   0   0   0   0
    0   0]
 [  2   0   0   1   0   0   3 294   0   0   0   0   0   0   0   0   0   0
    0   0]
 [  0   2   1   0   0   0   0   0 279  18   0   0   0   0   0   0   0   0
    0   0]
 [  2   0   1   0   0   1 296   0   0   0   0   0   0   0   0   0   0   0
    0   0]
 [  6   0   1   2 291   0   0   0   0   0   0   0   0   0   0   0   0   0
    0   0]
 [  2   0   0   2   2 294   0   0   0   0   0   0   0   0   0   0   0   0
    0   0]
 [  0   0   1   0 296   3   0   0   0   0   0   0   0   0   0   0   0   0
    0   0]
 [  3   0   0   0   3 294   0   0   0   0   0   0   0   0   0   0   0   0
    0   0]
 [  7 288   2   1   0   0   0   0   0   2   0   0   0   0   0   0   0   0
    0   0]
 [295   1   1   2   0   0   0   1   0   0   0   0   0   0   0   0   0   0
    0   0]
 [ 15 282   1   0   1   0   0   0   0   1   0   0   0   0   0   0   0   0
    0   0]
 [297   1   0   0   0   1   1   0   0   0   0   0   0   0   0   0   0   0
    0   0]
 [  1   0 297   1   1   0   0   0   0   0   0   0   0   0   0   0   0   0
    0   0]
 [  0   0 297   3   0   0   0   0   0   0   0   0   0   0   0   0   0   0
    0   0]
 [  0   0 293   5   2   0   0   0   0   0   0   0   0   0   0   0   0   0
    0   0]
 [  0   0 297   2   0   1   0   0   0   0   0   0   0   0   0   0   0   0
    0   0]
 [  1   0   2 295   1   0   0   0   0   1   0   0   0   0   0   0   0   0
    0   0]
 [  0   0   4 296   0   0   0   0   0   0   0   0   0   0   0   0   0   0
    0   0]
 [  0   0   2 298   0   0   0   0   0   0   0   0   0   0   0   0   0   0
    0   0]
 [  0   0   2 295   0   3   0   0   0   0   0   0   0   0   0   0   0   0
    0   0]]

Epoch 390:   0%|          | 0/47 [00:00<?, ?it/s, loss=0.0902, v_num=]         
Epoch 391:   0%|          | 0/47 [00:00<?, ?it/s, loss=0.0902, v_num=]/usr/local/lib/python3.13/dist-packages/torch/utils/data/dataloader.py:432: UserWarning: This DataLoader will create 6 worker processes in total. Our suggested max number of worker in current system is 2, which is smaller than what this DataLoader is going to create. Please be aware that excessive worker creation might get DataLoader running slow or even freeze, lower the worker number to avoid potential slowness/freeze if necessary.
  self.check_worker_number_rationality()

Epoch 391:  43%|████▎     | 20/47 [00:01<00:01, 19.39it/s, loss=0.0902, v_num=]
Epoch 391:  43%|████▎     | 20/47 [00:01<00:01, 19.37it/s, loss=0.0892, v_num=]
Epoch 391:  85%|████████▌ | 40/47 [00:01<00:00, 22.09it/s, loss=0.0892, v_num=]
Epoch 391:  85%|████████▌ | 40/47 [00:01<00:00, 22.08it/s, loss=0.0902, v_num=]
Epoch 391: 100%|██████████| 47/47 [00:02<00:00, 21.28it/s, loss=0.0878, v_num=]
Epoch 391:   0%|          | 0/47 [00:00<?, ?it/s, loss=0.0878, v_num=]         
Epoch 392:   0%|          | 0/47 [00:00<?, ?it/s, loss=0.0878, v_num=]/usr/local/lib/python3.13/dist-packages/torch/utils/data/dataloader.py:432: UserWarning: This DataLoader will create 6 worker processes in total. Our suggested max number of worker in current system is 2, which is smaller than what this DataLoader is going to create. Please be aware that excessive worker creation might get DataLoader running slow or even freeze, lower the worker number to avoid potential slowness/freeze if necessary.
  self.check_worker_number_rationality()

Epoch 392:  43%|████▎     | 20/47 [00:01<00:01, 15.96it/s, loss=0.0878, v_num=]
Epoch 392:  43%|████▎     | 20/47 [00:01<00:01, 15.95it/s, loss=0.0896, v_num=]
Epoch 392:  85%|████████▌ | 40/47 [00:02<00:00, 17.84it/s, loss=0.0896, v_num=]
Epoch 392:  85%|████████▌ | 40/47 [00:02<00:00, 17.83it/s, loss=0.0832, v_num=]
Epoch 392: 100%|██████████| 47/47 [00:02<00:00, 16.82it/s, loss=0.0824, v_num=]
Epoch 392:   0%|          | 0/47 [00:00<?, ?it/s, loss=0.0824, v_num=]         
Epoch 393:   0%|          | 0/47 [00:00<?, ?it/s, loss=0.0824, v_num=]
Epoch 393:  43%|████▎     | 20/47 [00:01<00:01, 15.82it/s, loss=0.0824, v_num=]
Epoch 393:  43%|████▎     | 20/47 [00:01<00:01, 15.81it/s, loss=0.0763, v_num=]
Epoch 393:  85%|████████▌ | 40/47 [00:02<00:00, 19.24it/s, loss=0.0763, v_num=]
Epoch 393:  85%|████████▌ | 40/47 [00:02<00:00, 19.24it/s, loss=0.0753, v_num=]
Epoch 393: 100%|██████████| 47/47 [00:02<00:00, 19.11it/s, loss=0.0799, v_num=]
Epoch 393:   0%|          | 0/47 [00:00<?, ?it/s, loss=0.0799, v_num=]         
Epoch 394:   0%|          | 0/47 [00:00<?, ?it/s, loss=0.0799, v_num=]/usr/local/lib/python3.13/dist-packages/torch/utils/data/dataloader.py:432: UserWarning: This DataLoader will create 6 worker processes in total. Our suggested max number of worker in current system is 2, which is smaller than what this DataLoader is going to create. Please be aware that excessive worker creation might get DataLoader running slow or even freeze, lower the worker number to avoid potential slowness/freeze if necessary.
  self.check_worker_number_rationality()

Epoch 394:  43%|████▎     | 20/47 [00:01<00:01, 17.36it/s, loss=0.0799, v_num=]
Epoch 394:  43%|████▎     | 20/47 [00:01<00:01, 17.35it/s, loss=0.0768, v_num=]
Epoch 394:  85%|████████▌ | 40/47 [00:01<00:00, 20.83it/s, loss=0.0768, v_num=]
Epoch 394:  85%|████████▌ | 40/47 [00:01<00:00, 20.82it/s, loss=0.0775, v_num=]
Epoch 394: 100%|██████████| 47/47 [00:02<00:00, 20.23it/s, loss=0.0802, v_num=]
Epoch 394:   0%|          | 0/47 [00:00<?, ?it/s, loss=0.0802, v_num=]         
Epoch 395:   0%|          | 0/47 [00:00<?, ?it/s, loss=0.0802, v_num=]/usr/local/lib/python3.13/dist-packages/torch/utils/data/dataloader.py:432: UserWarning: This DataLoader will create 6 worker processes in total. Our suggested max number of worker in current system is 2, which is smaller than what this DataLoader is going to create. Please be aware that excessive worker creation might get DataLoader running slow or even freeze, lower the worker number to avoid potential slowness/freeze if necessary.
  self.check_worker_number_rationality()

Epoch 395:  43%|████▎     | 20/47 [00:01<00:01, 19.04it/s, loss=0.0802, v_num=]
Epoch 395:  43%|████▎     | 20/47 [00:01<00:01, 19.03it/s, loss=0.0789, v_num=]
Epoch 395:  85%|████████▌ | 40/47 [00:01<00:00, 22.05it/s, loss=0.0789, v_num=]
Epoch 395:  85%|████████▌ | 40/47 [00:01<00:00, 22.05it/s, loss=0.0747, v_num=]
Epoch 395: 100%|██████████| 47/47 [00:02<00:00, 21.18it/s, loss=0.073, v_num=] Evaluating...
NMI : 0.7923799456785148, ARI: 0.4929656324569333, ACC: 0.48883, current K: 10

Epoch 395:   0%|          | 0/47 [00:00<?, ?it/s, loss=0.073, v_num=]         
Epoch 396:   0%|          | 0/47 [00:00<?, ?it/s, loss=0.073, v_num=]/usr/local/lib/python3.13/dist-packages/torch/utils/data/dataloader.py:432: UserWarning: This DataLoader will create 6 worker processes in total. Our suggested max number of worker in current system is 2, which is smaller than what this DataLoader is going to create. Please be aware that excessive worker creation might get DataLoader running slow or even freeze, lower the worker number to avoid potential slowness/freeze if necessary.
  self.check_worker_number_rationality()

Epoch 396:  43%|████▎     | 20/47 [00:01<00:01, 19.08it/s, loss=0.073, v_num=]
Epoch 396:  43%|████▎     | 20/47 [00:01<00:01, 19.07it/s, loss=0.076, v_num=]
Epoch 396:  85%|████████▌ | 40/47 [00:01<00:00, 21.95it/s, loss=0.076, v_num=]
Epoch 396:  85%|████████▌ | 40/47 [00:01<00:00, 21.95it/s, loss=0.0736, v_num=]
Epoch 396: 100%|██████████| 47/47 [00:02<00:00, 21.39it/s, loss=0.0774, v_num=]
Epoch 396:   0%|          | 0/47 [00:00<?, ?it/s, loss=0.0774, v_num=]         
Epoch 397:   0%|          | 0/47 [00:00<?, ?it/s, loss=0.0774, v_num=]/usr/local/lib/python3.13/dist-packages/torch/utils/data/dataloader.py:432: UserWarning: This DataLoader will create 6 worker processes in total. Our suggested max number of worker in current system is 2, which is smaller than what this DataLoader is going to create. Please be aware that excessive worker creation might get DataLoader running slow or even freeze, lower the worker number to avoid potential slowness/freeze if necessary.
  self.check_worker_number_rationality()

Epoch 397:  43%|████▎     | 20/47 [00:01<00:01, 19.33it/s, loss=0.0774, v_num=]
Epoch 397:  43%|████▎     | 20/47 [00:01<00:01, 19.32it/s, loss=0.0805, v_num=]
Epoch 397:  85%|████████▌ | 40/47 [00:01<00:00, 20.22it/s, loss=0.0805, v_num=]
Epoch 397:  85%|████████▌ | 40/47 [00:01<00:00, 20.21it/s, loss=0.0739, v_num=]
Epoch 397: 100%|██████████| 47/47 [00:02<00:00, 18.87it/s, loss=0.0749, v_num=]
Epoch 397:   0%|          | 0/47 [00:00<?, ?it/s, loss=0.0749, v_num=]         
Epoch 398:   0%|          | 0/47 [00:00<?, ?it/s, loss=0.0749, v_num=]/usr/local/lib/python3.13/dist-packages/torch/utils/data/dataloader.py:432: UserWarning: This DataLoader will create 6 worker processes in total. Our suggested max number of worker in current system is 2, which is smaller than what this DataLoader is going to create. Please be aware that excessive worker creation might get DataLoader running slow or even freeze, lower the worker number to avoid potential slowness/freeze if necessary.
  self.check_worker_number_rationality()

Epoch 398:  43%|████▎     | 20/47 [00:01<00:02, 13.25it/s, loss=0.0749, v_num=]
Epoch 398:  43%|████▎     | 20/47 [00:01<00:02, 13.24it/s, loss=0.0766, v_num=]
Epoch 398:  85%|████████▌ | 40/47 [00:02<00:00, 17.10it/s, loss=0.0766, v_num=]
Epoch 398:  85%|████████▌ | 40/47 [00:02<00:00, 17.10it/s, loss=0.0786, v_num=]
Epoch 398: 100%|██████████| 47/47 [00:02<00:00, 17.21it/s, loss=0.0764, v_num=]
Epoch 398:   0%|          | 0/47 [00:00<?, ?it/s, loss=0.0764, v_num=]         
Epoch 399:   0%|          | 0/47 [00:00<?, ?it/s, loss=0.0764, v_num=]/usr/local/lib/python3.13/dist-packages/torch/utils/data/dataloader.py:432: UserWarning: This DataLoader will create 6 worker processes in total. Our suggested max number of worker in current system is 2, which is smaller than what this DataLoader is going to create. Please be aware that excessive worker creation might get DataLoader running slow or even freeze, lower the worker number to avoid potential slowness/freeze if necessary.
  self.check_worker_number_rationality()

Epoch 399:  43%|████▎     | 20/47 [00:01<00:01, 19.47it/s, loss=0.0764, v_num=]
Epoch 399:  43%|████▎     | 20/47 [00:01<00:01, 19.45it/s, loss=0.0795, v_num=]
Epoch 399:  85%|████████▌ | 40/47 [00:01<00:00, 22.34it/s, loss=0.0795, v_num=]
Epoch 399:  85%|████████▌ | 40/47 [00:01<00:00, 22.33it/s, loss=0.0767, v_num=]
Epoch 399: 100%|██████████| 47/47 [00:02<00:00, 21.62it/s, loss=0.0702, v_num=]
Epoch 399:   0%|          | 0/47 [00:00<?, ?it/s, loss=0.0702, v_num=]         
Epoch 400:   0%|          | 0/47 [00:00<?, ?it/s, loss=0.0702, v_num=]/usr/local/lib/python3.13/dist-packages/torch/utils/data/dataloader.py:432: UserWarning: This DataLoader will create 6 worker processes in total. Our suggested max number of worker in current system is 2, which is smaller than what this DataLoader is going to create. Please be aware that excessive worker creation might get DataLoader running slow or even freeze, lower the worker number to avoid potential slowness/freeze if necessary.
  self.check_worker_number_rationality()

Epoch 400:  43%|████▎     | 20/47 [00:01<00:01, 18.52it/s, loss=0.0702, v_num=]
Epoch 400:  43%|████▎     | 20/47 [00:01<00:01, 18.51it/s, loss=0.0762, v_num=]
Epoch 400:  85%|████████▌ | 40/47 [00:01<00:00, 21.65it/s, loss=0.0762, v_num=]
Epoch 400:  85%|████████▌ | 40/47 [00:01<00:00, 21.64it/s, loss=0.0744, v_num=]
Epoch 400: 100%|██████████| 47/47 [00:02<00:00, 21.08it/s, loss=0.0774, v_num=]Evaluating...
NMI : 0.7936382695611571, ARI: 0.49400539960011675, ACC: 0.4895, current K: 10
Epoch 400 | NMI: 0.7936, ARI: 0.4940, ACC: 0.4895, current K: 10
Confusion Matrix:
[[  0   1   1   0   0   0   0   0   1 297   0   0   0   0   0   0   0   0
    0   0]
 [  2   0   0   2   0   0   2 294   0   0   0   0   0   0   0   0   0   0
    0   0]
 [  0   2   1   0   0   0   0   0 280  17   0   0   0   0   0   0   0   0
    0   0]
 [  2   0   1   0   0   1 296   0   0   0   0   0   0   0   0   0   0   0
    0   0]
 [  6   0   1   2 291   0   0   0   0   0   0   0   0   0   0   0   0   0
    0   0]
 [  2   0   0   2   3 293   0   0   0   0   0   0   0   0   0   0   0   0
    0   0]
 [  0   0   1   0 296   3   0   0   0   0   0   0   0   0   0   0   0   0
    0   0]
 [  3   0   0   0   3 294   0   0   0   0   0   0   0   0   0   0   0   0
    0   0]
 [  7 288   2   1   0   0   0   0   0   2   0   0   0   0   0   0   0   0
    0   0]
 [295   1   1   2   0   0   0   1   0   0   0   0   0   0   0   0   0   0
    0   0]
 [ 15 282   1   0   1   0   0   0   0   1   0   0   0   0   0   0   0   0
    0   0]
 [297   1   0   0   0   1   1   0   0   0   0   0   0   0   0   0   0   0
    0   0]
 [  1   0 297   1   1   0   0   0   0   0   0   0   0   0   0   0   0   0
    0   0]
 [  0   0 297   3   0   0   0   0   0   0   0   0   0   0   0   0   0   0
    0   0]
 [  0   0 294   4   2   0   0   0   0   0   0   0   0   0   0   0   0   0
    0   0]
 [  0   0 297   2   0   1   0   0   0   0   0   0   0   0   0   0   0   0
    0   0]
 [  1   0   2 295   1   0   0   0   0   1   0   0   0   0   0   0   0   0
    0   0]
 [  1   0   3 296   0   0   0   0   0   0   0   0   0   0   0   0   0   0
    0   0]
 [  0   0   2 298   0   0   0   0   0   0   0   0   0   0   0   0   0   0
    0   0]
 [  0   0   2 295   0   3   0   0   0   0   0   0   0   0   0   0   0   0
    0   0]]

Epoch 400:   0%|          | 0/47 [00:00<?, ?it/s, loss=0.0774, v_num=]         
Epoch 401:   0%|          | 0/47 [00:00<?, ?it/s, loss=0.0774, v_num=]/usr/local/lib/python3.13/dist-packages/torch/utils/data/dataloader.py:432: UserWarning: This DataLoader will create 6 worker processes in total. Our suggested max number of worker in current system is 2, which is smaller than what this DataLoader is going to create. Please be aware that excessive worker creation might get DataLoader running slow or even freeze, lower the worker number to avoid potential slowness/freeze if necessary.
  self.check_worker_number_rationality()

Epoch 401:  43%|████▎     | 20/47 [00:01<00:01, 19.05it/s, loss=0.0774, v_num=]
Epoch 401:  43%|████▎     | 20/47 [00:01<00:01, 19.04it/s, loss=0.0752, v_num=]
Epoch 401:  85%|████████▌ | 40/47 [00:01<00:00, 21.93it/s, loss=0.0752, v_num=]
Epoch 401:  85%|████████▌ | 40/47 [00:01<00:00, 21.92it/s, loss=0.0763, v_num=]
Epoch 401: 100%|██████████| 47/47 [00:02<00:00, 21.19it/s, loss=0.0804, v_num=]
Epoch 401:   0%|          | 0/47 [00:00<?, ?it/s, loss=0.0804, v_num=]         
Epoch 402:   0%|          | 0/47 [00:00<?, ?it/s, loss=0.0804, v_num=]/usr/local/lib/python3.13/dist-packages/torch/utils/data/dataloader.py:432: UserWarning: This DataLoader will create 6 worker processes in total. Our suggested max number of worker in current system is 2, which is smaller than what this DataLoader is going to create. Please be aware that excessive worker creation might get DataLoader running slow or even freeze, lower the worker number to avoid potential slowness/freeze if necessary.
  self.check_worker_number_rationality()

Epoch 402:  43%|████▎     | 20/47 [00:01<00:01, 18.57it/s, loss=0.0804, v_num=]
Epoch 402:  43%|████▎     | 20/47 [00:01<00:01, 18.56it/s, loss=0.0768, v_num=]
Epoch 402:  85%|████████▌ | 40/47 [00:01<00:00, 21.53it/s, loss=0.0768, v_num=]
Epoch 402:  85%|████████▌ | 40/47 [00:01<00:00, 21.52it/s, loss=0.0782, v_num=]
Epoch 402: 100%|██████████| 47/47 [00:02<00:00, 20.04it/s, loss=0.077, v_num=] 
Epoch 402:   0%|          | 0/47 [00:00<?, ?it/s, loss=0.077, v_num=]         
Epoch 403:   0%|          | 0/47 [00:00<?, ?it/s, loss=0.077, v_num=]/usr/local/lib/python3.13/dist-packages/torch/utils/data/dataloader.py:432: UserWarning: This DataLoader will create 6 worker processes in total. Our suggested max number of worker in current system is 2, which is smaller than what this DataLoader is going to create. Please be aware that excessive worker creation might get DataLoader running slow or even freeze, lower the worker number to avoid potential slowness/freeze if necessary.
  self.check_worker_number_rationality()

Epoch 403:  43%|████▎     | 20/47 [00:01<00:01, 14.91it/s, loss=0.077, v_num=]
Epoch 403:  43%|████▎     | 20/47 [00:01<00:01, 14.90it/s, loss=0.0746, v_num=]
Epoch 403:  85%|████████▌ | 40/47 [00:02<00:00, 16.46it/s, loss=0.0746, v_num=]
Epoch 403:  85%|████████▌ | 40/47 [00:02<00:00, 16.46it/s, loss=0.078, v_num=] 
Epoch 403: 100%|██████████| 47/47 [00:02<00:00, 16.36it/s, loss=0.0747, v_num=]
Epoch 403:   0%|          | 0/47 [00:00<?, ?it/s, loss=0.0747, v_num=]         
Epoch 404:   0%|          | 0/47 [00:00<?, ?it/s, loss=0.0747, v_num=]/usr/local/lib/python3.13/dist-packages/torch/utils/data/dataloader.py:432: UserWarning: This DataLoader will create 6 worker processes in total. Our suggested max number of worker in current system is 2, which is smaller than what this DataLoader is going to create. Please be aware that excessive worker creation might get DataLoader running slow or even freeze, lower the worker number to avoid potential slowness/freeze if necessary.
  self.check_worker_number_rationality()

Epoch 404:  43%|████▎     | 20/47 [00:01<00:01, 18.74it/s, loss=0.0747, v_num=]
Epoch 404:  43%|████▎     | 20/47 [00:01<00:01, 18.73it/s, loss=0.0762, v_num=]
Epoch 404:  85%|████████▌ | 40/47 [00:01<00:00, 21.72it/s, loss=0.0762, v_num=]
Epoch 404:  85%|████████▌ | 40/47 [00:01<00:00, 21.72it/s, loss=0.0752, v_num=]
Epoch 404: 100%|██████████| 47/47 [00:02<00:00, 21.14it/s, loss=0.0741, v_num=]
Epoch 404:   0%|          | 0/47 [00:00<?, ?it/s, loss=0.0741, v_num=]         
Epoch 405:   0%|          | 0/47 [00:00<?, ?it/s, loss=0.0741, v_num=]/usr/local/lib/python3.13/dist-packages/torch/utils/data/dataloader.py:432: UserWarning: This DataLoader will create 6 worker processes in total. Our suggested max number of worker in current system is 2, which is smaller than what this DataLoader is going to create. Please be aware that excessive worker creation might get DataLoader running slow or even freeze, lower the worker number to avoid potential slowness/freeze if necessary.
  self.check_worker_number_rationality()

Epoch 405:  43%|████▎     | 20/47 [00:01<00:01, 19.17it/s, loss=0.0741, v_num=]
Epoch 405:  43%|████▎     | 20/47 [00:01<00:01, 19.16it/s, loss=0.0738, v_num=]
Epoch 405:  85%|████████▌ | 40/47 [00:01<00:00, 21.84it/s, loss=0.0738, v_num=]
Epoch 405:  85%|████████▌ | 40/47 [00:01<00:00, 21.84it/s, loss=0.0736, v_num=]
Epoch 405: 100%|██████████| 47/47 [00:02<00:00, 21.03it/s, loss=0.0774, v_num=]Evaluating...
NMI : 0.7952315992744022, ARI: 0.4954868155795178, ACC: 0.491, current K: 10

Epoch 405:   0%|          | 0/47 [00:00<?, ?it/s, loss=0.0774, v_num=]         
Epoch 406:   0%|          | 0/47 [00:00<?, ?it/s, loss=0.0774, v_num=]/usr/local/lib/python3.13/dist-packages/torch/utils/data/dataloader.py:432: UserWarning: This DataLoader will create 6 worker processes in total. Our suggested max number of worker in current system is 2, which is smaller than what this DataLoader is going to create. Please be aware that excessive worker creation might get DataLoader running slow or even freeze, lower the worker number to avoid potential slowness/freeze if necessary.
  self.check_worker_number_rationality()

Epoch 406:  43%|████▎     | 20/47 [00:01<00:01, 19.09it/s, loss=0.0774, v_num=]
Epoch 406:  43%|████▎     | 20/47 [00:01<00:01, 19.08it/s, loss=0.072, v_num=] 
Epoch 406:  85%|████████▌ | 40/47 [00:01<00:00, 20.54it/s, loss=0.072, v_num=]
Epoch 406:  85%|████████▌ | 40/47 [00:01<00:00, 20.54it/s, loss=0.0736, v_num=]
Epoch 406: 100%|██████████| 47/47 [00:02<00:00, 19.81it/s, loss=0.0743, v_num=]
Epoch 406:   0%|          | 0/47 [00:00<?, ?it/s, loss=0.0743, v_num=]         
Epoch 407:   0%|          | 0/47 [00:00<?, ?it/s, loss=0.0743, v_num=]
Epoch 407:  43%|████▎     | 20/47 [00:01<00:01, 18.57it/s, loss=0.0743, v_num=]
Epoch 407:  43%|████▎     | 20/47 [00:01<00:01, 18.56it/s, loss=0.0723, v_num=]
Epoch 407:  85%|████████▌ | 40/47 [00:01<00:00, 21.61it/s, loss=0.0723, v_num=]
Epoch 407:  85%|████████▌ | 40/47 [00:01<00:00, 21.61it/s, loss=0.0734, v_num=]
Epoch 407: 100%|██████████| 47/47 [00:02<00:00, 20.86it/s, loss=0.076, v_num=] 
Epoch 407:   0%|          | 0/47 [00:00<?, ?it/s, loss=0.076, v_num=]         
Epoch 408:   0%|          | 0/47 [00:00<?, ?it/s, loss=0.076, v_num=]
Epoch 408:  43%|████▎     | 20/47 [00:01<00:01, 15.91it/s, loss=0.076, v_num=]
Epoch 408:  43%|████▎     | 20/47 [00:01<00:01, 15.90it/s, loss=0.0744, v_num=]
Epoch 408:  85%|████████▌ | 40/47 [00:02<00:00, 17.48it/s, loss=0.0744, v_num=]
Epoch 408:  85%|████████▌ | 40/47 [00:02<00:00, 17.48it/s, loss=0.0735, v_num=]
Epoch 408: 100%|██████████| 47/47 [00:02<00:00, 16.57it/s, loss=0.077, v_num=] 
Epoch 408:   0%|          | 0/47 [00:00<?, ?it/s, loss=0.077, v_num=]         
Epoch 409:   0%|          | 0/47 [00:00<?, ?it/s, loss=0.077, v_num=]
Epoch 409:  43%|████▎     | 20/47 [00:01<00:01, 16.26it/s, loss=0.077, v_num=]
Epoch 409:  43%|████▎     | 20/47 [00:01<00:01, 16.26it/s, loss=0.076, v_num=]
Epoch 409:  85%|████████▌ | 40/47 [00:01<00:00, 20.10it/s, loss=0.076, v_num=]
Epoch 409:  85%|████████▌ | 40/47 [00:01<00:00, 20.09it/s, loss=0.0749, v_num=]
Epoch 409: 100%|██████████| 47/47 [00:02<00:00, 19.71it/s, loss=0.0743, v_num=]
Epoch 409:   0%|          | 0/47 [00:00<?, ?it/s, loss=0.0743, v_num=]         
Epoch 410:   0%|          | 0/47 [00:00<?, ?it/s, loss=0.0743, v_num=]
Epoch 410:  43%|████▎     | 20/47 [00:01<00:01, 19.67it/s, loss=0.0743, v_num=]
Epoch 410:  43%|████▎     | 20/47 [00:01<00:01, 19.66it/s, loss=0.0797, v_num=]
Epoch 410:  85%|████████▌ | 40/47 [00:01<00:00, 22.26it/s, loss=0.0797, v_num=]
Epoch 410:  85%|████████▌ | 40/47 [00:01<00:00, 22.26it/s, loss=0.0704, v_num=]
Epoch 410: 100%|██████████| 47/47 [00:02<00:00, 21.57it/s, loss=0.0747, v_num=]Evaluating...
NMI : 0.7966674212587648, ARI: 0.4966243419527268, ACC: 0.4915, current K: 10
Epoch 410 | NMI: 0.7967, ARI: 0.4966, ACC: 0.4915, current K: 10
Confusion Matrix:
[[  0   1   1   0   0   0   0   0   1 297   0   0   0   0   0   0   0   0
    0   0]
 [  1   0   0   2   0   0   1 296   0   0   0   0   0   0   0   0   0   0
    0   0]
 [  0   2   1   0   0   0   0   0 290   7   0   0   0   0   0   0   0   0
    0   0]
 [  2   0   1   0   0   1 296   0   0   0   0   0   0   0   0   0   0   0
    0   0]
 [  6   0   1   2 291   0   0   0   0   0   0   0   0   0   0   0   0   0
    0   0]
 [  2   0   0   2   2 294   0   0   0   0   0   0   0   0   0   0   0   0
    0   0]
 [  0   0   1   0 296   3   0   0   0   0   0   0   0   0   0   0   0   0
    0   0]
 [  3   0   0   0   3 294   0   0   0   0   0   0   0   0   0   0   0   0
    0   0]
 [  7 288   2   1   0   0   0   0   0   2   0   0   0   0   0   0   0   0
    0   0]
 [295   1   1   2   0   0   0   1   0   0   0   0   0   0   0   0   0   0
    0   0]
 [ 15 282   1   0   1   0   0   0   0   1   0   0   0   0   0   0   0   0
    0   0]
 [297   1   0   0   0   1   1   0   0   0   0   0   0   0   0   0   0   0
    0   0]
 [  1   0 297   1   1   0   0   0   0   0   0   0   0   0   0   0   0   0
    0   0]
 [  0   0 297   3   0   0   0   0   0   0   0   0   0   0   0   0   0   0
    0   0]
 [  0   0 294   4   2   0   0   0   0   0   0   0   0   0   0   0   0   0
    0   0]
 [  0   0 297   2   0   1   0   0   0   0   0   0   0   0   0   0   0   0
    0   0]
 [  1   0   2 295   1   0   0   0   0   1   0   0   0   0   0   0   0   0
    0   0]
 [  1   0   2 296   0   1   0   0   0   0   0   0   0   0   0   0   0   0
    0   0]
 [  0   0   2 298   0   0   0   0   0   0   0   0   0   0   0   0   0   0
    0   0]
 [  0   0   2 295   0   3   0   0   0   0   0   0   0   0   0   0   0   0
    0   0]]

Epoch 410:   0%|          | 0/47 [00:00<?, ?it/s, loss=0.0747, v_num=]         
Epoch 411:   0%|          | 0/47 [00:00<?, ?it/s, loss=0.0747, v_num=]/usr/local/lib/python3.13/dist-packages/torch/utils/data/dataloader.py:432: UserWarning: This DataLoader will create 6 worker processes in total. Our suggested max number of worker in current system is 2, which is smaller than what this DataLoader is going to create. Please be aware that excessive worker creation might get DataLoader running slow or even freeze, lower the worker number to avoid potential slowness/freeze if necessary.
  self.check_worker_number_rationality()

Epoch 411:  43%|████▎     | 20/47 [00:01<00:01, 19.13it/s, loss=0.0747, v_num=]
Epoch 411:  43%|████▎     | 20/47 [00:01<00:01, 19.12it/s, loss=0.0761, v_num=]
Epoch 411:  85%|████████▌ | 40/47 [00:01<00:00, 21.56it/s, loss=0.0761, v_num=]
Epoch 411:  85%|████████▌ | 40/47 [00:01<00:00, 21.55it/s, loss=0.0747, v_num=]
Epoch 411: 100%|██████████| 47/47 [00:02<00:00, 20.89it/s, loss=0.0739, v_num=]
Epoch 411:   0%|          | 0/47 [00:00<?, ?it/s, loss=0.0739, v_num=]         
Epoch 412:   0%|          | 0/47 [00:00<?, ?it/s, loss=0.0739, v_num=]/usr/local/lib/python3.13/dist-packages/torch/utils/data/dataloader.py:432: UserWarning: This DataLoader will create 6 worker processes in total. Our suggested max number of worker in current system is 2, which is smaller than what this DataLoader is going to create. Please be aware that excessive worker creation might get DataLoader running slow or even freeze, lower the worker number to avoid potential slowness/freeze if necessary.
  self.check_worker_number_rationality()

Epoch 412:  43%|████▎     | 20/47 [00:01<00:01, 19.21it/s, loss=0.0739, v_num=]
Epoch 412:  43%|████▎     | 20/47 [00:01<00:01, 19.19it/s, loss=0.079, v_num=] 
Epoch 412:  85%|████████▌ | 40/47 [00:01<00:00, 21.92it/s, loss=0.079, v_num=]
Epoch 412:  85%|████████▌ | 40/47 [00:01<00:00, 21.91it/s, loss=0.0732, v_num=]
Epoch 412: 100%|██████████| 47/47 [00:02<00:00, 21.29it/s, loss=0.0738, v_num=]
Epoch 412:   0%|          | 0/47 [00:00<?, ?it/s, loss=0.0738, v_num=]         
Epoch 413:   0%|          | 0/47 [00:00<?, ?it/s, loss=0.0738, v_num=]/usr/local/lib/python3.13/dist-packages/torch/utils/data/dataloader.py:432: UserWarning: This DataLoader will create 6 worker processes in total. Our suggested max number of worker in current system is 2, which is smaller than what this DataLoader is going to create. Please be aware that excessive worker creation might get DataLoader running slow or even freeze, lower the worker number to avoid potential slowness/freeze if necessary.
  self.check_worker_number_rationality()

Epoch 413:  43%|████▎     | 20/47 [00:01<00:01, 19.29it/s, loss=0.0738, v_num=]
Epoch 413:  43%|████▎     | 20/47 [00:01<00:01, 19.27it/s, loss=0.075, v_num=] 
Epoch 413:  85%|████████▌ | 40/47 [00:01<00:00, 20.56it/s, loss=0.075, v_num=]
Epoch 413:  85%|████████▌ | 40/47 [00:01<00:00, 20.55it/s, loss=0.0724, v_num=]
Epoch 413: 100%|██████████| 47/47 [00:02<00:00, 19.10it/s, loss=0.0753, v_num=]
Epoch 413:   0%|          | 0/47 [00:00<?, ?it/s, loss=0.0753, v_num=]         
Epoch 414:   0%|          | 0/47 [00:00<?, ?it/s, loss=0.0753, v_num=]/usr/local/lib/python3.13/dist-packages/torch/utils/data/dataloader.py:432: UserWarning: This DataLoader will create 6 worker processes in total. Our suggested max number of worker in current system is 2, which is smaller than what this DataLoader is going to create. Please be aware that excessive worker creation might get DataLoader running slow or even freeze, lower the worker number to avoid potential slowness/freeze if necessary.
  self.check_worker_number_rationality()

Epoch 414:  43%|████▎     | 20/47 [00:01<00:02, 13.38it/s, loss=0.0753, v_num=]
Epoch 414:  43%|████▎     | 20/47 [00:01<00:02, 13.37it/s, loss=0.0742, v_num=]
Epoch 414:  85%|████████▌ | 40/47 [00:02<00:00, 17.21it/s, loss=0.0742, v_num=]
Epoch 414:  85%|████████▌ | 40/47 [00:02<00:00, 17.21it/s, loss=0.0745, v_num=]
Epoch 414: 100%|██████████| 47/47 [00:02<00:00, 17.40it/s, loss=0.0785, v_num=]
Epoch 414:   0%|          | 0/47 [00:00<?, ?it/s, loss=0.0785, v_num=]         
Epoch 415:   0%|          | 0/47 [00:00<?, ?it/s, loss=0.0785, v_num=]/usr/local/lib/python3.13/dist-packages/torch/utils/data/dataloader.py:432: UserWarning: This DataLoader will create 6 worker processes in total. Our suggested max number of worker in current system is 2, which is smaller than what this DataLoader is going to create. Please be aware that excessive worker creation might get DataLoader running slow or even freeze, lower the worker number to avoid potential slowness/freeze if necessary.
  self.check_worker_number_rationality()

Epoch 415:  43%|████▎     | 20/47 [00:01<00:01, 19.32it/s, loss=0.0785, v_num=]
Epoch 415:  43%|████▎     | 20/47 [00:01<00:01, 19.31it/s, loss=0.0716, v_num=]
Epoch 415:  85%|████████▌ | 40/47 [00:01<00:00, 21.99it/s, loss=0.0716, v_num=]
Epoch 415:  85%|████████▌ | 40/47 [00:01<00:00, 21.99it/s, loss=0.0766, v_num=]
Epoch 415: 100%|██████████| 47/47 [00:02<00:00, 21.25it/s, loss=0.0773, v_num=]Evaluating...
NMI : 0.7978323864356444, ARI: 0.4976942760144117, ACC: 0.49217, current K: 10

Epoch 415:   0%|          | 0/47 [00:00<?, ?it/s, loss=0.0773, v_num=]         
Epoch 416:   0%|          | 0/47 [00:00<?, ?it/s, loss=0.0773, v_num=]/usr/local/lib/python3.13/dist-packages/torch/utils/data/dataloader.py:432: UserWarning: This DataLoader will create 6 worker processes in total. Our suggested max number of worker in current system is 2, which is smaller than what this DataLoader is going to create. Please be aware that excessive worker creation might get DataLoader running slow or even freeze, lower the worker number to avoid potential slowness/freeze if necessary.
  self.check_worker_number_rationality()

Epoch 416:  43%|████▎     | 20/47 [00:01<00:01, 18.90it/s, loss=0.0773, v_num=]
Epoch 416:  43%|████▎     | 20/47 [00:01<00:01, 18.89it/s, loss=0.0714, v_num=]
Epoch 416:  85%|████████▌ | 40/47 [00:01<00:00, 21.80it/s, loss=0.0714, v_num=]
Epoch 416:  85%|████████▌ | 40/47 [00:01<00:00, 21.80it/s, loss=0.0733, v_num=]
Epoch 416: 100%|██████████| 47/47 [00:02<00:00, 20.93it/s, loss=0.0785, v_num=]
Epoch 416:   0%|          | 0/47 [00:00<?, ?it/s, loss=0.0785, v_num=]         
Epoch 417:   0%|          | 0/47 [00:00<?, ?it/s, loss=0.0785, v_num=]/usr/local/lib/python3.13/dist-packages/torch/utils/data/dataloader.py:432: UserWarning: This DataLoader will create 6 worker processes in total. Our suggested max number of worker in current system is 2, which is smaller than what this DataLoader is going to create. Please be aware that excessive worker creation might get DataLoader running slow or even freeze, lower the worker number to avoid potential slowness/freeze if necessary.
  self.check_worker_number_rationality()

Epoch 417:  43%|████▎     | 20/47 [00:01<00:01, 18.94it/s, loss=0.0785, v_num=]
Epoch 417:  43%|████▎     | 20/47 [00:01<00:01, 18.93it/s, loss=0.0744, v_num=]
Epoch 417:  85%|████████▌ | 40/47 [00:01<00:00, 21.87it/s, loss=0.0744, v_num=]
Epoch 417:  85%|████████▌ | 40/47 [00:01<00:00, 21.86it/s, loss=0.0724, v_num=]
Epoch 417: 100%|██████████| 47/47 [00:02<00:00, 21.30it/s, loss=0.0742, v_num=]
Epoch 417:   0%|          | 0/47 [00:00<?, ?it/s, loss=0.0742, v_num=]         
Epoch 418:   0%|          | 0/47 [00:00<?, ?it/s, loss=0.0742, v_num=]/usr/local/lib/python3.13/dist-packages/torch/utils/data/dataloader.py:432: UserWarning: This DataLoader will create 6 worker processes in total. Our suggested max number of worker in current system is 2, which is smaller than what this DataLoader is going to create. Please be aware that excessive worker creation might get DataLoader running slow or even freeze, lower the worker number to avoid potential slowness/freeze if necessary.
  self.check_worker_number_rationality()

Epoch 418:  43%|████▎     | 20/47 [00:01<00:01, 19.13it/s, loss=0.0742, v_num=]
Epoch 418:  43%|████▎     | 20/47 [00:01<00:01, 19.11it/s, loss=0.074, v_num=] 
Epoch 418:  85%|████████▌ | 40/47 [00:01<00:00, 21.76it/s, loss=0.074, v_num=]
Epoch 418:  85%|████████▌ | 40/47 [00:01<00:00, 21.75it/s, loss=0.0758, v_num=]
Epoch 418: 100%|██████████| 47/47 [00:02<00:00, 20.63it/s, loss=0.0744, v_num=]
Epoch 418:   0%|          | 0/47 [00:00<?, ?it/s, loss=0.0744, v_num=]         
Epoch 419:   0%|          | 0/47 [00:00<?, ?it/s, loss=0.0744, v_num=]/usr/local/lib/python3.13/dist-packages/torch/utils/data/dataloader.py:432: UserWarning: This DataLoader will create 6 worker processes in total. Our suggested max number of worker in current system is 2, which is smaller than what this DataLoader is going to create. Please be aware that excessive worker creation might get DataLoader running slow or even freeze, lower the worker number to avoid potential slowness/freeze if necessary.
  self.check_worker_number_rationality()

Epoch 419:  43%|████▎     | 20/47 [00:01<00:01, 13.81it/s, loss=0.0744, v_num=]
Epoch 419:  43%|████▎     | 20/47 [00:01<00:01, 13.80it/s, loss=0.0716, v_num=]
Epoch 419:  85%|████████▌ | 40/47 [00:02<00:00, 16.07it/s, loss=0.0716, v_num=]
Epoch 419:  85%|████████▌ | 40/47 [00:02<00:00, 16.07it/s, loss=0.0747, v_num=]
Epoch 419: 100%|██████████| 47/47 [00:03<00:00, 15.33it/s, loss=0.073, v_num=] 
Epoch 419:   0%|          | 0/47 [00:00<?, ?it/s, loss=0.073, v_num=]         
Epoch 420:   0%|          | 0/47 [00:00<?, ?it/s, loss=0.073, v_num=]/usr/local/lib/python3.13/dist-packages/torch/utils/data/dataloader.py:432: UserWarning: This DataLoader will create 6 worker processes in total. Our suggested max number of worker in current system is 2, which is smaller than what this DataLoader is going to create. Please be aware that excessive worker creation might get DataLoader running slow or even freeze, lower the worker number to avoid potential slowness/freeze if necessary.
  self.check_worker_number_rationality()

Epoch 420:  43%|████▎     | 20/47 [00:01<00:01, 18.80it/s, loss=0.073, v_num=]
Epoch 420:  43%|████▎     | 20/47 [00:01<00:01, 18.78it/s, loss=0.0725, v_num=]
Epoch 420:  85%|████████▌ | 40/47 [00:01<00:00, 21.24it/s, loss=0.0725, v_num=]
Epoch 420:  85%|████████▌ | 40/47 [00:01<00:00, 21.24it/s, loss=0.075, v_num=] 
Epoch 420: 100%|██████████| 47/47 [00:02<00:00, 20.44it/s, loss=0.0766, v_num=]Evaluating...
NMI : 0.798147650418746, ARI: 0.4977789723095397, ACC: 0.49217, current K: 10
Epoch 420 | NMI: 0.7981, ARI: 0.4978, ACC: 0.4922, current K: 10
Confusion Matrix:
[[  0   1   1   0   0   0   0   0   1 297   0   0   0   0   0   0   0   0
    0   0]
 [  1   0   0   2   0   0   1 296   0   0   0   0   0   0   0   0   0   0
    0   0]
 [  0   2   1   0   0   0   0   0 295   2   0   0   0   0   0   0   0   0
    0   0]
 [  2   0   1   0   0   1 296   0   0   0   0   0   0   0   0   0   0   0
    0   0]
 [  6   0   1   2 291   0   0   0   0   0   0   0   0   0   0   0   0   0
    0   0]
 [  2   0   0   2   2 294   0   0   0   0   0   0   0   0   0   0   0   0
    0   0]
 [  0   0   1   0 296   3   0   0   0   0   0   0   0   0   0   0   0   0
    0   0]
 [  3   0   0   0   3 294   0   0   0   0   0   0   0   0   0   0   0   0
    0   0]
 [  7 288   2   1   0   0   0   0   0   2   0   0   0   0   0   0   0   0
    0   0]
 [295   1   1   2   0   0   0   1   0   0   0   0   0   0   0   0   0   0
    0   0]
 [ 14 283   1   0   1   0   0   0   0   1   0   0   0   0   0   0   0   0
    0   0]
 [297   1   0   0   0   1   1   0   0   0   0   0   0   0   0   0   0   0
    0   0]
 [  1   0 297   1   1   0   0   0   0   0   0   0   0   0   0   0   0   0
    0   0]
 [  0   0 297   3   0   0   0   0   0   0   0   0   0   0   0   0   0   0
    0   0]
 [  0   0 295   4   1   0   0   0   0   0   0   0   0   0   0   0   0   0
    0   0]
 [  0   0 297   2   0   1   0   0   0   0   0   0   0   0   0   0   0   0
    0   0]
 [  1   0   2 295   1   0   0   0   0   1   0   0   0   0   0   0   0   0
    0   0]
 [  1   0   2 296   0   1   0   0   0   0   0   0   0   0   0   0   0   0
    0   0]
 [  0   0   2 297   1   0   0   0   0   0   0   0   0   0   0   0   0   0
    0   0]
 [  0   0   2 295   0   3   0   0   0   0   0   0   0   0   0   0   0   0
    0   0]]

Epoch 420:   0%|          | 0/47 [00:00<?, ?it/s, loss=0.0766, v_num=]         
Epoch 421:   0%|          | 0/47 [00:00<?, ?it/s, loss=0.0766, v_num=]/usr/local/lib/python3.13/dist-packages/torch/utils/data/dataloader.py:432: UserWarning: This DataLoader will create 6 worker processes in total. Our suggested max number of worker in current system is 2, which is smaller than what this DataLoader is going to create. Please be aware that excessive worker creation might get DataLoader running slow or even freeze, lower the worker number to avoid potential slowness/freeze if necessary.
  self.check_worker_number_rationality()

Epoch 421:  43%|████▎     | 20/47 [00:01<00:01, 18.31it/s, loss=0.0766, v_num=]
Epoch 421:  43%|████▎     | 20/47 [00:01<00:01, 18.30it/s, loss=0.0754, v_num=]
Epoch 421:  85%|████████▌ | 40/47 [00:01<00:00, 21.25it/s, loss=0.0754, v_num=]
Epoch 421:  85%|████████▌ | 40/47 [00:01<00:00, 21.25it/s, loss=0.075, v_num=] 
Epoch 421: 100%|██████████| 47/47 [00:02<00:00, 20.58it/s, loss=0.0741, v_num=]
Epoch 421:   0%|          | 0/47 [00:00<?, ?it/s, loss=0.0741, v_num=]         
Epoch 422:   0%|          | 0/47 [00:00<?, ?it/s, loss=0.0741, v_num=]/usr/local/lib/python3.13/dist-packages/torch/utils/data/dataloader.py:432: UserWarning: This DataLoader will create 6 worker processes in total. Our suggested max number of worker in current system is 2, which is smaller than what this DataLoader is going to create. Please be aware that excessive worker creation might get DataLoader running slow or even freeze, lower the worker number to avoid potential slowness/freeze if necessary.
  self.check_worker_number_rationality()

Epoch 422:  43%|████▎     | 20/47 [00:01<00:01, 19.19it/s, loss=0.0741, v_num=]
Epoch 422:  43%|████▎     | 20/47 [00:01<00:01, 19.18it/s, loss=0.0762, v_num=]
Epoch 422:  85%|████████▌ | 40/47 [00:01<00:00, 22.08it/s, loss=0.0762, v_num=]
Epoch 422:  85%|████████▌ | 40/47 [00:01<00:00, 22.08it/s, loss=0.0695, v_num=]
Epoch 422: 100%|██████████| 47/47 [00:02<00:00, 21.16it/s, loss=0.0735, v_num=]
Epoch 422:   0%|          | 0/47 [00:00<?, ?it/s, loss=0.0735, v_num=]         
Epoch 423:   0%|          | 0/47 [00:00<?, ?it/s, loss=0.0735, v_num=]/usr/local/lib/python3.13/dist-packages/torch/utils/data/dataloader.py:432: UserWarning: This DataLoader will create 6 worker processes in total. Our suggested max number of worker in current system is 2, which is smaller than what this DataLoader is going to create. Please be aware that excessive worker creation might get DataLoader running slow or even freeze, lower the worker number to avoid potential slowness/freeze if necessary.
  self.check_worker_number_rationality()

Epoch 423:  43%|████▎     | 20/47 [00:01<00:01, 18.85it/s, loss=0.0735, v_num=]
Epoch 423:  43%|████▎     | 20/47 [00:01<00:01, 18.84it/s, loss=0.0721, v_num=]
Epoch 423:  85%|████████▌ | 40/47 [00:01<00:00, 21.83it/s, loss=0.0721, v_num=]
Epoch 423:  85%|████████▌ | 40/47 [00:01<00:00, 21.83it/s, loss=0.0744, v_num=]
Epoch 423: 100%|██████████| 47/47 [00:02<00:00, 21.14it/s, loss=0.0761, v_num=]
Epoch 423:   0%|          | 0/47 [00:00<?, ?it/s, loss=0.0761, v_num=]         
Epoch 424:   0%|          | 0/47 [00:00<?, ?it/s, loss=0.0761, v_num=]/usr/local/lib/python3.13/dist-packages/torch/utils/data/dataloader.py:432: UserWarning: This DataLoader will create 6 worker processes in total. Our suggested max number of worker in current system is 2, which is smaller than what this DataLoader is going to create. Please be aware that excessive worker creation might get DataLoader running slow or even freeze, lower the worker number to avoid potential slowness/freeze if necessary.
  self.check_worker_number_rationality()

Epoch 424:  43%|████▎     | 20/47 [00:01<00:01, 17.11it/s, loss=0.0761, v_num=]
Epoch 424:  43%|████▎     | 20/47 [00:01<00:01, 17.10it/s, loss=0.0747, v_num=]
Epoch 424:  85%|████████▌ | 40/47 [00:02<00:00, 18.95it/s, loss=0.0747, v_num=]
Epoch 424:  85%|████████▌ | 40/47 [00:02<00:00, 18.95it/s, loss=0.0733, v_num=]
Epoch 424: 100%|██████████| 47/47 [00:02<00:00, 17.82it/s, loss=0.0743, v_num=]
Epoch 424:   0%|          | 0/47 [00:00<?, ?it/s, loss=0.0743, v_num=]         
Epoch 425:   0%|          | 0/47 [00:00<?, ?it/s, loss=0.0743, v_num=]/usr/local/lib/python3.13/dist-packages/torch/utils/data/dataloader.py:432: UserWarning: This DataLoader will create 6 worker processes in total. Our suggested max number of worker in current system is 2, which is smaller than what this DataLoader is going to create. Please be aware that excessive worker creation might get DataLoader running slow or even freeze, lower the worker number to avoid potential slowness/freeze if necessary.
  self.check_worker_number_rationality()

Epoch 425:  43%|████▎     | 20/47 [00:01<00:01, 13.93it/s, loss=0.0743, v_num=]
Epoch 425:  43%|████▎     | 20/47 [00:01<00:01, 13.92it/s, loss=0.0741, v_num=]
Epoch 425:  85%|████████▌ | 40/47 [00:02<00:00, 17.91it/s, loss=0.0741, v_num=]
Epoch 425:  85%|████████▌ | 40/47 [00:02<00:00, 17.91it/s, loss=0.0748, v_num=]
Epoch 425: 100%|██████████| 47/47 [00:02<00:00, 17.97it/s, loss=0.0714, v_num=]Evaluating...
NMI : 0.7990460195019069, ARI: 0.4981706456314579, ACC: 0.49267, current K: 10

Epoch 425:   0%|          | 0/47 [00:00<?, ?it/s, loss=0.0714, v_num=]         
Epoch 426:   0%|          | 0/47 [00:00<?, ?it/s, loss=0.0714, v_num=]/usr/local/lib/python3.13/dist-packages/torch/utils/data/dataloader.py:432: UserWarning: This DataLoader will create 6 worker processes in total. Our suggested max number of worker in current system is 2, which is smaller than what this DataLoader is going to create. Please be aware that excessive worker creation might get DataLoader running slow or even freeze, lower the worker number to avoid potential slowness/freeze if necessary.
  self.check_worker_number_rationality()

Epoch 426:  43%|████▎     | 20/47 [00:01<00:01, 19.40it/s, loss=0.0714, v_num=]
Epoch 426:  43%|████▎     | 20/47 [00:01<00:01, 19.39it/s, loss=0.0716, v_num=]
Epoch 426:  85%|████████▌ | 40/47 [00:01<00:00, 22.22it/s, loss=0.0716, v_num=]
Epoch 426:  85%|████████▌ | 40/47 [00:01<00:00, 22.21it/s, loss=0.0737, v_num=]
Epoch 426: 100%|██████████| 47/47 [00:02<00:00, 21.59it/s, loss=0.0747, v_num=]
Epoch 426:   0%|          | 0/47 [00:00<?, ?it/s, loss=0.0747, v_num=]         
Epoch 427:   0%|          | 0/47 [00:00<?, ?it/s, loss=0.0747, v_num=]/usr/local/lib/python3.13/dist-packages/torch/utils/data/dataloader.py:432: UserWarning: This DataLoader will create 6 worker processes in total. Our suggested max number of worker in current system is 2, which is smaller than what this DataLoader is going to create. Please be aware that excessive worker creation might get DataLoader running slow or even freeze, lower the worker number to avoid potential slowness/freeze if necessary.
  self.check_worker_number_rationality()

Epoch 427:  43%|████▎     | 20/47 [00:01<00:01, 19.15it/s, loss=0.0747, v_num=]
Epoch 427:  43%|████▎     | 20/47 [00:01<00:01, 19.14it/s, loss=0.0735, v_num=]
Epoch 427:  85%|████████▌ | 40/47 [00:01<00:00, 22.03it/s, loss=0.0735, v_num=]
Epoch 427:  85%|████████▌ | 40/47 [00:01<00:00, 22.02it/s, loss=0.0735, v_num=]
Epoch 427: 100%|██████████| 47/47 [00:02<00:00, 21.44it/s, loss=0.0758, v_num=]
Epoch 427:   0%|          | 0/47 [00:00<?, ?it/s, loss=0.0758, v_num=]         
Epoch 428:   0%|          | 0/47 [00:00<?, ?it/s, loss=0.0758, v_num=]/usr/local/lib/python3.13/dist-packages/torch/utils/data/dataloader.py:432: UserWarning: This DataLoader will create 6 worker processes in total. Our suggested max number of worker in current system is 2, which is smaller than what this DataLoader is going to create. Please be aware that excessive worker creation might get DataLoader running slow or even freeze, lower the worker number to avoid potential slowness/freeze if necessary.
  self.check_worker_number_rationality()

Epoch 428:  43%|████▎     | 20/47 [00:01<00:01, 19.24it/s, loss=0.0758, v_num=]
Epoch 428:  43%|████▎     | 20/47 [00:01<00:01, 19.23it/s, loss=0.0703, v_num=]
Epoch 428:  85%|████████▌ | 40/47 [00:01<00:00, 22.15it/s, loss=0.0703, v_num=]
Epoch 428:  85%|████████▌ | 40/47 [00:01<00:00, 22.15it/s, loss=0.0733, v_num=]
Epoch 428: 100%|██████████| 47/47 [00:02<00:00, 21.22it/s, loss=0.0726, v_num=]
Epoch 428:   0%|          | 0/47 [00:00<?, ?it/s, loss=0.0726, v_num=]         
Epoch 429:   0%|          | 0/47 [00:00<?, ?it/s, loss=0.0726, v_num=]/usr/local/lib/python3.13/dist-packages/torch/utils/data/dataloader.py:432: UserWarning: This DataLoader will create 6 worker processes in total. Our suggested max number of worker in current system is 2, which is smaller than what this DataLoader is going to create. Please be aware that excessive worker creation might get DataLoader running slow or even freeze, lower the worker number to avoid potential slowness/freeze if necessary.
  self.check_worker_number_rationality()

Epoch 429:  43%|████▎     | 20/47 [00:01<00:01, 19.36it/s, loss=0.0726, v_num=]
Epoch 429:  43%|████▎     | 20/47 [00:01<00:01, 19.35it/s, loss=0.0762, v_num=]
Epoch 429:  85%|████████▌ | 40/47 [00:01<00:00, 20.65it/s, loss=0.0762, v_num=]
Epoch 429:  85%|████████▌ | 40/47 [00:01<00:00, 20.64it/s, loss=0.0733, v_num=]
Epoch 429: 100%|██████████| 47/47 [00:02<00:00, 18.93it/s, loss=0.073, v_num=] 
Epoch 429:   0%|          | 0/47 [00:00<?, ?it/s, loss=0.073, v_num=]         
Epoch 430:   0%|          | 0/47 [00:00<?, ?it/s, loss=0.073, v_num=]/usr/local/lib/python3.13/dist-packages/torch/utils/data/dataloader.py:432: UserWarning: This DataLoader will create 6 worker processes in total. Our suggested max number of worker in current system is 2, which is smaller than what this DataLoader is going to create. Please be aware that excessive worker creation might get DataLoader running slow or even freeze, lower the worker number to avoid potential slowness/freeze if necessary.
  self.check_worker_number_rationality()

Epoch 430:  43%|████▎     | 20/47 [00:01<00:01, 13.98it/s, loss=0.073, v_num=]
Epoch 430:  43%|████▎     | 20/47 [00:01<00:01, 13.97it/s, loss=0.0726, v_num=]
Epoch 430:  85%|████████▌ | 40/47 [00:02<00:00, 16.53it/s, loss=0.0726, v_num=]
Epoch 430:  85%|████████▌ | 40/47 [00:02<00:00, 16.53it/s, loss=0.0745, v_num=]
Epoch 430: 100%|██████████| 47/47 [00:02<00:00, 16.63it/s, loss=0.0718, v_num=]Evaluating...
NMI : 0.7990460195019069, ARI: 0.4981706456314579, ACC: 0.49267, current K: 10
Epoch 430 | NMI: 0.7990, ARI: 0.4982, ACC: 0.4927, current K: 10
Confusion Matrix:
[[  0   1   1   0   0   0   0   0   1 297   0   0   0   0   0   0   0   0
    0   0]
 [  1   0   0   2   0   0   0 297   0   0   0   0   0   0   0   0   0   0
    0   0]
 [  0   2   1   0   0   0   0   0 297   0   0   0   0   0   0   0   0   0
    0   0]
 [  2   0   1   0   0   1 296   0   0   0   0   0   0   0   0   0   0   0
    0   0]
 [  6   0   1   2 291   0   0   0   0   0   0   0   0   0   0   0   0   0
    0   0]
 [  3   0   0   2   2 293   0   0   0   0   0   0   0   0   0   0   0   0
    0   0]
 [  0   0   1   0 296   3   0   0   0   0   0   0   0   0   0   0   0   0
    0   0]
 [  3   0   0   0   3 294   0   0   0   0   0   0   0   0   0   0   0   0
    0   0]
 [  7 288   2   1   0   0   0   0   0   2   0   0   0   0   0   0   0   0
    0   0]
 [295   1   1   2   0   0   0   1   0   0   0   0   0   0   0   0   0   0
    0   0]
 [ 14 283   1   0   1   0   0   0   0   1   0   0   0   0   0   0   0   0
    0   0]
 [297   1   0   0   0   1   1   0   0   0   0   0   0   0   0   0   0   0
    0   0]
 [  1   0 297   1   1   0   0   0   0   0   0   0   0   0   0   0   0   0
    0   0]
 [  0   0 297   3   0   0   0   0   0   0   0   0   0   0   0   0   0   0
    0   0]
 [  0   0 295   4   1   0   0   0   0   0   0   0   0   0   0   0   0   0
    0   0]
 [  0   0 297   2   0   1   0   0   0   0   0   0   0   0   0   0   0   0
    0   0]
 [  1   0   2 295   1   0   0   0   0   1   0   0   0   0   0   0   0   0
    0   0]
 [  1   0   2 296   0   1   0   0   0   0   0   0   0   0   0   0   0   0
    0   0]
 [  0   0   2 297   1   0   0   0   0   0   0   0   0   0   0   0   0   0
    0   0]
 [  0   0   2 295   0   3   0   0   0   0   0   0   0   0   0   0   0   0
    0   0]]

Epoch 430:   0%|          | 0/47 [00:00<?, ?it/s, loss=0.0718, v_num=]         
Epoch 431:   0%|          | 0/47 [00:00<?, ?it/s, loss=0.0718, v_num=]/usr/local/lib/python3.13/dist-packages/torch/utils/data/dataloader.py:432: UserWarning: This DataLoader will create 6 worker processes in total. Our suggested max number of worker in current system is 2, which is smaller than what this DataLoader is going to create. Please be aware that excessive worker creation might get DataLoader running slow or even freeze, lower the worker number to avoid potential slowness/freeze if necessary.
  self.check_worker_number_rationality()

Epoch 431:  43%|████▎     | 20/47 [00:01<00:01, 18.63it/s, loss=0.0718, v_num=]
Epoch 431:  43%|████▎     | 20/47 [00:01<00:01, 18.62it/s, loss=0.0762, v_num=]
Epoch 431:  85%|████████▌ | 40/47 [00:01<00:00, 20.52it/s, loss=0.0762, v_num=]
Epoch 431:  85%|████████▌ | 40/47 [00:01<00:00, 20.52it/s, loss=0.0749, v_num=]
Epoch 431: 100%|██████████| 47/47 [00:02<00:00, 20.12it/s, loss=0.0744, v_num=]
Epoch 431:   0%|          | 0/47 [00:00<?, ?it/s, loss=0.0744, v_num=]         
Epoch 432:   0%|          | 0/47 [00:00<?, ?it/s, loss=0.0744, v_num=]/usr/local/lib/python3.13/dist-packages/torch/utils/data/dataloader.py:432: UserWarning: This DataLoader will create 6 worker processes in total. Our suggested max number of worker in current system is 2, which is smaller than what this DataLoader is going to create. Please be aware that excessive worker creation might get DataLoader running slow or even freeze, lower the worker number to avoid potential slowness/freeze if necessary.
  self.check_worker_number_rationality()

Epoch 432:  43%|████▎     | 20/47 [00:01<00:01, 19.21it/s, loss=0.0744, v_num=]
Epoch 432:  43%|████▎     | 20/47 [00:01<00:01, 19.19it/s, loss=0.0775, v_num=]
Epoch 432:  85%|████████▌ | 40/47 [00:01<00:00, 22.04it/s, loss=0.0775, v_num=]
Epoch 432:  85%|████████▌ | 40/47 [00:01<00:00, 22.04it/s, loss=0.0748, v_num=]
Epoch 432: 100%|██████████| 47/47 [00:02<00:00, 21.06it/s, loss=0.074, v_num=] 
Epoch 432:   0%|          | 0/47 [00:00<?, ?it/s, loss=0.074, v_num=]         
Epoch 433:   0%|          | 0/47 [00:00<?, ?it/s, loss=0.074, v_num=]/usr/local/lib/python3.13/dist-packages/torch/utils/data/dataloader.py:432: UserWarning: This DataLoader will create 6 worker processes in total. Our suggested max number of worker in current system is 2, which is smaller than what this DataLoader is going to create. Please be aware that excessive worker creation might get DataLoader running slow or even freeze, lower the worker number to avoid potential slowness/freeze if necessary.
  self.check_worker_number_rationality()

Epoch 433:  43%|████▎     | 20/47 [00:01<00:01, 18.77it/s, loss=0.074, v_num=]
Epoch 433:  43%|████▎     | 20/47 [00:01<00:01, 18.76it/s, loss=0.0773, v_num=]
Epoch 433:  85%|████████▌ | 40/47 [00:01<00:00, 21.23it/s, loss=0.0773, v_num=]
Epoch 433:  85%|████████▌ | 40/47 [00:01<00:00, 21.22it/s, loss=0.0697, v_num=]
Epoch 433: 100%|██████████| 47/47 [00:02<00:00, 20.47it/s, loss=0.0698, v_num=]
Epoch 433:   0%|          | 0/47 [00:00<?, ?it/s, loss=0.0698, v_num=]         
Epoch 434:   0%|          | 0/47 [00:00<?, ?it/s, loss=0.0698, v_num=]/usr/local/lib/python3.13/dist-packages/torch/utils/data/dataloader.py:432: UserWarning: This DataLoader will create 6 worker processes in total. Our suggested max number of worker in current system is 2, which is smaller than what this DataLoader is going to create. Please be aware that excessive worker creation might get DataLoader running slow or even freeze, lower the worker number to avoid potential slowness/freeze if necessary.
  self.check_worker_number_rationality()

Epoch 434:  43%|████▎     | 20/47 [00:01<00:01, 18.71it/s, loss=0.0698, v_num=]
Epoch 434:  43%|████▎     | 20/47 [00:01<00:01, 18.69it/s, loss=0.0744, v_num=]
Epoch 434:  85%|████████▌ | 40/47 [00:01<00:00, 21.08it/s, loss=0.0744, v_num=]
Epoch 434:  85%|████████▌ | 40/47 [00:01<00:00, 21.08it/s, loss=0.0735, v_num=]
Epoch 434: 100%|██████████| 47/47 [00:02<00:00, 19.82it/s, loss=0.0727, v_num=]
Epoch 434:   0%|          | 0/47 [00:00<?, ?it/s, loss=0.0727, v_num=]         
Epoch 435:   0%|          | 0/47 [00:00<?, ?it/s, loss=0.0727, v_num=]/usr/local/lib/python3.13/dist-packages/torch/utils/data/dataloader.py:432: UserWarning: This DataLoader will create 6 worker processes in total. Our suggested max number of worker in current system is 2, which is smaller than what this DataLoader is going to create. Please be aware that excessive worker creation might get DataLoader running slow or even freeze, lower the worker number to avoid potential slowness/freeze if necessary.
  self.check_worker_number_rationality()

Epoch 435:  43%|████▎     | 20/47 [00:01<00:01, 14.16it/s, loss=0.0727, v_num=]
Epoch 435:  43%|████▎     | 20/47 [00:01<00:01, 14.14it/s, loss=0.0726, v_num=]
Epoch 435:  85%|████████▌ | 40/47 [00:02<00:00, 16.02it/s, loss=0.0726, v_num=]
Epoch 435:  85%|████████▌ | 40/47 [00:02<00:00, 16.02it/s, loss=0.0714, v_num=]
Epoch 435: 100%|██████████| 47/47 [00:02<00:00, 16.19it/s, loss=0.0724, v_num=]Evaluating...
NMI : 0.7990460195019069, ARI: 0.4981706456314579, ACC: 0.49267, current K: 10

Epoch 435:   0%|          | 0/47 [00:00<?, ?it/s, loss=0.0724, v_num=]         
Epoch 436:   0%|          | 0/47 [00:00<?, ?it/s, loss=0.0724, v_num=]/usr/local/lib/python3.13/dist-packages/torch/utils/data/dataloader.py:432: UserWarning: This DataLoader will create 6 worker processes in total. Our suggested max number of worker in current system is 2, which is smaller than what this DataLoader is going to create. Please be aware that excessive worker creation might get DataLoader running slow or even freeze, lower the worker number to avoid potential slowness/freeze if necessary.
  self.check_worker_number_rationality()

Epoch 436:  43%|████▎     | 20/47 [00:01<00:01, 18.82it/s, loss=0.0724, v_num=]
Epoch 436:  43%|████▎     | 20/47 [00:01<00:01, 18.81it/s, loss=0.0758, v_num=]
Epoch 436:  85%|████████▌ | 40/47 [00:01<00:00, 21.74it/s, loss=0.0758, v_num=]
Epoch 436:  85%|████████▌ | 40/47 [00:01<00:00, 21.73it/s, loss=0.0725, v_num=]
Epoch 436: 100%|██████████| 47/47 [00:02<00:00, 20.91it/s, loss=0.0736, v_num=]
Epoch 436:   0%|          | 0/47 [00:00<?, ?it/s, loss=0.0736, v_num=]         
Epoch 437:   0%|          | 0/47 [00:00<?, ?it/s, loss=0.0736, v_num=]/usr/local/lib/python3.13/dist-packages/torch/utils/data/dataloader.py:432: UserWarning: This DataLoader will create 6 worker processes in total. Our suggested max number of worker in current system is 2, which is smaller than what this DataLoader is going to create. Please be aware that excessive worker creation might get DataLoader running slow or even freeze, lower the worker number to avoid potential slowness/freeze if necessary.
  self.check_worker_number_rationality()

Epoch 437:  43%|████▎     | 20/47 [00:01<00:01, 19.19it/s, loss=0.0736, v_num=]
Epoch 437:  43%|████▎     | 20/47 [00:01<00:01, 19.16it/s, loss=0.0744, v_num=]
Epoch 437:  85%|████████▌ | 40/47 [00:01<00:00, 21.71it/s, loss=0.0744, v_num=]
Epoch 437:  85%|████████▌ | 40/47 [00:01<00:00, 21.71it/s, loss=0.0729, v_num=]
Epoch 437: 100%|██████████| 47/47 [00:02<00:00, 21.14it/s, loss=0.0739, v_num=]
Epoch 437:   0%|          | 0/47 [00:00<?, ?it/s, loss=0.0739, v_num=]         
Epoch 438:   0%|          | 0/47 [00:00<?, ?it/s, loss=0.0739, v_num=]/usr/local/lib/python3.13/dist-packages/torch/utils/data/dataloader.py:432: UserWarning: This DataLoader will create 6 worker processes in total. Our suggested max number of worker in current system is 2, which is smaller than what this DataLoader is going to create. Please be aware that excessive worker creation might get DataLoader running slow or even freeze, lower the worker number to avoid potential slowness/freeze if necessary.
  self.check_worker_number_rationality()

Epoch 438:  43%|████▎     | 20/47 [00:01<00:01, 19.49it/s, loss=0.0739, v_num=]
Epoch 438:  43%|████▎     | 20/47 [00:01<00:01, 19.48it/s, loss=0.077, v_num=] 
Epoch 438:  85%|████████▌ | 40/47 [00:01<00:00, 22.25it/s, loss=0.077, v_num=]
Epoch 438:  85%|████████▌ | 40/47 [00:01<00:00, 22.24it/s, loss=0.0737, v_num=]
Epoch 438: 100%|██████████| 47/47 [00:02<00:00, 21.56it/s, loss=0.0694, v_num=]
Epoch 438:   0%|          | 0/47 [00:00<?, ?it/s, loss=0.0694, v_num=]         
Epoch 439:   0%|          | 0/47 [00:00<?, ?it/s, loss=0.0694, v_num=]/usr/local/lib/python3.13/dist-packages/torch/utils/data/dataloader.py:432: UserWarning: This DataLoader will create 6 worker processes in total. Our suggested max number of worker in current system is 2, which is smaller than what this DataLoader is going to create. Please be aware that excessive worker creation might get DataLoader running slow or even freeze, lower the worker number to avoid potential slowness/freeze if necessary.
  self.check_worker_number_rationality()

Epoch 439:  43%|████▎     | 20/47 [00:01<00:01, 19.29it/s, loss=0.0694, v_num=]
Epoch 439:  43%|████▎     | 20/47 [00:01<00:01, 19.28it/s, loss=0.0752, v_num=]
Epoch 439:  85%|████████▌ | 40/47 [00:01<00:00, 21.86it/s, loss=0.0752, v_num=]
Epoch 439:  85%|████████▌ | 40/47 [00:01<00:00, 21.86it/s, loss=0.075, v_num=] 
Epoch 439: 100%|██████████| 47/47 [00:02<00:00, 21.23it/s, loss=0.0716, v_num=]
Epoch 439:   0%|          | 0/47 [00:00<?, ?it/s, loss=0.0716, v_num=]         
Epoch 440:   0%|          | 0/47 [00:00<?, ?it/s, loss=0.0716, v_num=]/usr/local/lib/python3.13/dist-packages/torch/utils/data/dataloader.py:432: UserWarning: This DataLoader will create 6 worker processes in total. Our suggested max number of worker in current system is 2, which is smaller than what this DataLoader is going to create. Please be aware that excessive worker creation might get DataLoader running slow or even freeze, lower the worker number to avoid potential slowness/freeze if necessary.
  self.check_worker_number_rationality()

Epoch 440:  43%|████▎     | 20/47 [00:01<00:01, 16.44it/s, loss=0.0716, v_num=]
Epoch 440:  43%|████▎     | 20/47 [00:01<00:01, 16.43it/s, loss=0.0728, v_num=]
Epoch 440:  85%|████████▌ | 40/47 [00:02<00:00, 18.24it/s, loss=0.0728, v_num=]
Epoch 440:  85%|████████▌ | 40/47 [00:02<00:00, 18.23it/s, loss=0.0801, v_num=]
Epoch 440: 100%|██████████| 47/47 [00:02<00:00, 17.13it/s, loss=0.0725, v_num=]Evaluating...
NMI : 0.7993689323806418, ARI: 0.4980878787510398, ACC: 0.49267, current K: 10
Epoch 440 | NMI: 0.7994, ARI: 0.4981, ACC: 0.4927, current K: 10
Confusion Matrix:
[[  0   1   1   0   0   0   0   0   1 297   0   0   0   0   0   0   0   0
    0   0]
 [  1   0   0   2   0   0   0 297   0   0   0   0   0   0   0   0   0   0
    0   0]
 [  0   2   1   0   0   0   0   0 297   0   0   0   0   0   0   0   0   0
    0   0]
 [  2   0   2   0   0   1 295   0   0   0   0   0   0   0   0   0   0   0
    0   0]
 [  6   0   1   2 291   0   0   0   0   0   0   0   0   0   0   0   0   0
    0   0]
 [  3   0   0   2   2 293   0   0   0   0   0   0   0   0   0   0   0   0
    0   0]
 [  0   0   1   0 296   3   0   0   0   0   0   0   0   0   0   0   0   0
    0   0]
 [  3   0   0   0   3 294   0   0   0   0   0   0   0   0   0   0   0   0
    0   0]
 [  7 289   2   1   0   0   0   0   0   1   0   0   0   0   0   0   0   0
    0   0]
 [295   1   1   2   0   0   0   1   0   0   0   0   0   0   0   0   0   0
    0   0]
 [ 14 284   1   0   1   0   0   0   0   0   0   0   0   0   0   0   0   0
    0   0]
 [297   1   0   0   0   1   1   0   0   0   0   0   0   0   0   0   0   0
    0   0]
 [  1   0 297   1   1   0   0   0   0   0   0   0   0   0   0   0   0   0
    0   0]
 [  0   0 297   3   0   0   0   0   0   0   0   0   0   0   0   0   0   0
    0   0]
 [  0   0 295   4   1   0   0   0   0   0   0   0   0   0   0   0   0   0
    0   0]
 [  0   0 297   2   0   1   0   0   0   0   0   0   0   0   0   0   0   0
    0   0]
 [  1   0   2 295   1   0   0   0   0   1   0   0   0   0   0   0   0   0
    0   0]
 [  1   0   2 296   0   1   0   0   0   0   0   0   0   0   0   0   0   0
    0   0]
 [  0   0   2 297   1   0   0   0   0   0   0   0   0   0   0   0   0   0
    0   0]
 [  0   0   2 295   0   3   0   0   0   0   0   0   0   0   0   0   0   0
    0   0]]

Epoch 440:   0%|          | 0/47 [00:00<?, ?it/s, loss=0.0725, v_num=]         
Epoch 441:   0%|          | 0/47 [00:00<?, ?it/s, loss=0.0725, v_num=]/usr/local/lib/python3.13/dist-packages/torch/utils/data/dataloader.py:432: UserWarning: This DataLoader will create 6 worker processes in total. Our suggested max number of worker in current system is 2, which is smaller than what this DataLoader is going to create. Please be aware that excessive worker creation might get DataLoader running slow or even freeze, lower the worker number to avoid potential slowness/freeze if necessary.
  self.check_worker_number_rationality()

Epoch 441:  43%|████▎     | 20/47 [00:01<00:01, 16.14it/s, loss=0.0725, v_num=]
Epoch 441:  43%|████▎     | 20/47 [00:01<00:01, 16.13it/s, loss=0.0728, v_num=]
Epoch 441:  85%|████████▌ | 40/47 [00:02<00:00, 19.84it/s, loss=0.0728, v_num=]
Epoch 441:  85%|████████▌ | 40/47 [00:02<00:00, 19.84it/s, loss=0.0769, v_num=]
Epoch 441: 100%|██████████| 47/47 [00:02<00:00, 19.45it/s, loss=0.0767, v_num=]
Epoch 441:   0%|          | 0/47 [00:00<?, ?it/s, loss=0.0767, v_num=]         
Epoch 442:   0%|          | 0/47 [00:00<?, ?it/s, loss=0.0767, v_num=]/usr/local/lib/python3.13/dist-packages/torch/utils/data/dataloader.py:432: UserWarning: This DataLoader will create 6 worker processes in total. Our suggested max number of worker in current system is 2, which is smaller than what this DataLoader is going to create. Please be aware that excessive worker creation might get DataLoader running slow or even freeze, lower the worker number to avoid potential slowness/freeze if necessary.
  self.check_worker_number_rationality()

Epoch 442:  43%|████▎     | 20/47 [00:01<00:01, 19.02it/s, loss=0.0767, v_num=]
Epoch 442:  43%|████▎     | 20/47 [00:01<00:01, 19.01it/s, loss=0.074, v_num=] 
Epoch 442:  85%|████████▌ | 40/47 [00:01<00:00, 22.07it/s, loss=0.074, v_num=]
Epoch 442:  85%|████████▌ | 40/47 [00:01<00:00, 22.06it/s, loss=0.0735, v_num=]
Epoch 442: 100%|██████████| 47/47 [00:02<00:00, 21.30it/s, loss=0.071, v_num=] 
Epoch 442:   0%|          | 0/47 [00:00<?, ?it/s, loss=0.071, v_num=]         
Epoch 443:   0%|          | 0/47 [00:00<?, ?it/s, loss=0.071, v_num=]/usr/local/lib/python3.13/dist-packages/torch/utils/data/dataloader.py:432: UserWarning: This DataLoader will create 6 worker processes in total. Our suggested max number of worker in current system is 2, which is smaller than what this DataLoader is going to create. Please be aware that excessive worker creation might get DataLoader running slow or even freeze, lower the worker number to avoid potential slowness/freeze if necessary.
  self.check_worker_number_rationality()

Epoch 443:  43%|████▎     | 20/47 [00:01<00:01, 19.38it/s, loss=0.071, v_num=]
Epoch 443:  43%|████▎     | 20/47 [00:01<00:01, 19.37it/s, loss=0.0728, v_num=]
Epoch 443:  85%|████████▌ | 40/47 [00:01<00:00, 22.22it/s, loss=0.0728, v_num=]
Epoch 443:  85%|████████▌ | 40/47 [00:01<00:00, 22.21it/s, loss=0.077, v_num=] 
Epoch 443: 100%|██████████| 47/47 [00:02<00:00, 21.44it/s, loss=0.0777, v_num=]
Epoch 443:   0%|          | 0/47 [00:00<?, ?it/s, loss=0.0777, v_num=]         
Epoch 444:   0%|          | 0/47 [00:00<?, ?it/s, loss=0.0777, v_num=]/usr/local/lib/python3.13/dist-packages/torch/utils/data/dataloader.py:432: UserWarning: This DataLoader will create 6 worker processes in total. Our suggested max number of worker in current system is 2, which is smaller than what this DataLoader is going to create. Please be aware that excessive worker creation might get DataLoader running slow or even freeze, lower the worker number to avoid potential slowness/freeze if necessary.
  self.check_worker_number_rationality()

Epoch 444:  43%|████▎     | 20/47 [00:01<00:01, 16.96it/s, loss=0.0777, v_num=]
Epoch 444:  43%|████▎     | 20/47 [00:01<00:01, 16.95it/s, loss=0.0754, v_num=]
Epoch 444:  85%|████████▌ | 40/47 [00:01<00:00, 20.37it/s, loss=0.0754, v_num=]
Epoch 444:  85%|████████▌ | 40/47 [00:01<00:00, 20.36it/s, loss=0.0713, v_num=]
Epoch 444: 100%|██████████| 47/47 [00:02<00:00, 19.94it/s, loss=0.0684, v_num=]
Epoch 444:   0%|          | 0/47 [00:00<?, ?it/s, loss=0.0684, v_num=]         
Epoch 445:   0%|          | 0/47 [00:00<?, ?it/s, loss=0.0684, v_num=]/usr/local/lib/python3.13/dist-packages/torch/utils/data/dataloader.py:432: UserWarning: This DataLoader will create 6 worker processes in total. Our suggested max number of worker in current system is 2, which is smaller than what this DataLoader is going to create. Please be aware that excessive worker creation might get DataLoader running slow or even freeze, lower the worker number to avoid potential slowness/freeze if necessary.
  self.check_worker_number_rationality()

Epoch 445:  43%|████▎     | 20/47 [00:01<00:01, 19.47it/s, loss=0.0684, v_num=]
Epoch 445:  43%|████▎     | 20/47 [00:01<00:01, 19.45it/s, loss=0.0755, v_num=]
Epoch 445:  85%|████████▌ | 40/47 [00:01<00:00, 20.09it/s, loss=0.0755, v_num=]
Epoch 445:  85%|████████▌ | 40/47 [00:01<00:00, 20.08it/s, loss=0.0743, v_num=]
Epoch 445: 100%|██████████| 47/47 [00:02<00:00, 18.63it/s, loss=0.0724, v_num=]Evaluating...
NMI : 0.8001774921825527, ARI: 0.4983652634224727, ACC: 0.493, current K: 10

Epoch 445:   0%|          | 0/47 [00:00<?, ?it/s, loss=0.0724, v_num=]         
Epoch 446:   0%|          | 0/47 [00:00<?, ?it/s, loss=0.0724, v_num=]/usr/local/lib/python3.13/dist-packages/torch/utils/data/dataloader.py:432: UserWarning: This DataLoader will create 6 worker processes in total. Our suggested max number of worker in current system is 2, which is smaller than what this DataLoader is going to create. Please be aware that excessive worker creation might get DataLoader running slow or even freeze, lower the worker number to avoid potential slowness/freeze if necessary.
  self.check_worker_number_rationality()

Epoch 446:  43%|████▎     | 20/47 [00:01<00:02, 13.11it/s, loss=0.0724, v_num=]
Epoch 446:  43%|████▎     | 20/47 [00:01<00:02, 13.10it/s, loss=0.0725, v_num=]
Epoch 446:  85%|████████▌ | 40/47 [00:02<00:00, 17.11it/s, loss=0.0725, v_num=]
Epoch 446:  85%|████████▌ | 40/47 [00:02<00:00, 17.11it/s, loss=0.0715, v_num=]
Epoch 446: 100%|██████████| 47/47 [00:02<00:00, 17.28it/s, loss=0.0735, v_num=]
Epoch 446:   0%|          | 0/47 [00:00<?, ?it/s, loss=0.0735, v_num=]         
Epoch 447:   0%|          | 0/47 [00:00<?, ?it/s, loss=0.0735, v_num=]/usr/local/lib/python3.13/dist-packages/torch/utils/data/dataloader.py:432: UserWarning: This DataLoader will create 6 worker processes in total. Our suggested max number of worker in current system is 2, which is smaller than what this DataLoader is going to create. Please be aware that excessive worker creation might get DataLoader running slow or even freeze, lower the worker number to avoid potential slowness/freeze if necessary.
  self.check_worker_number_rationality()

Epoch 447:  43%|████▎     | 20/47 [00:01<00:01, 19.46it/s, loss=0.0735, v_num=]
Epoch 447:  43%|████▎     | 20/47 [00:01<00:01, 19.45it/s, loss=0.0677, v_num=]
Epoch 447:  85%|████████▌ | 40/47 [00:01<00:00, 22.03it/s, loss=0.0677, v_num=]
Epoch 447:  85%|████████▌ | 40/47 [00:01<00:00, 22.03it/s, loss=0.0729, v_num=]
Epoch 447: 100%|██████████| 47/47 [00:02<00:00, 21.45it/s, loss=0.0701, v_num=]
Epoch 447:   0%|          | 0/47 [00:00<?, ?it/s, loss=0.0701, v_num=]         
Epoch 448:   0%|          | 0/47 [00:00<?, ?it/s, loss=0.0701, v_num=]/usr/local/lib/python3.13/dist-packages/torch/utils/data/dataloader.py:432: UserWarning: This DataLoader will create 6 worker processes in total. Our suggested max number of worker in current system is 2, which is smaller than what this DataLoader is going to create. Please be aware that excessive worker creation might get DataLoader running slow or even freeze, lower the worker number to avoid potential slowness/freeze if necessary.
  self.check_worker_number_rationality()

Epoch 448:  43%|████▎     | 20/47 [00:01<00:01, 19.43it/s, loss=0.0701, v_num=]
Epoch 448:  43%|████▎     | 20/47 [00:01<00:01, 19.42it/s, loss=0.0731, v_num=]
Epoch 448:  85%|████████▌ | 40/47 [00:01<00:00, 21.98it/s, loss=0.0731, v_num=]
Epoch 448:  85%|████████▌ | 40/47 [00:01<00:00, 21.98it/s, loss=0.0716, v_num=]
Epoch 448: 100%|██████████| 47/47 [00:02<00:00, 21.23it/s, loss=0.0709, v_num=]
Epoch 448:   0%|          | 0/47 [00:00<?, ?it/s, loss=0.0709, v_num=]         
Epoch 449:   0%|          | 0/47 [00:00<?, ?it/s, loss=0.0709, v_num=]/usr/local/lib/python3.13/dist-packages/torch/utils/data/dataloader.py:432: UserWarning: This DataLoader will create 6 worker processes in total. Our suggested max number of worker in current system is 2, which is smaller than what this DataLoader is going to create. Please be aware that excessive worker creation might get DataLoader running slow or even freeze, lower the worker number to avoid potential slowness/freeze if necessary.
  self.check_worker_number_rationality()

Epoch 449:  43%|████▎     | 20/47 [00:01<00:01, 19.38it/s, loss=0.0709, v_num=]
Epoch 449:  43%|████▎     | 20/47 [00:01<00:01, 19.37it/s, loss=0.0748, v_num=]
Epoch 449:  85%|████████▌ | 40/47 [00:01<00:00, 22.33it/s, loss=0.0748, v_num=]
Epoch 449:  85%|████████▌ | 40/47 [00:01<00:00, 22.33it/s, loss=0.0726, v_num=]
Epoch 449: 100%|██████████| 47/47 [00:02<00:00, 21.31it/s, loss=0.0736, v_num=]
Epoch 449:   0%|          | 0/47 [00:00<?, ?it/s, loss=0.0736, v_num=]         
Epoch 450:   0%|          | 0/47 [00:00<?, ?it/s, loss=0.0736, v_num=]/usr/local/lib/python3.13/dist-packages/torch/utils/data/dataloader.py:432: UserWarning: This DataLoader will create 6 worker processes in total. Our suggested max number of worker in current system is 2, which is smaller than what this DataLoader is going to create. Please be aware that excessive worker creation might get DataLoader running slow or even freeze, lower the worker number to avoid potential slowness/freeze if necessary.
  self.check_worker_number_rationality()

Epoch 450:  43%|████▎     | 20/47 [00:01<00:01, 19.33it/s, loss=0.0736, v_num=]
Epoch 450:  43%|████▎     | 20/47 [00:01<00:01, 19.31it/s, loss=0.0727, v_num=]
Epoch 450:  85%|████████▌ | 40/47 [00:01<00:00, 21.84it/s, loss=0.0727, v_num=]
Epoch 450:  85%|████████▌ | 40/47 [00:01<00:00, 21.83it/s, loss=0.0728, v_num=]
Epoch 450: 100%|██████████| 47/47 [00:02<00:00, 20.72it/s, loss=0.0701, v_num=]Evaluating...
NMI : 0.8007833945185547, ARI: 0.4986418858203636, ACC: 0.49317, current K: 10
Epoch 450 | NMI: 0.8008, ARI: 0.4986, ACC: 0.4932, current K: 10
Confusion Matrix:
[[  0   1   1   0   0   0   0   0   1 297   0   0   0   0   0   0   0   0
    0   0]
 [  1   0   0   2   0   0   0 297   0   0   0   0   0   0   0   0   0   0
    0   0]
 [  0   2   1   0   0   0   0   0 297   0   0   0   0   0   0   0   0   0
    0   0]
 [  2   0   2   0   0   1 295   0   0   0   0   0   0   0   0   0   0   0
    0   0]
 [  6   0   1   2 291   0   0   0   0   0   0   0   0   0   0   0   0   0
    0   0]
 [  3   0   0   2   2 293   0   0   0   0   0   0   0   0   0   0   0   0
    0   0]
 [  0   0   1   0 296   3   0   0   0   0   0   0   0   0   0   0   0   0
    0   0]
 [  3   0   0   0   3 294   0   0   0   0   0   0   0   0   0   0   0   0
    0   0]
 [  7 290   2   1   0   0   0   0   0   0   0   0   0   0   0   0   0   0
    0   0]
 [295   1   1   2   0   0   0   1   0   0   0   0   0   0   0   0   0   0
    0   0]
 [ 13 285   1   0   1   0   0   0   0   0   0   0   0   0   0   0   0   0
    0   0]
 [298   1   0   0   0   1   0   0   0   0   0   0   0   0   0   0   0   0
    0   0]
 [  1   0 297   1   1   0   0   0   0   0   0   0   0   0   0   0   0   0
    0   0]
 [  0   0 297   3   0   0   0   0   0   0   0   0   0   0   0   0   0   0
    0   0]
 [  0   0 295   4   1   0   0   0   0   0   0   0   0   0   0   0   0   0
    0   0]
 [  0   0 297   2   0   1   0   0   0   0   0   0   0   0   0   0   0   0
    0   0]
 [  1   0   2 295   1   0   0   0   0   1   0   0   0   0   0   0   0   0
    0   0]
 [  1   0   2 296   0   1   0   0   0   0   0   0   0   0   0   0   0   0
    0   0]
 [  0   0   2 298   0   0   0   0   0   0   0   0   0   0   0   0   0   0
    0   0]
 [  0   0   2 295   0   3   0   0   0   0   0   0   0   0   0   0   0   0
    0   0]]

Epoch 450:   0%|          | 0/47 [00:00<?, ?it/s, loss=0.0701, v_num=]         
Epoch 451:   0%|          | 0/47 [00:00<?, ?it/s, loss=0.0701, v_num=]/usr/local/lib/python3.13/dist-packages/torch/utils/data/dataloader.py:432: UserWarning: This DataLoader will create 6 worker processes in total. Our suggested max number of worker in current system is 2, which is smaller than what this DataLoader is going to create. Please be aware that excessive worker creation might get DataLoader running slow or even freeze, lower the worker number to avoid potential slowness/freeze if necessary.
  self.check_worker_number_rationality()

Epoch 451:  43%|████▎     | 20/47 [00:01<00:01, 14.68it/s, loss=0.0701, v_num=]
Epoch 451:  43%|████▎     | 20/47 [00:01<00:01, 14.67it/s, loss=0.0719, v_num=]
Epoch 451:  85%|████████▌ | 40/47 [00:02<00:00, 16.42it/s, loss=0.0719, v_num=]
Epoch 451:  85%|████████▌ | 40/47 [00:02<00:00, 16.41it/s, loss=0.0737, v_num=]
Epoch 451: 100%|██████████| 47/47 [00:02<00:00, 16.32it/s, loss=0.0764, v_num=]
Epoch 451:   0%|          | 0/47 [00:00<?, ?it/s, loss=0.0764, v_num=]         
Epoch 452:   0%|          | 0/47 [00:00<?, ?it/s, loss=0.0764, v_num=]/usr/local/lib/python3.13/dist-packages/torch/utils/data/dataloader.py:432: UserWarning: This DataLoader will create 6 worker processes in total. Our suggested max number of worker in current system is 2, which is smaller than what this DataLoader is going to create. Please be aware that excessive worker creation might get DataLoader running slow or even freeze, lower the worker number to avoid potential slowness/freeze if necessary.
  self.check_worker_number_rationality()

Epoch 452:  43%|████▎     | 20/47 [00:01<00:01, 19.66it/s, loss=0.0764, v_num=]
Epoch 452:  43%|████▎     | 20/47 [00:01<00:01, 19.64it/s, loss=0.0747, v_num=]
Epoch 452:  85%|████████▌ | 40/47 [00:01<00:00, 22.43it/s, loss=0.0747, v_num=]
Epoch 452:  85%|████████▌ | 40/47 [00:01<00:00, 22.42it/s, loss=0.076, v_num=] 
Epoch 452: 100%|██████████| 47/47 [00:02<00:00, 21.51it/s, loss=0.0736, v_num=]
Epoch 452:   0%|          | 0/47 [00:00<?, ?it/s, loss=0.0736, v_num=]         
Epoch 453:   0%|          | 0/47 [00:00<?, ?it/s, loss=0.0736, v_num=]/usr/local/lib/python3.13/dist-packages/torch/utils/data/dataloader.py:432: UserWarning: This DataLoader will create 6 worker processes in total. Our suggested max number of worker in current system is 2, which is smaller than what this DataLoader is going to create. Please be aware that excessive worker creation might get DataLoader running slow or even freeze, lower the worker number to avoid potential slowness/freeze if necessary.
  self.check_worker_number_rationality()

Epoch 453:  43%|████▎     | 20/47 [00:01<00:01, 19.47it/s, loss=0.0736, v_num=]
Epoch 453:  43%|████▎     | 20/47 [00:01<00:01, 19.46it/s, loss=0.0739, v_num=]
Epoch 453:  85%|████████▌ | 40/47 [00:01<00:00, 21.85it/s, loss=0.0739, v_num=]
Epoch 453:  85%|████████▌ | 40/47 [00:01<00:00, 21.85it/s, loss=0.0677, v_num=]
Epoch 453: 100%|██████████| 47/47 [00:02<00:00, 21.19it/s, loss=0.0693, v_num=]
Epoch 453:   0%|          | 0/47 [00:00<?, ?it/s, loss=0.0693, v_num=]         
Epoch 454:   0%|          | 0/47 [00:00<?, ?it/s, loss=0.0693, v_num=]/usr/local/lib/python3.13/dist-packages/torch/utils/data/dataloader.py:432: UserWarning: This DataLoader will create 6 worker processes in total. Our suggested max number of worker in current system is 2, which is smaller than what this DataLoader is going to create. Please be aware that excessive worker creation might get DataLoader running slow or even freeze, lower the worker number to avoid potential slowness/freeze if necessary.
  self.check_worker_number_rationality()

Epoch 454:  43%|████▎     | 20/47 [00:01<00:01, 19.50it/s, loss=0.0693, v_num=]
Epoch 454:  43%|████▎     | 20/47 [00:01<00:01, 19.48it/s, loss=0.0699, v_num=]
Epoch 454:  85%|████████▌ | 40/47 [00:01<00:00, 22.29it/s, loss=0.0699, v_num=]
Epoch 454:  85%|████████▌ | 40/47 [00:01<00:00, 22.28it/s, loss=0.0724, v_num=]
Epoch 454: 100%|██████████| 47/47 [00:02<00:00, 21.62it/s, loss=0.0721, v_num=]
Epoch 454:   0%|          | 0/47 [00:00<?, ?it/s, loss=0.0721, v_num=]         
Epoch 455:   0%|          | 0/47 [00:00<?, ?it/s, loss=0.0721, v_num=]/usr/local/lib/python3.13/dist-packages/torch/utils/data/dataloader.py:432: UserWarning: This DataLoader will create 6 worker processes in total. Our suggested max number of worker in current system is 2, which is smaller than what this DataLoader is going to create. Please be aware that excessive worker creation might get DataLoader running slow or even freeze, lower the worker number to avoid potential slowness/freeze if necessary.
  self.check_worker_number_rationality()

Epoch 455:  43%|████▎     | 20/47 [00:01<00:01, 19.38it/s, loss=0.0721, v_num=]
Epoch 455:  43%|████▎     | 20/47 [00:01<00:01, 19.36it/s, loss=0.0733, v_num=]
Epoch 455:  85%|████████▌ | 40/47 [00:01<00:00, 22.12it/s, loss=0.0733, v_num=]
Epoch 455:  85%|████████▌ | 40/47 [00:01<00:00, 22.11it/s, loss=0.0723, v_num=]
Epoch 455: 100%|██████████| 47/47 [00:02<00:00, 21.52it/s, loss=0.0735, v_num=]/content/DeepDPM-New/src/clustering_models/clusternet_modules/clusternetasmodel.py:682: UserWarning: To copy construct from a tensor, it is recommended to use sourceTensor.detach().clone() or sourceTensor.detach().clone().requires_grad_(True), rather than torch.tensor(sourceTensor).
  mus_ind_to_split = torch.nonzero(torch.tensor(split_decisions), as_tuple=False)
Splitting clusters [2 3 5]
Evaluating...
NMI : 0.8006646547717399, ARI: 0.4987485439680863, ACC: 0.493, current K: 10
[Split] K updated → 13 clusters
  [Epoch 455] losses at split → cluster_loss=0.0067, subcluster_loss=0.1392

Epoch 455:   0%|          | 0/47 [00:00<?, ?it/s, loss=0.0735, v_num=]         
Epoch 456:   0%|          | 0/47 [00:00<?, ?it/s, loss=0.0735, v_num=]/usr/local/lib/python3.13/dist-packages/torch/utils/data/dataloader.py:432: UserWarning: This DataLoader will create 6 worker processes in total. Our suggested max number of worker in current system is 2, which is smaller than what this DataLoader is going to create. Please be aware that excessive worker creation might get DataLoader running slow or even freeze, lower the worker number to avoid potential slowness/freeze if necessary.
  self.check_worker_number_rationality()

Epoch 456:  43%|████▎     | 20/47 [00:01<00:01, 14.42it/s, loss=0.0735, v_num=]
Epoch 456:  43%|████▎     | 20/47 [00:01<00:01, 14.41it/s, loss=0.25, v_num=]  
Epoch 456:  85%|████████▌ | 40/47 [00:02<00:00, 15.17it/s, loss=0.25, v_num=]
Epoch 456:  85%|████████▌ | 40/47 [00:02<00:00, 15.16it/s, loss=0.201, v_num=]
Epoch 456: 100%|██████████| 47/47 [00:03<00:00, 14.35it/s, loss=0.177, v_num=]
Epoch 456:   0%|          | 0/47 [00:00<?, ?it/s, loss=0.177, v_num=]         
Epoch 457:   0%|          | 0/47 [00:00<?, ?it/s, loss=0.177, v_num=]
Epoch 457:  43%|████▎     | 20/47 [00:01<00:01, 14.21it/s, loss=0.177, v_num=]
Epoch 457:  43%|████▎     | 20/47 [00:01<00:01, 14.19it/s, loss=0.16, v_num=] 
Epoch 457:  85%|████████▌ | 40/47 [00:02<00:00, 16.96it/s, loss=0.16, v_num=]
Epoch 457:  85%|████████▌ | 40/47 [00:02<00:00, 16.95it/s, loss=0.152, v_num=]
Epoch 457: 100%|██████████| 47/47 [00:02<00:00, 16.81it/s, loss=0.145, v_num=]
Epoch 457:   0%|          | 0/47 [00:00<?, ?it/s, loss=0.145, v_num=]         
Epoch 458:   0%|          | 0/47 [00:00<?, ?it/s, loss=0.145, v_num=]
Epoch 458:  43%|████▎     | 20/47 [00:01<00:01, 16.68it/s, loss=0.145, v_num=]
Epoch 458:  43%|████▎     | 20/47 [00:01<00:01, 16.67it/s, loss=0.13, v_num=] 
Epoch 458:  85%|████████▌ | 40/47 [00:02<00:00, 18.88it/s, loss=0.13, v_num=]
Epoch 458:  85%|████████▌ | 40/47 [00:02<00:00, 18.88it/s, loss=0.12, v_num=]
Epoch 458: 100%|██████████| 47/47 [00:02<00:00, 18.33it/s, loss=0.115, v_num=]
Epoch 458:   0%|          | 0/47 [00:00<?, ?it/s, loss=0.115, v_num=]         
Epoch 459:   0%|          | 0/47 [00:00<?, ?it/s, loss=0.115, v_num=]
Epoch 459:  43%|████▎     | 20/47 [00:01<00:01, 16.80it/s, loss=0.115, v_num=]
Epoch 459:  43%|████▎     | 20/47 [00:01<00:01, 16.79it/s, loss=0.103, v_num=]
Epoch 459:  85%|████████▌ | 40/47 [00:02<00:00, 18.20it/s, loss=0.103, v_num=]
Epoch 459:  85%|████████▌ | 40/47 [00:02<00:00, 18.19it/s, loss=0.1, v_num=]  
Epoch 459: 100%|██████████| 47/47 [00:02<00:00, 17.77it/s, loss=0.1, v_num=]
Epoch 459:   0%|          | 0/47 [00:00<?, ?it/s, loss=0.1, v_num=]         
Epoch 460:   0%|          | 0/47 [00:00<?, ?it/s, loss=0.1, v_num=]
Epoch 460:  43%|████▎     | 20/47 [00:01<00:01, 16.65it/s, loss=0.1, v_num=]
Epoch 460:  43%|████▎     | 20/47 [00:01<00:01, 16.64it/s, loss=0.0879, v_num=]
Epoch 460:  85%|████████▌ | 40/47 [00:02<00:00, 18.60it/s, loss=0.0879, v_num=]
Epoch 460:  85%|████████▌ | 40/47 [00:02<00:00, 18.60it/s, loss=0.0914, v_num=]
Epoch 460: 100%|██████████| 47/47 [00:02<00:00, 18.07it/s, loss=0.0946, v_num=]Evaluating...
NMI : 0.8641403313868211, ARI: 0.6838098369335055, ACC: 0.63733, current K: 13
Epoch 460 | NMI: 0.8641, ARI: 0.6838, ACC: 0.6373, current K: 13
Confusion Matrix:
[[  0   1   0   0   0   1 297   1   0   0   0   0   0   0   0   0   0   0
    0   0]
 [  1   0   0   0 297   0   0   0   0   2   0   0   0   0   0   0   0   0
    0   0]
 [  0   2   0   0   0 297   0   1   0   0   0   0   0   0   0   0   0   0
    0   0]
 [  2   0   0 295   0   0   0   0   2   0   0   1   0   0   0   0   0   0
    0   0]
 [  6   0 292   0   0   0   0   1   0   0   1   0   0   0   0   0   0   0
    0   0]
 [  3   0   3   0   0   0   0   0   0   1   1   7 285   0   0   0   0   0
    0   0]
 [  0   0 298   0   0   0   0   1   0   0   0   1   0   0   0   0   0   0
    0   0]
 [  3   0   4   0   0   0   0   0   0   0   0 285   8   0   0   0   0   0
    0   0]
 [  7 290   0   0   0   0   0   2   0   0   1   0   0   0   0   0   0   0
    0   0]
 [295   1   0   0   1   0   0   0   1   1   1   0   0   0   0   0   0   0
    0   0]
 [ 14 284   1   0   0   0   0   1   0   0   0   0   0   0   0   0   0   0
    0   0]
 [298   1   0   0   0   0   0   0   0   0   0   1   0   0   0   0   0   0
    0   0]
 [  1   0   1   0   0   0   0 287  10   0   1   0   0   0   0   0   0   0
    0   0]
 [  0   0   0   0   0   0   0   2 295   3   0   0   0   0   0   0   0   0
    0   0]
 [  0   0   1   0   0   0   0 295   1   0   3   0   0   0   0   0   0   0
    0   0]
 [  0   0   0   0   0   0   0   6 291   2   0   1   0   0   0   0   0   0
    0   0]
 [  1   0   1   0   0   0   1   2   0   5 290   0   0   0   0   0   0   0
    0   0]
 [  1   0   0   0   0   0   0   0   3 295   1   0   0   0   0   0   0   0
    0   0]
 [  0   0   1   0   0   0   0   2   0   0 297   0   0   0   0   0   0   0
    0   0]
 [  0   0   0   0   0   0   0   0   2 294   1   3   0   0   0   0   0   0
    0   0]]

Epoch 460:   0%|          | 0/47 [00:00<?, ?it/s, loss=0.0946, v_num=]         
Epoch 461:   0%|          | 0/47 [00:00<?, ?it/s, loss=0.0946, v_num=]/usr/local/lib/python3.13/dist-packages/torch/utils/data/dataloader.py:432: UserWarning: This DataLoader will create 6 worker processes in total. Our suggested max number of worker in current system is 2, which is smaller than what this DataLoader is going to create. Please be aware that excessive worker creation might get DataLoader running slow or even freeze, lower the worker number to avoid potential slowness/freeze if necessary.
  self.check_worker_number_rationality()

Epoch 461:  43%|████▎     | 20/47 [00:01<00:02, 12.67it/s, loss=0.0946, v_num=]
Epoch 461:  43%|████▎     | 20/47 [00:01<00:02, 12.66it/s, loss=0.0861, v_num=]
Epoch 461:  85%|████████▌ | 40/47 [00:02<00:00, 13.97it/s, loss=0.0861, v_num=]
Epoch 461:  85%|████████▌ | 40/47 [00:02<00:00, 13.97it/s, loss=0.0822, v_num=]
Epoch 461: 100%|██████████| 47/47 [00:03<00:00, 14.28it/s, loss=0.0837, v_num=]
Epoch 461:   0%|          | 0/47 [00:00<?, ?it/s, loss=0.0837, v_num=]         
Epoch 462:   0%|          | 0/47 [00:00<?, ?it/s, loss=0.0837, v_num=]/usr/local/lib/python3.13/dist-packages/torch/utils/data/dataloader.py:432: UserWarning: This DataLoader will create 6 worker processes in total. Our suggested max number of worker in current system is 2, which is smaller than what this DataLoader is going to create. Please be aware that excessive worker creation might get DataLoader running slow or even freeze, lower the worker number to avoid potential slowness/freeze if necessary.
  self.check_worker_number_rationality()

Epoch 462:  43%|████▎     | 20/47 [00:01<00:01, 16.68it/s, loss=0.0837, v_num=]
Epoch 462:  43%|████▎     | 20/47 [00:01<00:01, 16.67it/s, loss=0.0668, v_num=]
Epoch 462:  85%|████████▌ | 40/47 [00:02<00:00, 18.81it/s, loss=0.0668, v_num=]
Epoch 462:  85%|████████▌ | 40/47 [00:02<00:00, 18.80it/s, loss=0.0689, v_num=]
Epoch 462: 100%|██████████| 47/47 [00:02<00:00, 18.32it/s, loss=0.066, v_num=] 
Epoch 462:   0%|          | 0/47 [00:00<?, ?it/s, loss=0.066, v_num=]         
Epoch 463:   0%|          | 0/47 [00:00<?, ?it/s, loss=0.066, v_num=]/usr/local/lib/python3.13/dist-packages/torch/utils/data/dataloader.py:432: UserWarning: This DataLoader will create 6 worker processes in total. Our suggested max number of worker in current system is 2, which is smaller than what this DataLoader is going to create. Please be aware that excessive worker creation might get DataLoader running slow or even freeze, lower the worker number to avoid potential slowness/freeze if necessary.
  self.check_worker_number_rationality()

Epoch 463:  43%|████▎     | 20/47 [00:01<00:01, 16.79it/s, loss=0.066, v_num=]
Epoch 463:  43%|████▎     | 20/47 [00:01<00:01, 16.78it/s, loss=0.0669, v_num=]
Epoch 463:  85%|████████▌ | 40/47 [00:02<00:00, 18.95it/s, loss=0.0669, v_num=]
Epoch 463:  85%|████████▌ | 40/47 [00:02<00:00, 18.94it/s, loss=0.0628, v_num=]
Epoch 463: 100%|██████████| 47/47 [00:02<00:00, 18.47it/s, loss=0.0635, v_num=]
Epoch 463:   0%|          | 0/47 [00:00<?, ?it/s, loss=0.0635, v_num=]         
Epoch 464:   0%|          | 0/47 [00:00<?, ?it/s, loss=0.0635, v_num=]/usr/local/lib/python3.13/dist-packages/torch/utils/data/dataloader.py:432: UserWarning: This DataLoader will create 6 worker processes in total. Our suggested max number of worker in current system is 2, which is smaller than what this DataLoader is going to create. Please be aware that excessive worker creation might get DataLoader running slow or even freeze, lower the worker number to avoid potential slowness/freeze if necessary.
  self.check_worker_number_rationality()

Epoch 464:  43%|████▎     | 20/47 [00:01<00:01, 16.94it/s, loss=0.0635, v_num=]
Epoch 464:  43%|████▎     | 20/47 [00:01<00:01, 16.93it/s, loss=0.0615, v_num=]
Epoch 464:  85%|████████▌ | 40/47 [00:02<00:00, 18.99it/s, loss=0.0615, v_num=]
Epoch 464:  85%|████████▌ | 40/47 [00:02<00:00, 18.99it/s, loss=0.0657, v_num=]
Epoch 464: 100%|██████████| 47/47 [00:02<00:00, 18.25it/s, loss=0.0658, v_num=]
Epoch 464:   0%|          | 0/47 [00:00<?, ?it/s, loss=0.0658, v_num=]         
Epoch 465:   0%|          | 0/47 [00:00<?, ?it/s, loss=0.0658, v_num=]/usr/local/lib/python3.13/dist-packages/torch/utils/data/dataloader.py:432: UserWarning: This DataLoader will create 6 worker processes in total. Our suggested max number of worker in current system is 2, which is smaller than what this DataLoader is going to create. Please be aware that excessive worker creation might get DataLoader running slow or even freeze, lower the worker number to avoid potential slowness/freeze if necessary.
  self.check_worker_number_rationality()

Epoch 465:  43%|████▎     | 20/47 [00:01<00:01, 16.64it/s, loss=0.0658, v_num=]
Epoch 465:  43%|████▎     | 20/47 [00:01<00:01, 16.63it/s, loss=0.0655, v_num=]
Epoch 465:  85%|████████▌ | 40/47 [00:02<00:00, 17.36it/s, loss=0.0655, v_num=]
Epoch 465:  85%|████████▌ | 40/47 [00:02<00:00, 17.36it/s, loss=0.0646, v_num=]
Epoch 465: 100%|██████████| 47/47 [00:02<00:00, 16.30it/s, loss=0.0669, v_num=]Evaluating...
NMI : 0.8653720540392437, ARI: 0.68489995800885, ACC: 0.63783, current K: 13

Epoch 465:   0%|          | 0/47 [00:00<?, ?it/s, loss=0.0669, v_num=]         
Epoch 466:   0%|          | 0/47 [00:00<?, ?it/s, loss=0.0669, v_num=]/usr/local/lib/python3.13/dist-packages/torch/utils/data/dataloader.py:432: UserWarning: This DataLoader will create 6 worker processes in total. Our suggested max number of worker in current system is 2, which is smaller than what this DataLoader is going to create. Please be aware that excessive worker creation might get DataLoader running slow or even freeze, lower the worker number to avoid potential slowness/freeze if necessary.
  self.check_worker_number_rationality()

Epoch 466:  43%|████▎     | 20/47 [00:01<00:02, 12.22it/s, loss=0.0669, v_num=]
Epoch 466:  43%|████▎     | 20/47 [00:01<00:02, 12.22it/s, loss=0.0654, v_num=]
Epoch 466:  85%|████████▌ | 40/47 [00:02<00:00, 15.63it/s, loss=0.0654, v_num=]
Epoch 466:  85%|████████▌ | 40/47 [00:02<00:00, 15.63it/s, loss=0.0669, v_num=]
Epoch 466: 100%|██████████| 47/47 [00:02<00:00, 15.67it/s, loss=0.0668, v_num=]
Epoch 466:   0%|          | 0/47 [00:00<?, ?it/s, loss=0.0668, v_num=]         
Epoch 467:   0%|          | 0/47 [00:00<?, ?it/s, loss=0.0668, v_num=]/usr/local/lib/python3.13/dist-packages/torch/utils/data/dataloader.py:432: UserWarning: This DataLoader will create 6 worker processes in total. Our suggested max number of worker in current system is 2, which is smaller than what this DataLoader is going to create. Please be aware that excessive worker creation might get DataLoader running slow or even freeze, lower the worker number to avoid potential slowness/freeze if necessary.
  self.check_worker_number_rationality()

Epoch 467:  43%|████▎     | 20/47 [00:01<00:01, 16.65it/s, loss=0.0668, v_num=]
Epoch 467:  43%|████▎     | 20/47 [00:01<00:01, 16.64it/s, loss=0.0641, v_num=]
Epoch 467:  85%|████████▌ | 40/47 [00:02<00:00, 17.63it/s, loss=0.0641, v_num=]
Epoch 467:  85%|████████▌ | 40/47 [00:02<00:00, 17.63it/s, loss=0.0649, v_num=]
Epoch 467: 100%|██████████| 47/47 [00:02<00:00, 17.39it/s, loss=0.0631, v_num=]
Epoch 467:   0%|          | 0/47 [00:00<?, ?it/s, loss=0.0631, v_num=]         
Epoch 468:   0%|          | 0/47 [00:00<?, ?it/s, loss=0.0631, v_num=]/usr/local/lib/python3.13/dist-packages/torch/utils/data/dataloader.py:432: UserWarning: This DataLoader will create 6 worker processes in total. Our suggested max number of worker in current system is 2, which is smaller than what this DataLoader is going to create. Please be aware that excessive worker creation might get DataLoader running slow or even freeze, lower the worker number to avoid potential slowness/freeze if necessary.
  self.check_worker_number_rationality()

Epoch 468:  43%|████▎     | 20/47 [00:01<00:01, 16.80it/s, loss=0.0631, v_num=]
Epoch 468:  43%|████▎     | 20/47 [00:01<00:01, 16.79it/s, loss=0.0655, v_num=]
Epoch 468:  85%|████████▌ | 40/47 [00:02<00:00, 18.63it/s, loss=0.0655, v_num=]
Epoch 468:  85%|████████▌ | 40/47 [00:02<00:00, 18.62it/s, loss=0.0616, v_num=]
Epoch 468: 100%|██████████| 47/47 [00:02<00:00, 18.12it/s, loss=0.0594, v_num=]
Epoch 468:   0%|          | 0/47 [00:00<?, ?it/s, loss=0.0594, v_num=]         
Epoch 469:   0%|          | 0/47 [00:00<?, ?it/s, loss=0.0594, v_num=]/usr/local/lib/python3.13/dist-packages/torch/utils/data/dataloader.py:432: UserWarning: This DataLoader will create 6 worker processes in total. Our suggested max number of worker in current system is 2, which is smaller than what this DataLoader is going to create. Please be aware that excessive worker creation might get DataLoader running slow or even freeze, lower the worker number to avoid potential slowness/freeze if necessary.
  self.check_worker_number_rationality()

Epoch 469:  43%|████▎     | 20/47 [00:01<00:01, 16.80it/s, loss=0.0594, v_num=]
Epoch 469:  43%|████▎     | 20/47 [00:01<00:01, 16.79it/s, loss=0.0624, v_num=]
Epoch 469:  85%|████████▌ | 40/47 [00:02<00:00, 18.86it/s, loss=0.0624, v_num=]
Epoch 469:  85%|████████▌ | 40/47 [00:02<00:00, 18.86it/s, loss=0.0589, v_num=]
Epoch 469: 100%|██████████| 47/47 [00:02<00:00, 18.40it/s, loss=0.0651, v_num=]
Epoch 469:   0%|          | 0/47 [00:00<?, ?it/s, loss=0.0651, v_num=]         
Epoch 470:   0%|          | 0/47 [00:00<?, ?it/s, loss=0.0651, v_num=]/usr/local/lib/python3.13/dist-packages/torch/utils/data/dataloader.py:432: UserWarning: This DataLoader will create 6 worker processes in total. Our suggested max number of worker in current system is 2, which is smaller than what this DataLoader is going to create. Please be aware that excessive worker creation might get DataLoader running slow or even freeze, lower the worker number to avoid potential slowness/freeze if necessary.
  self.check_worker_number_rationality()

Epoch 470:  43%|████▎     | 20/47 [00:01<00:01, 13.75it/s, loss=0.0651, v_num=]
Epoch 470:  43%|████▎     | 20/47 [00:01<00:01, 13.74it/s, loss=0.0647, v_num=]
Epoch 470:  85%|████████▌ | 40/47 [00:02<00:00, 15.11it/s, loss=0.0647, v_num=]
Epoch 470:  85%|████████▌ | 40/47 [00:02<00:00, 15.10it/s, loss=0.0622, v_num=]
Epoch 470: 100%|██████████| 47/47 [00:03<00:00, 14.49it/s, loss=0.0571, v_num=]Evaluating...
NMI : 0.8645502273918882, ARI: 0.6842464351970784, ACC: 0.63733, current K: 13
Epoch 470 | NMI: 0.8646, ARI: 0.6842, ACC: 0.6373, current K: 13
Confusion Matrix:
[[  0   1   0   0   0   1 297   1   0   0   0   0   0   0   0   0   0   0
    0   0]
 [  1   0   0   0 297   0   0   0   0   2   0   0   0   0   0   0   0   0
    0   0]
 [  0   2   0   0   0 297   0   1   0   0   0   0   0   0   0   0   0   0
    0   0]
 [  2   0   0 295   0   0   0   0   2   0   0   1   0   0   0   0   0   0
    0   0]
 [  6   0 291   0   0   0   0   1   0   0   2   0   0   0   0   0   0   0
    0   0]
 [  3   0   2   0   0   0   0   0   0   2   0   8 285   0   0   0   0   0
    0   0]
 [  0   0 295   0   0   0   0   1   0   0   0   3   1   0   0   0   0   0
    0   0]
 [  3   0   3   0   0   0   0   0   0   0   0 286   8   0   0   0   0   0
    0   0]
 [  7 290   0   0   0   0   0   2   0   0   1   0   0   0   0   0   0   0
    0   0]
 [296   0   0   0   1   0   0   0   1   1   1   0   0   0   0   0   0   0
    0   0]
 [ 14 284   1   0   0   0   0   1   0   0   0   0   0   0   0   0   0   0
    0   0]
 [299   0   0   0   0   0   0   0   0   0   0   1   0   0   0   0   0   0
    0   0]
 [  1   0   1   0   0   0   0 287  10   0   1   0   0   0   0   0   0   0
    0   0]
 [  0   0   0   0   0   0   0   2 295   3   0   0   0   0   0   0   0   0
    0   0]
 [  0   0   1   0   0   0   0 295   1   0   3   0   0   0   0   0   0   0
    0   0]
 [  0   0   0   0   0   0   0   6 291   2   0   1   0   0   0   0   0   0
    0   0]
 [  1   0   1   0   0   0   1   2   0   5 290   0   0   0   0   0   0   0
    0   0]
 [  1   0   0   0   0   0   0   0   3 295   1   0   0   0   0   0   0   0
    0   0]
 [  0   0   0   0   0   0   0   2   0   0 298   0   0   0   0   0   0   0
    0   0]
 [  0   0   0   0   0   0   0   0   2 294   1   3   0   0   0   0   0   0
    0   0]]

Epoch 470:   0%|          | 0/47 [00:00<?, ?it/s, loss=0.0571, v_num=]         
Epoch 471:   0%|          | 0/47 [00:00<?, ?it/s, loss=0.0571, v_num=]/usr/local/lib/python3.13/dist-packages/torch/utils/data/dataloader.py:432: UserWarning: This DataLoader will create 6 worker processes in total. Our suggested max number of worker in current system is 2, which is smaller than what this DataLoader is going to create. Please be aware that excessive worker creation might get DataLoader running slow or even freeze, lower the worker number to avoid potential slowness/freeze if necessary.
  self.check_worker_number_rationality()

Epoch 471:  43%|████▎     | 20/47 [00:01<00:01, 16.54it/s, loss=0.0571, v_num=]
Epoch 471:  43%|████▎     | 20/47 [00:01<00:01, 16.53it/s, loss=0.0657, v_num=]
Epoch 471:  85%|████████▌ | 40/47 [00:02<00:00, 18.73it/s, loss=0.0657, v_num=]
Epoch 471:  85%|████████▌ | 40/47 [00:02<00:00, 18.72it/s, loss=0.0634, v_num=]
Epoch 471: 100%|██████████| 47/47 [00:02<00:00, 18.15it/s, loss=0.0645, v_num=]
Epoch 471:   0%|          | 0/47 [00:00<?, ?it/s, loss=0.0645, v_num=]         
Epoch 472:   0%|          | 0/47 [00:00<?, ?it/s, loss=0.0645, v_num=]/usr/local/lib/python3.13/dist-packages/torch/utils/data/dataloader.py:432: UserWarning: This DataLoader will create 6 worker processes in total. Our suggested max number of worker in current system is 2, which is smaller than what this DataLoader is going to create. Please be aware that excessive worker creation might get DataLoader running slow or even freeze, lower the worker number to avoid potential slowness/freeze if necessary.
  self.check_worker_number_rationality()

Epoch 472:  43%|████▎     | 20/47 [00:01<00:01, 16.13it/s, loss=0.0645, v_num=]
Epoch 472:  43%|████▎     | 20/47 [00:01<00:01, 16.12it/s, loss=0.0624, v_num=]
Epoch 472:  85%|████████▌ | 40/47 [00:02<00:00, 18.39it/s, loss=0.0624, v_num=]
Epoch 472:  85%|████████▌ | 40/47 [00:02<00:00, 18.39it/s, loss=0.0613, v_num=]
Epoch 472: 100%|██████████| 47/47 [00:02<00:00, 18.00it/s, loss=0.062, v_num=] 
Epoch 472:   0%|          | 0/47 [00:00<?, ?it/s, loss=0.062, v_num=]         
Epoch 473:   0%|          | 0/47 [00:00<?, ?it/s, loss=0.062, v_num=]/usr/local/lib/python3.13/dist-packages/torch/utils/data/dataloader.py:432: UserWarning: This DataLoader will create 6 worker processes in total. Our suggested max number of worker in current system is 2, which is smaller than what this DataLoader is going to create. Please be aware that excessive worker creation might get DataLoader running slow or even freeze, lower the worker number to avoid potential slowness/freeze if necessary.
  self.check_worker_number_rationality()

Epoch 473:  43%|████▎     | 20/47 [00:01<00:01, 16.83it/s, loss=0.062, v_num=]
Epoch 473:  43%|████▎     | 20/47 [00:01<00:01, 16.82it/s, loss=0.0634, v_num=]
Epoch 473:  85%|████████▌ | 40/47 [00:02<00:00, 18.96it/s, loss=0.0634, v_num=]
Epoch 473:  85%|████████▌ | 40/47 [00:02<00:00, 18.96it/s, loss=0.0627, v_num=]
Epoch 473: 100%|██████████| 47/47 [00:02<00:00, 18.33it/s, loss=0.0634, v_num=]
Epoch 473:   0%|          | 0/47 [00:00<?, ?it/s, loss=0.0634, v_num=]         
Epoch 474:   0%|          | 0/47 [00:00<?, ?it/s, loss=0.0634, v_num=]/usr/local/lib/python3.13/dist-packages/torch/utils/data/dataloader.py:432: UserWarning: This DataLoader will create 6 worker processes in total. Our suggested max number of worker in current system is 2, which is smaller than what this DataLoader is going to create. Please be aware that excessive worker creation might get DataLoader running slow or even freeze, lower the worker number to avoid potential slowness/freeze if necessary.
  self.check_worker_number_rationality()

Epoch 474:  43%|████▎     | 20/47 [00:01<00:01, 16.45it/s, loss=0.0634, v_num=]
Epoch 474:  43%|████▎     | 20/47 [00:01<00:01, 16.44it/s, loss=0.062, v_num=] 
Epoch 474:  85%|████████▌ | 40/47 [00:02<00:00, 17.93it/s, loss=0.062, v_num=]
Epoch 474:  85%|████████▌ | 40/47 [00:02<00:00, 17.92it/s, loss=0.0627, v_num=]
Epoch 474: 100%|██████████| 47/47 [00:02<00:00, 16.52it/s, loss=0.0613, v_num=]
Epoch 474:   0%|          | 0/47 [00:00<?, ?it/s, loss=0.0613, v_num=]         
Epoch 475:   0%|          | 0/47 [00:00<?, ?it/s, loss=0.0613, v_num=]/usr/local/lib/python3.13/dist-packages/torch/utils/data/dataloader.py:432: UserWarning: This DataLoader will create 6 worker processes in total. Our suggested max number of worker in current system is 2, which is smaller than what this DataLoader is going to create. Please be aware that excessive worker creation might get DataLoader running slow or even freeze, lower the worker number to avoid potential slowness/freeze if necessary.
  self.check_worker_number_rationality()

Epoch 475:  43%|████▎     | 20/47 [00:01<00:02, 12.00it/s, loss=0.0613, v_num=]
Epoch 475:  43%|████▎     | 20/47 [00:01<00:02, 12.00it/s, loss=0.0584, v_num=]
Epoch 475:  85%|████████▌ | 40/47 [00:02<00:00, 14.81it/s, loss=0.0584, v_num=]
Epoch 475:  85%|████████▌ | 40/47 [00:02<00:00, 14.81it/s, loss=0.0577, v_num=]
Epoch 475: 100%|██████████| 47/47 [00:03<00:00, 14.96it/s, loss=0.06, v_num=]  Evaluating...
NMI : 0.8635765611651791, ARI: 0.6835583346225504, ACC: 0.63717, current K: 13

Epoch 475:   0%|          | 0/47 [00:00<?, ?it/s, loss=0.06, v_num=]         
Epoch 476:   0%|          | 0/47 [00:00<?, ?it/s, loss=0.06, v_num=]/usr/local/lib/python3.13/dist-packages/torch/utils/data/dataloader.py:432: UserWarning: This DataLoader will create 6 worker processes in total. Our suggested max number of worker in current system is 2, which is smaller than what this DataLoader is going to create. Please be aware that excessive worker creation might get DataLoader running slow or even freeze, lower the worker number to avoid potential slowness/freeze if necessary.
  self.check_worker_number_rationality()

Epoch 476:  43%|████▎     | 20/47 [00:01<00:01, 16.78it/s, loss=0.06, v_num=]
Epoch 476:  43%|████▎     | 20/47 [00:01<00:01, 16.77it/s, loss=0.0609, v_num=]
Epoch 476:  85%|████████▌ | 40/47 [00:02<00:00, 18.96it/s, loss=0.0609, v_num=]
Epoch 476:  85%|████████▌ | 40/47 [00:02<00:00, 18.96it/s, loss=0.0617, v_num=]
Epoch 476: 100%|██████████| 47/47 [00:02<00:00, 18.50it/s, loss=0.0605, v_num=]
Epoch 476:   0%|          | 0/47 [00:00<?, ?it/s, loss=0.0605, v_num=]         
Epoch 477:   0%|          | 0/47 [00:00<?, ?it/s, loss=0.0605, v_num=]/usr/local/lib/python3.13/dist-packages/torch/utils/data/dataloader.py:432: UserWarning: This DataLoader will create 6 worker processes in total. Our suggested max number of worker in current system is 2, which is smaller than what this DataLoader is going to create. Please be aware that excessive worker creation might get DataLoader running slow or even freeze, lower the worker number to avoid potential slowness/freeze if necessary.
  self.check_worker_number_rationality()

Epoch 477:  43%|████▎     | 20/47 [00:01<00:01, 17.08it/s, loss=0.0605, v_num=]
Epoch 477:  43%|████▎     | 20/47 [00:01<00:01, 17.07it/s, loss=0.0602, v_num=]
Epoch 477:  85%|████████▌ | 40/47 [00:02<00:00, 19.10it/s, loss=0.0602, v_num=]
Epoch 477:  85%|████████▌ | 40/47 [00:02<00:00, 19.10it/s, loss=0.0605, v_num=]
Epoch 477: 100%|██████████| 47/47 [00:02<00:00, 18.52it/s, loss=0.0624, v_num=]
Epoch 477:   0%|          | 0/47 [00:00<?, ?it/s, loss=0.0624, v_num=]         
Epoch 478:   0%|          | 0/47 [00:00<?, ?it/s, loss=0.0624, v_num=]/usr/local/lib/python3.13/dist-packages/torch/utils/data/dataloader.py:432: UserWarning: This DataLoader will create 6 worker processes in total. Our suggested max number of worker in current system is 2, which is smaller than what this DataLoader is going to create. Please be aware that excessive worker creation might get DataLoader running slow or even freeze, lower the worker number to avoid potential slowness/freeze if necessary.
  self.check_worker_number_rationality()

Epoch 478:  43%|████▎     | 20/47 [00:01<00:01, 16.66it/s, loss=0.0624, v_num=]
Epoch 478:  43%|████▎     | 20/47 [00:01<00:01, 16.65it/s, loss=0.0575, v_num=]
Epoch 478:  85%|████████▌ | 40/47 [00:02<00:00, 17.94it/s, loss=0.0575, v_num=]
Epoch 478:  85%|████████▌ | 40/47 [00:02<00:00, 17.93it/s, loss=0.0589, v_num=]
Epoch 478: 100%|██████████| 47/47 [00:02<00:00, 17.69it/s, loss=0.0589, v_num=]
Epoch 478:   0%|          | 0/47 [00:00<?, ?it/s, loss=0.0589, v_num=]         
Epoch 479:   0%|          | 0/47 [00:00<?, ?it/s, loss=0.0589, v_num=]/usr/local/lib/python3.13/dist-packages/torch/utils/data/dataloader.py:432: UserWarning: This DataLoader will create 6 worker processes in total. Our suggested max number of worker in current system is 2, which is smaller than what this DataLoader is going to create. Please be aware that excessive worker creation might get DataLoader running slow or even freeze, lower the worker number to avoid potential slowness/freeze if necessary.
  self.check_worker_number_rationality()

Epoch 479:  43%|████▎     | 20/47 [00:01<00:01, 14.47it/s, loss=0.0589, v_num=]
Epoch 479:  43%|████▎     | 20/47 [00:01<00:01, 14.46it/s, loss=0.0578, v_num=]
Epoch 479:  85%|████████▌ | 40/47 [00:02<00:00, 15.35it/s, loss=0.0578, v_num=]
Epoch 479:  85%|████████▌ | 40/47 [00:02<00:00, 15.34it/s, loss=0.0591, v_num=]
Epoch 479: 100%|██████████| 47/47 [00:03<00:00, 14.85it/s, loss=0.0577, v_num=]
Epoch 479:   0%|          | 0/47 [00:00<?, ?it/s, loss=0.0577, v_num=]         
Epoch 480:   0%|          | 0/47 [00:00<?, ?it/s, loss=0.0577, v_num=]/usr/local/lib/python3.13/dist-packages/torch/utils/data/dataloader.py:432: UserWarning: This DataLoader will create 6 worker processes in total. Our suggested max number of worker in current system is 2, which is smaller than what this DataLoader is going to create. Please be aware that excessive worker creation might get DataLoader running slow or even freeze, lower the worker number to avoid potential slowness/freeze if necessary.
  self.check_worker_number_rationality()

Epoch 480:  43%|████▎     | 20/47 [00:01<00:01, 14.94it/s, loss=0.0577, v_num=]
Epoch 480:  43%|████▎     | 20/47 [00:01<00:01, 14.93it/s, loss=0.0606, v_num=]
Epoch 480:  85%|████████▌ | 40/47 [00:02<00:00, 17.53it/s, loss=0.0606, v_num=]
Epoch 480:  85%|████████▌ | 40/47 [00:02<00:00, 17.53it/s, loss=0.0602, v_num=]
Epoch 480: 100%|██████████| 47/47 [00:02<00:00, 17.33it/s, loss=0.0587, v_num=]Evaluating...
NMI : 0.8648481539876146, ARI: 0.6845614094174673, ACC: 0.6375, current K: 13
Epoch 480 | NMI: 0.8648, ARI: 0.6846, ACC: 0.6375, current K: 13
Confusion Matrix:
[[  0   1   0   0   0   1 297   1   0   0   0   0   0   0   0   0   0   0
    0   0]
 [  1   0   0   0 297   0   0   0   0   2   0   0   0   0   0   0   0   0
    0   0]
 [  0   2   0   0   0 297   0   1   0   0   0   0   0   0   0   0   0   0
    0   0]
 [  2   0   0 295   0   0   0   0   2   0   0   1   0   0   0   0   0   0
    0   0]
 [  6   0 292   0   0   0   0   1   0   0   1   0   0   0   0   0   0   0
    0   0]
 [  3   0   2   0   0   0   0   0   0   2   0   8 285   0   0   0   0   0
    0   0]
 [  0   0 294   0   0   0   0   1   0   0   0   3   2   0   0   0   0   0
    0   0]
 [  3   0   3   0   0   0   0   0   0   0   0 288   6   0   0   0   0   0
    0   0]
 [  7 289   0   0   0   0   0   3   0   0   1   0   0   0   0   0   0   0
    0   0]
 [297   0   0   0   1   0   0   0   1   0   1   0   0   0   0   0   0   0
    0   0]
 [ 14 282   1   0   0   0   0   3   0   0   0   0   0   0   0   0   0   0
    0   0]
 [299   0   0   0   0   0   0   0   0   0   0   1   0   0   0   0   0   0
    0   0]
 [  1   0   1   0   0   0   0 287  10   0   1   0   0   0   0   0   0   0
    0   0]
 [  0   0   0   0   0   0   0   1 296   3   0   0   0   0   0   0   0   0
    0   0]
 [  0   0   1   0   0   0   0 295   1   0   3   0   0   0   0   0   0   0
    0   0]
 [  0   0   0   0   0   0   0   6 291   2   0   1   0   0   0   0   0   0
    0   0]
 [  1   0   1   0   0   0   1   2   0   5 290   0   0   0   0   0   0   0
    0   0]
 [  1   0   0   0   0   0   0   0   3 295   1   0   0   0   0   0   0   0
    0   0]
 [  0   0   0   0   0   0   0   2   0   0 298   0   0   0   0   0   0   0
    0   0]
 [  0   0   0   0   0   0   0   0   2 294   1   3   0   0   0   0   0   0
    0   0]]

Epoch 480:   0%|          | 0/47 [00:00<?, ?it/s, loss=0.0587, v_num=]         
Epoch 481:   0%|          | 0/47 [00:00<?, ?it/s, loss=0.0587, v_num=]/usr/local/lib/python3.13/dist-packages/torch/utils/data/dataloader.py:432: UserWarning: This DataLoader will create 6 worker processes in total. Our suggested max number of worker in current system is 2, which is smaller than what this DataLoader is going to create. Please be aware that excessive worker creation might get DataLoader running slow or even freeze, lower the worker number to avoid potential slowness/freeze if necessary.
  self.check_worker_number_rationality()

Epoch 481:  43%|████▎     | 20/47 [00:01<00:01, 16.97it/s, loss=0.0587, v_num=]
Epoch 481:  43%|████▎     | 20/47 [00:01<00:01, 16.96it/s, loss=0.0608, v_num=]
Epoch 481:  85%|████████▌ | 40/47 [00:02<00:00, 18.93it/s, loss=0.0608, v_num=]
Epoch 481:  85%|████████▌ | 40/47 [00:02<00:00, 18.92it/s, loss=0.0631, v_num=]
Epoch 481: 100%|██████████| 47/47 [00:02<00:00, 18.37it/s, loss=0.0579, v_num=]
Epoch 481:   0%|          | 0/47 [00:00<?, ?it/s, loss=0.0579, v_num=]         
Epoch 482:   0%|          | 0/47 [00:00<?, ?it/s, loss=0.0579, v_num=]/usr/local/lib/python3.13/dist-packages/torch/utils/data/dataloader.py:432: UserWarning: This DataLoader will create 6 worker processes in total. Our suggested max number of worker in current system is 2, which is smaller than what this DataLoader is going to create. Please be aware that excessive worker creation might get DataLoader running slow or even freeze, lower the worker number to avoid potential slowness/freeze if necessary.
  self.check_worker_number_rationality()

Epoch 482:  43%|████▎     | 20/47 [00:01<00:01, 16.70it/s, loss=0.0579, v_num=]
Epoch 482:  43%|████▎     | 20/47 [00:01<00:01, 16.69it/s, loss=0.0614, v_num=]
Epoch 482:  85%|████████▌ | 40/47 [00:02<00:00, 18.72it/s, loss=0.0614, v_num=]
Epoch 482:  85%|████████▌ | 40/47 [00:02<00:00, 18.72it/s, loss=0.0581, v_num=]
Epoch 482: 100%|██████████| 47/47 [00:02<00:00, 18.10it/s, loss=0.0605, v_num=]
Epoch 482:   0%|          | 0/47 [00:00<?, ?it/s, loss=0.0605, v_num=]         
Epoch 483:   0%|          | 0/47 [00:00<?, ?it/s, loss=0.0605, v_num=]/usr/local/lib/python3.13/dist-packages/torch/utils/data/dataloader.py:432: UserWarning: This DataLoader will create 6 worker processes in total. Our suggested max number of worker in current system is 2, which is smaller than what this DataLoader is going to create. Please be aware that excessive worker creation might get DataLoader running slow or even freeze, lower the worker number to avoid potential slowness/freeze if necessary.
  self.check_worker_number_rationality()

Epoch 483:  43%|████▎     | 20/47 [00:01<00:01, 16.38it/s, loss=0.0605, v_num=]
Epoch 483:  43%|████▎     | 20/47 [00:01<00:01, 16.37it/s, loss=0.0592, v_num=]
Epoch 483:  85%|████████▌ | 40/47 [00:02<00:00, 18.57it/s, loss=0.0592, v_num=]
Epoch 483:  85%|████████▌ | 40/47 [00:02<00:00, 18.56it/s, loss=0.0563, v_num=]
Epoch 483: 100%|██████████| 47/47 [00:02<00:00, 17.91it/s, loss=0.0585, v_num=]
Epoch 483:   0%|          | 0/47 [00:00<?, ?it/s, loss=0.0585, v_num=]         
Epoch 484:   0%|          | 0/47 [00:00<?, ?it/s, loss=0.0585, v_num=]/usr/local/lib/python3.13/dist-packages/torch/utils/data/dataloader.py:432: UserWarning: This DataLoader will create 6 worker processes in total. Our suggested max number of worker in current system is 2, which is smaller than what this DataLoader is going to create. Please be aware that excessive worker creation might get DataLoader running slow or even freeze, lower the worker number to avoid potential slowness/freeze if necessary.
  self.check_worker_number_rationality()

Epoch 484:  43%|████▎     | 20/47 [00:01<00:02, 13.09it/s, loss=0.0585, v_num=]
Epoch 484:  43%|████▎     | 20/47 [00:01<00:02, 13.08it/s, loss=0.0605, v_num=]
Epoch 484:  85%|████████▌ | 40/47 [00:02<00:00, 14.64it/s, loss=0.0605, v_num=]
Epoch 484:  85%|████████▌ | 40/47 [00:02<00:00, 14.64it/s, loss=0.058, v_num=] 
Epoch 484: 100%|██████████| 47/47 [00:03<00:00, 14.85it/s, loss=0.0637, v_num=]
Epoch 484:   0%|          | 0/47 [00:00<?, ?it/s, loss=0.0637, v_num=]         
Epoch 485:   0%|          | 0/47 [00:00<?, ?it/s, loss=0.0637, v_num=]/usr/local/lib/python3.13/dist-packages/torch/utils/data/dataloader.py:432: UserWarning: This DataLoader will create 6 worker processes in total. Our suggested max number of worker in current system is 2, which is smaller than what this DataLoader is going to create. Please be aware that excessive worker creation might get DataLoader running slow or even freeze, lower the worker number to avoid potential slowness/freeze if necessary.
  self.check_worker_number_rationality()

Epoch 485:  43%|████▎     | 20/47 [00:01<00:01, 17.07it/s, loss=0.0637, v_num=]
Epoch 485:  43%|████▎     | 20/47 [00:01<00:01, 17.06it/s, loss=0.0576, v_num=]
Epoch 485:  85%|████████▌ | 40/47 [00:02<00:00, 18.97it/s, loss=0.0576, v_num=]
Epoch 485:  85%|████████▌ | 40/47 [00:02<00:00, 18.97it/s, loss=0.0581, v_num=]
Epoch 485: 100%|██████████| 47/47 [00:02<00:00, 18.53it/s, loss=0.0583, v_num=]Evaluating...
NMI : 0.8650664538076144, ARI: 0.6848500001070063, ACC: 0.638, current K: 13

Epoch 485:   0%|          | 0/47 [00:00<?, ?it/s, loss=0.0583, v_num=]         
Epoch 486:   0%|          | 0/47 [00:00<?, ?it/s, loss=0.0583, v_num=]/usr/local/lib/python3.13/dist-packages/torch/utils/data/dataloader.py:432: UserWarning: This DataLoader will create 6 worker processes in total. Our suggested max number of worker in current system is 2, which is smaller than what this DataLoader is going to create. Please be aware that excessive worker creation might get DataLoader running slow or even freeze, lower the worker number to avoid potential slowness/freeze if necessary.
  self.check_worker_number_rationality()

Epoch 486:  43%|████▎     | 20/47 [00:01<00:01, 16.49it/s, loss=0.0583, v_num=]
Epoch 486:  43%|████▎     | 20/47 [00:01<00:01, 16.48it/s, loss=0.0599, v_num=]
Epoch 486:  85%|████████▌ | 40/47 [00:02<00:00, 18.66it/s, loss=0.0599, v_num=]
Epoch 486:  85%|████████▌ | 40/47 [00:02<00:00, 18.66it/s, loss=0.0579, v_num=]
Epoch 486: 100%|██████████| 47/47 [00:02<00:00, 17.95it/s, loss=0.0591, v_num=]
Epoch 486:   0%|          | 0/47 [00:00<?, ?it/s, loss=0.0591, v_num=]         
Epoch 487:   0%|          | 0/47 [00:00<?, ?it/s, loss=0.0591, v_num=]/usr/local/lib/python3.13/dist-packages/torch/utils/data/dataloader.py:432: UserWarning: This DataLoader will create 6 worker processes in total. Our suggested max number of worker in current system is 2, which is smaller than what this DataLoader is going to create. Please be aware that excessive worker creation might get DataLoader running slow or even freeze, lower the worker number to avoid potential slowness/freeze if necessary.
  self.check_worker_number_rationality()

Epoch 487:  43%|████▎     | 20/47 [00:01<00:01, 16.78it/s, loss=0.0591, v_num=]
Epoch 487:  43%|████▎     | 20/47 [00:01<00:01, 16.78it/s, loss=0.0593, v_num=]
Epoch 487:  85%|████████▌ | 40/47 [00:02<00:00, 18.84it/s, loss=0.0593, v_num=]
Epoch 487:  85%|████████▌ | 40/47 [00:02<00:00, 18.84it/s, loss=0.0568, v_num=]
Epoch 487: 100%|██████████| 47/47 [00:02<00:00, 18.45it/s, loss=0.0607, v_num=]
Epoch 487:   0%|          | 0/47 [00:00<?, ?it/s, loss=0.0607, v_num=]         
Epoch 488:   0%|          | 0/47 [00:00<?, ?it/s, loss=0.0607, v_num=]/usr/local/lib/python3.13/dist-packages/torch/utils/data/dataloader.py:432: UserWarning: This DataLoader will create 6 worker processes in total. Our suggested max number of worker in current system is 2, which is smaller than what this DataLoader is going to create. Please be aware that excessive worker creation might get DataLoader running slow or even freeze, lower the worker number to avoid potential slowness/freeze if necessary.
  self.check_worker_number_rationality()

Epoch 488:  43%|████▎     | 20/47 [00:01<00:01, 16.77it/s, loss=0.0607, v_num=]
Epoch 488:  43%|████▎     | 20/47 [00:01<00:01, 16.76it/s, loss=0.0577, v_num=]
Epoch 488:  85%|████████▌ | 40/47 [00:02<00:00, 17.27it/s, loss=0.0577, v_num=]
Epoch 488:  85%|████████▌ | 40/47 [00:02<00:00, 17.27it/s, loss=0.0613, v_num=]
Epoch 488: 100%|██████████| 47/47 [00:02<00:00, 16.23it/s, loss=0.0588, v_num=]
Epoch 488:   0%|          | 0/47 [00:00<?, ?it/s, loss=0.0588, v_num=]         
Epoch 489:   0%|          | 0/47 [00:00<?, ?it/s, loss=0.0588, v_num=]/usr/local/lib/python3.13/dist-packages/torch/utils/data/dataloader.py:432: UserWarning: This DataLoader will create 6 worker processes in total. Our suggested max number of worker in current system is 2, which is smaller than what this DataLoader is going to create. Please be aware that excessive worker creation might get DataLoader running slow or even freeze, lower the worker number to avoid potential slowness/freeze if necessary.
  self.check_worker_number_rationality()

Epoch 489:  43%|████▎     | 20/47 [00:01<00:02, 11.27it/s, loss=0.0588, v_num=]
Epoch 489:  43%|████▎     | 20/47 [00:01<00:02, 11.27it/s, loss=0.0553, v_num=]
Epoch 489:  85%|████████▌ | 40/47 [00:02<00:00, 14.86it/s, loss=0.0553, v_num=]
Epoch 489:  85%|████████▌ | 40/47 [00:02<00:00, 14.86it/s, loss=0.0588, v_num=]
Epoch 489: 100%|██████████| 47/47 [00:03<00:00, 15.08it/s, loss=0.0565, v_num=]
Epoch 489:   0%|          | 0/47 [00:00<?, ?it/s, loss=0.0565, v_num=]         
Epoch 490:   0%|          | 0/47 [00:00<?, ?it/s, loss=0.0565, v_num=]/usr/local/lib/python3.13/dist-packages/torch/utils/data/dataloader.py:432: UserWarning: This DataLoader will create 6 worker processes in total. Our suggested max number of worker in current system is 2, which is smaller than what this DataLoader is going to create. Please be aware that excessive worker creation might get DataLoader running slow or even freeze, lower the worker number to avoid potential slowness/freeze if necessary.
  self.check_worker_number_rationality()

Epoch 490:  43%|████▎     | 20/47 [00:01<00:01, 16.59it/s, loss=0.0565, v_num=]
Epoch 490:  43%|████▎     | 20/47 [00:01<00:01, 16.58it/s, loss=0.0573, v_num=]
Epoch 490:  85%|████████▌ | 40/47 [00:02<00:00, 18.70it/s, loss=0.0573, v_num=]
Epoch 490:  85%|████████▌ | 40/47 [00:02<00:00, 18.70it/s, loss=0.0563, v_num=]
Epoch 490: 100%|██████████| 47/47 [00:02<00:00, 18.15it/s, loss=0.0551, v_num=]Evaluating...
NMI : 0.8656728660753708, ARI: 0.6853571146006395, ACC: 0.63817, current K: 13
Epoch 490 | NMI: 0.8657, ARI: 0.6854, ACC: 0.6382, current K: 13
Confusion Matrix:
[[  0   1   0   0   0   1 297   1   0   0   0   0   0   0   0   0   0   0
    0   0]
 [  1   0   0   0 297   0   0   0   0   2   0   0   0   0   0   0   0   0
    0   0]
 [  0   2   0   0   0 297   0   1   0   0   0   0   0   0   0   0   0   0
    0   0]
 [  2   0   0 295   0   0   0   0   2   0   0   1   0   0   0   0   0   0
    0   0]
 [  6   0 292   0   0   0   0   1   0   0   1   0   0   0   0   0   0   0
    0   0]
 [  3   0   3   0   0   0   0   0   0   3   0   5 286   0   0   0   0   0
    0   0]
 [  0   0 294   0   0   0   0   1   0   0   0   3   2   0   0   0   0   0
    0   0]
 [  3   0   3   0   0   0   0   0   0   0   0 291   3   0   0   0   0   0
    0   0]
 [  7 289   0   0   0   0   0   3   0   0   1   0   0   0   0   0   0   0
    0   0]
 [297   0   0   0   1   0   0   0   1   0   1   0   0   0   0   0   0   0
    0   0]
 [ 14 282   1   0   0   0   0   3   0   0   0   0   0   0   0   0   0   0
    0   0]
 [299   0   0   0   0   0   0   0   0   0   0   1   0   0   0   0   0   0
    0   0]
 [  1   0   1   0   0   0   0 287  10   0   1   0   0   0   0   0   0   0
    0   0]
 [  0   0   0   0   0   0   0   1 296   3   0   0   0   0   0   0   0   0
    0   0]
 [  0   0   1   0   0   0   0 295   1   0   3   0   0   0   0   0   0   0
    0   0]
 [  0   0   0   0   0   0   0   6 291   2   0   1   0   0   0   0   0   0
    0   0]
 [  1   0   1   0   0   0   1   2   0   5 290   0   0   0   0   0   0   0
    0   0]
 [  1   0   0   0   0   0   0   0   3 295   1   0   0   0   0   0   0   0
    0   0]
 [  0   0   0   0   0   0   0   2   0   0 298   0   0   0   0   0   0   0
    0   0]
 [  0   0   0   0   0   0   0   0   2 294   1   3   0   0   0   0   0   0
    0   0]]

Epoch 490:   0%|          | 0/47 [00:00<?, ?it/s, loss=0.0551, v_num=]         
Epoch 491:   0%|          | 0/47 [00:00<?, ?it/s, loss=0.0551, v_num=]/usr/local/lib/python3.13/dist-packages/torch/utils/data/dataloader.py:432: UserWarning: This DataLoader will create 6 worker processes in total. Our suggested max number of worker in current system is 2, which is smaller than what this DataLoader is going to create. Please be aware that excessive worker creation might get DataLoader running slow or even freeze, lower the worker number to avoid potential slowness/freeze if necessary.
  self.check_worker_number_rationality()

Epoch 491:  43%|████▎     | 20/47 [00:01<00:01, 16.71it/s, loss=0.0551, v_num=]
Epoch 491:  43%|████▎     | 20/47 [00:01<00:01, 16.70it/s, loss=0.0554, v_num=]
Epoch 491:  85%|████████▌ | 40/47 [00:02<00:00, 18.80it/s, loss=0.0554, v_num=]
Epoch 491:  85%|████████▌ | 40/47 [00:02<00:00, 18.79it/s, loss=0.0591, v_num=]
Epoch 491: 100%|██████████| 47/47 [00:02<00:00, 18.37it/s, loss=0.0647, v_num=]
Epoch 491:   0%|          | 0/47 [00:00<?, ?it/s, loss=0.0647, v_num=]         
Epoch 492:   0%|          | 0/47 [00:00<?, ?it/s, loss=0.0647, v_num=]/usr/local/lib/python3.13/dist-packages/torch/utils/data/dataloader.py:432: UserWarning: This DataLoader will create 6 worker processes in total. Our suggested max number of worker in current system is 2, which is smaller than what this DataLoader is going to create. Please be aware that excessive worker creation might get DataLoader running slow or even freeze, lower the worker number to avoid potential slowness/freeze if necessary.
  self.check_worker_number_rationality()

Epoch 492:  43%|████▎     | 20/47 [00:01<00:01, 16.31it/s, loss=0.0647, v_num=]
Epoch 492:  43%|████▎     | 20/47 [00:01<00:01, 16.30it/s, loss=0.0578, v_num=]
Epoch 492:  85%|████████▌ | 40/47 [00:02<00:00, 18.36it/s, loss=0.0578, v_num=]
Epoch 492:  85%|████████▌ | 40/47 [00:02<00:00, 18.35it/s, loss=0.0587, v_num=]
Epoch 492: 100%|██████████| 47/47 [00:02<00:00, 17.97it/s, loss=0.0587, v_num=]
Epoch 492:   0%|          | 0/47 [00:00<?, ?it/s, loss=0.0587, v_num=]         
Epoch 493:   0%|          | 0/47 [00:00<?, ?it/s, loss=0.0587, v_num=]/usr/local/lib/python3.13/dist-packages/torch/utils/data/dataloader.py:432: UserWarning: This DataLoader will create 6 worker processes in total. Our suggested max number of worker in current system is 2, which is smaller than what this DataLoader is going to create. Please be aware that excessive worker creation might get DataLoader running slow or even freeze, lower the worker number to avoid potential slowness/freeze if necessary.
  self.check_worker_number_rationality()

Epoch 493:  43%|████▎     | 20/47 [00:01<00:01, 14.86it/s, loss=0.0587, v_num=]
Epoch 493:  43%|████▎     | 20/47 [00:01<00:01, 14.85it/s, loss=0.0564, v_num=]
Epoch 493:  85%|████████▌ | 40/47 [00:02<00:00, 15.66it/s, loss=0.0564, v_num=]
Epoch 493:  85%|████████▌ | 40/47 [00:02<00:00, 15.66it/s, loss=0.0581, v_num=]
Epoch 493: 100%|██████████| 47/47 [00:03<00:00, 14.96it/s, loss=0.0578, v_num=]
Epoch 493:   0%|          | 0/47 [00:00<?, ?it/s, loss=0.0578, v_num=]         
Epoch 494:   0%|          | 0/47 [00:00<?, ?it/s, loss=0.0578, v_num=]/usr/local/lib/python3.13/dist-packages/torch/utils/data/dataloader.py:432: UserWarning: This DataLoader will create 6 worker processes in total. Our suggested max number of worker in current system is 2, which is smaller than what this DataLoader is going to create. Please be aware that excessive worker creation might get DataLoader running slow or even freeze, lower the worker number to avoid potential slowness/freeze if necessary.
  self.check_worker_number_rationality()

Epoch 494:  43%|████▎     | 20/47 [00:01<00:01, 14.87it/s, loss=0.0578, v_num=]
Epoch 494:  43%|████▎     | 20/47 [00:01<00:01, 14.86it/s, loss=0.0605, v_num=]
Epoch 494:  85%|████████▌ | 40/47 [00:02<00:00, 17.35it/s, loss=0.0605, v_num=]
Epoch 494:  85%|████████▌ | 40/47 [00:02<00:00, 17.35it/s, loss=0.0577, v_num=]
Epoch 494: 100%|██████████| 47/47 [00:02<00:00, 17.01it/s, loss=0.0574, v_num=]
Epoch 494:   0%|          | 0/47 [00:00<?, ?it/s, loss=0.0574, v_num=]         
Epoch 495:   0%|          | 0/47 [00:00<?, ?it/s, loss=0.0574, v_num=]/usr/local/lib/python3.13/dist-packages/torch/utils/data/dataloader.py:432: UserWarning: This DataLoader will create 6 worker processes in total. Our suggested max number of worker in current system is 2, which is smaller than what this DataLoader is going to create. Please be aware that excessive worker creation might get DataLoader running slow or even freeze, lower the worker number to avoid potential slowness/freeze if necessary.
  self.check_worker_number_rationality()

Epoch 495:  43%|████▎     | 20/47 [00:01<00:01, 16.74it/s, loss=0.0574, v_num=]
Epoch 495:  43%|████▎     | 20/47 [00:01<00:01, 16.73it/s, loss=0.0563, v_num=]
Epoch 495:  85%|████████▌ | 40/47 [00:02<00:00, 18.91it/s, loss=0.0563, v_num=]
Epoch 495:  85%|████████▌ | 40/47 [00:02<00:00, 18.91it/s, loss=0.0551, v_num=]
Epoch 495: 100%|██████████| 47/47 [00:02<00:00, 18.48it/s, loss=0.0548, v_num=]Evaluating...
NMI : 0.8655304020795768, ARI: 0.6852516868701981, ACC: 0.63817, current K: 13

Epoch 495:   0%|          | 0/47 [00:00<?, ?it/s, loss=0.0548, v_num=]         
Epoch 496:   0%|          | 0/47 [00:00<?, ?it/s, loss=0.0548, v_num=]/usr/local/lib/python3.13/dist-packages/torch/utils/data/dataloader.py:432: UserWarning: This DataLoader will create 6 worker processes in total. Our suggested max number of worker in current system is 2, which is smaller than what this DataLoader is going to create. Please be aware that excessive worker creation might get DataLoader running slow or even freeze, lower the worker number to avoid potential slowness/freeze if necessary.
  self.check_worker_number_rationality()

Epoch 496:  43%|████▎     | 20/47 [00:01<00:01, 17.01it/s, loss=0.0548, v_num=]
Epoch 496:  43%|████▎     | 20/47 [00:01<00:01, 17.01it/s, loss=0.0564, v_num=]
Epoch 496:  85%|████████▌ | 40/47 [00:02<00:00, 19.14it/s, loss=0.0564, v_num=]
Epoch 496:  85%|████████▌ | 40/47 [00:02<00:00, 19.14it/s, loss=0.0561, v_num=]
Epoch 496: 100%|██████████| 47/47 [00:02<00:00, 18.52it/s, loss=0.0581, v_num=]
Epoch 496:   0%|          | 0/47 [00:00<?, ?it/s, loss=0.0581, v_num=]         
Epoch 497:   0%|          | 0/47 [00:00<?, ?it/s, loss=0.0581, v_num=]/usr/local/lib/python3.13/dist-packages/torch/utils/data/dataloader.py:432: UserWarning: This DataLoader will create 6 worker processes in total. Our suggested max number of worker in current system is 2, which is smaller than what this DataLoader is going to create. Please be aware that excessive worker creation might get DataLoader running slow or even freeze, lower the worker number to avoid potential slowness/freeze if necessary.
  self.check_worker_number_rationality()

Epoch 497:  43%|████▎     | 20/47 [00:01<00:01, 17.11it/s, loss=0.0581, v_num=]
Epoch 497:  43%|████▎     | 20/47 [00:01<00:01, 17.10it/s, loss=0.0581, v_num=]
Epoch 497:  85%|████████▌ | 40/47 [00:02<00:00, 19.10it/s, loss=0.0581, v_num=]
Epoch 497:  85%|████████▌ | 40/47 [00:02<00:00, 19.10it/s, loss=0.0562, v_num=]
Epoch 497: 100%|██████████| 47/47 [00:02<00:00, 18.03it/s, loss=0.0573, v_num=]
Epoch 497:   0%|          | 0/47 [00:00<?, ?it/s, loss=0.0573, v_num=]         
Epoch 498:   0%|          | 0/47 [00:00<?, ?it/s, loss=0.0573, v_num=]/usr/local/lib/python3.13/dist-packages/torch/utils/data/dataloader.py:432: UserWarning: This DataLoader will create 6 worker processes in total. Our suggested max number of worker in current system is 2, which is smaller than what this DataLoader is going to create. Please be aware that excessive worker creation might get DataLoader running slow or even freeze, lower the worker number to avoid potential slowness/freeze if necessary.
  self.check_worker_number_rationality()

Epoch 498:  43%|████▎     | 20/47 [00:01<00:02, 12.41it/s, loss=0.0573, v_num=]
Epoch 498:  43%|████▎     | 20/47 [00:01<00:02, 12.40it/s, loss=0.0578, v_num=]
Epoch 498:  85%|████████▌ | 40/47 [00:02<00:00, 14.21it/s, loss=0.0578, v_num=]
Epoch 498:  85%|████████▌ | 40/47 [00:02<00:00, 14.21it/s, loss=0.058, v_num=] 
Epoch 498: 100%|██████████| 47/47 [00:03<00:00, 14.46it/s, loss=0.056, v_num=]
Epoch 498:   0%|          | 0/47 [00:00<?, ?it/s, loss=0.056, v_num=]         
Epoch 499:   0%|          | 0/47 [00:00<?, ?it/s, loss=0.056, v_num=]/usr/local/lib/python3.13/dist-packages/torch/utils/data/dataloader.py:432: UserWarning: This DataLoader will create 6 worker processes in total. Our suggested max number of worker in current system is 2, which is smaller than what this DataLoader is going to create. Please be aware that excessive worker creation might get DataLoader running slow or even freeze, lower the worker number to avoid potential slowness/freeze if necessary.
  self.check_worker_number_rationality()

Epoch 499:  43%|████▎     | 20/47 [00:01<00:01, 16.69it/s, loss=0.056, v_num=]
Epoch 499:  43%|████▎     | 20/47 [00:01<00:01, 16.68it/s, loss=0.0555, v_num=]
Epoch 499:  85%|████████▌ | 40/47 [00:02<00:00, 18.77it/s, loss=0.0555, v_num=]
Epoch 499:  85%|████████▌ | 40/47 [00:02<00:00, 18.77it/s, loss=0.0585, v_num=]
Epoch 499: 100%|██████████| 47/47 [00:02<00:00, 18.32it/s, loss=0.0571, v_num=]
Epoch 499:   0%|          | 0/47 [00:00<?, ?it/s, loss=0.0571, v_num=]         
Epoch 500:   0%|          | 0/47 [00:00<?, ?it/s, loss=0.0571, v_num=]/usr/local/lib/python3.13/dist-packages/torch/utils/data/dataloader.py:432: UserWarning: This DataLoader will create 6 worker processes in total. Our suggested max number of worker in current system is 2, which is smaller than what this DataLoader is going to create. Please be aware that excessive worker creation might get DataLoader running slow or even freeze, lower the worker number to avoid potential slowness/freeze if necessary.
  self.check_worker_number_rationality()

Epoch 500:  43%|████▎     | 20/47 [00:01<00:01, 15.73it/s, loss=0.0571, v_num=]
Epoch 500:  43%|████▎     | 20/47 [00:01<00:01, 15.72it/s, loss=0.0592, v_num=]
Epoch 500:  85%|████████▌ | 40/47 [00:02<00:00, 18.18it/s, loss=0.0592, v_num=]
Epoch 500:  85%|████████▌ | 40/47 [00:02<00:00, 18.18it/s, loss=0.0591, v_num=]
Epoch 500: 100%|██████████| 47/47 [00:02<00:00, 17.85it/s, loss=0.0565, v_num=]Evaluating...
NMI : 0.8657760920651303, ARI: 0.6853985135666063, ACC: 0.63817, current K: 13
Epoch 500 | NMI: 0.8658, ARI: 0.6854, ACC: 0.6382, current K: 13
Confusion Matrix:
[[  0   1   0   0   0   1 297   1   0   0   0   0   0   0   0   0   0   0
    0   0]
 [  1   0   0   0 297   0   0   0   0   2   0   0   0   0   0   0   0   0
    0   0]
 [  0   2   0   0   0 297   0   1   0   0   0   0   0   0   0   0   0   0
    0   0]
 [  2   0   0 294   0   0   0   0   3   0   0   1   0   0   0   0   0   0
    0   0]
 [  6   0 292   0   0   0   0   1   0   0   1   0   0   0   0   0   0   0
    0   0]
 [  3   0   3   0   0   0   0   0   0   3   0   5 286   0   0   0   0   0
    0   0]
 [  0   0 295   0   0   0   0   1   0   0   0   3   1   0   0   0   0   0
    0   0]
 [  3   0   3   0   0   0   0   0   0   0   0 292   2   0   0   0   0   0
    0   0]
 [  7 289   0   0   0   0   0   3   0   0   1   0   0   0   0   0   0   0
    0   0]
 [297   0   0   0   1   0   0   0   1   0   1   0   0   0   0   0   0   0
    0   0]
 [ 14 282   1   0   0   0   0   3   0   0   0   0   0   0   0   0   0   0
    0   0]
 [299   0   0   0   0   0   0   0   0   0   0   1   0   0   0   0   0   0
    0   0]
 [  1   0   1   0   0   0   0 287  10   0   1   0   0   0   0   0   0   0
    0   0]
 [  0   0   0   0   0   0   0   1 296   3   0   0   0   0   0   0   0   0
    0   0]
 [  0   0   1   0   0   0   0 295   1   0   3   0   0   0   0   0   0   0
    0   0]
 [  0   0   0   0   0   0   0   5 292   2   0   1   0   0   0   0   0   0
    0   0]
 [  1   0   1   0   0   0   1   2   0   5 290   0   0   0   0   0   0   0
    0   0]
 [  1   0   0   0   0   0   0   0   3 295   1   0   0   0   0   0   0   0
    0   0]
 [  0   0   0   0   0   0   0   2   0   1 297   0   0   0   0   0   0   0
    0   0]
 [  0   0   0   0   0   0   0   0   2 294   1   3   0   0   0   0   0   0
    0   0]]

Epoch 500:   0%|          | 0/47 [00:00<?, ?it/s, loss=0.0565, v_num=]         
Epoch 501:   0%|          | 0/47 [00:00<?, ?it/s, loss=0.0565, v_num=]/usr/local/lib/python3.13/dist-packages/torch/utils/data/dataloader.py:432: UserWarning: This DataLoader will create 6 worker processes in total. Our suggested max number of worker in current system is 2, which is smaller than what this DataLoader is going to create. Please be aware that excessive worker creation might get DataLoader running slow or even freeze, lower the worker number to avoid potential slowness/freeze if necessary.
  self.check_worker_number_rationality()

Epoch 501:  43%|████▎     | 20/47 [00:01<00:01, 16.80it/s, loss=0.0565, v_num=]
Epoch 501:  43%|████▎     | 20/47 [00:01<00:01, 16.79it/s, loss=0.0571, v_num=]
Epoch 501:  85%|████████▌ | 40/47 [00:02<00:00, 18.65it/s, loss=0.0571, v_num=]
Epoch 501:  85%|████████▌ | 40/47 [00:02<00:00, 18.65it/s, loss=0.0556, v_num=]
Epoch 501: 100%|██████████| 47/47 [00:02<00:00, 18.26it/s, loss=0.0607, v_num=]
Epoch 501:   0%|          | 0/47 [00:00<?, ?it/s, loss=0.0607, v_num=]         
Epoch 502:   0%|          | 0/47 [00:00<?, ?it/s, loss=0.0607, v_num=]/usr/local/lib/python3.13/dist-packages/torch/utils/data/dataloader.py:432: UserWarning: This DataLoader will create 6 worker processes in total. Our suggested max number of worker in current system is 2, which is smaller than what this DataLoader is going to create. Please be aware that excessive worker creation might get DataLoader running slow or even freeze, lower the worker number to avoid potential slowness/freeze if necessary.
  self.check_worker_number_rationality()

Epoch 502:  43%|████▎     | 20/47 [00:01<00:01, 16.83it/s, loss=0.0607, v_num=]
Epoch 502:  43%|████▎     | 20/47 [00:01<00:01, 16.82it/s, loss=0.052, v_num=] 
Epoch 502:  85%|████████▌ | 40/47 [00:02<00:00, 17.08it/s, loss=0.052, v_num=]
Epoch 502:  85%|████████▌ | 40/47 [00:02<00:00, 17.07it/s, loss=0.059, v_num=]
Epoch 502: 100%|██████████| 47/47 [00:02<00:00, 15.96it/s, loss=0.0582, v_num=]
Epoch 502:   0%|          | 0/47 [00:00<?, ?it/s, loss=0.0582, v_num=]         
Epoch 503:   0%|          | 0/47 [00:00<?, ?it/s, loss=0.0582, v_num=]/usr/local/lib/python3.13/dist-packages/torch/utils/data/dataloader.py:432: UserWarning: This DataLoader will create 6 worker processes in total. Our suggested max number of worker in current system is 2, which is smaller than what this DataLoader is going to create. Please be aware that excessive worker creation might get DataLoader running slow or even freeze, lower the worker number to avoid potential slowness/freeze if necessary.
  self.check_worker_number_rationality()

Epoch 503:  43%|████▎     | 20/47 [00:01<00:02, 12.75it/s, loss=0.0582, v_num=]
Epoch 503:  43%|████▎     | 20/47 [00:01<00:02, 12.75it/s, loss=0.0588, v_num=]
Epoch 503:  85%|████████▌ | 40/47 [00:02<00:00, 16.07it/s, loss=0.0588, v_num=]
Epoch 503:  85%|████████▌ | 40/47 [00:02<00:00, 16.07it/s, loss=0.0538, v_num=]
Epoch 503: 100%|██████████| 47/47 [00:02<00:00, 16.03it/s, loss=0.0582, v_num=]
Epoch 503:   0%|          | 0/47 [00:00<?, ?it/s, loss=0.0582, v_num=]         
Epoch 504:   0%|          | 0/47 [00:00<?, ?it/s, loss=0.0582, v_num=]/usr/local/lib/python3.13/dist-packages/torch/utils/data/dataloader.py:432: UserWarning: This DataLoader will create 6 worker processes in total. Our suggested max number of worker in current system is 2, which is smaller than what this DataLoader is going to create. Please be aware that excessive worker creation might get DataLoader running slow or even freeze, lower the worker number to avoid potential slowness/freeze if necessary.
  self.check_worker_number_rationality()

Epoch 504:  43%|████▎     | 20/47 [00:01<00:01, 16.80it/s, loss=0.0582, v_num=]
Epoch 504:  43%|████▎     | 20/47 [00:01<00:01, 16.79it/s, loss=0.0554, v_num=]
Epoch 504:  85%|████████▌ | 40/47 [00:02<00:00, 18.99it/s, loss=0.0554, v_num=]
Epoch 504:  85%|████████▌ | 40/47 [00:02<00:00, 18.99it/s, loss=0.0552, v_num=]
Epoch 504: 100%|██████████| 47/47 [00:02<00:00, 18.37it/s, loss=0.0579, v_num=]
Epoch 504:   0%|          | 0/47 [00:00<?, ?it/s, loss=0.0579, v_num=]         
Epoch 505:   0%|          | 0/47 [00:00<?, ?it/s, loss=0.0579, v_num=]/usr/local/lib/python3.13/dist-packages/torch/utils/data/dataloader.py:432: UserWarning: This DataLoader will create 6 worker processes in total. Our suggested max number of worker in current system is 2, which is smaller than what this DataLoader is going to create. Please be aware that excessive worker creation might get DataLoader running slow or even freeze, lower the worker number to avoid potential slowness/freeze if necessary.
  self.check_worker_number_rationality()

Epoch 505:  43%|████▎     | 20/47 [00:01<00:01, 16.67it/s, loss=0.0579, v_num=]
Epoch 505:  43%|████▎     | 20/47 [00:01<00:01, 16.66it/s, loss=0.0566, v_num=]
Epoch 505:  85%|████████▌ | 40/47 [00:02<00:00, 18.66it/s, loss=0.0566, v_num=]
Epoch 505:  85%|████████▌ | 40/47 [00:02<00:00, 18.66it/s, loss=0.0553, v_num=]
Epoch 505: 100%|██████████| 47/47 [00:02<00:00, 18.13it/s, loss=0.0615, v_num=]Evaluating...
NMI : 0.8660562968372438, ARI: 0.6855559217455744, ACC: 0.63833, current K: 13

Epoch 505:   0%|          | 0/47 [00:00<?, ?it/s, loss=0.0615, v_num=]         
Epoch 506:   0%|          | 0/47 [00:00<?, ?it/s, loss=0.0615, v_num=]/usr/local/lib/python3.13/dist-packages/torch/utils/data/dataloader.py:432: UserWarning: This DataLoader will create 6 worker processes in total. Our suggested max number of worker in current system is 2, which is smaller than what this DataLoader is going to create. Please be aware that excessive worker creation might get DataLoader running slow or even freeze, lower the worker number to avoid potential slowness/freeze if necessary.
  self.check_worker_number_rationality()

Epoch 506:  43%|████▎     | 20/47 [00:01<00:01, 16.97it/s, loss=0.0615, v_num=]
Epoch 506:  43%|████▎     | 20/47 [00:01<00:01, 16.96it/s, loss=0.0559, v_num=]
Epoch 506:  85%|████████▌ | 40/47 [00:02<00:00, 18.82it/s, loss=0.0559, v_num=]
Epoch 506:  85%|████████▌ | 40/47 [00:02<00:00, 18.82it/s, loss=0.0562, v_num=]
Epoch 506: 100%|██████████| 47/47 [00:02<00:00, 18.32it/s, loss=0.0582, v_num=]
Epoch 506:   0%|          | 0/47 [00:00<?, ?it/s, loss=0.0582, v_num=]         
Epoch 507:   0%|          | 0/47 [00:00<?, ?it/s, loss=0.0582, v_num=]
Epoch 507:  43%|████▎     | 20/47 [00:01<00:01, 13.79it/s, loss=0.0582, v_num=]
Epoch 507:  43%|████▎     | 20/47 [00:01<00:01, 13.79it/s, loss=0.0589, v_num=]
Epoch 507:  85%|████████▌ | 40/47 [00:02<00:00, 15.04it/s, loss=0.0589, v_num=]
Epoch 507:  85%|████████▌ | 40/47 [00:02<00:00, 15.04it/s, loss=0.0546, v_num=]
Epoch 507: 100%|██████████| 47/47 [00:03<00:00, 14.53it/s, loss=0.0555, v_num=]
Epoch 507:   0%|          | 0/47 [00:00<?, ?it/s, loss=0.0555, v_num=]         
Epoch 508:   0%|          | 0/47 [00:00<?, ?it/s, loss=0.0555, v_num=]
Epoch 508:  43%|████▎     | 20/47 [00:01<00:01, 17.08it/s, loss=0.0555, v_num=]
Epoch 508:  43%|████▎     | 20/47 [00:01<00:01, 17.07it/s, loss=0.0578, v_num=]
Epoch 508:  85%|████████▌ | 40/47 [00:02<00:00, 19.03it/s, loss=0.0578, v_num=]
Epoch 508:  85%|████████▌ | 40/47 [00:02<00:00, 19.02it/s, loss=0.0579, v_num=]
Epoch 508: 100%|██████████| 47/47 [00:02<00:00, 18.26it/s, loss=0.057, v_num=] 
Epoch 508:   0%|          | 0/47 [00:00<?, ?it/s, loss=0.057, v_num=]         
Epoch 509:   0%|          | 0/47 [00:00<?, ?it/s, loss=0.057, v_num=]
Epoch 509:  43%|████▎     | 20/47 [00:01<00:01, 16.85it/s, loss=0.057, v_num=]
Epoch 509:  43%|████▎     | 20/47 [00:01<00:01, 16.84it/s, loss=0.0555, v_num=]
Epoch 509:  85%|████████▌ | 40/47 [00:02<00:00, 18.91it/s, loss=0.0555, v_num=]
Epoch 509:  85%|████████▌ | 40/47 [00:02<00:00, 18.91it/s, loss=0.0579, v_num=]
Epoch 509: 100%|██████████| 47/47 [00:02<00:00, 18.47it/s, loss=0.0565, v_num=]
Epoch 509:   0%|          | 0/47 [00:00<?, ?it/s, loss=0.0565, v_num=]         
Epoch 510:   0%|          | 0/47 [00:00<?, ?it/s, loss=0.0565, v_num=]
Epoch 510:  43%|████▎     | 20/47 [00:01<00:01, 16.96it/s, loss=0.0565, v_num=]
Epoch 510:  43%|████▎     | 20/47 [00:01<00:01, 16.95it/s, loss=0.0587, v_num=]
Epoch 510:  85%|████████▌ | 40/47 [00:02<00:00, 18.95it/s, loss=0.0587, v_num=]
Epoch 510:  85%|████████▌ | 40/47 [00:02<00:00, 18.95it/s, loss=0.0581, v_num=]
Epoch 510: 100%|██████████| 47/47 [00:02<00:00, 18.28it/s, loss=0.055, v_num=] Evaluating...
NMI : 0.8660302935001306, ARI: 0.6854506757459906, ACC: 0.63833, current K: 13
Epoch 510 | NMI: 0.8660, ARI: 0.6855, ACC: 0.6383, current K: 13
Confusion Matrix:
[[  0   1   0   0   0   1 297   1   0   0   0   0   0   0   0   0   0   0
    0   0]
 [  1   0   0   0 297   0   0   0   0   2   0   0   0   0   0   0   0   0
    0   0]
 [  0   2   0   0   0 297   0   1   0   0   0   0   0   0   0   0   0   0
    0   0]
 [  3   0   0 293   0   0   0   0   3   0   0   1   0   0   0   0   0   0
    0   0]
 [  6   0 292   0   0   0   0   1   0   0   1   0   0   0   0   0   0   0
    0   0]
 [  3   0   4   0   0   0   0   0   0   3   0   4 286   0   0   0   0   0
    0   0]
 [  0   0 295   0   0   0   0   1   0   0   0   3   1   0   0   0   0   0
    0   0]
 [  3   0   3   0   0   0   0   0   0   0   0 293   1   0   0   0   0   0
    0   0]
 [  7 289   0   0   0   0   0   3   0   0   1   0   0   0   0   0   0   0
    0   0]
 [297   0   0   0   1   0   0   0   1   0   1   0   0   0   0   0   0   0
    0   0]
 [ 14 282   1   0   0   0   0   3   0   0   0   0   0   0   0   0   0   0
    0   0]
 [299   0   0   0   0   0   0   0   0   0   0   1   0   0   0   0   0   0
    0   0]
 [  1   0   1   0   0   0   0 287  10   0   1   0   0   0   0   0   0   0
    0   0]
 [  0   0   0   0   0   0   0   1 296   3   0   0   0   0   0   0   0   0
    0   0]
 [  0   0   1   0   0   0   0 295   1   0   3   0   0   0   0   0   0   0
    0   0]
 [  0   0   0   0   0   0   0   5 292   2   0   1   0   0   0   0   0   0
    0   0]
 [  1   0   1   0   0   0   1   2   0   5 290   0   0   0   0   0   0   0
    0   0]
 [  1   0   0   0   0   0   0   0   2 296   1   0   0   0   0   0   0   0
    0   0]
 [  0   0   0   0   0   0   0   2   0   1 297   0   0   0   0   0   0   0
    0   0]
 [  0   0   0   0   0   0   0   0   2 294   1   3   0   0   0   0   0   0
    0   0]]

Epoch 510:   0%|          | 0/47 [00:00<?, ?it/s, loss=0.055, v_num=]         
Epoch 511:   0%|          | 0/47 [00:00<?, ?it/s, loss=0.055, v_num=]/usr/local/lib/python3.13/dist-packages/torch/utils/data/dataloader.py:432: UserWarning: This DataLoader will create 6 worker processes in total. Our suggested max number of worker in current system is 2, which is smaller than what this DataLoader is going to create. Please be aware that excessive worker creation might get DataLoader running slow or even freeze, lower the worker number to avoid potential slowness/freeze if necessary.
  self.check_worker_number_rationality()

Epoch 511:  43%|████▎     | 20/47 [00:01<00:01, 15.58it/s, loss=0.055, v_num=]
Epoch 511:  43%|████▎     | 20/47 [00:01<00:01, 15.57it/s, loss=0.0585, v_num=]
Epoch 511:  85%|████████▌ | 40/47 [00:02<00:00, 17.81it/s, loss=0.0585, v_num=]
Epoch 511:  85%|████████▌ | 40/47 [00:02<00:00, 17.81it/s, loss=0.0539, v_num=]
Epoch 511: 100%|██████████| 47/47 [00:02<00:00, 16.34it/s, loss=0.0544, v_num=]
Epoch 511:   0%|          | 0/47 [00:00<?, ?it/s, loss=0.0544, v_num=]         
Epoch 512:   0%|          | 0/47 [00:00<?, ?it/s, loss=0.0544, v_num=]/usr/local/lib/python3.13/dist-packages/torch/utils/data/dataloader.py:432: UserWarning: This DataLoader will create 6 worker processes in total. Our suggested max number of worker in current system is 2, which is smaller than what this DataLoader is going to create. Please be aware that excessive worker creation might get DataLoader running slow or even freeze, lower the worker number to avoid potential slowness/freeze if necessary.
  self.check_worker_number_rationality()

Epoch 512:  43%|████▎     | 20/47 [00:01<00:02, 12.41it/s, loss=0.0544, v_num=]
Epoch 512:  43%|████▎     | 20/47 [00:01<00:02, 12.40it/s, loss=0.0551, v_num=]
Epoch 512:  85%|████████▌ | 40/47 [00:02<00:00, 14.96it/s, loss=0.0551, v_num=]
Epoch 512:  85%|████████▌ | 40/47 [00:02<00:00, 14.96it/s, loss=0.0573, v_num=]
Epoch 512: 100%|██████████| 47/47 [00:03<00:00, 14.97it/s, loss=0.0576, v_num=]
Epoch 512:   0%|          | 0/47 [00:00<?, ?it/s, loss=0.0576, v_num=]         
Epoch 513:   0%|          | 0/47 [00:00<?, ?it/s, loss=0.0576, v_num=]/usr/local/lib/python3.13/dist-packages/torch/utils/data/dataloader.py:432: UserWarning: This DataLoader will create 6 worker processes in total. Our suggested max number of worker in current system is 2, which is smaller than what this DataLoader is going to create. Please be aware that excessive worker creation might get DataLoader running slow or even freeze, lower the worker number to avoid potential slowness/freeze if necessary.
  self.check_worker_number_rationality()

Epoch 513:  43%|████▎     | 20/47 [00:01<00:01, 17.10it/s, loss=0.0576, v_num=]
Epoch 513:  43%|████▎     | 20/47 [00:01<00:01, 17.09it/s, loss=0.058, v_num=] 
Epoch 513:  85%|████████▌ | 40/47 [00:02<00:00, 19.26it/s, loss=0.058, v_num=]
Epoch 513:  85%|████████▌ | 40/47 [00:02<00:00, 19.25it/s, loss=0.0546, v_num=]
Epoch 513: 100%|██████████| 47/47 [00:02<00:00, 18.80it/s, loss=0.0561, v_num=]
Epoch 513:   0%|          | 0/47 [00:00<?, ?it/s, loss=0.0561, v_num=]         
Epoch 514:   0%|          | 0/47 [00:00<?, ?it/s, loss=0.0561, v_num=]/usr/local/lib/python3.13/dist-packages/torch/utils/data/dataloader.py:432: UserWarning: This DataLoader will create 6 worker processes in total. Our suggested max number of worker in current system is 2, which is smaller than what this DataLoader is going to create. Please be aware that excessive worker creation might get DataLoader running slow or even freeze, lower the worker number to avoid potential slowness/freeze if necessary.
  self.check_worker_number_rationality()

Epoch 514:  43%|████▎     | 20/47 [00:01<00:01, 17.18it/s, loss=0.0561, v_num=]
Epoch 514:  43%|████▎     | 20/47 [00:01<00:01, 17.17it/s, loss=0.0554, v_num=]
Epoch 514:  85%|████████▌ | 40/47 [00:02<00:00, 19.21it/s, loss=0.0554, v_num=]
Epoch 514:  85%|████████▌ | 40/47 [00:02<00:00, 19.21it/s, loss=0.0615, v_num=]
Epoch 514: 100%|██████████| 47/47 [00:02<00:00, 18.59it/s, loss=0.0583, v_num=]
Epoch 514:   0%|          | 0/47 [00:00<?, ?it/s, loss=0.0583, v_num=]         
Epoch 515:   0%|          | 0/47 [00:00<?, ?it/s, loss=0.0583, v_num=]/usr/local/lib/python3.13/dist-packages/torch/utils/data/dataloader.py:432: UserWarning: This DataLoader will create 6 worker processes in total. Our suggested max number of worker in current system is 2, which is smaller than what this DataLoader is going to create. Please be aware that excessive worker creation might get DataLoader running slow or even freeze, lower the worker number to avoid potential slowness/freeze if necessary.
  self.check_worker_number_rationality()

Epoch 515:  43%|████▎     | 20/47 [00:01<00:01, 16.72it/s, loss=0.0583, v_num=]
Epoch 515:  43%|████▎     | 20/47 [00:01<00:01, 16.71it/s, loss=0.0552, v_num=]
Epoch 515:  85%|████████▌ | 40/47 [00:02<00:00, 18.96it/s, loss=0.0552, v_num=]
Epoch 515:  85%|████████▌ | 40/47 [00:02<00:00, 18.95it/s, loss=0.0574, v_num=]
Epoch 515: 100%|██████████| 47/47 [00:02<00:00, 18.50it/s, loss=0.0561, v_num=]Evaluating...
NMI : 0.8654194000865373, ARI: 0.6849333502889814, ACC: 0.638, current K: 13

Epoch 515:   0%|          | 0/47 [00:00<?, ?it/s, loss=0.0561, v_num=]         
Epoch 516:   0%|          | 0/47 [00:00<?, ?it/s, loss=0.0561, v_num=]/usr/local/lib/python3.13/dist-packages/torch/utils/data/dataloader.py:432: UserWarning: This DataLoader will create 6 worker processes in total. Our suggested max number of worker in current system is 2, which is smaller than what this DataLoader is going to create. Please be aware that excessive worker creation might get DataLoader running slow or even freeze, lower the worker number to avoid potential slowness/freeze if necessary.
  self.check_worker_number_rationality()

Epoch 516:  43%|████▎     | 20/47 [00:01<00:01, 16.01it/s, loss=0.0561, v_num=]
Epoch 516:  43%|████▎     | 20/47 [00:01<00:01, 16.01it/s, loss=0.0562, v_num=]
Epoch 516:  85%|████████▌ | 40/47 [00:02<00:00, 16.46it/s, loss=0.0562, v_num=]
Epoch 516:  85%|████████▌ | 40/47 [00:02<00:00, 16.46it/s, loss=0.0573, v_num=]
Epoch 516: 100%|██████████| 47/47 [00:03<00:00, 15.50it/s, loss=0.0568, v_num=]
Epoch 516:   0%|          | 0/47 [00:00<?, ?it/s, loss=0.0568, v_num=]         
Epoch 517:   0%|          | 0/47 [00:00<?, ?it/s, loss=0.0568, v_num=]/usr/local/lib/python3.13/dist-packages/torch/utils/data/dataloader.py:432: UserWarning: This DataLoader will create 6 worker processes in total. Our suggested max number of worker in current system is 2, which is smaller than what this DataLoader is going to create. Please be aware that excessive worker creation might get DataLoader running slow or even freeze, lower the worker number to avoid potential slowness/freeze if necessary.
  self.check_worker_number_rationality()

Epoch 517:  43%|████▎     | 20/47 [00:01<00:02, 13.19it/s, loss=0.0568, v_num=]
Epoch 517:  43%|████▎     | 20/47 [00:01<00:02, 13.19it/s, loss=0.0575, v_num=]
Epoch 517:  85%|████████▌ | 40/47 [00:02<00:00, 16.53it/s, loss=0.0575, v_num=]
Epoch 517:  85%|████████▌ | 40/47 [00:02<00:00, 16.52it/s, loss=0.0559, v_num=]
Epoch 517: 100%|██████████| 47/47 [00:02<00:00, 16.38it/s, loss=0.0596, v_num=]
Epoch 517:   0%|          | 0/47 [00:00<?, ?it/s, loss=0.0596, v_num=]         
Epoch 518:   0%|          | 0/47 [00:00<?, ?it/s, loss=0.0596, v_num=]/usr/local/lib/python3.13/dist-packages/torch/utils/data/dataloader.py:432: UserWarning: This DataLoader will create 6 worker processes in total. Our suggested max number of worker in current system is 2, which is smaller than what this DataLoader is going to create. Please be aware that excessive worker creation might get DataLoader running slow or even freeze, lower the worker number to avoid potential slowness/freeze if necessary.
  self.check_worker_number_rationality()

Epoch 518:  43%|████▎     | 20/47 [00:01<00:01, 17.15it/s, loss=0.0596, v_num=]
Epoch 518:  43%|████▎     | 20/47 [00:01<00:01, 17.14it/s, loss=0.0569, v_num=]
Epoch 518:  85%|████████▌ | 40/47 [00:02<00:00, 18.73it/s, loss=0.0569, v_num=]
Epoch 518:  85%|████████▌ | 40/47 [00:02<00:00, 18.72it/s, loss=0.0539, v_num=]
Epoch 518: 100%|██████████| 47/47 [00:02<00:00, 18.26it/s, loss=0.0566, v_num=]
Epoch 518:   0%|          | 0/47 [00:00<?, ?it/s, loss=0.0566, v_num=]         
Epoch 519:   0%|          | 0/47 [00:00<?, ?it/s, loss=0.0566, v_num=]/usr/local/lib/python3.13/dist-packages/torch/utils/data/dataloader.py:432: UserWarning: This DataLoader will create 6 worker processes in total. Our suggested max number of worker in current system is 2, which is smaller than what this DataLoader is going to create. Please be aware that excessive worker creation might get DataLoader running slow or even freeze, lower the worker number to avoid potential slowness/freeze if necessary.
  self.check_worker_number_rationality()

Epoch 519:  43%|████▎     | 20/47 [00:01<00:01, 16.67it/s, loss=0.0566, v_num=]
Epoch 519:  43%|████▎     | 20/47 [00:01<00:01, 16.66it/s, loss=0.0556, v_num=]
Epoch 519:  85%|████████▌ | 40/47 [00:02<00:00, 18.96it/s, loss=0.0556, v_num=]
Epoch 519:  85%|████████▌ | 40/47 [00:02<00:00, 18.95it/s, loss=0.057, v_num=] 
Epoch 519: 100%|██████████| 47/47 [00:02<00:00, 18.19it/s, loss=0.054, v_num=]
Epoch 519:   0%|          | 0/47 [00:00<?, ?it/s, loss=0.054, v_num=]         
Epoch 520:   0%|          | 0/47 [00:00<?, ?it/s, loss=0.054, v_num=]/usr/local/lib/python3.13/dist-packages/torch/utils/data/dataloader.py:432: UserWarning: This DataLoader will create 6 worker processes in total. Our suggested max number of worker in current system is 2, which is smaller than what this DataLoader is going to create. Please be aware that excessive worker creation might get DataLoader running slow or even freeze, lower the worker number to avoid potential slowness/freeze if necessary.
  self.check_worker_number_rationality()

Epoch 520:  43%|████▎     | 20/47 [00:01<00:01, 16.96it/s, loss=0.054, v_num=]
Epoch 520:  43%|████▎     | 20/47 [00:01<00:01, 16.95it/s, loss=0.0564, v_num=]
Epoch 520:  85%|████████▌ | 40/47 [00:02<00:00, 18.95it/s, loss=0.0564, v_num=]
Epoch 520:  85%|████████▌ | 40/47 [00:02<00:00, 18.95it/s, loss=0.0539, v_num=]
Epoch 520: 100%|██████████| 47/47 [00:02<00:00, 18.51it/s, loss=0.0564, v_num=]Evaluating...
NMI : 0.8653057156019377, ARI: 0.6849369402586029, ACC: 0.638, current K: 13
Epoch 520 | NMI: 0.8653, ARI: 0.6849, ACC: 0.6380, current K: 13
Confusion Matrix:
[[  0   1   0   0   0   1 297   1   0   0   0   0   0   0   0   0   0   0
    0   0]
 [  1   0   0   0 297   0   0   0   0   2   0   0   0   0   0   0   0   0
    0   0]
 [  0   2   0   0   0 297   0   1   0   0   0   0   0   0   0   0   0   0
    0   0]
 [  3   0   0 293   0   0   0   0   3   0   0   1   0   0   0   0   0   0
    0   0]
 [  6   0 292   0   0   0   0   1   0   0   1   0   0   0   0   0   0   0
    0   0]
 [  3   0   4   0   0   0   0   0   0   3   0   4 286   0   0   0   0   0
    0   0]
 [  0   0 295   0   0   0   0   1   0   0   0   3   1   0   0   0   0   0
    0   0]
 [  3   0   3   0   0   0   0   0   0   0   0 293   1   0   0   0   0   0
    0   0]
 [  7 289   0   0   0   0   0   3   0   0   1   0   0   0   0   0   0   0
    0   0]
 [297   0   0   0   1   0   0   0   1   0   1   0   0   0   0   0   0   0
    0   0]
 [ 14 282   1   0   0   0   0   3   0   0   0   0   0   0   0   0   0   0
    0   0]
 [299   0   0   0   0   0   0   0   0   0   0   1   0   0   0   0   0   0
    0   0]
 [  1   0   1   0   0   0   0 287  10   0   1   0   0   0   0   0   0   0
    0   0]
 [  0   0   0   0   0   0   0   1 296   3   0   0   0   0   0   0   0   0
    0   0]
 [  0   0   1   0   0   0   0 294   2   0   3   0   0   0   0   0   0   0
    0   0]
 [  0   0   0   0   0   0   0   5 292   2   0   1   0   0   0   0   0   0
    0   0]
 [  1   0   1   0   0   0   1   2   0   5 290   0   0   0   0   0   0   0
    0   0]
 [  1   0   0   0   0   0   0   0   3 295   1   0   0   0   0   0   0   0
    0   0]
 [  0   0   0   0   0   0   0   2   0   1 297   0   0   0   0   0   0   0
    0   0]
 [  0   0   0   0   0   0   0   0   2 294   1   2   1   0   0   0   0   0
    0   0]]

Epoch 520:   0%|          | 0/47 [00:00<?, ?it/s, loss=0.0564, v_num=]         
Epoch 521:   0%|          | 0/47 [00:00<?, ?it/s, loss=0.0564, v_num=]/usr/local/lib/python3.13/dist-packages/torch/utils/data/dataloader.py:432: UserWarning: This DataLoader will create 6 worker processes in total. Our suggested max number of worker in current system is 2, which is smaller than what this DataLoader is going to create. Please be aware that excessive worker creation might get DataLoader running slow or even freeze, lower the worker number to avoid potential slowness/freeze if necessary.
  self.check_worker_number_rationality()

Epoch 521:  43%|████▎     | 20/47 [00:01<00:02, 13.47it/s, loss=0.0564, v_num=]
Epoch 521:  43%|████▎     | 20/47 [00:01<00:02, 13.46it/s, loss=0.0563, v_num=]
Epoch 521:  85%|████████▌ | 40/47 [00:02<00:00, 14.66it/s, loss=0.0563, v_num=]
Epoch 521:  85%|████████▌ | 40/47 [00:02<00:00, 14.66it/s, loss=0.0577, v_num=]
Epoch 521: 100%|██████████| 47/47 [00:03<00:00, 14.44it/s, loss=0.059, v_num=] 
Epoch 521:   0%|          | 0/47 [00:00<?, ?it/s, loss=0.059, v_num=]         
Epoch 522:   0%|          | 0/47 [00:00<?, ?it/s, loss=0.059, v_num=]/usr/local/lib/python3.13/dist-packages/torch/utils/data/dataloader.py:432: UserWarning: This DataLoader will create 6 worker processes in total. Our suggested max number of worker in current system is 2, which is smaller than what this DataLoader is going to create. Please be aware that excessive worker creation might get DataLoader running slow or even freeze, lower the worker number to avoid potential slowness/freeze if necessary.
  self.check_worker_number_rationality()

Epoch 522:  43%|████▎     | 20/47 [00:01<00:01, 15.54it/s, loss=0.059, v_num=]
Epoch 522:  43%|████▎     | 20/47 [00:01<00:01, 15.53it/s, loss=0.0549, v_num=]
Epoch 522:  85%|████████▌ | 40/47 [00:02<00:00, 18.07it/s, loss=0.0549, v_num=]
Epoch 522:  85%|████████▌ | 40/47 [00:02<00:00, 18.07it/s, loss=0.0579, v_num=]
Epoch 522: 100%|██████████| 47/47 [00:02<00:00, 17.71it/s, loss=0.0559, v_num=]
Epoch 522:   0%|          | 0/47 [00:00<?, ?it/s, loss=0.0559, v_num=]         
Epoch 523:   0%|          | 0/47 [00:00<?, ?it/s, loss=0.0559, v_num=]/usr/local/lib/python3.13/dist-packages/torch/utils/data/dataloader.py:432: UserWarning: This DataLoader will create 6 worker processes in total. Our suggested max number of worker in current system is 2, which is smaller than what this DataLoader is going to create. Please be aware that excessive worker creation might get DataLoader running slow or even freeze, lower the worker number to avoid potential slowness/freeze if necessary.
  self.check_worker_number_rationality()

Epoch 523:  43%|████▎     | 20/47 [00:01<00:01, 16.83it/s, loss=0.0559, v_num=]
Epoch 523:  43%|████▎     | 20/47 [00:01<00:01, 16.82it/s, loss=0.0546, v_num=]
Epoch 523:  85%|████████▌ | 40/47 [00:02<00:00, 18.78it/s, loss=0.0546, v_num=]
Epoch 523:  85%|████████▌ | 40/47 [00:02<00:00, 18.78it/s, loss=0.06, v_num=]  
Epoch 523: 100%|██████████| 47/47 [00:02<00:00, 18.31it/s, loss=0.0574, v_num=]
Epoch 523:   0%|          | 0/47 [00:00<?, ?it/s, loss=0.0574, v_num=]         
Epoch 524:   0%|          | 0/47 [00:00<?, ?it/s, loss=0.0574, v_num=]/usr/local/lib/python3.13/dist-packages/torch/utils/data/dataloader.py:432: UserWarning: This DataLoader will create 6 worker processes in total. Our suggested max number of worker in current system is 2, which is smaller than what this DataLoader is going to create. Please be aware that excessive worker creation might get DataLoader running slow or even freeze, lower the worker number to avoid potential slowness/freeze if necessary.
  self.check_worker_number_rationality()

Epoch 524:  43%|████▎     | 20/47 [00:01<00:01, 16.84it/s, loss=0.0574, v_num=]
Epoch 524:  43%|████▎     | 20/47 [00:01<00:01, 16.83it/s, loss=0.0557, v_num=]
Epoch 524:  85%|████████▌ | 40/47 [00:02<00:00, 18.11it/s, loss=0.0557, v_num=]
Epoch 524:  85%|████████▌ | 40/47 [00:02<00:00, 18.11it/s, loss=0.0571, v_num=]
Epoch 524: 100%|██████████| 47/47 [00:02<00:00, 17.78it/s, loss=0.0567, v_num=]
Epoch 524:   0%|          | 0/47 [00:00<?, ?it/s, loss=0.0567, v_num=]         
Epoch 525:   0%|          | 0/47 [00:00<?, ?it/s, loss=0.0567, v_num=]/usr/local/lib/python3.13/dist-packages/torch/utils/data/dataloader.py:432: UserWarning: This DataLoader will create 6 worker processes in total. Our suggested max number of worker in current system is 2, which is smaller than what this DataLoader is going to create. Please be aware that excessive worker creation might get DataLoader running slow or even freeze, lower the worker number to avoid potential slowness/freeze if necessary.
  self.check_worker_number_rationality()

Epoch 525:  43%|████▎     | 20/47 [00:01<00:01, 16.97it/s, loss=0.0567, v_num=]
Epoch 525:  43%|████▎     | 20/47 [00:01<00:01, 16.95it/s, loss=0.0514, v_num=]
Epoch 525:  85%|████████▌ | 40/47 [00:02<00:00, 17.97it/s, loss=0.0514, v_num=]
Epoch 525:  85%|████████▌ | 40/47 [00:02<00:00, 17.97it/s, loss=0.0595, v_num=]
Epoch 525: 100%|██████████| 47/47 [00:02<00:00, 16.56it/s, loss=0.0583, v_num=]Evaluating...
NMI : 0.8659845050393649, ARI: 0.6854612114852427, ACC: 0.63833, current K: 13

Epoch 525:   0%|          | 0/47 [00:00<?, ?it/s, loss=0.0583, v_num=]         
Epoch 526:   0%|          | 0/47 [00:00<?, ?it/s, loss=0.0583, v_num=]/usr/local/lib/python3.13/dist-packages/torch/utils/data/dataloader.py:432: UserWarning: This DataLoader will create 6 worker processes in total. Our suggested max number of worker in current system is 2, which is smaller than what this DataLoader is going to create. Please be aware that excessive worker creation might get DataLoader running slow or even freeze, lower the worker number to avoid potential slowness/freeze if necessary.
  self.check_worker_number_rationality()

Epoch 526:  43%|████▎     | 20/47 [00:01<00:02, 12.24it/s, loss=0.0583, v_num=]
Epoch 526:  43%|████▎     | 20/47 [00:01<00:02, 12.24it/s, loss=0.0577, v_num=]
Epoch 526:  85%|████████▌ | 40/47 [00:02<00:00, 15.65it/s, loss=0.0577, v_num=]
Epoch 526:  85%|████████▌ | 40/47 [00:02<00:00, 15.65it/s, loss=0.058, v_num=] 
Epoch 526: 100%|██████████| 47/47 [00:03<00:00, 15.65it/s, loss=0.0557, v_num=]
Epoch 526:   0%|          | 0/47 [00:00<?, ?it/s, loss=0.0557, v_num=]         
Epoch 527:   0%|          | 0/47 [00:00<?, ?it/s, loss=0.0557, v_num=]/usr/local/lib/python3.13/dist-packages/torch/utils/data/dataloader.py:432: UserWarning: This DataLoader will create 6 worker processes in total. Our suggested max number of worker in current system is 2, which is smaller than what this DataLoader is going to create. Please be aware that excessive worker creation might get DataLoader running slow or even freeze, lower the worker number to avoid potential slowness/freeze if necessary.
  self.check_worker_number_rationality()

Epoch 527:  43%|████▎     | 20/47 [00:01<00:01, 16.44it/s, loss=0.0557, v_num=]
Epoch 527:  43%|████▎     | 20/47 [00:01<00:01, 16.43it/s, loss=0.0576, v_num=]
Epoch 527:  85%|████████▌ | 40/47 [00:02<00:00, 18.73it/s, loss=0.0576, v_num=]
Epoch 527:  85%|████████▌ | 40/47 [00:02<00:00, 18.73it/s, loss=0.0554, v_num=]
Epoch 527: 100%|██████████| 47/47 [00:02<00:00, 18.25it/s, loss=0.0576, v_num=]
Epoch 527:   0%|          | 0/47 [00:00<?, ?it/s, loss=0.0576, v_num=]         
Epoch 528:   0%|          | 0/47 [00:00<?, ?it/s, loss=0.0576, v_num=]/usr/local/lib/python3.13/dist-packages/torch/utils/data/dataloader.py:432: UserWarning: This DataLoader will create 6 worker processes in total. Our suggested max number of worker in current system is 2, which is smaller than what this DataLoader is going to create. Please be aware that excessive worker creation might get DataLoader running slow or even freeze, lower the worker number to avoid potential slowness/freeze if necessary.
  self.check_worker_number_rationality()

Epoch 528:  43%|████▎     | 20/47 [00:01<00:01, 17.09it/s, loss=0.0576, v_num=]
Epoch 528:  43%|████▎     | 20/47 [00:01<00:01, 17.08it/s, loss=0.055, v_num=] 
Epoch 528:  85%|████████▌ | 40/47 [00:02<00:00, 19.20it/s, loss=0.055, v_num=]
Epoch 528:  85%|████████▌ | 40/47 [00:02<00:00, 19.19it/s, loss=0.0549, v_num=]
Epoch 528: 100%|██████████| 47/47 [00:02<00:00, 18.73it/s, loss=0.0565, v_num=]
Epoch 528:   0%|          | 0/47 [00:00<?, ?it/s, loss=0.0565, v_num=]         
Epoch 529:   0%|          | 0/47 [00:00<?, ?it/s, loss=0.0565, v_num=]/usr/local/lib/python3.13/dist-packages/torch/utils/data/dataloader.py:432: UserWarning: This DataLoader will create 6 worker processes in total. Our suggested max number of worker in current system is 2, which is smaller than what this DataLoader is going to create. Please be aware that excessive worker creation might get DataLoader running slow or even freeze, lower the worker number to avoid potential slowness/freeze if necessary.
  self.check_worker_number_rationality()

Epoch 529:  43%|████▎     | 20/47 [00:01<00:01, 16.86it/s, loss=0.0565, v_num=]
Epoch 529:  43%|████▎     | 20/47 [00:01<00:01, 16.85it/s, loss=0.0552, v_num=]
Epoch 529:  85%|████████▌ | 40/47 [00:02<00:00, 19.02it/s, loss=0.0552, v_num=]
Epoch 529:  85%|████████▌ | 40/47 [00:02<00:00, 19.02it/s, loss=0.057, v_num=] 
Epoch 529: 100%|██████████| 47/47 [00:02<00:00, 18.39it/s, loss=0.057, v_num=]
Epoch 529:   0%|          | 0/47 [00:00<?, ?it/s, loss=0.057, v_num=]         
Epoch 530:   0%|          | 0/47 [00:00<?, ?it/s, loss=0.057, v_num=]/usr/local/lib/python3.13/dist-packages/torch/utils/data/dataloader.py:432: UserWarning: This DataLoader will create 6 worker processes in total. Our suggested max number of worker in current system is 2, which is smaller than what this DataLoader is going to create. Please be aware that excessive worker creation might get DataLoader running slow or even freeze, lower the worker number to avoid potential slowness/freeze if necessary.
  self.check_worker_number_rationality()

Epoch 530:  43%|████▎     | 20/47 [00:01<00:01, 14.49it/s, loss=0.057, v_num=]
Epoch 530:  43%|████▎     | 20/47 [00:01<00:01, 14.48it/s, loss=0.0551, v_num=]
Epoch 530:  85%|████████▌ | 40/47 [00:02<00:00, 15.60it/s, loss=0.0551, v_num=]
Epoch 530:  85%|████████▌ | 40/47 [00:02<00:00, 15.60it/s, loss=0.0548, v_num=]
Epoch 530: 100%|██████████| 47/47 [00:03<00:00, 14.71it/s, loss=0.0576, v_num=]Evaluating...
NMI : 0.8650048468117203, ARI: 0.6844360724618475, ACC: 0.63783, current K: 13
Epoch 530 | NMI: 0.8650, ARI: 0.6844, ACC: 0.6378, current K: 13
Confusion Matrix:
[[  0   1   0   0   0   1 297   1   0   0   0   0   0   0   0   0   0   0
    0   0]
 [  1   0   0   0 297   0   0   0   0   2   0   0   0   0   0   0   0   0
    0   0]
 [  0   2   0   0   0 297   0   1   0   0   0   0   0   0   0   0   0   0
    0   0]
 [  3   0   0 293   0   0   0   0   3   0   0   1   0   0   0   0   0   0
    0   0]
 [  6   0 292   0   0   0   0   1   0   0   1   0   0   0   0   0   0   0
    0   0]
 [  3   0   4   0   0   0   0   0   0   3   0   6 284   0   0   0   0   0
    0   0]
 [  0   0 295   0   0   0   0   1   0   0   0   3   1   0   0   0   0   0
    0   0]
 [  3   0   3   0   0   0   0   0   0   0   0 293   1   0   0   0   0   0
    0   0]
 [  7 289   0   0   0   0   0   3   0   0   1   0   0   0   0   0   0   0
    0   0]
 [297   0   0   0   1   0   0   0   1   0   1   0   0   0   0   0   0   0
    0   0]
 [ 14 282   1   0   0   0   0   3   0   0   0   0   0   0   0   0   0   0
    0   0]
 [299   0   0   0   0   0   0   0   0   0   0   1   0   0   0   0   0   0
    0   0]
 [  1   0   1   0   0   0   0 287  10   0   1   0   0   0   0   0   0   0
    0   0]
 [  0   0   0   0   0   0   0   1 296   3   0   0   0   0   0   0   0   0
    0   0]
 [  0   0   1   0   0   0   0 295   1   0   3   0   0   0   0   0   0   0
    0   0]
 [  0   0   0   0   0   0   0   5 292   2   0   1   0   0   0   0   0   0
    0   0]
 [  1   0   1   0   0   0   1   2   0   6 289   0   0   0   0   0   0   0
    0   0]
 [  1   0   0   0   0   0   0   0   3 295   1   0   0   0   0   0   0   0
    0   0]
 [  0   0   0   0   0   0   0   2   0   1 297   0   0   0   0   0   0   0
    0   0]
 [  0   0   0   0   0   0   0   0   2 294   1   3   0   0   0   0   0   0
    0   0]]

Epoch 530:   0%|          | 0/47 [00:00<?, ?it/s, loss=0.0576, v_num=]         
Epoch 531:   0%|          | 0/47 [00:00<?, ?it/s, loss=0.0576, v_num=]/usr/local/lib/python3.13/dist-packages/torch/utils/data/dataloader.py:432: UserWarning: This DataLoader will create 6 worker processes in total. Our suggested max number of worker in current system is 2, which is smaller than what this DataLoader is going to create. Please be aware that excessive worker creation might get DataLoader running slow or even freeze, lower the worker number to avoid potential slowness/freeze if necessary.
  self.check_worker_number_rationality()

Epoch 531:  43%|████▎     | 20/47 [00:01<00:01, 15.07it/s, loss=0.0576, v_num=]
Epoch 531:  43%|████▎     | 20/47 [00:01<00:01, 15.06it/s, loss=0.0574, v_num=]
Epoch 531:  85%|████████▌ | 40/47 [00:02<00:00, 17.63it/s, loss=0.0574, v_num=]
Epoch 531:  85%|████████▌ | 40/47 [00:02<00:00, 17.62it/s, loss=0.0587, v_num=]
Epoch 531: 100%|██████████| 47/47 [00:02<00:00, 17.38it/s, loss=0.0562, v_num=]
Epoch 531:   0%|          | 0/47 [00:00<?, ?it/s, loss=0.0562, v_num=]         
Epoch 532:   0%|          | 0/47 [00:00<?, ?it/s, loss=0.0562, v_num=]/usr/local/lib/python3.13/dist-packages/torch/utils/data/dataloader.py:432: UserWarning: This DataLoader will create 6 worker processes in total. Our suggested max number of worker in current system is 2, which is smaller than what this DataLoader is going to create. Please be aware that excessive worker creation might get DataLoader running slow or even freeze, lower the worker number to avoid potential slowness/freeze if necessary.
  self.check_worker_number_rationality()

Epoch 532:  43%|████▎     | 20/47 [00:01<00:01, 16.81it/s, loss=0.0562, v_num=]
Epoch 532:  43%|████▎     | 20/47 [00:01<00:01, 16.80it/s, loss=0.056, v_num=] 
Epoch 532:  85%|████████▌ | 40/47 [00:02<00:00, 18.96it/s, loss=0.056, v_num=]
Epoch 532:  85%|████████▌ | 40/47 [00:02<00:00, 18.96it/s, loss=0.0547, v_num=]
Epoch 532: 100%|██████████| 47/47 [00:02<00:00, 18.50it/s, loss=0.0572, v_num=]
Epoch 532:   0%|          | 0/47 [00:00<?, ?it/s, loss=0.0572, v_num=]         
Epoch 533:   0%|          | 0/47 [00:00<?, ?it/s, loss=0.0572, v_num=]/usr/local/lib/python3.13/dist-packages/torch/utils/data/dataloader.py:432: UserWarning: This DataLoader will create 6 worker processes in total. Our suggested max number of worker in current system is 2, which is smaller than what this DataLoader is going to create. Please be aware that excessive worker creation might get DataLoader running slow or even freeze, lower the worker number to avoid potential slowness/freeze if necessary.
  self.check_worker_number_rationality()

Epoch 533:  43%|████▎     | 20/47 [00:01<00:01, 15.91it/s, loss=0.0572, v_num=]
Epoch 533:  43%|████▎     | 20/47 [00:01<00:01, 15.90it/s, loss=0.0558, v_num=]
Epoch 533:  85%|████████▌ | 40/47 [00:02<00:00, 18.27it/s, loss=0.0558, v_num=]
Epoch 533:  85%|████████▌ | 40/47 [00:02<00:00, 18.27it/s, loss=0.0558, v_num=]
Epoch 533: 100%|██████████| 47/47 [00:02<00:00, 17.96it/s, loss=0.0547, v_num=]
Epoch 533:   0%|          | 0/47 [00:00<?, ?it/s, loss=0.0547, v_num=]         
Epoch 534:   0%|          | 0/47 [00:00<?, ?it/s, loss=0.0547, v_num=]/usr/local/lib/python3.13/dist-packages/torch/utils/data/dataloader.py:432: UserWarning: This DataLoader will create 6 worker processes in total. Our suggested max number of worker in current system is 2, which is smaller than what this DataLoader is going to create. Please be aware that excessive worker creation might get DataLoader running slow or even freeze, lower the worker number to avoid potential slowness/freeze if necessary.
  self.check_worker_number_rationality()

Epoch 534:  43%|████▎     | 20/47 [00:01<00:01, 16.77it/s, loss=0.0547, v_num=]
Epoch 534:  43%|████▎     | 20/47 [00:01<00:01, 16.76it/s, loss=0.0562, v_num=]
Epoch 534:  85%|████████▌ | 40/47 [00:02<00:00, 18.87it/s, loss=0.0562, v_num=]
Epoch 534:  85%|████████▌ | 40/47 [00:02<00:00, 18.87it/s, loss=0.0556, v_num=]
Epoch 534: 100%|██████████| 47/47 [00:02<00:00, 17.75it/s, loss=0.0616, v_num=]
Epoch 534:   0%|          | 0/47 [00:00<?, ?it/s, loss=0.0616, v_num=]         
Epoch 535:   0%|          | 0/47 [00:00<?, ?it/s, loss=0.0616, v_num=]/usr/local/lib/python3.13/dist-packages/torch/utils/data/dataloader.py:432: UserWarning: This DataLoader will create 6 worker processes in total. Our suggested max number of worker in current system is 2, which is smaller than what this DataLoader is going to create. Please be aware that excessive worker creation might get DataLoader running slow or even freeze, lower the worker number to avoid potential slowness/freeze if necessary.
  self.check_worker_number_rationality()

Epoch 535:  43%|████▎     | 20/47 [00:01<00:02, 12.56it/s, loss=0.0616, v_num=]
Epoch 535:  43%|████▎     | 20/47 [00:01<00:02, 12.55it/s, loss=0.0586, v_num=]
Epoch 535:  85%|████████▌ | 40/47 [00:02<00:00, 14.36it/s, loss=0.0586, v_num=]
Epoch 535:  85%|████████▌ | 40/47 [00:02<00:00, 14.36it/s, loss=0.0603, v_num=]
Epoch 535: 100%|██████████| 47/47 [00:03<00:00, 14.64it/s, loss=0.0569, v_num=]Evaluating...
NMI : 0.8654494501267399, ARI: 0.6848543953485122, ACC: 0.638, current K: 13

Epoch 535:   0%|          | 0/47 [00:00<?, ?it/s, loss=0.0569, v_num=]         
Epoch 536:   0%|          | 0/47 [00:00<?, ?it/s, loss=0.0569, v_num=]/usr/local/lib/python3.13/dist-packages/torch/utils/data/dataloader.py:432: UserWarning: This DataLoader will create 6 worker processes in total. Our suggested max number of worker in current system is 2, which is smaller than what this DataLoader is going to create. Please be aware that excessive worker creation might get DataLoader running slow or even freeze, lower the worker number to avoid potential slowness/freeze if necessary.
  self.check_worker_number_rationality()

Epoch 536:  43%|████▎     | 20/47 [00:01<00:01, 16.84it/s, loss=0.0569, v_num=]
Epoch 536:  43%|████▎     | 20/47 [00:01<00:01, 16.83it/s, loss=0.0533, v_num=]
Epoch 536:  85%|████████▌ | 40/47 [00:02<00:00, 18.92it/s, loss=0.0533, v_num=]
Epoch 536:  85%|████████▌ | 40/47 [00:02<00:00, 18.92it/s, loss=0.0566, v_num=]
Epoch 536: 100%|██████████| 47/47 [00:02<00:00, 18.29it/s, loss=0.0566, v_num=]
Epoch 536:   0%|          | 0/47 [00:00<?, ?it/s, loss=0.0566, v_num=]         
Epoch 537:   0%|          | 0/47 [00:00<?, ?it/s, loss=0.0566, v_num=]/usr/local/lib/python3.13/dist-packages/torch/utils/data/dataloader.py:432: UserWarning: This DataLoader will create 6 worker processes in total. Our suggested max number of worker in current system is 2, which is smaller than what this DataLoader is going to create. Please be aware that excessive worker creation might get DataLoader running slow or even freeze, lower the worker number to avoid potential slowness/freeze if necessary.
  self.check_worker_number_rationality()

Epoch 537:  43%|████▎     | 20/47 [00:01<00:01, 17.12it/s, loss=0.0566, v_num=]
Epoch 537:  43%|████▎     | 20/47 [00:01<00:01, 17.11it/s, loss=0.0583, v_num=]
Epoch 537:  85%|████████▌ | 40/47 [00:02<00:00, 19.01it/s, loss=0.0583, v_num=]
Epoch 537:  85%|████████▌ | 40/47 [00:02<00:00, 19.01it/s, loss=0.0586, v_num=]
Epoch 537: 100%|██████████| 47/47 [00:02<00:00, 18.55it/s, loss=0.0582, v_num=]
Epoch 537:   0%|          | 0/47 [00:00<?, ?it/s, loss=0.0582, v_num=]         
Epoch 538:   0%|          | 0/47 [00:00<?, ?it/s, loss=0.0582, v_num=]/usr/local/lib/python3.13/dist-packages/torch/utils/data/dataloader.py:432: UserWarning: This DataLoader will create 6 worker processes in total. Our suggested max number of worker in current system is 2, which is smaller than what this DataLoader is going to create. Please be aware that excessive worker creation might get DataLoader running slow or even freeze, lower the worker number to avoid potential slowness/freeze if necessary.
  self.check_worker_number_rationality()

Epoch 538:  43%|████▎     | 20/47 [00:01<00:01, 16.56it/s, loss=0.0582, v_num=]
Epoch 538:  43%|████▎     | 20/47 [00:01<00:01, 16.55it/s, loss=0.0554, v_num=]
Epoch 538:  85%|████████▌ | 40/47 [00:02<00:00, 18.73it/s, loss=0.0554, v_num=]
Epoch 538:  85%|████████▌ | 40/47 [00:02<00:00, 18.73it/s, loss=0.0537, v_num=]
Epoch 538: 100%|██████████| 47/47 [00:02<00:00, 18.13it/s, loss=0.0549, v_num=]
Epoch 538:   0%|          | 0/47 [00:00<?, ?it/s, loss=0.0549, v_num=]         
Epoch 539:   0%|          | 0/47 [00:00<?, ?it/s, loss=0.0549, v_num=]/usr/local/lib/python3.13/dist-packages/torch/utils/data/dataloader.py:432: UserWarning: This DataLoader will create 6 worker processes in total. Our suggested max number of worker in current system is 2, which is smaller than what this DataLoader is going to create. Please be aware that excessive worker creation might get DataLoader running slow or even freeze, lower the worker number to avoid potential slowness/freeze if necessary.
  self.check_worker_number_rationality()

Epoch 539:  43%|████▎     | 20/47 [00:01<00:01, 16.75it/s, loss=0.0549, v_num=]
Epoch 539:  43%|████▎     | 20/47 [00:01<00:01, 16.75it/s, loss=0.0548, v_num=]
Epoch 539:  85%|████████▌ | 40/47 [00:02<00:00, 17.15it/s, loss=0.0548, v_num=]
Epoch 539:  85%|████████▌ | 40/47 [00:02<00:00, 17.15it/s, loss=0.0544, v_num=]
Epoch 539: 100%|██████████| 47/47 [00:02<00:00, 16.11it/s, loss=0.0587, v_num=]
Epoch 539:   0%|          | 0/47 [00:00<?, ?it/s, loss=0.0587, v_num=]         
Epoch 540:   0%|          | 0/47 [00:00<?, ?it/s, loss=0.0587, v_num=]/usr/local/lib/python3.13/dist-packages/torch/utils/data/dataloader.py:432: UserWarning: This DataLoader will create 6 worker processes in total. Our suggested max number of worker in current system is 2, which is smaller than what this DataLoader is going to create. Please be aware that excessive worker creation might get DataLoader running slow or even freeze, lower the worker number to avoid potential slowness/freeze if necessary.
  self.check_worker_number_rationality()

Epoch 540:  43%|████▎     | 20/47 [00:01<00:02, 12.79it/s, loss=0.0587, v_num=]
Epoch 540:  43%|████▎     | 20/47 [00:01<00:02, 12.79it/s, loss=0.0567, v_num=]
Epoch 540:  85%|████████▌ | 40/47 [00:02<00:00, 16.07it/s, loss=0.0567, v_num=]
Epoch 540:  85%|████████▌ | 40/47 [00:02<00:00, 16.07it/s, loss=0.0549, v_num=]
Epoch 540: 100%|██████████| 47/47 [00:02<00:00, 16.06it/s, loss=0.0551, v_num=]Evaluating...
NMI : 0.8650005064688469, ARI: 0.6843373782730071, ACC: 0.63783, current K: 13
Epoch 540 | NMI: 0.8650, ARI: 0.6843, ACC: 0.6378, current K: 13
Confusion Matrix:
[[  0   1   0   0   0   1 297   1   0   0   0   0   0   0   0   0   0   0
    0   0]
 [  1   0   0   0 297   0   0   0   0   2   0   0   0   0   0   0   0   0
    0   0]
 [  0   2   0   0   0 297   0   1   0   0   0   0   0   0   0   0   0   0
    0   0]
 [  3   0   0 293   0   0   0   0   3   0   0   1   0   0   0   0   0   0
    0   0]
 [  6   0 292   0   0   0   0   1   0   0   1   0   0   0   0   0   0   0
    0   0]
 [  4   0   4   0   0   0   0   0   0   3   0   6 283   0   0   0   0   0
    0   0]
 [  0   0 295   0   0   0   0   1   0   0   0   3   1   0   0   0   0   0
    0   0]
 [  3   0   3   0   0   0   0   0   0   0   0 293   1   0   0   0   0   0
    0   0]
 [  7 289   0   0   0   0   0   3   0   0   1   0   0   0   0   0   0   0
    0   0]
 [297   0   0   0   1   0   0   0   1   0   1   0   0   0   0   0   0   0
    0   0]
 [ 14 282   1   0   0   0   0   3   0   0   0   0   0   0   0   0   0   0
    0   0]
 [299   0   0   0   0   0   0   0   0   0   0   1   0   0   0   0   0   0
    0   0]
 [  1   0   1   0   0   0   0 287  10   0   1   0   0   0   0   0   0   0
    0   0]
 [  0   0   0   0   0   0   0   1 296   3   0   0   0   0   0   0   0   0
    0   0]
 [  0   0   1   0   0   0   0 294   2   0   3   0   0   0   0   0   0   0
    0   0]
 [  0   0   0   0   0   0   0   5 292   2   0   1   0   0   0   0   0   0
    0   0]
 [  1   0   1   0   0   0   1   2   0   6 289   0   0   0   0   0   0   0
    0   0]
 [  1   0   0   0   0   0   0   0   1 297   1   0   0   0   0   0   0   0
    0   0]
 [  0   0   0   0   0   0   0   2   0   1 297   0   0   0   0   0   0   0
    0   0]
 [  0   0   0   0   0   0   0   0   2 294   1   3   0   0   0   0   0   0
    0   0]]

Epoch 540:   0%|          | 0/47 [00:00<?, ?it/s, loss=0.0551, v_num=]         
Epoch 541:   0%|          | 0/47 [00:00<?, ?it/s, loss=0.0551, v_num=]/usr/local/lib/python3.13/dist-packages/torch/utils/data/dataloader.py:432: UserWarning: This DataLoader will create 6 worker processes in total. Our suggested max number of worker in current system is 2, which is smaller than what this DataLoader is going to create. Please be aware that excessive worker creation might get DataLoader running slow or even freeze, lower the worker number to avoid potential slowness/freeze if necessary.
  self.check_worker_number_rationality()

Epoch 541:  43%|████▎     | 20/47 [00:01<00:01, 16.43it/s, loss=0.0551, v_num=]
Epoch 541:  43%|████▎     | 20/47 [00:01<00:01, 16.42it/s, loss=0.0563, v_num=]
Epoch 541:  85%|████████▌ | 40/47 [00:02<00:00, 18.65it/s, loss=0.0563, v_num=]
Epoch 541:  85%|████████▌ | 40/47 [00:02<00:00, 18.65it/s, loss=0.055, v_num=] 
Epoch 541: 100%|██████████| 47/47 [00:02<00:00, 17.99it/s, loss=0.0582, v_num=]
Epoch 541:   0%|          | 0/47 [00:00<?, ?it/s, loss=0.0582, v_num=]         
Epoch 542:   0%|          | 0/47 [00:00<?, ?it/s, loss=0.0582, v_num=]/usr/local/lib/python3.13/dist-packages/torch/utils/data/dataloader.py:432: UserWarning: This DataLoader will create 6 worker processes in total. Our suggested max number of worker in current system is 2, which is smaller than what this DataLoader is going to create. Please be aware that excessive worker creation might get DataLoader running slow or even freeze, lower the worker number to avoid potential slowness/freeze if necessary.
  self.check_worker_number_rationality()

Epoch 542:  43%|████▎     | 20/47 [00:01<00:01, 16.64it/s, loss=0.0582, v_num=]
Epoch 542:  43%|████▎     | 20/47 [00:01<00:01, 16.63it/s, loss=0.0581, v_num=]
Epoch 542:  85%|████████▌ | 40/47 [00:02<00:00, 18.94it/s, loss=0.0581, v_num=]
Epoch 542:  85%|████████▌ | 40/47 [00:02<00:00, 18.94it/s, loss=0.0575, v_num=]
Epoch 542: 100%|██████████| 47/47 [00:02<00:00, 18.53it/s, loss=0.0566, v_num=]
Epoch 542:   0%|          | 0/47 [00:00<?, ?it/s, loss=0.0566, v_num=]         
Epoch 543:   0%|          | 0/47 [00:00<?, ?it/s, loss=0.0566, v_num=]/usr/local/lib/python3.13/dist-packages/torch/utils/data/dataloader.py:432: UserWarning: This DataLoader will create 6 worker processes in total. Our suggested max number of worker in current system is 2, which is smaller than what this DataLoader is going to create. Please be aware that excessive worker creation might get DataLoader running slow or even freeze, lower the worker number to avoid potential slowness/freeze if necessary.
  self.check_worker_number_rationality()

Epoch 543:  43%|████▎     | 20/47 [00:01<00:01, 16.74it/s, loss=0.0566, v_num=]
Epoch 543:  43%|████▎     | 20/47 [00:01<00:01, 16.73it/s, loss=0.0534, v_num=]
Epoch 543:  85%|████████▌ | 40/47 [00:02<00:00, 18.82it/s, loss=0.0534, v_num=]
Epoch 543:  85%|████████▌ | 40/47 [00:02<00:00, 18.82it/s, loss=0.0563, v_num=]
Epoch 543: 100%|██████████| 47/47 [00:02<00:00, 18.23it/s, loss=0.0537, v_num=]
Epoch 543:   0%|          | 0/47 [00:00<?, ?it/s, loss=0.0537, v_num=]         
Epoch 544:   0%|          | 0/47 [00:00<?, ?it/s, loss=0.0537, v_num=]/usr/local/lib/python3.13/dist-packages/torch/utils/data/dataloader.py:432: UserWarning: This DataLoader will create 6 worker processes in total. Our suggested max number of worker in current system is 2, which is smaller than what this DataLoader is going to create. Please be aware that excessive worker creation might get DataLoader running slow or even freeze, lower the worker number to avoid potential slowness/freeze if necessary.
  self.check_worker_number_rationality()

Epoch 544:  43%|████▎     | 20/47 [00:01<00:01, 14.27it/s, loss=0.0537, v_num=]
Epoch 544:  43%|████▎     | 20/47 [00:01<00:01, 14.27it/s, loss=0.0552, v_num=]
Epoch 544:  85%|████████▌ | 40/47 [00:02<00:00, 15.34it/s, loss=0.0552, v_num=]
Epoch 544:  85%|████████▌ | 40/47 [00:02<00:00, 15.34it/s, loss=0.0525, v_num=]
Epoch 544: 100%|██████████| 47/47 [00:03<00:00, 14.43it/s, loss=0.0545, v_num=]
Epoch 544:   0%|          | 0/47 [00:00<?, ?it/s, loss=0.0545, v_num=]         
Epoch 545:   0%|          | 0/47 [00:00<?, ?it/s, loss=0.0545, v_num=]/usr/local/lib/python3.13/dist-packages/torch/utils/data/dataloader.py:432: UserWarning: This DataLoader will create 6 worker processes in total. Our suggested max number of worker in current system is 2, which is smaller than what this DataLoader is going to create. Please be aware that excessive worker creation might get DataLoader running slow or even freeze, lower the worker number to avoid potential slowness/freeze if necessary.
  self.check_worker_number_rationality()

Epoch 545:  43%|████▎     | 20/47 [00:01<00:01, 17.09it/s, loss=0.0545, v_num=]
Epoch 545:  43%|████▎     | 20/47 [00:01<00:01, 17.08it/s, loss=0.0564, v_num=]
Epoch 545:  85%|████████▌ | 40/47 [00:02<00:00, 18.80it/s, loss=0.0564, v_num=]
Epoch 545:  85%|████████▌ | 40/47 [00:02<00:00, 18.80it/s, loss=0.0569, v_num=]
Epoch 545: 100%|██████████| 47/47 [00:02<00:00, 18.18it/s, loss=0.0578, v_num=]Evaluating...
NMI : 0.8649220418567757, ARI: 0.6844168576403186, ACC: 0.63767, current K: 13

Epoch 545:   0%|          | 0/47 [00:00<?, ?it/s, loss=0.0578, v_num=]         
Epoch 546:   0%|          | 0/47 [00:00<?, ?it/s, loss=0.0578, v_num=]/usr/local/lib/python3.13/dist-packages/torch/utils/data/dataloader.py:432: UserWarning: This DataLoader will create 6 worker processes in total. Our suggested max number of worker in current system is 2, which is smaller than what this DataLoader is going to create. Please be aware that excessive worker creation might get DataLoader running slow or even freeze, lower the worker number to avoid potential slowness/freeze if necessary.
  self.check_worker_number_rationality()

Epoch 546:  43%|████▎     | 20/47 [00:01<00:01, 16.64it/s, loss=0.0578, v_num=]
Epoch 546:  43%|████▎     | 20/47 [00:01<00:01, 16.63it/s, loss=0.0549, v_num=]
Epoch 546:  85%|████████▌ | 40/47 [00:02<00:00, 18.87it/s, loss=0.0549, v_num=]
Epoch 546:  85%|████████▌ | 40/47 [00:02<00:00, 18.87it/s, loss=0.0586, v_num=]
Epoch 546: 100%|██████████| 47/47 [00:02<00:00, 18.44it/s, loss=0.0545, v_num=]
Epoch 546:   0%|          | 0/47 [00:00<?, ?it/s, loss=0.0545, v_num=]         
Epoch 547:   0%|          | 0/47 [00:00<?, ?it/s, loss=0.0545, v_num=]/usr/local/lib/python3.13/dist-packages/torch/utils/data/dataloader.py:432: UserWarning: This DataLoader will create 6 worker processes in total. Our suggested max number of worker in current system is 2, which is smaller than what this DataLoader is going to create. Please be aware that excessive worker creation might get DataLoader running slow or even freeze, lower the worker number to avoid potential slowness/freeze if necessary.
  self.check_worker_number_rationality()

Epoch 547:  43%|████▎     | 20/47 [00:01<00:01, 16.66it/s, loss=0.0545, v_num=]
Epoch 547:  43%|████▎     | 20/47 [00:01<00:01, 16.65it/s, loss=0.0549, v_num=]
Epoch 547:  85%|████████▌ | 40/47 [00:02<00:00, 18.64it/s, loss=0.0549, v_num=]
Epoch 547:  85%|████████▌ | 40/47 [00:02<00:00, 18.64it/s, loss=0.0572, v_num=]
Epoch 547: 100%|██████████| 47/47 [00:02<00:00, 17.94it/s, loss=0.0548, v_num=]
Epoch 547:   0%|          | 0/47 [00:00<?, ?it/s, loss=0.0548, v_num=]         
Epoch 548:   0%|          | 0/47 [00:00<?, ?it/s, loss=0.0548, v_num=]/usr/local/lib/python3.13/dist-packages/torch/utils/data/dataloader.py:432: UserWarning: This DataLoader will create 6 worker processes in total. Our suggested max number of worker in current system is 2, which is smaller than what this DataLoader is going to create. Please be aware that excessive worker creation might get DataLoader running slow or even freeze, lower the worker number to avoid potential slowness/freeze if necessary.
  self.check_worker_number_rationality()

Epoch 548:  43%|████▎     | 20/47 [00:01<00:01, 14.94it/s, loss=0.0548, v_num=]
Epoch 548:  43%|████▎     | 20/47 [00:01<00:01, 14.93it/s, loss=0.0538, v_num=]
Epoch 548:  85%|████████▌ | 40/47 [00:02<00:00, 16.26it/s, loss=0.0538, v_num=]
Epoch 548:  85%|████████▌ | 40/47 [00:02<00:00, 16.26it/s, loss=0.0566, v_num=]
Epoch 548: 100%|██████████| 47/47 [00:03<00:00, 14.84it/s, loss=0.0582, v_num=]
Epoch 548:   0%|          | 0/47 [00:00<?, ?it/s, loss=0.0582, v_num=]         
Epoch 549:   0%|          | 0/47 [00:00<?, ?it/s, loss=0.0582, v_num=]/usr/local/lib/python3.13/dist-packages/torch/utils/data/dataloader.py:432: UserWarning: This DataLoader will create 6 worker processes in total. Our suggested max number of worker in current system is 2, which is smaller than what this DataLoader is going to create. Please be aware that excessive worker creation might get DataLoader running slow or even freeze, lower the worker number to avoid potential slowness/freeze if necessary.
  self.check_worker_number_rationality()

Epoch 549:  43%|████▎     | 20/47 [00:01<00:02, 11.03it/s, loss=0.0582, v_num=]
Epoch 549:  43%|████▎     | 20/47 [00:01<00:02, 11.03it/s, loss=0.0574, v_num=]
Epoch 549:  85%|████████▌ | 40/47 [00:02<00:00, 14.17it/s, loss=0.0574, v_num=]
Epoch 549:  85%|████████▌ | 40/47 [00:02<00:00, 14.17it/s, loss=0.0565, v_num=]
Epoch 549: 100%|██████████| 47/47 [00:03<00:00, 14.37it/s, loss=0.0576, v_num=]
Epoch 549:   0%|          | 0/47 [00:00<?, ?it/s, loss=0.0576, v_num=]         
Epoch 550:   0%|          | 0/47 [00:00<?, ?it/s, loss=0.0576, v_num=]/usr/local/lib/python3.13/dist-packages/torch/utils/data/dataloader.py:432: UserWarning: This DataLoader will create 6 worker processes in total. Our suggested max number of worker in current system is 2, which is smaller than what this DataLoader is going to create. Please be aware that excessive worker creation might get DataLoader running slow or even freeze, lower the worker number to avoid potential slowness/freeze if necessary.
  self.check_worker_number_rationality()

Epoch 550:  43%|████▎     | 20/47 [00:01<00:01, 16.83it/s, loss=0.0576, v_num=]
Epoch 550:  43%|████▎     | 20/47 [00:01<00:01, 16.82it/s, loss=0.0556, v_num=]
Epoch 550:  85%|████████▌ | 40/47 [00:02<00:00, 18.43it/s, loss=0.0556, v_num=]
Epoch 550:  85%|████████▌ | 40/47 [00:02<00:00, 18.43it/s, loss=0.0551, v_num=]
Epoch 550: 100%|██████████| 47/47 [00:02<00:00, 18.00it/s, loss=0.0552, v_num=]Evaluating...
NMI : 0.8659823336532423, ARI: 0.6854489393804717, ACC: 0.63833, current K: 13
Epoch 550 | NMI: 0.8660, ARI: 0.6854, ACC: 0.6383, current K: 13
Confusion Matrix:
[[  0   1   0   0   0   1 297   1   0   0   0   0   0   0   0   0   0   0
    0   0]
 [  1   0   0   0 297   0   0   0   0   2   0   0   0   0   0   0   0   0
    0   0]
 [  0   2   0   0   0 297   0   1   0   0   0   0   0   0   0   0   0   0
    0   0]
 [  3   0   0 293   0   0   0   0   3   0   0   1   0   0   0   0   0   0
    0   0]
 [  6   0 292   0   0   0   0   1   0   0   1   0   0   0   0   0   0   0
    0   0]
 [  3   0   4   0   0   0   0   0   0   3   0   5 285   0   0   0   0   0
    0   0]
 [  0   0 295   0   0   0   0   1   0   0   0   3   1   0   0   0   0   0
    0   0]
 [  3   0   3   0   0   0   0   0   0   0   0 293   1   0   0   0   0   0
    0   0]
 [  7 289   0   0   0   0   0   3   0   0   1   0   0   0   0   0   0   0
    0   0]
 [297   0   0   0   1   0   0   0   1   0   1   0   0   0   0   0   0   0
    0   0]
 [ 14 282   1   0   0   0   0   3   0   0   0   0   0   0   0   0   0   0
    0   0]
 [299   0   0   0   0   0   0   0   0   0   0   1   0   0   0   0   0   0
    0   0]
 [  1   0   1   0   0   0   0 287  10   0   1   0   0   0   0   0   0   0
    0   0]
 [  0   0   0   0   0   0   0   1 296   3   0   0   0   0   0   0   0   0
    0   0]
 [  1   0   0   0   0   0   0 295   1   0   3   0   0   0   0   0   0   0
    0   0]
 [  0   0   0   0   0   0   0   5 292   2   0   1   0   0   0   0   0   0
    0   0]
 [  1   0   1   0   0   0   1   2   0   5 290   0   0   0   0   0   0   0
    0   0]
 [  1   0   0   0   0   0   0   0   1 297   1   0   0   0   0   0   0   0
    0   0]
 [  0   0   0   0   0   0   0   2   0   1 297   0   0   0   0   0   0   0
    0   0]
 [  0   0   0   0   0   0   0   0   2 294   1   2   1   0   0   0   0   0
    0   0]]

Epoch 550:   0%|          | 0/47 [00:00<?, ?it/s, loss=0.0552, v_num=]         
Epoch 551:   0%|          | 0/47 [00:00<?, ?it/s, loss=0.0552, v_num=]/usr/local/lib/python3.13/dist-packages/torch/utils/data/dataloader.py:432: UserWarning: This DataLoader will create 6 worker processes in total. Our suggested max number of worker in current system is 2, which is smaller than what this DataLoader is going to create. Please be aware that excessive worker creation might get DataLoader running slow or even freeze, lower the worker number to avoid potential slowness/freeze if necessary.
  self.check_worker_number_rationality()

Epoch 551:  43%|████▎     | 20/47 [00:01<00:01, 16.50it/s, loss=0.0552, v_num=]
Epoch 551:  43%|████▎     | 20/47 [00:01<00:01, 16.49it/s, loss=0.0607, v_num=]
Epoch 551:  85%|████████▌ | 40/47 [00:02<00:00, 18.51it/s, loss=0.0607, v_num=]
Epoch 551:  85%|████████▌ | 40/47 [00:02<00:00, 18.50it/s, loss=0.0535, v_num=]
Epoch 551: 100%|██████████| 47/47 [00:02<00:00, 18.14it/s, loss=0.0523, v_num=]
Epoch 551:   0%|          | 0/47 [00:00<?, ?it/s, loss=0.0523, v_num=]         
Epoch 552:   0%|          | 0/47 [00:00<?, ?it/s, loss=0.0523, v_num=]/usr/local/lib/python3.13/dist-packages/torch/utils/data/dataloader.py:432: UserWarning: This DataLoader will create 6 worker processes in total. Our suggested max number of worker in current system is 2, which is smaller than what this DataLoader is going to create. Please be aware that excessive worker creation might get DataLoader running slow or even freeze, lower the worker number to avoid potential slowness/freeze if necessary.
  self.check_worker_number_rationality()

Epoch 552:  43%|████▎     | 20/47 [00:01<00:01, 16.59it/s, loss=0.0523, v_num=]
Epoch 552:  43%|████▎     | 20/47 [00:01<00:01, 16.58it/s, loss=0.0551, v_num=]
Epoch 552:  85%|████████▌ | 40/47 [00:02<00:00, 17.80it/s, loss=0.0551, v_num=]
Epoch 552:  85%|████████▌ | 40/47 [00:02<00:00, 17.80it/s, loss=0.0555, v_num=]
Epoch 552: 100%|██████████| 47/47 [00:02<00:00, 17.17it/s, loss=0.0554, v_num=]
Epoch 552:   0%|          | 0/47 [00:00<?, ?it/s, loss=0.0554, v_num=]         
Epoch 553:   0%|          | 0/47 [00:00<?, ?it/s, loss=0.0554, v_num=]/usr/local/lib/python3.13/dist-packages/torch/utils/data/dataloader.py:432: UserWarning: This DataLoader will create 6 worker processes in total. Our suggested max number of worker in current system is 2, which is smaller than what this DataLoader is going to create. Please be aware that excessive worker creation might get DataLoader running slow or even freeze, lower the worker number to avoid potential slowness/freeze if necessary.
  self.check_worker_number_rationality()

Epoch 553:  43%|████▎     | 20/47 [00:01<00:02, 13.16it/s, loss=0.0554, v_num=]
Epoch 553:  43%|████▎     | 20/47 [00:01<00:02, 13.15it/s, loss=0.0566, v_num=]
Epoch 553:  85%|████████▌ | 40/47 [00:02<00:00, 14.20it/s, loss=0.0566, v_num=]
Epoch 553:  85%|████████▌ | 40/47 [00:02<00:00, 14.19it/s, loss=0.0525, v_num=]
Epoch 553: 100%|██████████| 47/47 [00:03<00:00, 13.61it/s, loss=0.0541, v_num=]
Epoch 553:   0%|          | 0/47 [00:00<?, ?it/s, loss=0.0541, v_num=]         
Epoch 554:   0%|          | 0/47 [00:00<?, ?it/s, loss=0.0541, v_num=]/usr/local/lib/python3.13/dist-packages/torch/utils/data/dataloader.py:432: UserWarning: This DataLoader will create 6 worker processes in total. Our suggested max number of worker in current system is 2, which is smaller than what this DataLoader is going to create. Please be aware that excessive worker creation might get DataLoader running slow or even freeze, lower the worker number to avoid potential slowness/freeze if necessary.
  self.check_worker_number_rationality()

Epoch 554:  43%|████▎     | 20/47 [00:01<00:01, 15.05it/s, loss=0.0541, v_num=]
Epoch 554:  43%|████▎     | 20/47 [00:01<00:01, 15.04it/s, loss=0.0555, v_num=]
Epoch 554:  85%|████████▌ | 40/47 [00:02<00:00, 17.23it/s, loss=0.0555, v_num=]
Epoch 554:  85%|████████▌ | 40/47 [00:02<00:00, 17.23it/s, loss=0.0538, v_num=]
Epoch 554: 100%|██████████| 47/47 [00:02<00:00, 17.04it/s, loss=0.0555, v_num=]
Epoch 554:   0%|          | 0/47 [00:00<?, ?it/s, loss=0.0555, v_num=]         
Epoch 555:   0%|          | 0/47 [00:00<?, ?it/s, loss=0.0555, v_num=]/usr/local/lib/python3.13/dist-packages/torch/utils/data/dataloader.py:432: UserWarning: This DataLoader will create 6 worker processes in total. Our suggested max number of worker in current system is 2, which is smaller than what this DataLoader is going to create. Please be aware that excessive worker creation might get DataLoader running slow or even freeze, lower the worker number to avoid potential slowness/freeze if necessary.
  self.check_worker_number_rationality()

Epoch 555:  43%|████▎     | 20/47 [00:01<00:01, 17.12it/s, loss=0.0555, v_num=]
Epoch 555:  43%|████▎     | 20/47 [00:01<00:01, 17.11it/s, loss=0.0526, v_num=]
Epoch 555:  85%|████████▌ | 40/47 [00:02<00:00, 19.13it/s, loss=0.0526, v_num=]
Epoch 555:  85%|████████▌ | 40/47 [00:02<00:00, 19.12it/s, loss=0.0567, v_num=]
Epoch 555: 100%|██████████| 47/47 [00:02<00:00, 18.59it/s, loss=0.0557, v_num=]/content/DeepDPM-New/src/clustering_models/clusternet_modules/clusternetasmodel.py:682: UserWarning: To copy construct from a tensor, it is recommended to use sourceTensor.detach().clone() or sourceTensor.detach().clone().requires_grad_(True), rather than torch.tensor(sourceTensor).
  mus_ind_to_split = torch.nonzero(torch.tensor(split_decisions), as_tuple=False)
Splitting clusters [ 9 10]
Evaluating...
NMI : 0.865560328500503, ARI: 0.684836659395206, ACC: 0.638, current K: 13
[Split] K updated → 15 clusters
  [Epoch 555] losses at split → cluster_loss=0.0064, subcluster_loss=0.1058

Epoch 555:   0%|          | 0/47 [00:00<?, ?it/s, loss=0.0557, v_num=]         
Epoch 556:   0%|          | 0/47 [00:00<?, ?it/s, loss=0.0557, v_num=]/usr/local/lib/python3.13/dist-packages/torch/utils/data/dataloader.py:432: UserWarning: This DataLoader will create 6 worker processes in total. Our suggested max number of worker in current system is 2, which is smaller than what this DataLoader is going to create. Please be aware that excessive worker creation might get DataLoader running slow or even freeze, lower the worker number to avoid potential slowness/freeze if necessary.
  self.check_worker_number_rationality()

Epoch 556:  43%|████▎     | 20/47 [00:01<00:01, 14.85it/s, loss=0.0557, v_num=]
Epoch 556:  43%|████▎     | 20/47 [00:01<00:01, 14.84it/s, loss=0.139, v_num=] 
Epoch 556:  85%|████████▌ | 40/47 [00:02<00:00, 15.78it/s, loss=0.139, v_num=]
Epoch 556:  85%|████████▌ | 40/47 [00:02<00:00, 15.78it/s, loss=0.117, v_num=]
Epoch 556: 100%|██████████| 47/47 [00:03<00:00, 15.57it/s, loss=0.111, v_num=]
Epoch 556:   0%|          | 0/47 [00:00<?, ?it/s, loss=0.111, v_num=]         
Epoch 557:   0%|          | 0/47 [00:00<?, ?it/s, loss=0.111, v_num=]
Epoch 557:  43%|████▎     | 20/47 [00:01<00:01, 14.74it/s, loss=0.111, v_num=]
Epoch 557:  43%|████▎     | 20/47 [00:01<00:01, 14.73it/s, loss=0.0997, v_num=]
Epoch 557:  85%|████████▌ | 40/47 [00:02<00:00, 15.02it/s, loss=0.0997, v_num=]
Epoch 557:  85%|████████▌ | 40/47 [00:02<00:00, 15.01it/s, loss=0.0993, v_num=]
Epoch 557: 100%|██████████| 47/47 [00:03<00:00, 14.30it/s, loss=0.103, v_num=] 
Epoch 557:   0%|          | 0/47 [00:00<?, ?it/s, loss=0.103, v_num=]         
Epoch 558:   0%|          | 0/47 [00:00<?, ?it/s, loss=0.103, v_num=]
Epoch 558:  43%|████▎     | 20/47 [00:01<00:02, 12.39it/s, loss=0.103, v_num=]
Epoch 558:  43%|████▎     | 20/47 [00:01<00:02, 12.38it/s, loss=0.0955, v_num=]
Epoch 558:  85%|████████▌ | 40/47 [00:02<00:00, 15.09it/s, loss=0.0955, v_num=]
Epoch 558:  85%|████████▌ | 40/47 [00:02<00:00, 15.08it/s, loss=0.0913, v_num=]
Epoch 558: 100%|██████████| 47/47 [00:03<00:00, 15.08it/s, loss=0.0896, v_num=]
Epoch 558:   0%|          | 0/47 [00:00<?, ?it/s, loss=0.0896, v_num=]         
Epoch 559:   0%|          | 0/47 [00:00<?, ?it/s, loss=0.0896, v_num=]
Epoch 559:  43%|████▎     | 20/47 [00:01<00:01, 15.32it/s, loss=0.0896, v_num=]
Epoch 559:  43%|████▎     | 20/47 [00:01<00:01, 15.31it/s, loss=0.0899, v_num=]
Epoch 559:  85%|████████▌ | 40/47 [00:02<00:00, 17.13it/s, loss=0.0899, v_num=]
Epoch 559:  85%|████████▌ | 40/47 [00:02<00:00, 17.12it/s, loss=0.0796, v_num=]
Epoch 559: 100%|██████████| 47/47 [00:02<00:00, 16.69it/s, loss=0.0803, v_num=]
Epoch 559:   0%|          | 0/47 [00:00<?, ?it/s, loss=0.0803, v_num=]         
Epoch 560:   0%|          | 0/47 [00:00<?, ?it/s, loss=0.0803, v_num=]
Epoch 560:  43%|████▎     | 20/47 [00:01<00:01, 15.56it/s, loss=0.0803, v_num=]
Epoch 560:  43%|████▎     | 20/47 [00:01<00:01, 15.55it/s, loss=0.082, v_num=] 
Epoch 560:  85%|████████▌ | 40/47 [00:02<00:00, 17.15it/s, loss=0.082, v_num=]
Epoch 560:  85%|████████▌ | 40/47 [00:02<00:00, 17.15it/s, loss=0.0776, v_num=]
Epoch 560: 100%|██████████| 47/47 [00:02<00:00, 16.75it/s, loss=0.0758, v_num=]Evaluating...
NMI : 0.8856179120306434, ARI: 0.7385147239865699, ACC: 0.73083, current K: 15
Epoch 560 | NMI: 0.8856, ARI: 0.7385, ACC: 0.7308, current K: 15
Confusion Matrix:
[[  0   1   0   0   0   1 297   1   0   0   0   0   0   0   0   0   0   0
    0   0]
 [  1   0   0   0 297   0   0   0   0   0   0   0   2   0   0   0   0   0
    0   0]
 [  0   2   0   0   0 297   0   1   0   0   0   0   0   0   0   0   0   0
    0   0]
 [  3   0   0 293   0   0   0   0   3   1   0   0   0   0   0   0   0   0
    0   0]
 [  6   0 292   0   0   0   0   1   0   0   0   0   0   1   0   0   0   0
    0   0]
 [  4   0   4   0   0   0   0   0   0   6 282   1   3   0   0   0   0   0
    0   0]
 [  0   0 295   0   0   0   0   1   0   3   1   0   0   0   0   0   0   0
    0   0]
 [  3   0   3   0   0   0   0   0   0 294   0   0   0   0   0   0   0   0
    0   0]
 [  7 289   0   0   0   0   0   3   0   0   0   0   0   1   0   0   0   0
    0   0]
 [297   0   0   0   1   0   0   0   1   0   0   0   0   0   1   0   0   0
    0   0]
 [ 14 282   1   0   0   0   0   3   0   0   0   0   0   0   0   0   0   0
    0   0]
 [299   0   0   0   0   0   0   0   0   1   0   0   0   0   0   0   0   0
    0   0]
 [  1   0   1   0   0   0   0 287  10   0   0   0   0   0   1   0   0   0
    0   0]
 [  0   0   0   0   0   0   0   1 296   0   0   2   1   0   0   0   0   0
    0   0]
 [  1   0   0   0   0   0   0 294   2   0   0   0   0   3   0   0   0   0
    0   0]
 [  0   0   0   0   0   0   0   5 292   1   0   1   1   0   0   0   0   0
    0   0]
 [  1   0   1   0   0   0   1   2   0   0   0   4   1 280  10   0   0   0
    0   0]
 [  1   0   0   0   0   0   0   0   3   0   0   2 293   0   1   0   0   0
    0   0]
 [  0   0   0   0   0   0   0   2   0   0   0   0   1   2 295   0   0   0
    0   0]
 [  0   0   0   0   0   0   0   0   2   3   0 284  10   1   0   0   0   0
    0   0]]

Epoch 560:   0%|          | 0/47 [00:00<?, ?it/s, loss=0.0758, v_num=]         
Epoch 561:   0%|          | 0/47 [00:00<?, ?it/s, loss=0.0758, v_num=]/usr/local/lib/python3.13/dist-packages/torch/utils/data/dataloader.py:432: UserWarning: This DataLoader will create 6 worker processes in total. Our suggested max number of worker in current system is 2, which is smaller than what this DataLoader is going to create. Please be aware that excessive worker creation might get DataLoader running slow or even freeze, lower the worker number to avoid potential slowness/freeze if necessary.
  self.check_worker_number_rationality()

Epoch 561:  43%|████▎     | 20/47 [00:01<00:01, 14.15it/s, loss=0.0758, v_num=]
Epoch 561:  43%|████▎     | 20/47 [00:01<00:01, 14.14it/s, loss=0.0758, v_num=]
Epoch 561:  85%|████████▌ | 40/47 [00:02<00:00, 14.93it/s, loss=0.0758, v_num=]
Epoch 561:  85%|████████▌ | 40/47 [00:02<00:00, 14.93it/s, loss=0.0732, v_num=]
Epoch 561: 100%|██████████| 47/47 [00:03<00:00, 13.93it/s, loss=0.0711, v_num=]
Epoch 561:   0%|          | 0/47 [00:00<?, ?it/s, loss=0.0711, v_num=]         
Epoch 562:   0%|          | 0/47 [00:00<?, ?it/s, loss=0.0711, v_num=]/usr/local/lib/python3.13/dist-packages/torch/utils/data/dataloader.py:432: UserWarning: This DataLoader will create 6 worker processes in total. Our suggested max number of worker in current system is 2, which is smaller than what this DataLoader is going to create. Please be aware that excessive worker creation might get DataLoader running slow or even freeze, lower the worker number to avoid potential slowness/freeze if necessary.
  self.check_worker_number_rationality()

Epoch 562:  43%|████▎     | 20/47 [00:01<00:02, 10.41it/s, loss=0.0711, v_num=]
Epoch 562:  43%|████▎     | 20/47 [00:01<00:02, 10.40it/s, loss=0.0569, v_num=]
Epoch 562:  85%|████████▌ | 40/47 [00:02<00:00, 13.44it/s, loss=0.0569, v_num=]
Epoch 562:  85%|████████▌ | 40/47 [00:02<00:00, 13.43it/s, loss=0.0582, v_num=]
Epoch 562: 100%|██████████| 47/47 [00:03<00:00, 13.55it/s, loss=0.0561, v_num=]
Epoch 562:   0%|          | 0/47 [00:00<?, ?it/s, loss=0.0561, v_num=]         
Epoch 563:   0%|          | 0/47 [00:00<?, ?it/s, loss=0.0561, v_num=]/usr/local/lib/python3.13/dist-packages/torch/utils/data/dataloader.py:432: UserWarning: This DataLoader will create 6 worker processes in total. Our suggested max number of worker in current system is 2, which is smaller than what this DataLoader is going to create. Please be aware that excessive worker creation might get DataLoader running slow or even freeze, lower the worker number to avoid potential slowness/freeze if necessary.
  self.check_worker_number_rationality()

Epoch 563:  43%|████▎     | 20/47 [00:01<00:01, 15.15it/s, loss=0.0561, v_num=]
Epoch 563:  43%|████▎     | 20/47 [00:01<00:01, 15.14it/s, loss=0.0561, v_num=]
Epoch 563:  85%|████████▌ | 40/47 [00:02<00:00, 17.04it/s, loss=0.0561, v_num=]
Epoch 563:  85%|████████▌ | 40/47 [00:02<00:00, 17.03it/s, loss=0.0575, v_num=]
Epoch 563: 100%|██████████| 47/47 [00:02<00:00, 16.64it/s, loss=0.0622, v_num=]
Epoch 563:   0%|          | 0/47 [00:00<?, ?it/s, loss=0.0622, v_num=]         
Epoch 564:   0%|          | 0/47 [00:00<?, ?it/s, loss=0.0622, v_num=]/usr/local/lib/python3.13/dist-packages/torch/utils/data/dataloader.py:432: UserWarning: This DataLoader will create 6 worker processes in total. Our suggested max number of worker in current system is 2, which is smaller than what this DataLoader is going to create. Please be aware that excessive worker creation might get DataLoader running slow or even freeze, lower the worker number to avoid potential slowness/freeze if necessary.
  self.check_worker_number_rationality()

Epoch 564:  43%|████▎     | 20/47 [00:01<00:01, 13.95it/s, loss=0.0622, v_num=]
Epoch 564:  43%|████▎     | 20/47 [00:01<00:01, 13.94it/s, loss=0.0545, v_num=]
Epoch 564:  85%|████████▌ | 40/47 [00:02<00:00, 16.08it/s, loss=0.0545, v_num=]
Epoch 564:  85%|████████▌ | 40/47 [00:02<00:00, 16.07it/s, loss=0.0586, v_num=]
Epoch 564: 100%|██████████| 47/47 [00:02<00:00, 15.87it/s, loss=0.0622, v_num=]
Epoch 564:   0%|          | 0/47 [00:00<?, ?it/s, loss=0.0622, v_num=]         
Epoch 565:   0%|          | 0/47 [00:00<?, ?it/s, loss=0.0622, v_num=]/usr/local/lib/python3.13/dist-packages/torch/utils/data/dataloader.py:432: UserWarning: This DataLoader will create 6 worker processes in total. Our suggested max number of worker in current system is 2, which is smaller than what this DataLoader is going to create. Please be aware that excessive worker creation might get DataLoader running slow or even freeze, lower the worker number to avoid potential slowness/freeze if necessary.
  self.check_worker_number_rationality()

Epoch 565:  43%|████▎     | 20/47 [00:01<00:01, 15.08it/s, loss=0.0622, v_num=]
Epoch 565:  43%|████▎     | 20/47 [00:01<00:01, 15.07it/s, loss=0.0635, v_num=]
Epoch 565:  85%|████████▌ | 40/47 [00:02<00:00, 16.85it/s, loss=0.0635, v_num=]
Epoch 565:  85%|████████▌ | 40/47 [00:02<00:00, 16.85it/s, loss=0.0603, v_num=]
Epoch 565: 100%|██████████| 47/47 [00:03<00:00, 15.17it/s, loss=0.0584, v_num=]Evaluating...
NMI : 0.8838950278361146, ARI: 0.7361544134421361, ACC: 0.72933, current K: 15

Epoch 565:   0%|          | 0/47 [00:00<?, ?it/s, loss=0.0584, v_num=]         
Epoch 566:   0%|          | 0/47 [00:00<?, ?it/s, loss=0.0584, v_num=]/usr/local/lib/python3.13/dist-packages/torch/utils/data/dataloader.py:432: UserWarning: This DataLoader will create 6 worker processes in total. Our suggested max number of worker in current system is 2, which is smaller than what this DataLoader is going to create. Please be aware that excessive worker creation might get DataLoader running slow or even freeze, lower the worker number to avoid potential slowness/freeze if necessary.
  self.check_worker_number_rationality()

Epoch 566:  43%|████▎     | 20/47 [00:01<00:02, 10.82it/s, loss=0.0584, v_num=]
Epoch 566:  43%|████▎     | 20/47 [00:01<00:02, 10.82it/s, loss=0.0585, v_num=]
Epoch 566:  85%|████████▌ | 40/47 [00:02<00:00, 13.39it/s, loss=0.0585, v_num=]
Epoch 566:  85%|████████▌ | 40/47 [00:02<00:00, 13.38it/s, loss=0.0613, v_num=]
Epoch 566: 100%|██████████| 47/47 [00:03<00:00, 13.54it/s, loss=0.0598, v_num=]
Epoch 566:   0%|          | 0/47 [00:00<?, ?it/s, loss=0.0598, v_num=]         
Epoch 567:   0%|          | 0/47 [00:00<?, ?it/s, loss=0.0598, v_num=]/usr/local/lib/python3.13/dist-packages/torch/utils/data/dataloader.py:432: UserWarning: This DataLoader will create 6 worker processes in total. Our suggested max number of worker in current system is 2, which is smaller than what this DataLoader is going to create. Please be aware that excessive worker creation might get DataLoader running slow or even freeze, lower the worker number to avoid potential slowness/freeze if necessary.
  self.check_worker_number_rationality()

Epoch 567:  43%|████▎     | 20/47 [00:01<00:01, 15.55it/s, loss=0.0598, v_num=]
Epoch 567:  43%|████▎     | 20/47 [00:01<00:01, 15.54it/s, loss=0.0615, v_num=]
Epoch 567:  85%|████████▌ | 40/47 [00:02<00:00, 17.21it/s, loss=0.0615, v_num=]
Epoch 567:  85%|████████▌ | 40/47 [00:02<00:00, 17.21it/s, loss=0.0623, v_num=]
Epoch 567: 100%|██████████| 47/47 [00:02<00:00, 16.74it/s, loss=0.0583, v_num=]
Epoch 567:   0%|          | 0/47 [00:00<?, ?it/s, loss=0.0583, v_num=]         
Epoch 568:   0%|          | 0/47 [00:00<?, ?it/s, loss=0.0583, v_num=]/usr/local/lib/python3.13/dist-packages/torch/utils/data/dataloader.py:432: UserWarning: This DataLoader will create 6 worker processes in total. Our suggested max number of worker in current system is 2, which is smaller than what this DataLoader is going to create. Please be aware that excessive worker creation might get DataLoader running slow or even freeze, lower the worker number to avoid potential slowness/freeze if necessary.
  self.check_worker_number_rationality()

Epoch 568:  43%|████▎     | 20/47 [00:01<00:01, 14.96it/s, loss=0.0583, v_num=]
Epoch 568:  43%|████▎     | 20/47 [00:01<00:01, 14.95it/s, loss=0.0604, v_num=]
Epoch 568:  85%|████████▌ | 40/47 [00:02<00:00, 16.47it/s, loss=0.0604, v_num=]
Epoch 568:  85%|████████▌ | 40/47 [00:02<00:00, 16.46it/s, loss=0.0582, v_num=]
Epoch 568: 100%|██████████| 47/47 [00:02<00:00, 15.98it/s, loss=0.0559, v_num=]
Epoch 568:   0%|          | 0/47 [00:00<?, ?it/s, loss=0.0559, v_num=]         
Epoch 569:   0%|          | 0/47 [00:00<?, ?it/s, loss=0.0559, v_num=]/usr/local/lib/python3.13/dist-packages/torch/utils/data/dataloader.py:432: UserWarning: This DataLoader will create 6 worker processes in total. Our suggested max number of worker in current system is 2, which is smaller than what this DataLoader is going to create. Please be aware that excessive worker creation might get DataLoader running slow or even freeze, lower the worker number to avoid potential slowness/freeze if necessary.
  self.check_worker_number_rationality()

Epoch 569:  43%|████▎     | 20/47 [00:01<00:02, 13.36it/s, loss=0.0559, v_num=]
Epoch 569:  43%|████▎     | 20/47 [00:01<00:02, 13.36it/s, loss=0.0565, v_num=]
Epoch 569:  85%|████████▌ | 40/47 [00:02<00:00, 15.55it/s, loss=0.0565, v_num=]
Epoch 569:  85%|████████▌ | 40/47 [00:02<00:00, 15.55it/s, loss=0.0591, v_num=]
Epoch 569: 100%|██████████| 47/47 [00:03<00:00, 14.64it/s, loss=0.0577, v_num=]
Epoch 569:   0%|          | 0/47 [00:00<?, ?it/s, loss=0.0577, v_num=]         
Epoch 570:   0%|          | 0/47 [00:00<?, ?it/s, loss=0.0577, v_num=]/usr/local/lib/python3.13/dist-packages/torch/utils/data/dataloader.py:432: UserWarning: This DataLoader will create 6 worker processes in total. Our suggested max number of worker in current system is 2, which is smaller than what this DataLoader is going to create. Please be aware that excessive worker creation might get DataLoader running slow or even freeze, lower the worker number to avoid potential slowness/freeze if necessary.
  self.check_worker_number_rationality()

Epoch 570:  43%|████▎     | 20/47 [00:01<00:02, 11.24it/s, loss=0.0577, v_num=]
Epoch 570:  43%|████▎     | 20/47 [00:01<00:02, 11.24it/s, loss=0.0577, v_num=]
Epoch 570:  85%|████████▌ | 40/47 [00:03<00:00, 13.02it/s, loss=0.0577, v_num=]
Epoch 570:  85%|████████▌ | 40/47 [00:03<00:00, 13.01it/s, loss=0.06, v_num=]  
Epoch 570: 100%|██████████| 47/47 [00:03<00:00, 13.06it/s, loss=0.0595, v_num=]Evaluating...
NMI : 0.8847091360389262, ARI: 0.7369475019349084, ACC: 0.72983, current K: 15
Epoch 570 | NMI: 0.8847, ARI: 0.7369, ACC: 0.7298, current K: 15
Confusion Matrix:
[[  0   1   0   0   0   1 297   1   0   0   0   0   0   0   0   0   0   0
    0   0]
 [  1   0   0   0 297   0   0   0   0   0   0   0   2   0   0   0   0   0
    0   0]
 [  0   2   0   0   0 297   0   1   0   0   0   0   0   0   0   0   0   0
    0   0]
 [  3   0   0 293   0   0   0   0   3   1   0   0   0   0   0   0   0   0
    0   0]
 [  6   0 292   0   0   0   0   1   0   0   0   0   0   1   0   0   0   0
    0   0]
 [  6   0   4   0   0   0   0   0   0   6 278   1   5   0   0   0   0   0
    0   0]
 [  0   0 295   0   0   0   0   1   0   3   0   0   1   0   0   0   0   0
    0   0]
 [  3   0   3   0   0   0   0   0   0 294   0   0   0   0   0   0   0   0
    0   0]
 [  7 289   0   0   0   0   0   3   0   0   0   0   0   1   0   0   0   0
    0   0]
 [297   0   0   0   1   0   0   0   1   0   0   0   0   0   1   0   0   0
    0   0]
 [ 14 282   1   0   0   0   0   3   0   0   0   0   0   0   0   0   0   0
    0   0]
 [299   0   0   0   0   0   0   0   0   1   0   0   0   0   0   0   0   0
    0   0]
 [  1   0   1   0   0   0   0 287  10   0   0   0   0   0   1   0   0   0
    0   0]
 [  0   0   0   0   0   0   0   1 296   0   0   2   1   0   0   0   0   0
    0   0]
 [  1   0   0   0   0   0   0 295   1   0   0   0   0   1   2   0   0   0
    0   0]
 [  0   0   0   0   0   0   0   4 293   1   0   1   1   0   0   0   0   0
    0   0]
 [  1   0   1   0   0   0   1   2   0   0   0   4   1 275  15   0   0   0
    0   0]
 [  1   0   0   0   0   0   0   0   3   0   0   0 295   0   1   0   0   0
    0   0]
 [  0   0   0   0   0   0   0   2   0   0   0   0   1   3 294   0   0   0
    0   0]
 [  0   0   0   0   0   0   0   0   2   3   0 285   9   1   0   0   0   0
    0   0]]

Epoch 570:   0%|          | 0/47 [00:00<?, ?it/s, loss=0.0595, v_num=]         
Epoch 571:   0%|          | 0/47 [00:00<?, ?it/s, loss=0.0595, v_num=]/usr/local/lib/python3.13/dist-packages/torch/utils/data/dataloader.py:432: UserWarning: This DataLoader will create 6 worker processes in total. Our suggested max number of worker in current system is 2, which is smaller than what this DataLoader is going to create. Please be aware that excessive worker creation might get DataLoader running slow or even freeze, lower the worker number to avoid potential slowness/freeze if necessary.
  self.check_worker_number_rationality()

Epoch 571:  43%|████▎     | 20/47 [00:01<00:01, 14.80it/s, loss=0.0595, v_num=]
Epoch 571:  43%|████▎     | 20/47 [00:01<00:01, 14.79it/s, loss=0.0574, v_num=]
Epoch 571:  85%|████████▌ | 40/47 [00:02<00:00, 16.48it/s, loss=0.0574, v_num=]
Epoch 571:  85%|████████▌ | 40/47 [00:02<00:00, 16.48it/s, loss=0.0604, v_num=]
Epoch 571: 100%|██████████| 47/47 [00:02<00:00, 15.75it/s, loss=0.0599, v_num=]
Epoch 571:   0%|          | 0/47 [00:00<?, ?it/s, loss=0.0599, v_num=]         
Epoch 572:   0%|          | 0/47 [00:00<?, ?it/s, loss=0.0599, v_num=]/usr/local/lib/python3.13/dist-packages/torch/utils/data/dataloader.py:432: UserWarning: This DataLoader will create 6 worker processes in total. Our suggested max number of worker in current system is 2, which is smaller than what this DataLoader is going to create. Please be aware that excessive worker creation might get DataLoader running slow or even freeze, lower the worker number to avoid potential slowness/freeze if necessary.
  self.check_worker_number_rationality()

Epoch 572:  43%|████▎     | 20/47 [00:01<00:01, 14.25it/s, loss=0.0599, v_num=]
Epoch 572:  43%|████▎     | 20/47 [00:01<00:01, 14.24it/s, loss=0.0599, v_num=]
Epoch 572:  85%|████████▌ | 40/47 [00:02<00:00, 15.78it/s, loss=0.0599, v_num=]
Epoch 572:  85%|████████▌ | 40/47 [00:02<00:00, 15.78it/s, loss=0.0628, v_num=]
Epoch 572: 100%|██████████| 47/47 [00:03<00:00, 15.38it/s, loss=0.0591, v_num=]
Epoch 572:   0%|          | 0/47 [00:00<?, ?it/s, loss=0.0591, v_num=]         
Epoch 573:   0%|          | 0/47 [00:00<?, ?it/s, loss=0.0591, v_num=]/usr/local/lib/python3.13/dist-packages/torch/utils/data/dataloader.py:432: UserWarning: This DataLoader will create 6 worker processes in total. Our suggested max number of worker in current system is 2, which is smaller than what this DataLoader is going to create. Please be aware that excessive worker creation might get DataLoader running slow or even freeze, lower the worker number to avoid potential slowness/freeze if necessary.
  self.check_worker_number_rationality()

Epoch 573:  43%|████▎     | 20/47 [00:01<00:01, 14.55it/s, loss=0.0591, v_num=]
Epoch 573:  43%|████▎     | 20/47 [00:01<00:01, 14.54it/s, loss=0.0588, v_num=]
Epoch 573:  85%|████████▌ | 40/47 [00:02<00:00, 15.11it/s, loss=0.0588, v_num=]
Epoch 573:  85%|████████▌ | 40/47 [00:02<00:00, 15.11it/s, loss=0.0571, v_num=]
Epoch 573: 100%|██████████| 47/47 [00:03<00:00, 13.92it/s, loss=0.0585, v_num=]
Epoch 573:   0%|          | 0/47 [00:00<?, ?it/s, loss=0.0585, v_num=]         
Epoch 574:   0%|          | 0/47 [00:00<?, ?it/s, loss=0.0585, v_num=]/usr/local/lib/python3.13/dist-packages/torch/utils/data/dataloader.py:432: UserWarning: This DataLoader will create 6 worker processes in total. Our suggested max number of worker in current system is 2, which is smaller than what this DataLoader is going to create. Please be aware that excessive worker creation might get DataLoader running slow or even freeze, lower the worker number to avoid potential slowness/freeze if necessary.
  self.check_worker_number_rationality()

Epoch 574:  43%|████▎     | 20/47 [00:01<00:02, 10.38it/s, loss=0.0585, v_num=]
Epoch 574:  43%|████▎     | 20/47 [00:01<00:02, 10.38it/s, loss=0.0601, v_num=]
Epoch 574:  85%|████████▌ | 40/47 [00:03<00:00, 12.81it/s, loss=0.0601, v_num=]
Epoch 574:  85%|████████▌ | 40/47 [00:03<00:00, 12.81it/s, loss=0.0579, v_num=]
Epoch 574: 100%|██████████| 47/47 [00:03<00:00, 12.98it/s, loss=0.0606, v_num=]
Epoch 574:   0%|          | 0/47 [00:00<?, ?it/s, loss=0.0606, v_num=]         
Epoch 575:   0%|          | 0/47 [00:00<?, ?it/s, loss=0.0606, v_num=]/usr/local/lib/python3.13/dist-packages/torch/utils/data/dataloader.py:432: UserWarning: This DataLoader will create 6 worker processes in total. Our suggested max number of worker in current system is 2, which is smaller than what this DataLoader is going to create. Please be aware that excessive worker creation might get DataLoader running slow or even freeze, lower the worker number to avoid potential slowness/freeze if necessary.
  self.check_worker_number_rationality()

Epoch 575:  43%|████▎     | 20/47 [00:01<00:01, 13.81it/s, loss=0.0606, v_num=]
Epoch 575:  43%|████▎     | 20/47 [00:01<00:01, 13.81it/s, loss=0.0541, v_num=]
Epoch 575:  85%|████████▌ | 40/47 [00:02<00:00, 15.58it/s, loss=0.0541, v_num=]
Epoch 575:  85%|████████▌ | 40/47 [00:02<00:00, 15.57it/s, loss=0.0569, v_num=]
Epoch 575: 100%|██████████| 47/47 [00:03<00:00, 15.34it/s, loss=0.0555, v_num=]Evaluating...
NMI : 0.8860607969833324, ARI: 0.7386264722365943, ACC: 0.731, current K: 15

Epoch 575:   0%|          | 0/47 [00:00<?, ?it/s, loss=0.0555, v_num=]         
Epoch 576:   0%|          | 0/47 [00:00<?, ?it/s, loss=0.0555, v_num=]/usr/local/lib/python3.13/dist-packages/torch/utils/data/dataloader.py:432: UserWarning: This DataLoader will create 6 worker processes in total. Our suggested max number of worker in current system is 2, which is smaller than what this DataLoader is going to create. Please be aware that excessive worker creation might get DataLoader running slow or even freeze, lower the worker number to avoid potential slowness/freeze if necessary.
  self.check_worker_number_rationality()

Epoch 576:  43%|████▎     | 20/47 [00:01<00:01, 13.84it/s, loss=0.0555, v_num=]
Epoch 576:  43%|████▎     | 20/47 [00:01<00:01, 13.83it/s, loss=0.0592, v_num=]
Epoch 576:  85%|████████▌ | 40/47 [00:02<00:00, 15.73it/s, loss=0.0592, v_num=]
Epoch 576:  85%|████████▌ | 40/47 [00:02<00:00, 15.73it/s, loss=0.0584, v_num=]
Epoch 576: 100%|██████████| 47/47 [00:03<00:00, 15.47it/s, loss=0.059, v_num=] 
Epoch 576:   0%|          | 0/47 [00:00<?, ?it/s, loss=0.059, v_num=]         
Epoch 577:   0%|          | 0/47 [00:00<?, ?it/s, loss=0.059, v_num=]/usr/local/lib/python3.13/dist-packages/torch/utils/data/dataloader.py:432: UserWarning: This DataLoader will create 6 worker processes in total. Our suggested max number of worker in current system is 2, which is smaller than what this DataLoader is going to create. Please be aware that excessive worker creation might get DataLoader running slow or even freeze, lower the worker number to avoid potential slowness/freeze if necessary.
  self.check_worker_number_rationality()

Epoch 577:  43%|████▎     | 20/47 [00:01<00:01, 14.33it/s, loss=0.059, v_num=]
Epoch 577:  43%|████▎     | 20/47 [00:01<00:01, 14.33it/s, loss=0.0576, v_num=]
Epoch 577:  85%|████████▌ | 40/47 [00:02<00:00, 15.53it/s, loss=0.0576, v_num=]
Epoch 577:  85%|████████▌ | 40/47 [00:02<00:00, 15.53it/s, loss=0.0566, v_num=]
Epoch 577: 100%|██████████| 47/47 [00:03<00:00, 14.53it/s, loss=0.0586, v_num=]
Epoch 577:   0%|          | 0/47 [00:00<?, ?it/s, loss=0.0586, v_num=]         
Epoch 578:   0%|          | 0/47 [00:00<?, ?it/s, loss=0.0586, v_num=]/usr/local/lib/python3.13/dist-packages/torch/utils/data/dataloader.py:432: UserWarning: This DataLoader will create 6 worker processes in total. Our suggested max number of worker in current system is 2, which is smaller than what this DataLoader is going to create. Please be aware that excessive worker creation might get DataLoader running slow or even freeze, lower the worker number to avoid potential slowness/freeze if necessary.
  self.check_worker_number_rationality()

Epoch 578:  43%|████▎     | 20/47 [00:01<00:02, 10.03it/s, loss=0.0586, v_num=]
Epoch 578:  43%|████▎     | 20/47 [00:01<00:02, 10.02it/s, loss=0.0575, v_num=]
Epoch 578:  85%|████████▌ | 40/47 [00:03<00:00, 12.82it/s, loss=0.0575, v_num=]
Epoch 578:  85%|████████▌ | 40/47 [00:03<00:00, 12.81it/s, loss=0.057, v_num=] 
Epoch 578: 100%|██████████| 47/47 [00:03<00:00, 12.92it/s, loss=0.0582, v_num=]
Epoch 578:   0%|          | 0/47 [00:00<?, ?it/s, loss=0.0582, v_num=]         
Epoch 579:   0%|          | 0/47 [00:00<?, ?it/s, loss=0.0582, v_num=]/usr/local/lib/python3.13/dist-packages/torch/utils/data/dataloader.py:432: UserWarning: This DataLoader will create 6 worker processes in total. Our suggested max number of worker in current system is 2, which is smaller than what this DataLoader is going to create. Please be aware that excessive worker creation might get DataLoader running slow or even freeze, lower the worker number to avoid potential slowness/freeze if necessary.
  self.check_worker_number_rationality()

Epoch 579:  43%|████▎     | 20/47 [00:01<00:01, 14.67it/s, loss=0.0582, v_num=]
Epoch 579:  43%|████▎     | 20/47 [00:01<00:01, 14.67it/s, loss=0.0615, v_num=]
Epoch 579:  85%|████████▌ | 40/47 [00:02<00:00, 16.42it/s, loss=0.0615, v_num=]
Epoch 579:  85%|████████▌ | 40/47 [00:02<00:00, 16.42it/s, loss=0.0549, v_num=]
Epoch 579: 100%|██████████| 47/47 [00:02<00:00, 16.00it/s, loss=0.0574, v_num=]
Epoch 579:   0%|          | 0/47 [00:00<?, ?it/s, loss=0.0574, v_num=]         
Epoch 580:   0%|          | 0/47 [00:00<?, ?it/s, loss=0.0574, v_num=]/usr/local/lib/python3.13/dist-packages/torch/utils/data/dataloader.py:432: UserWarning: This DataLoader will create 6 worker processes in total. Our suggested max number of worker in current system is 2, which is smaller than what this DataLoader is going to create. Please be aware that excessive worker creation might get DataLoader running slow or even freeze, lower the worker number to avoid potential slowness/freeze if necessary.
  self.check_worker_number_rationality()

Epoch 580:  43%|████▎     | 20/47 [00:01<00:01, 14.50it/s, loss=0.0574, v_num=]
Epoch 580:  43%|████▎     | 20/47 [00:01<00:01, 14.50it/s, loss=0.0565, v_num=]
Epoch 580:  85%|████████▌ | 40/47 [00:02<00:00, 16.21it/s, loss=0.0565, v_num=]
Epoch 580:  85%|████████▌ | 40/47 [00:02<00:00, 16.21it/s, loss=0.0547, v_num=]
Epoch 580: 100%|██████████| 47/47 [00:02<00:00, 15.79it/s, loss=0.058, v_num=] Evaluating...
NMI : 0.8882298527412307, ARI: 0.7408944004605942, ACC: 0.7325, current K: 15
Epoch 580 | NMI: 0.8882, ARI: 0.7409, ACC: 0.7325, current K: 15
Confusion Matrix:
[[  0   1   0   0   0   1 297   1   0   0   0   0   0   0   0   0   0   0
    0   0]
 [  1   0   0   0 297   0   0   0   0   0   0   0   2   0   0   0   0   0
    0   0]
 [  0   2   0   0   0 297   0   1   0   0   0   0   0   0   0   0   0   0
    0   0]
 [  3   0   0 293   0   0   0   0   3   1   0   0   0   0   0   0   0   0
    0   0]
 [  6   0 292   0   0   0   0   1   0   0   0   0   0   1   0   0   0   0
    0   0]
 [  6   0   4   0   0   0   0   0   0   6 278   0   6   0   0   0   0   0
    0   0]
 [  0   0 295   0   0   0   0   1   0   3   0   0   1   0   0   0   0   0
    0   0]
 [  3   0   3   0   0   0   0   0   0 294   0   0   0   0   0   0   0   0
    0   0]
 [  7 289   0   0   0   0   0   3   0   0   0   0   0   1   0   0   0   0
    0   0]
 [297   0   0   0   1   0   0   0   1   0   0   0   0   1   0   0   0   0
    0   0]
 [ 14 282   1   0   0   0   0   3   0   0   0   0   0   0   0   0   0   0
    0   0]
 [299   0   0   0   0   0   0   0   0   1   0   0   0   0   0   0   0   0
    0   0]
 [  1   0   1   0   0   0   0 287  10   0   0   0   0   0   1   0   0   0
    0   0]
 [  0   0   0   0   0   0   0   1 296   0   0   2   1   0   0   0   0   0
    0   0]
 [  1   0   0   0   0   0   0 295   1   0   0   0   0   2   1   0   0   0
    0   0]
 [  0   0   0   0   0   0   0   6 291   1   0   1   1   0   0   0   0   0
    0   0]
 [  1   0   1   0   0   0   1   2   0   0   0   4   0 289   2   0   0   0
    0   0]
 [  1   0   0   0   0   0   0   0   1   0   0   0 297   0   1   0   0   0
    0   0]
 [  0   0   0   0   0   0   0   2   0   0   0   0   1   3 294   0   0   0
    0   0]
 [  0   0   0   0   0   0   0   0   2   3   0 285   9   1   0   0   0   0
    0   0]]

Epoch 580:   0%|          | 0/47 [00:00<?, ?it/s, loss=0.058, v_num=]         
Epoch 581:   0%|          | 0/47 [00:00<?, ?it/s, loss=0.058, v_num=]/usr/local/lib/python3.13/dist-packages/torch/utils/data/dataloader.py:432: UserWarning: This DataLoader will create 6 worker processes in total. Our suggested max number of worker in current system is 2, which is smaller than what this DataLoader is going to create. Please be aware that excessive worker creation might get DataLoader running slow or even freeze, lower the worker number to avoid potential slowness/freeze if necessary.
  self.check_worker_number_rationality()

Epoch 581:  43%|████▎     | 20/47 [00:01<00:01, 14.69it/s, loss=0.058, v_num=]
Epoch 581:  43%|████▎     | 20/47 [00:01<00:01, 14.69it/s, loss=0.0582, v_num=]
Epoch 581:  85%|████████▌ | 40/47 [00:02<00:00, 15.33it/s, loss=0.0582, v_num=]
Epoch 581:  85%|████████▌ | 40/47 [00:02<00:00, 15.32it/s, loss=0.0562, v_num=]
Epoch 581: 100%|██████████| 47/47 [00:03<00:00, 14.25it/s, loss=0.057, v_num=] 
Epoch 581:   0%|          | 0/47 [00:00<?, ?it/s, loss=0.057, v_num=]         
Epoch 582:   0%|          | 0/47 [00:00<?, ?it/s, loss=0.057, v_num=]/usr/local/lib/python3.13/dist-packages/torch/utils/data/dataloader.py:432: UserWarning: This DataLoader will create 6 worker processes in total. Our suggested max number of worker in current system is 2, which is smaller than what this DataLoader is going to create. Please be aware that excessive worker creation might get DataLoader running slow or even freeze, lower the worker number to avoid potential slowness/freeze if necessary.
  self.check_worker_number_rationality()

Epoch 582:  43%|████▎     | 20/47 [00:01<00:02, 10.49it/s, loss=0.057, v_num=]
Epoch 582:  43%|████▎     | 20/47 [00:01<00:02, 10.49it/s, loss=0.0576, v_num=]
Epoch 582:  85%|████████▌ | 40/47 [00:03<00:00, 13.04it/s, loss=0.0576, v_num=]
Epoch 582:  85%|████████▌ | 40/47 [00:03<00:00, 13.04it/s, loss=0.0563, v_num=]
Epoch 582: 100%|██████████| 47/47 [00:03<00:00, 13.24it/s, loss=0.054, v_num=] 
Epoch 582:   0%|          | 0/47 [00:00<?, ?it/s, loss=0.054, v_num=]         
Epoch 583:   0%|          | 0/47 [00:00<?, ?it/s, loss=0.054, v_num=]/usr/local/lib/python3.13/dist-packages/torch/utils/data/dataloader.py:432: UserWarning: This DataLoader will create 6 worker processes in total. Our suggested max number of worker in current system is 2, which is smaller than what this DataLoader is going to create. Please be aware that excessive worker creation might get DataLoader running slow or even freeze, lower the worker number to avoid potential slowness/freeze if necessary.
  self.check_worker_number_rationality()

Epoch 583:  43%|████▎     | 20/47 [00:01<00:01, 14.68it/s, loss=0.054, v_num=]
Epoch 583:  43%|████▎     | 20/47 [00:01<00:01, 14.67it/s, loss=0.0579, v_num=]
Epoch 583:  85%|████████▌ | 40/47 [00:02<00:00, 16.47it/s, loss=0.0579, v_num=]
Epoch 583:  85%|████████▌ | 40/47 [00:02<00:00, 16.47it/s, loss=0.0578, v_num=]
Epoch 583: 100%|██████████| 47/47 [00:02<00:00, 16.14it/s, loss=0.0573, v_num=]
Epoch 583:   0%|          | 0/47 [00:00<?, ?it/s, loss=0.0573, v_num=]         
Epoch 584:   0%|          | 0/47 [00:00<?, ?it/s, loss=0.0573, v_num=]/usr/local/lib/python3.13/dist-packages/torch/utils/data/dataloader.py:432: UserWarning: This DataLoader will create 6 worker processes in total. Our suggested max number of worker in current system is 2, which is smaller than what this DataLoader is going to create. Please be aware that excessive worker creation might get DataLoader running slow or even freeze, lower the worker number to avoid potential slowness/freeze if necessary.
  self.check_worker_number_rationality()

Epoch 584:  43%|████▎     | 20/47 [00:01<00:01, 14.83it/s, loss=0.0573, v_num=]
Epoch 584:  43%|████▎     | 20/47 [00:01<00:01, 14.82it/s, loss=0.0558, v_num=]
Epoch 584:  85%|████████▌ | 40/47 [00:02<00:00, 15.97it/s, loss=0.0558, v_num=]
Epoch 584:  85%|████████▌ | 40/47 [00:02<00:00, 15.96it/s, loss=0.0551, v_num=]
Epoch 584: 100%|██████████| 47/47 [00:03<00:00, 15.48it/s, loss=0.0583, v_num=]
Epoch 584:   0%|          | 0/47 [00:00<?, ?it/s, loss=0.0583, v_num=]         
Epoch 585:   0%|          | 0/47 [00:00<?, ?it/s, loss=0.0583, v_num=]/usr/local/lib/python3.13/dist-packages/torch/utils/data/dataloader.py:432: UserWarning: This DataLoader will create 6 worker processes in total. Our suggested max number of worker in current system is 2, which is smaller than what this DataLoader is going to create. Please be aware that excessive worker creation might get DataLoader running slow or even freeze, lower the worker number to avoid potential slowness/freeze if necessary.
  self.check_worker_number_rationality()

Epoch 585:  43%|████▎     | 20/47 [00:01<00:01, 14.85it/s, loss=0.0583, v_num=]
Epoch 585:  43%|████▎     | 20/47 [00:01<00:01, 14.84it/s, loss=0.0552, v_num=]
Epoch 585:  85%|████████▌ | 40/47 [00:02<00:00, 15.80it/s, loss=0.0552, v_num=]
Epoch 585:  85%|████████▌ | 40/47 [00:02<00:00, 15.80it/s, loss=0.0546, v_num=]
Epoch 585: 100%|██████████| 47/47 [00:03<00:00, 14.72it/s, loss=0.052, v_num=] Evaluating...
NMI : 0.8886394143787213, ARI: 0.7411708642768228, ACC: 0.73267, current K: 15

Epoch 585:   0%|          | 0/47 [00:00<?, ?it/s, loss=0.052, v_num=]         
Epoch 586:   0%|          | 0/47 [00:00<?, ?it/s, loss=0.052, v_num=]/usr/local/lib/python3.13/dist-packages/torch/utils/data/dataloader.py:432: UserWarning: This DataLoader will create 6 worker processes in total. Our suggested max number of worker in current system is 2, which is smaller than what this DataLoader is going to create. Please be aware that excessive worker creation might get DataLoader running slow or even freeze, lower the worker number to avoid potential slowness/freeze if necessary.
  self.check_worker_number_rationality()

Epoch 586:  43%|████▎     | 20/47 [00:01<00:02, 11.09it/s, loss=0.052, v_num=]
Epoch 586:  43%|████▎     | 20/47 [00:01<00:02, 11.08it/s, loss=0.0576, v_num=]
Epoch 586:  85%|████████▌ | 40/47 [00:02<00:00, 14.06it/s, loss=0.0576, v_num=]
Epoch 586:  85%|████████▌ | 40/47 [00:02<00:00, 14.06it/s, loss=0.0549, v_num=]
Epoch 586: 100%|██████████| 47/47 [00:03<00:00, 14.16it/s, loss=0.0567, v_num=]
Epoch 586:   0%|          | 0/47 [00:00<?, ?it/s, loss=0.0567, v_num=]         
Epoch 587:   0%|          | 0/47 [00:00<?, ?it/s, loss=0.0567, v_num=]/usr/local/lib/python3.13/dist-packages/torch/utils/data/dataloader.py:432: UserWarning: This DataLoader will create 6 worker processes in total. Our suggested max number of worker in current system is 2, which is smaller than what this DataLoader is going to create. Please be aware that excessive worker creation might get DataLoader running slow or even freeze, lower the worker number to avoid potential slowness/freeze if necessary.
  self.check_worker_number_rationality()

Epoch 587:  43%|████▎     | 20/47 [00:01<00:01, 15.05it/s, loss=0.0567, v_num=]
Epoch 587:  43%|████▎     | 20/47 [00:01<00:01, 15.05it/s, loss=0.0554, v_num=]
Epoch 587:  85%|████████▌ | 40/47 [00:02<00:00, 16.68it/s, loss=0.0554, v_num=]
Epoch 587:  85%|████████▌ | 40/47 [00:02<00:00, 16.68it/s, loss=0.0567, v_num=]
Epoch 587: 100%|██████████| 47/47 [00:02<00:00, 16.26it/s, loss=0.0573, v_num=]
Epoch 587:   0%|          | 0/47 [00:00<?, ?it/s, loss=0.0573, v_num=]         
Epoch 588:   0%|          | 0/47 [00:00<?, ?it/s, loss=0.0573, v_num=]/usr/local/lib/python3.13/dist-packages/torch/utils/data/dataloader.py:432: UserWarning: This DataLoader will create 6 worker processes in total. Our suggested max number of worker in current system is 2, which is smaller than what this DataLoader is going to create. Please be aware that excessive worker creation might get DataLoader running slow or even freeze, lower the worker number to avoid potential slowness/freeze if necessary.
  self.check_worker_number_rationality()

Epoch 588:  43%|████▎     | 20/47 [00:01<00:01, 14.96it/s, loss=0.0573, v_num=]
Epoch 588:  43%|████▎     | 20/47 [00:01<00:01, 14.96it/s, loss=0.0591, v_num=]
Epoch 588:  85%|████████▌ | 40/47 [00:02<00:00, 16.76it/s, loss=0.0591, v_num=]
Epoch 588:  85%|████████▌ | 40/47 [00:02<00:00, 16.76it/s, loss=0.0548, v_num=]
Epoch 588: 100%|██████████| 47/47 [00:02<00:00, 16.36it/s, loss=0.0547, v_num=]
Epoch 588:   0%|          | 0/47 [00:00<?, ?it/s, loss=0.0547, v_num=]         
Epoch 589:   0%|          | 0/47 [00:00<?, ?it/s, loss=0.0547, v_num=]/usr/local/lib/python3.13/dist-packages/torch/utils/data/dataloader.py:432: UserWarning: This DataLoader will create 6 worker processes in total. Our suggested max number of worker in current system is 2, which is smaller than what this DataLoader is going to create. Please be aware that excessive worker creation might get DataLoader running slow or even freeze, lower the worker number to avoid potential slowness/freeze if necessary.
  self.check_worker_number_rationality()

Epoch 589:  43%|████▎     | 20/47 [00:01<00:01, 15.17it/s, loss=0.0547, v_num=]
Epoch 589:  43%|████▎     | 20/47 [00:01<00:01, 15.17it/s, loss=0.0585, v_num=]
Epoch 589:  85%|████████▌ | 40/47 [00:02<00:00, 16.94it/s, loss=0.0585, v_num=]
Epoch 589:  85%|████████▌ | 40/47 [00:02<00:00, 16.94it/s, loss=0.0575, v_num=]
Epoch 589: 100%|██████████| 47/47 [00:03<00:00, 15.46it/s, loss=0.0529, v_num=]
Epoch 589:   0%|          | 0/47 [00:00<?, ?it/s, loss=0.0529, v_num=]         
Epoch 590:   0%|          | 0/47 [00:00<?, ?it/s, loss=0.0529, v_num=]/usr/local/lib/python3.13/dist-packages/torch/utils/data/dataloader.py:432: UserWarning: This DataLoader will create 6 worker processes in total. Our suggested max number of worker in current system is 2, which is smaller than what this DataLoader is going to create. Please be aware that excessive worker creation might get DataLoader running slow or even freeze, lower the worker number to avoid potential slowness/freeze if necessary.
  self.check_worker_number_rationality()

Epoch 590:  43%|████▎     | 20/47 [00:01<00:02, 11.22it/s, loss=0.0529, v_num=]
Epoch 590:  43%|████▎     | 20/47 [00:01<00:02, 11.22it/s, loss=0.0561, v_num=]
Epoch 590:  85%|████████▌ | 40/47 [00:02<00:00, 13.47it/s, loss=0.0561, v_num=]
Epoch 590:  85%|████████▌ | 40/47 [00:02<00:00, 13.47it/s, loss=0.0543, v_num=]
Epoch 590: 100%|██████████| 47/47 [00:03<00:00, 13.54it/s, loss=0.0556, v_num=]Evaluating...
NMI : 0.8885982828403968, ARI: 0.7409087788879808, ACC: 0.73233, current K: 15
Epoch 590 | NMI: 0.8886, ARI: 0.7409, ACC: 0.7323, current K: 15
Confusion Matrix:
[[  0   1   0   0   0   1 297   1   0   0   0   0   0   0   0   0   0   0
    0   0]
 [  1   0   0   0 297   0   0   0   0   0   0   0   2   0   0   0   0   0
    0   0]
 [  0   2   0   0   0 297   0   1   0   0   0   0   0   0   0   0   0   0
    0   0]
 [  3   0   0 293   0   0   0   0   3   1   0   0   0   0   0   0   0   0
    0   0]
 [  6   0 292   0   0   0   0   1   0   0   0   0   0   1   0   0   0   0
    0   0]
 [  6   0   4   0   0   0   0   0   0   7 277   0   6   0   0   0   0   0
    0   0]
 [  0   0 295   0   0   0   0   1   0   3   0   0   1   0   0   0   0   0
    0   0]
 [  3   0   3   0   0   0   0   0   0 294   0   0   0   0   0   0   0   0
    0   0]
 [  7 289   0   0   0   0   0   3   0   0   0   0   0   1   0   0   0   0
    0   0]
 [297   0   0   0   1   0   0   0   1   0   0   0   0   1   0   0   0   0
    0   0]
 [ 14 282   1   0   0   0   0   3   0   0   0   0   0   0   0   0   0   0
    0   0]
 [299   0   0   0   0   0   0   0   0   1   0   0   0   0   0   0   0   0
    0   0]
 [  1   0   1   0   0   0   0 287  10   0   0   0   0   0   1   0   0   0
    0   0]
 [  0   0   0   0   0   0   0   1 296   0   0   2   1   0   0   0   0   0
    0   0]
 [  1   0   0   0   0   0   0 295   1   0   0   0   0   3   0   0   0   0
    0   0]
 [  0   0   0   0   0   0   0   5 292   1   0   1   1   0   0   0   0   0
    0   0]
 [  1   0   1   0   0   0   1   2   0   0   0   4   0 291   0   0   0   0
    0   0]
 [  1   0   0   0   0   0   0   0   1   0   0   0 297   0   1   0   0   0
    0   0]
 [  0   0   0   0   0   0   0   2   0   0   0   0   0   4 294   0   0   0
    0   0]
 [  0   0   0   0   0   0   0   0   2   3   0 283   9   3   0   0   0   0
    0   0]]

Epoch 590:   0%|          | 0/47 [00:00<?, ?it/s, loss=0.0556, v_num=]         
Epoch 591:   0%|          | 0/47 [00:00<?, ?it/s, loss=0.0556, v_num=]/usr/local/lib/python3.13/dist-packages/torch/utils/data/dataloader.py:432: UserWarning: This DataLoader will create 6 worker processes in total. Our suggested max number of worker in current system is 2, which is smaller than what this DataLoader is going to create. Please be aware that excessive worker creation might get DataLoader running slow or even freeze, lower the worker number to avoid potential slowness/freeze if necessary.
  self.check_worker_number_rationality()

Epoch 591:  43%|████▎     | 20/47 [00:01<00:01, 14.82it/s, loss=0.0556, v_num=]
Epoch 591:  43%|████▎     | 20/47 [00:01<00:01, 14.81it/s, loss=0.0559, v_num=]
Epoch 591:  85%|████████▌ | 40/47 [00:02<00:00, 16.77it/s, loss=0.0559, v_num=]
Epoch 591:  85%|████████▌ | 40/47 [00:02<00:00, 16.77it/s, loss=0.0544, v_num=]
Epoch 591: 100%|██████████| 47/47 [00:02<00:00, 16.44it/s, loss=0.0559, v_num=]
Epoch 591:   0%|          | 0/47 [00:00<?, ?it/s, loss=0.0559, v_num=]         
Epoch 592:   0%|          | 0/47 [00:00<?, ?it/s, loss=0.0559, v_num=]/usr/local/lib/python3.13/dist-packages/torch/utils/data/dataloader.py:432: UserWarning: This DataLoader will create 6 worker processes in total. Our suggested max number of worker in current system is 2, which is smaller than what this DataLoader is going to create. Please be aware that excessive worker creation might get DataLoader running slow or even freeze, lower the worker number to avoid potential slowness/freeze if necessary.
  self.check_worker_number_rationality()

Epoch 592:  43%|████▎     | 20/47 [00:01<00:01, 15.33it/s, loss=0.0559, v_num=]
Epoch 592:  43%|████▎     | 20/47 [00:01<00:01, 15.32it/s, loss=0.0541, v_num=]
Epoch 592:  85%|████████▌ | 40/47 [00:02<00:00, 16.23it/s, loss=0.0541, v_num=]
Epoch 592:  85%|████████▌ | 40/47 [00:02<00:00, 16.22it/s, loss=0.0574, v_num=]
Epoch 592: 100%|██████████| 47/47 [00:02<00:00, 15.95it/s, loss=0.0582, v_num=]
Epoch 592:   0%|          | 0/47 [00:00<?, ?it/s, loss=0.0582, v_num=]         
Epoch 593:   0%|          | 0/47 [00:00<?, ?it/s, loss=0.0582, v_num=]/usr/local/lib/python3.13/dist-packages/torch/utils/data/dataloader.py:432: UserWarning: This DataLoader will create 6 worker processes in total. Our suggested max number of worker in current system is 2, which is smaller than what this DataLoader is going to create. Please be aware that excessive worker creation might get DataLoader running slow or even freeze, lower the worker number to avoid potential slowness/freeze if necessary.
  self.check_worker_number_rationality()

Epoch 593:  43%|████▎     | 20/47 [00:01<00:01, 15.52it/s, loss=0.0582, v_num=]
Epoch 593:  43%|████▎     | 20/47 [00:01<00:01, 15.51it/s, loss=0.0562, v_num=]
Epoch 593:  85%|████████▌ | 40/47 [00:02<00:00, 17.34it/s, loss=0.0562, v_num=]
Epoch 593:  85%|████████▌ | 40/47 [00:02<00:00, 17.33it/s, loss=0.0534, v_num=]
Epoch 593: 100%|██████████| 47/47 [00:02<00:00, 16.50it/s, loss=0.0579, v_num=]
Epoch 593:   0%|          | 0/47 [00:00<?, ?it/s, loss=0.0579, v_num=]         
Epoch 594:   0%|          | 0/47 [00:00<?, ?it/s, loss=0.0579, v_num=]/usr/local/lib/python3.13/dist-packages/torch/utils/data/dataloader.py:432: UserWarning: This DataLoader will create 6 worker processes in total. Our suggested max number of worker in current system is 2, which is smaller than what this DataLoader is going to create. Please be aware that excessive worker creation might get DataLoader running slow or even freeze, lower the worker number to avoid potential slowness/freeze if necessary.
  self.check_worker_number_rationality()

Epoch 594:  43%|████▎     | 20/47 [00:01<00:02, 11.18it/s, loss=0.0579, v_num=]
Epoch 594:  43%|████▎     | 20/47 [00:01<00:02, 11.17it/s, loss=0.0537, v_num=]
Epoch 594:  85%|████████▌ | 40/47 [00:03<00:00, 12.86it/s, loss=0.0537, v_num=]
Epoch 594:  85%|████████▌ | 40/47 [00:03<00:00, 12.86it/s, loss=0.0564, v_num=]
Epoch 594: 100%|██████████| 47/47 [00:03<00:00, 13.10it/s, loss=0.0551, v_num=]
Epoch 594:   0%|          | 0/47 [00:00<?, ?it/s, loss=0.0551, v_num=]         
Epoch 595:   0%|          | 0/47 [00:00<?, ?it/s, loss=0.0551, v_num=]/usr/local/lib/python3.13/dist-packages/torch/utils/data/dataloader.py:432: UserWarning: This DataLoader will create 6 worker processes in total. Our suggested max number of worker in current system is 2, which is smaller than what this DataLoader is going to create. Please be aware that excessive worker creation might get DataLoader running slow or even freeze, lower the worker number to avoid potential slowness/freeze if necessary.
  self.check_worker_number_rationality()

Epoch 595:  43%|████▎     | 20/47 [00:01<00:01, 15.23it/s, loss=0.0551, v_num=]
Epoch 595:  43%|████▎     | 20/47 [00:01<00:01, 15.22it/s, loss=0.0532, v_num=]
Epoch 595:  85%|████████▌ | 40/47 [00:02<00:00, 17.02it/s, loss=0.0532, v_num=]
Epoch 595:  85%|████████▌ | 40/47 [00:02<00:00, 17.02it/s, loss=0.0553, v_num=]
Epoch 595: 100%|██████████| 47/47 [00:02<00:00, 16.56it/s, loss=0.0541, v_num=]Evaluating...
NMI : 0.8892652066201403, ARI: 0.7414305176532695, ACC: 0.73267, current K: 15

Epoch 595:   0%|          | 0/47 [00:00<?, ?it/s, loss=0.0541, v_num=]         
Epoch 596:   0%|          | 0/47 [00:00<?, ?it/s, loss=0.0541, v_num=]/usr/local/lib/python3.13/dist-packages/torch/utils/data/dataloader.py:432: UserWarning: This DataLoader will create 6 worker processes in total. Our suggested max number of worker in current system is 2, which is smaller than what this DataLoader is going to create. Please be aware that excessive worker creation might get DataLoader running slow or even freeze, lower the worker number to avoid potential slowness/freeze if necessary.
  self.check_worker_number_rationality()

Epoch 596:  43%|████▎     | 20/47 [00:01<00:01, 15.14it/s, loss=0.0541, v_num=]
Epoch 596:  43%|████▎     | 20/47 [00:01<00:01, 15.13it/s, loss=0.0536, v_num=]
Epoch 596:  85%|████████▌ | 40/47 [00:02<00:00, 16.81it/s, loss=0.0536, v_num=]
Epoch 596:  85%|████████▌ | 40/47 [00:02<00:00, 16.81it/s, loss=0.0563, v_num=]
Epoch 596: 100%|██████████| 47/47 [00:02<00:00, 16.35it/s, loss=0.0541, v_num=]
Epoch 596:   0%|          | 0/47 [00:00<?, ?it/s, loss=0.0541, v_num=]         
Epoch 597:   0%|          | 0/47 [00:00<?, ?it/s, loss=0.0541, v_num=]/usr/local/lib/python3.13/dist-packages/torch/utils/data/dataloader.py:432: UserWarning: This DataLoader will create 6 worker processes in total. Our suggested max number of worker in current system is 2, which is smaller than what this DataLoader is going to create. Please be aware that excessive worker creation might get DataLoader running slow or even freeze, lower the worker number to avoid potential slowness/freeze if necessary.
  self.check_worker_number_rationality()

Epoch 597:  43%|████▎     | 20/47 [00:01<00:01, 15.24it/s, loss=0.0541, v_num=]
Epoch 597:  43%|████▎     | 20/47 [00:01<00:01, 15.23it/s, loss=0.0569, v_num=]
Epoch 597:  85%|████████▌ | 40/47 [00:02<00:00, 16.90it/s, loss=0.0569, v_num=]
Epoch 597:  85%|████████▌ | 40/47 [00:02<00:00, 16.90it/s, loss=0.0579, v_num=]
Epoch 597: 100%|██████████| 47/47 [00:02<00:00, 16.21it/s, loss=0.0552, v_num=]
Epoch 597:   0%|          | 0/47 [00:00<?, ?it/s, loss=0.0552, v_num=]         
Epoch 598:   0%|          | 0/47 [00:00<?, ?it/s, loss=0.0552, v_num=]/usr/local/lib/python3.13/dist-packages/torch/utils/data/dataloader.py:432: UserWarning: This DataLoader will create 6 worker processes in total. Our suggested max number of worker in current system is 2, which is smaller than what this DataLoader is going to create. Please be aware that excessive worker creation might get DataLoader running slow or even freeze, lower the worker number to avoid potential slowness/freeze if necessary.
  self.check_worker_number_rationality()

Epoch 598:  43%|████▎     | 20/47 [00:01<00:02, 12.40it/s, loss=0.0552, v_num=]
Epoch 598:  43%|████▎     | 20/47 [00:01<00:02, 12.39it/s, loss=0.052, v_num=] 
Epoch 598:  85%|████████▌ | 40/47 [00:03<00:00, 13.31it/s, loss=0.052, v_num=]
Epoch 598:  85%|████████▌ | 40/47 [00:03<00:00, 13.30it/s, loss=0.0557, v_num=]
Epoch 598: 100%|██████████| 47/47 [00:03<00:00, 13.33it/s, loss=0.054, v_num=] 
Epoch 598:   0%|          | 0/47 [00:00<?, ?it/s, loss=0.054, v_num=]         
Epoch 599:   0%|          | 0/47 [00:00<?, ?it/s, loss=0.054, v_num=]/usr/local/lib/python3.13/dist-packages/torch/utils/data/dataloader.py:432: UserWarning: This DataLoader will create 6 worker processes in total. Our suggested max number of worker in current system is 2, which is smaller than what this DataLoader is going to create. Please be aware that excessive worker creation might get DataLoader running slow or even freeze, lower the worker number to avoid potential slowness/freeze if necessary.
  self.check_worker_number_rationality()

Epoch 599:  43%|████▎     | 20/47 [00:01<00:01, 15.44it/s, loss=0.054, v_num=]
Epoch 599:  43%|████▎     | 20/47 [00:01<00:01, 15.43it/s, loss=0.0522, v_num=]
Epoch 599:  85%|████████▌ | 40/47 [00:02<00:00, 16.97it/s, loss=0.0522, v_num=]
Epoch 599:  85%|████████▌ | 40/47 [00:02<00:00, 16.97it/s, loss=0.0577, v_num=]
Epoch 599: 100%|██████████| 47/47 [00:02<00:00, 16.48it/s, loss=0.0559, v_num=]
Epoch 599: 100%|██████████| 47/47 [00:02<00:00, 16.07it/s, loss=0.0559, v_num=]
Finished training!
Training history plot saved to: logs/mnist34567_1000_100_split_merge_50_s47_baseline/training_history.png
Metrics history plot saved to: logs/mnist34567_1000_100_split_merge_50_s47_baseline/metrics_history.png
Confusion matrix plot saved to: logs/mnist34567_1000_100_split_merge_50_s47_baseline/confusion_matrix.png
NMI: 0.88888, ARI: 0.74126, acc: 0.73267, final K: 15
